ISO-10303-21;
HEADER;
/* Generated by software containing ST-Developer
 * from STEP Tools, Inc. (www.steptools.com) 
 */
/* OPTION: using custom renumber hook */

FILE_DESCRIPTION(
/* description */ ('STEP AP242 Edition 2',
'CAx-IF Rec.Pracs.---Representation and Presentation of Product Manufa
cturing Information (PMI)---4.0---2014-10-13',
'CAx-IF Rec.Pracs.---3D Tessellated Geometry---0.4---2014-09-14','2;1',
'CAx-IF Rec.Pracs.---User Defined Attributes---1.5---2016-08-15'),
/* implementation_level */ '2;1');

FILE_NAME(
/* name */ '6a29086a275c9443df03c50f',
/* time_stamp */ '2026-06-10T06:47:07Z',
/* author */ (''),
/* organization */ (''),
/* preprocessor_version */ 'ST-DEVELOPER v20',
/* originating_system */ 'ONSHAPE BY PTC INC, 1.216',
/* authorisation */ '  ');

FILE_SCHEMA (('AP242_MANAGED_MODEL_BASED_3D_ENGINEERING_MIM_LF { 1 0 10303 442 3 1 4 }'));
ENDSEC;

DATA;
#10=(
BOUNDED_SURFACE()
B_SPLINE_SURFACE(3,2,((#3071,#3072,#3073),(#3074,#3075,#3076),(#3077,#3078,
#3079),(#3080,#3081,#3082),(#3083,#3084,#3085),(#3086,#3087,#3088),(#3089,
#3090,#3091)),.UNSPECIFIED.,.F.,.F.,.F.)
B_SPLINE_SURFACE_WITH_KNOTS((4,1,1,1,4),(3,3),(3.14159265358979,3.53429173528852,
3.92699081698724,4.31968989868597,4.71238898038469),(0.,1.),
 .UNSPECIFIED.)
GEOMETRIC_REPRESENTATION_ITEM()
RATIONAL_B_SPLINE_SURFACE(((1.,0.707106781186548,1.),(1.,0.707106781186984,
1.),(1.,0.746571860829964,1.),(1.,0.869029034406262,1.),(1.,0.973464424251622,
1.),(1.,1.,1.),(1.,1.,1.)))
REPRESENTATION_ITEM('')
SURFACE()
);
#11=(
BOUNDED_SURFACE()
B_SPLINE_SURFACE(3,2,((#3095,#3096,#3097),(#3098,#3099,#3100),(#3101,#3102,
#3103),(#3104,#3105,#3106),(#3107,#3108,#3109),(#3110,#3111,#3112),(#3113,
#3114,#3115)),.UNSPECIFIED.,.F.,.F.,.F.)
B_SPLINE_SURFACE_WITH_KNOTS((4,1,1,1,4),(3,3),(6.28318530717959,6.67588438887831,
7.06858347057703,7.46128255227576,7.85398163397448),(0.,1.),
 .UNSPECIFIED.)
GEOMETRIC_REPRESENTATION_ITEM()
RATIONAL_B_SPLINE_SURFACE(((1.,0.707106781186547,1.),(1.,0.707106781187637,
1.),(1.,0.746571860829662,1.),(1.,0.869029034406342,1.),(1.,0.973464424251599,
1.),(1.,1.,1.),(1.,1.,1.)))
REPRESENTATION_ITEM('')
SURFACE()
);
#12=(
BOUNDED_SURFACE()
B_SPLINE_SURFACE(3,2,((#3132,#3133,#3134),(#3135,#3136,#3137),(#3138,#3139,
#3140),(#3141,#3142,#3143),(#3144,#3145,#3146),(#3147,#3148,#3149),(#3150,
#3151,#3152)),.UNSPECIFIED.,.F.,.F.,.F.)
B_SPLINE_SURFACE_WITH_KNOTS((4,1,1,1,4),(3,3),(3.14159265358979,3.53429173528852,
3.92699081698724,4.31968989868597,4.71238898038469),(0.,1.),
 .UNSPECIFIED.)
GEOMETRIC_REPRESENTATION_ITEM()
RATIONAL_B_SPLINE_SURFACE(((1.,0.707106781186548,1.),(1.,0.707106781186984,
1.),(1.,0.746571860829964,1.),(1.,0.869029034406262,1.),(1.,0.973464424251622,
1.),(1.,1.,1.),(1.,1.,1.)))
REPRESENTATION_ITEM('')
SURFACE()
);
#13=(
BOUNDED_SURFACE()
B_SPLINE_SURFACE(3,2,((#3168,#3169,#3170),(#3171,#3172,#3173),(#3174,#3175,
#3176),(#3177,#3178,#3179),(#3180,#3181,#3182),(#3183,#3184,#3185),(#3186,
#3187,#3188)),.UNSPECIFIED.,.F.,.F.,.F.)
B_SPLINE_SURFACE_WITH_KNOTS((4,1,1,1,4),(3,3),(6.28318530717959,6.67588438887831,
7.06858347057703,7.46128255227576,7.85398163397448),(0.,1.),
 .UNSPECIFIED.)
GEOMETRIC_REPRESENTATION_ITEM()
RATIONAL_B_SPLINE_SURFACE(((1.,0.707106781186547,1.),(1.,0.707106781187637,
1.),(1.,0.746571860829662,1.),(1.,0.869029034406342,1.),(1.,0.973464424251599,
1.),(1.,1.,1.),(1.,1.,1.)))
REPRESENTATION_ITEM('')
SURFACE()
);
#14=ELLIPSE('',#1975,0.0113137084989848,0.008);
#15=ELLIPSE('',#1976,0.0113137084989848,0.008);
#16=ELLIPSE('',#1978,0.0113137084989848,0.008);
#17=ELLIPSE('',#1980,0.0113137084989848,0.008);
#18=ELLIPSE('',#1983,0.0128062484748657,0.008);
#19=ELLIPSE('',#1984,0.0128062484748657,0.008);
#20=ELLIPSE('',#1986,0.0128062484748657,0.008);
#21=ELLIPSE('',#1987,0.0128062484748657,0.008);
#22=ELLIPSE('',#1989,0.0128062484748657,0.008);
#23=ELLIPSE('',#1990,0.0128062484748657,0.008);
#24=ELLIPSE('',#1992,0.0128062484748657,0.008);
#25=ELLIPSE('',#1993,0.0128062484748657,0.008);
#26=ELLIPSE('',#1996,0.00282842712474619,0.002);
#27=ELLIPSE('',#1999,0.00282842712474619,0.002);
#28=ELLIPSE('',#2001,0.00282842712474619,0.002);
#29=ELLIPSE('',#2010,0.00282842712474619,0.002);
#30=ELLIPSE('',#2015,0.00282842712474619,0.002);
#31=ELLIPSE('',#2019,0.00282842712474619,0.002);
#32=ELLIPSE('',#2025,0.00282842712474619,0.002);
#33=ELLIPSE('',#2034,0.00282842712474619,0.002);
#34=TOROIDAL_SURFACE('',#1937,0.006,0.002);
#35=TOROIDAL_SURFACE('',#1941,0.006,0.002);
#36=TOROIDAL_SURFACE('',#1945,0.006,0.002);
#37=TOROIDAL_SURFACE('',#2089,0.034,0.002);
#38=TOROIDAL_SURFACE('',#2090,0.034,0.002);
#39=B_SPLINE_CURVE_WITH_KNOTS('',3,(#2801,#2802,#2803,#2804,#2805),
 .UNSPECIFIED.,.F.,.F.,(4,1,4),(0.,0.00175180770879252,0.00350361541758504),
 .UNSPECIFIED.);
#40=B_SPLINE_CURVE_WITH_KNOTS('',3,(#2808,#2809,#2810,#2811,#2812),
 .UNSPECIFIED.,.F.,.F.,(4,1,4),(0.,0.001755362880115,0.00351072576023),
 .UNSPECIFIED.);
#41=B_SPLINE_CURVE_WITH_KNOTS('',3,(#2833,#2834,#2835,#2836,#2837),
 .UNSPECIFIED.,.F.,.F.,(4,1,4),(0.,0.00175180770879252,0.00350361541758505),
 .UNSPECIFIED.);
#42=B_SPLINE_CURVE_WITH_KNOTS('',3,(#2839,#2840,#2841,#2842,#2843),
 .UNSPECIFIED.,.F.,.F.,(4,1,4),(0.,0.001755362880115,0.00351072576023),
 .UNSPECIFIED.);
#43=B_SPLINE_CURVE_WITH_KNOTS('',3,(#3037,#3038,#3039,#3040,#3041,#3042,
#3043),.UNSPECIFIED.,.F.,.F.,(4,1,1,1,4),(0.,0.00208778395866521,0.00417556791733042,
0.00626335187599562,0.00835113583466083),.UNSPECIFIED.);
#44=COLOUR_RGB('',0.105882352941176,0.333333333333334,0.);
#45=COLOUR_RGB('',0.901960784313726,0.901960784313726,0.901960784313726);
#46=COLOUR_RGB('',0.231372549019608,0.380392156862745,0.705882352941177);
#47=CONTEXT_DEPENDENT_SHAPE_REPRESENTATION(#55,#3312);
#48=CONTEXT_DEPENDENT_SHAPE_REPRESENTATION(#56,#3314);
#49=CONTEXT_DEPENDENT_SHAPE_REPRESENTATION(#57,#3316);
#50=CONTEXT_DEPENDENT_SHAPE_REPRESENTATION(#58,#3318);
#51=NEXT_ASSEMBLY_USAGE_OCCURRENCE('NAUO1','Sliding Part',
'Sliding Part',#3319,#3320,'');
#52=NEXT_ASSEMBLY_USAGE_OCCURRENCE('NAUO2','Crank','Crank',#3319,#3321,
'');
#53=NEXT_ASSEMBLY_USAGE_OCCURRENCE('NAUO3','Base','Base',#3319,#3322,'');
#54=NEXT_ASSEMBLY_USAGE_OCCURRENCE('NAUO4','Rolling Disc',
'Rolling Disc',#3319,#3323,'');
#55=(
REPRESENTATION_RELATIONSHIP(' ',' ',#1865,#1864)
REPRESENTATION_RELATIONSHIP_WITH_TRANSFORMATION(#59)
SHAPE_REPRESENTATION_RELATIONSHIP()
);
#56=(
REPRESENTATION_RELATIONSHIP(' ',' ',#1866,#1864)
REPRESENTATION_RELATIONSHIP_WITH_TRANSFORMATION(#60)
SHAPE_REPRESENTATION_RELATIONSHIP()
);
#57=(
REPRESENTATION_RELATIONSHIP(' ',' ',#1867,#1864)
REPRESENTATION_RELATIONSHIP_WITH_TRANSFORMATION(#61)
SHAPE_REPRESENTATION_RELATIONSHIP()
);
#58=(
REPRESENTATION_RELATIONSHIP(' ',' ',#1868,#1864)
REPRESENTATION_RELATIONSHIP_WITH_TRANSFORMATION(#62)
SHAPE_REPRESENTATION_RELATIONSHIP()
);
#59=ITEM_DEFINED_TRANSFORMATION(' ',' ',#1869,#1912);
#60=ITEM_DEFINED_TRANSFORMATION(' ',' ',#1869,#1946);
#61=ITEM_DEFINED_TRANSFORMATION(' ',' ',#1869,#2038);
#62=ITEM_DEFINED_TRANSFORMATION(' ',' ',#1869,#2091);
#63=SHAPE_REPRESENTATION_RELATIONSHIP('','',#1865,#67);
#64=SHAPE_REPRESENTATION_RELATIONSHIP('','',#1866,#68);
#65=SHAPE_REPRESENTATION_RELATIONSHIP('','',#1867,#69);
#66=SHAPE_REPRESENTATION_RELATIONSHIP('','',#1868,#70);
#67=ADVANCED_BREP_SHAPE_REPRESENTATION('',(#1855),#3298);
#68=ADVANCED_BREP_SHAPE_REPRESENTATION('',(#1856),#3299);
#69=ADVANCED_BREP_SHAPE_REPRESENTATION('',(#1857),#3300);
#70=ADVANCED_BREP_SHAPE_REPRESENTATION('',(#1858),#3301);
#71=SPHERICAL_SURFACE('',#1890,0.002);
#72=SPHERICAL_SURFACE('',#1901,0.002);
#73=SPHERICAL_SURFACE('',#1903,0.002);
#74=SPHERICAL_SURFACE('',#1909,0.002);
#75=SPHERICAL_SURFACE('',#2006,0.002);
#76=SPHERICAL_SURFACE('',#2016,0.002);
#77=SPHERICAL_SURFACE('',#2026,0.002);
#78=SPHERICAL_SURFACE('',#2035,0.002);
#79=CYLINDRICAL_SURFACE('',#1885,0.004);
#80=CYLINDRICAL_SURFACE('',#1888,0.002);
#81=CYLINDRICAL_SURFACE('',#1893,0.002);
#82=CYLINDRICAL_SURFACE('',#1895,0.002);
#83=CYLINDRICAL_SURFACE('',#1897,0.002);
#84=CYLINDRICAL_SURFACE('',#1899,0.002);
#85=CYLINDRICAL_SURFACE('',#1905,0.002);
#86=CYLINDRICAL_SURFACE('',#1907,0.002);
#87=CYLINDRICAL_SURFACE('',#1911,0.002);
#88=CYLINDRICAL_SURFACE('',#1914,0.004);
#89=CYLINDRICAL_SURFACE('',#1919,0.004);
#90=CYLINDRICAL_SURFACE('',#1922,0.00400000000000005);
#91=CYLINDRICAL_SURFACE('',#1926,0.004);
#92=CYLINDRICAL_SURFACE('',#1939,0.002);
#93=CYLINDRICAL_SURFACE('',#1943,0.002);
#94=CYLINDRICAL_SURFACE('',#1968,0.004);
#95=CYLINDRICAL_SURFACE('',#1970,0.004);
#96=CYLINDRICAL_SURFACE('',#1974,0.008);
#97=CYLINDRICAL_SURFACE('',#1977,0.008);
#98=CYLINDRICAL_SURFACE('',#1979,0.008);
#99=CYLINDRICAL_SURFACE('',#1981,0.008);
#100=CYLINDRICAL_SURFACE('',#1982,0.008);
#101=CYLINDRICAL_SURFACE('',#1985,0.008);
#102=CYLINDRICAL_SURFACE('',#1988,0.008);
#103=CYLINDRICAL_SURFACE('',#1991,0.008);
#104=CYLINDRICAL_SURFACE('',#1995,0.002);
#105=CYLINDRICAL_SURFACE('',#1998,0.002);
#106=CYLINDRICAL_SURFACE('',#2000,0.002);
#107=CYLINDRICAL_SURFACE('',#2002,0.002);
#108=CYLINDRICAL_SURFACE('',#2004,0.002);
#109=CYLINDRICAL_SURFACE('',#2008,0.002);
#110=CYLINDRICAL_SURFACE('',#2011,0.002);
#111=CYLINDRICAL_SURFACE('',#2014,0.002);
#112=CYLINDRICAL_SURFACE('',#2018,0.002);
#113=CYLINDRICAL_SURFACE('',#2020,0.002);
#114=CYLINDRICAL_SURFACE('',#2022,0.002);
#115=CYLINDRICAL_SURFACE('',#2024,0.002);
#116=CYLINDRICAL_SURFACE('',#2029,0.002);
#117=CYLINDRICAL_SURFACE('',#2031,0.002);
#118=CYLINDRICAL_SURFACE('',#2033,0.002);
#119=CYLINDRICAL_SURFACE('',#2037,0.002);
#120=CYLINDRICAL_SURFACE('',#2039,0.03);
#121=CYLINDRICAL_SURFACE('',#2042,0.004);
#122=CYLINDRICAL_SURFACE('',#2045,0.022);
#123=CYLINDRICAL_SURFACE('',#2048,0.004);
#124=CYLINDRICAL_SURFACE('',#2051,0.03);
#125=CYLINDRICAL_SURFACE('',#2054,0.004);
#126=CYLINDRICAL_SURFACE('',#2057,0.022);
#127=CYLINDRICAL_SURFACE('',#2060,0.004);
#128=CYLINDRICAL_SURFACE('',#2070,0.00400000000000006);
#129=CYLINDRICAL_SURFACE('',#2079,0.036);
#130=CYLINDRICAL_SURFACE('',#2084,0.00400000000000007);
#131=CYLINDRICAL_SURFACE('',#2085,0.03);
#132=CYLINDRICAL_SURFACE('',#2086,0.004);
#133=CYLINDRICAL_SURFACE('',#2087,0.022);
#134=CYLINDRICAL_SURFACE('',#2088,0.004);
#135=CIRCLE('',#1872,0.002);
#136=CIRCLE('',#1873,0.002);
#137=CIRCLE('',#1876,0.004);
#138=CIRCLE('',#1879,0.002);
#139=CIRCLE('',#1880,0.002);
#140=CIRCLE('',#1886,0.004);
#141=CIRCLE('',#1889,0.002);
#142=CIRCLE('',#1891,0.002);
#143=CIRCLE('',#1892,0.002);
#144=CIRCLE('',#1894,0.002);
#145=CIRCLE('',#1896,0.002);
#146=CIRCLE('',#1898,0.002);
#147=CIRCLE('',#1900,0.002);
#148=CIRCLE('',#1902,0.002);
#149=CIRCLE('',#1904,0.002);
#150=CIRCLE('',#1906,0.002);
#151=CIRCLE('',#1908,0.002);
#152=CIRCLE('',#1910,0.002);
#153=CIRCLE('',#1915,0.004);
#154=CIRCLE('',#1916,0.004);
#155=CIRCLE('',#1920,0.004);
#156=CIRCLE('',#1921,0.004);
#157=CIRCLE('',#1923,0.00400000000000005);
#158=CIRCLE('',#1924,0.00400000000000005);
#159=CIRCLE('',#1927,0.004);
#160=CIRCLE('',#1928,0.004);
#161=CIRCLE('',#1930,0.006);
#162=CIRCLE('',#1931,0.006);
#163=CIRCLE('',#1932,0.006);
#164=CIRCLE('',#1934,0.006);
#165=CIRCLE('',#1935,0.006);
#166=CIRCLE('',#1936,0.006);
#167=CIRCLE('',#1938,0.002);
#168=CIRCLE('',#1940,0.002);
#169=CIRCLE('',#1942,0.002);
#170=CIRCLE('',#1944,0.002);
#171=CIRCLE('',#1960,0.004);
#172=CIRCLE('',#1961,0.004);
#173=CIRCLE('',#1969,0.00400000000000005);
#174=CIRCLE('',#1971,0.00400000000000006);
#175=CIRCLE('',#1994,0.002);
#176=CIRCLE('',#1997,0.002);
#177=CIRCLE('',#2003,0.002);
#178=CIRCLE('',#2005,0.002);
#179=CIRCLE('',#2007,0.002);
#180=CIRCLE('',#2009,0.002);
#181=CIRCLE('',#2012,0.002);
#182=CIRCLE('',#2013,0.002);
#183=CIRCLE('',#2017,0.002);
#184=CIRCLE('',#2021,0.002);
#185=CIRCLE('',#2023,0.002);
#186=CIRCLE('',#2027,0.002);
#187=CIRCLE('',#2028,0.002);
#188=CIRCLE('',#2030,0.002);
#189=CIRCLE('',#2032,0.002);
#190=CIRCLE('',#2036,0.002);
#191=CIRCLE('',#2040,0.03);
#192=CIRCLE('',#2041,0.03);
#193=CIRCLE('',#2043,0.004);
#194=CIRCLE('',#2044,0.004);
#195=CIRCLE('',#2046,0.022);
#196=CIRCLE('',#2047,0.022);
#197=CIRCLE('',#2049,0.004);
#198=CIRCLE('',#2050,0.004);
#199=CIRCLE('',#2052,0.03);
#200=CIRCLE('',#2053,0.03);
#201=CIRCLE('',#2055,0.004);
#202=CIRCLE('',#2056,0.004);
#203=CIRCLE('',#2058,0.022);
#204=CIRCLE('',#2059,0.022);
#205=CIRCLE('',#2061,0.004);
#206=CIRCLE('',#2062,0.004);
#207=CIRCLE('',#2064,0.034);
#208=CIRCLE('',#2065,0.004);
#209=CIRCLE('',#2066,0.03);
#210=CIRCLE('',#2067,0.004);
#211=CIRCLE('',#2068,0.022);
#212=CIRCLE('',#2069,0.00400000000000006);
#213=CIRCLE('',#2071,0.00400000000000006);
#214=CIRCLE('',#2073,0.03);
#215=CIRCLE('',#2074,0.004);
#216=CIRCLE('',#2075,0.022);
#217=CIRCLE('',#2076,0.004);
#218=CIRCLE('',#2077,0.00400000000000007);
#219=CIRCLE('',#2078,0.034);
#220=CIRCLE('',#2080,0.036);
#221=CIRCLE('',#2081,0.036);
#222=CIRCLE('',#2083,0.00400000000000006);
#223=ORIENTED_EDGE('',*,*,#719,.T.);
#224=ORIENTED_EDGE('',*,*,#720,.F.);
#225=ORIENTED_EDGE('',*,*,#721,.F.);
#226=ORIENTED_EDGE('',*,*,#722,.T.);
#227=ORIENTED_EDGE('',*,*,#723,.F.);
#228=ORIENTED_EDGE('',*,*,#724,.T.);
#229=ORIENTED_EDGE('',*,*,#725,.F.);
#230=ORIENTED_EDGE('',*,*,#726,.T.);
#231=ORIENTED_EDGE('',*,*,#727,.T.);
#232=ORIENTED_EDGE('',*,*,#720,.T.);
#233=ORIENTED_EDGE('',*,*,#725,.T.);
#234=ORIENTED_EDGE('',*,*,#728,.T.);
#235=ORIENTED_EDGE('',*,*,#729,.T.);
#236=ORIENTED_EDGE('',*,*,#730,.T.);
#237=ORIENTED_EDGE('',*,*,#731,.T.);
#238=ORIENTED_EDGE('',*,*,#732,.T.);
#239=ORIENTED_EDGE('',*,*,#733,.T.);
#240=ORIENTED_EDGE('',*,*,#734,.T.);
#241=ORIENTED_EDGE('',*,*,#735,.T.);
#242=ORIENTED_EDGE('',*,*,#736,.T.);
#243=ORIENTED_EDGE('',*,*,#737,.T.);
#244=ORIENTED_EDGE('',*,*,#738,.F.);
#245=ORIENTED_EDGE('',*,*,#739,.T.);
#246=ORIENTED_EDGE('',*,*,#738,.T.);
#247=ORIENTED_EDGE('',*,*,#740,.T.);
#248=ORIENTED_EDGE('',*,*,#741,.F.);
#249=ORIENTED_EDGE('',*,*,#742,.F.);
#250=ORIENTED_EDGE('',*,*,#743,.T.);
#251=ORIENTED_EDGE('',*,*,#744,.T.);
#252=ORIENTED_EDGE('',*,*,#745,.F.);
#253=ORIENTED_EDGE('',*,*,#746,.F.);
#254=ORIENTED_EDGE('',*,*,#747,.T.);
#255=ORIENTED_EDGE('',*,*,#742,.T.);
#256=ORIENTED_EDGE('',*,*,#748,.F.);
#257=ORIENTED_EDGE('',*,*,#722,.F.);
#258=ORIENTED_EDGE('',*,*,#749,.T.);
#259=ORIENTED_EDGE('',*,*,#746,.T.);
#260=ORIENTED_EDGE('',*,*,#727,.F.);
#261=ORIENTED_EDGE('',*,*,#750,.T.);
#262=ORIENTED_EDGE('',*,*,#751,.T.);
#263=ORIENTED_EDGE('',*,*,#752,.T.);
#264=ORIENTED_EDGE('',*,*,#743,.F.);
#265=ORIENTED_EDGE('',*,*,#747,.F.);
#266=ORIENTED_EDGE('',*,*,#749,.F.);
#267=ORIENTED_EDGE('',*,*,#721,.T.);
#268=ORIENTED_EDGE('',*,*,#753,.T.);
#269=ORIENTED_EDGE('',*,*,#754,.T.);
#270=ORIENTED_EDGE('',*,*,#723,.T.);
#271=ORIENTED_EDGE('',*,*,#719,.F.);
#272=ORIENTED_EDGE('',*,*,#748,.T.);
#273=ORIENTED_EDGE('',*,*,#745,.T.);
#274=ORIENTED_EDGE('',*,*,#741,.T.);
#275=ORIENTED_EDGE('',*,*,#755,.T.);
#276=ORIENTED_EDGE('',*,*,#756,.T.);
#277=ORIENTED_EDGE('',*,*,#735,.F.);
#278=ORIENTED_EDGE('',*,*,#756,.F.);
#279=ORIENTED_EDGE('',*,*,#757,.F.);
#280=ORIENTED_EDGE('',*,*,#739,.F.);
#281=ORIENTED_EDGE('',*,*,#744,.F.);
#282=ORIENTED_EDGE('',*,*,#752,.F.);
#283=ORIENTED_EDGE('',*,*,#758,.F.);
#284=ORIENTED_EDGE('',*,*,#757,.T.);
#285=ORIENTED_EDGE('',*,*,#759,.F.);
#286=ORIENTED_EDGE('',*,*,#726,.F.);
#287=ORIENTED_EDGE('',*,*,#730,.F.);
#288=ORIENTED_EDGE('',*,*,#760,.F.);
#289=ORIENTED_EDGE('',*,*,#750,.F.);
#290=ORIENTED_EDGE('',*,*,#759,.T.);
#291=ORIENTED_EDGE('',*,*,#751,.F.);
#292=ORIENTED_EDGE('',*,*,#761,.F.);
#293=ORIENTED_EDGE('',*,*,#731,.F.);
#294=ORIENTED_EDGE('',*,*,#758,.T.);
#295=ORIENTED_EDGE('',*,*,#734,.F.);
#296=ORIENTED_EDGE('',*,*,#762,.F.);
#297=ORIENTED_EDGE('',*,*,#736,.F.);
#298=ORIENTED_EDGE('',*,*,#740,.F.);
#299=ORIENTED_EDGE('',*,*,#737,.F.);
#300=ORIENTED_EDGE('',*,*,#763,.F.);
#301=ORIENTED_EDGE('',*,*,#755,.F.);
#302=ORIENTED_EDGE('',*,*,#761,.T.);
#303=ORIENTED_EDGE('',*,*,#760,.T.);
#304=ORIENTED_EDGE('',*,*,#764,.F.);
#305=ORIENTED_EDGE('',*,*,#763,.T.);
#306=ORIENTED_EDGE('',*,*,#762,.T.);
#307=ORIENTED_EDGE('',*,*,#765,.F.);
#308=ORIENTED_EDGE('',*,*,#764,.T.);
#309=ORIENTED_EDGE('',*,*,#729,.F.);
#310=ORIENTED_EDGE('',*,*,#766,.F.);
#311=ORIENTED_EDGE('',*,*,#732,.F.);
#312=ORIENTED_EDGE('',*,*,#765,.T.);
#313=ORIENTED_EDGE('',*,*,#733,.F.);
#314=ORIENTED_EDGE('',*,*,#767,.F.);
#315=ORIENTED_EDGE('',*,*,#753,.F.);
#316=ORIENTED_EDGE('',*,*,#767,.T.);
#317=ORIENTED_EDGE('',*,*,#766,.T.);
#318=ORIENTED_EDGE('',*,*,#768,.F.);
#319=ORIENTED_EDGE('',*,*,#724,.F.);
#320=ORIENTED_EDGE('',*,*,#754,.F.);
#321=ORIENTED_EDGE('',*,*,#768,.T.);
#322=ORIENTED_EDGE('',*,*,#728,.F.);
#323=ORIENTED_EDGE('',*,*,#769,.F.);
#324=ORIENTED_EDGE('',*,*,#770,.F.);
#325=ORIENTED_EDGE('',*,*,#771,.T.);
#326=ORIENTED_EDGE('',*,*,#772,.T.);
#327=ORIENTED_EDGE('',*,*,#773,.F.);
#328=ORIENTED_EDGE('',*,*,#772,.F.);
#329=ORIENTED_EDGE('',*,*,#774,.T.);
#330=ORIENTED_EDGE('',*,*,#775,.T.);
#331=ORIENTED_EDGE('',*,*,#776,.T.);
#332=ORIENTED_EDGE('',*,*,#775,.F.);
#333=ORIENTED_EDGE('',*,*,#777,.F.);
#334=ORIENTED_EDGE('',*,*,#778,.T.);
#335=ORIENTED_EDGE('',*,*,#779,.T.);
#336=ORIENTED_EDGE('',*,*,#780,.T.);
#337=ORIENTED_EDGE('',*,*,#781,.F.);
#338=ORIENTED_EDGE('',*,*,#782,.T.);
#339=ORIENTED_EDGE('',*,*,#783,.T.);
#340=ORIENTED_EDGE('',*,*,#784,.T.);
#341=ORIENTED_EDGE('',*,*,#782,.F.);
#342=ORIENTED_EDGE('',*,*,#785,.F.);
#343=ORIENTED_EDGE('',*,*,#786,.T.);
#344=ORIENTED_EDGE('',*,*,#787,.T.);
#345=ORIENTED_EDGE('',*,*,#788,.F.);
#346=ORIENTED_EDGE('',*,*,#789,.T.);
#347=ORIENTED_EDGE('',*,*,#790,.T.);
#348=ORIENTED_EDGE('',*,*,#791,.T.);
#349=ORIENTED_EDGE('',*,*,#792,.F.);
#350=ORIENTED_EDGE('',*,*,#786,.F.);
#351=ORIENTED_EDGE('',*,*,#793,.F.);
#352=ORIENTED_EDGE('',*,*,#778,.F.);
#353=ORIENTED_EDGE('',*,*,#794,.T.);
#354=ORIENTED_EDGE('',*,*,#770,.T.);
#355=ORIENTED_EDGE('',*,*,#781,.T.);
#356=ORIENTED_EDGE('',*,*,#795,.T.);
#357=ORIENTED_EDGE('',*,*,#796,.T.);
#358=ORIENTED_EDGE('',*,*,#797,.T.);
#359=ORIENTED_EDGE('',*,*,#798,.T.);
#360=ORIENTED_EDGE('',*,*,#799,.T.);
#361=ORIENTED_EDGE('',*,*,#789,.F.);
#362=ORIENTED_EDGE('',*,*,#785,.T.);
#363=ORIENTED_EDGE('',*,*,#787,.F.);
#364=ORIENTED_EDGE('',*,*,#771,.F.);
#365=ORIENTED_EDGE('',*,*,#794,.F.);
#366=ORIENTED_EDGE('',*,*,#777,.T.);
#367=ORIENTED_EDGE('',*,*,#774,.F.);
#368=ORIENTED_EDGE('',*,*,#800,.T.);
#369=ORIENTED_EDGE('',*,*,#801,.T.);
#370=ORIENTED_EDGE('',*,*,#783,.F.);
#371=ORIENTED_EDGE('',*,*,#784,.F.);
#372=ORIENTED_EDGE('',*,*,#792,.T.);
#373=ORIENTED_EDGE('',*,*,#802,.T.);
#374=ORIENTED_EDGE('',*,*,#803,.T.);
#375=ORIENTED_EDGE('',*,*,#804,.T.);
#376=ORIENTED_EDGE('',*,*,#788,.T.);
#377=ORIENTED_EDGE('',*,*,#769,.T.);
#378=ORIENTED_EDGE('',*,*,#773,.T.);
#379=ORIENTED_EDGE('',*,*,#776,.F.);
#380=ORIENTED_EDGE('',*,*,#793,.T.);
#381=ORIENTED_EDGE('',*,*,#802,.F.);
#382=ORIENTED_EDGE('',*,*,#791,.F.);
#383=ORIENTED_EDGE('',*,*,#790,.F.);
#384=ORIENTED_EDGE('',*,*,#799,.F.);
#385=ORIENTED_EDGE('',*,*,#805,.F.);
#386=ORIENTED_EDGE('',*,*,#803,.F.);
#387=ORIENTED_EDGE('',*,*,#805,.T.);
#388=ORIENTED_EDGE('',*,*,#798,.F.);
#389=ORIENTED_EDGE('',*,*,#806,.F.);
#390=ORIENTED_EDGE('',*,*,#804,.F.);
#391=ORIENTED_EDGE('',*,*,#806,.T.);
#392=ORIENTED_EDGE('',*,*,#797,.F.);
#393=ORIENTED_EDGE('',*,*,#807,.F.);
#394=ORIENTED_EDGE('',*,*,#808,.F.);
#395=ORIENTED_EDGE('',*,*,#800,.F.);
#396=ORIENTED_EDGE('',*,*,#807,.T.);
#397=ORIENTED_EDGE('',*,*,#796,.F.);
#398=ORIENTED_EDGE('',*,*,#801,.F.);
#399=ORIENTED_EDGE('',*,*,#808,.T.);
#400=ORIENTED_EDGE('',*,*,#795,.F.);
#401=ORIENTED_EDGE('',*,*,#780,.F.);
#402=ORIENTED_EDGE('',*,*,#779,.F.);
#403=ORIENTED_EDGE('',*,*,#809,.T.);
#404=ORIENTED_EDGE('',*,*,#810,.T.);
#405=ORIENTED_EDGE('',*,*,#811,.T.);
#406=ORIENTED_EDGE('',*,*,#812,.T.);
#407=ORIENTED_EDGE('',*,*,#813,.T.);
#408=ORIENTED_EDGE('',*,*,#814,.T.);
#409=ORIENTED_EDGE('',*,*,#815,.T.);
#410=ORIENTED_EDGE('',*,*,#816,.T.);
#411=ORIENTED_EDGE('',*,*,#817,.T.);
#412=ORIENTED_EDGE('',*,*,#818,.T.);
#413=ORIENTED_EDGE('',*,*,#819,.F.);
#414=ORIENTED_EDGE('',*,*,#820,.F.);
#415=ORIENTED_EDGE('',*,*,#821,.F.);
#416=ORIENTED_EDGE('',*,*,#822,.F.);
#417=ORIENTED_EDGE('',*,*,#823,.T.);
#418=ORIENTED_EDGE('',*,*,#820,.T.);
#419=ORIENTED_EDGE('',*,*,#824,.T.);
#420=ORIENTED_EDGE('',*,*,#825,.T.);
#421=ORIENTED_EDGE('',*,*,#826,.F.);
#422=ORIENTED_EDGE('',*,*,#822,.T.);
#423=ORIENTED_EDGE('',*,*,#826,.T.);
#424=ORIENTED_EDGE('',*,*,#827,.T.);
#425=ORIENTED_EDGE('',*,*,#817,.F.);
#426=ORIENTED_EDGE('',*,*,#823,.F.);
#427=ORIENTED_EDGE('',*,*,#819,.T.);
#428=ORIENTED_EDGE('',*,*,#828,.T.);
#429=ORIENTED_EDGE('',*,*,#824,.F.);
#430=ORIENTED_EDGE('',*,*,#821,.T.);
#431=ORIENTED_EDGE('',*,*,#829,.F.);
#432=ORIENTED_EDGE('',*,*,#830,.T.);
#433=ORIENTED_EDGE('',*,*,#831,.T.);
#434=ORIENTED_EDGE('',*,*,#832,.T.);
#435=ORIENTED_EDGE('',*,*,#833,.T.);
#436=ORIENTED_EDGE('',*,*,#834,.F.);
#437=ORIENTED_EDGE('',*,*,#835,.F.);
#438=ORIENTED_EDGE('',*,*,#836,.T.);
#439=ORIENTED_EDGE('',*,*,#837,.T.);
#440=ORIENTED_EDGE('',*,*,#838,.T.);
#441=ORIENTED_EDGE('',*,*,#839,.F.);
#442=ORIENTED_EDGE('',*,*,#834,.T.);
#443=ORIENTED_EDGE('',*,*,#840,.T.);
#444=ORIENTED_EDGE('',*,*,#841,.T.);
#445=ORIENTED_EDGE('',*,*,#842,.T.);
#446=ORIENTED_EDGE('',*,*,#843,.T.);
#447=ORIENTED_EDGE('',*,*,#844,.T.);
#448=ORIENTED_EDGE('',*,*,#845,.T.);
#449=ORIENTED_EDGE('',*,*,#846,.T.);
#450=ORIENTED_EDGE('',*,*,#847,.T.);
#451=ORIENTED_EDGE('',*,*,#848,.T.);
#452=ORIENTED_EDGE('',*,*,#849,.T.);
#453=ORIENTED_EDGE('',*,*,#850,.T.);
#454=ORIENTED_EDGE('',*,*,#851,.T.);
#455=ORIENTED_EDGE('',*,*,#852,.T.);
#456=ORIENTED_EDGE('',*,*,#853,.T.);
#457=ORIENTED_EDGE('',*,*,#854,.T.);
#458=ORIENTED_EDGE('',*,*,#855,.T.);
#459=ORIENTED_EDGE('',*,*,#856,.T.);
#460=ORIENTED_EDGE('',*,*,#857,.F.);
#461=ORIENTED_EDGE('',*,*,#858,.T.);
#462=ORIENTED_EDGE('',*,*,#859,.T.);
#463=ORIENTED_EDGE('',*,*,#860,.T.);
#464=ORIENTED_EDGE('',*,*,#861,.T.);
#465=ORIENTED_EDGE('',*,*,#862,.T.);
#466=ORIENTED_EDGE('',*,*,#863,.T.);
#467=ORIENTED_EDGE('',*,*,#864,.T.);
#468=ORIENTED_EDGE('',*,*,#865,.T.);
#469=ORIENTED_EDGE('',*,*,#866,.F.);
#470=ORIENTED_EDGE('',*,*,#867,.F.);
#471=ORIENTED_EDGE('',*,*,#868,.F.);
#472=ORIENTED_EDGE('',*,*,#869,.T.);
#473=ORIENTED_EDGE('',*,*,#866,.T.);
#474=ORIENTED_EDGE('',*,*,#870,.F.);
#475=ORIENTED_EDGE('',*,*,#836,.F.);
#476=ORIENTED_EDGE('',*,*,#871,.T.);
#477=ORIENTED_EDGE('',*,*,#868,.T.);
#478=ORIENTED_EDGE('',*,*,#839,.T.);
#479=ORIENTED_EDGE('',*,*,#872,.T.);
#480=ORIENTED_EDGE('',*,*,#873,.T.);
#481=ORIENTED_EDGE('',*,*,#874,.T.);
#482=ORIENTED_EDGE('',*,*,#857,.T.);
#483=ORIENTED_EDGE('',*,*,#869,.F.);
#484=ORIENTED_EDGE('',*,*,#871,.F.);
#485=ORIENTED_EDGE('',*,*,#835,.T.);
#486=ORIENTED_EDGE('',*,*,#865,.F.);
#487=ORIENTED_EDGE('',*,*,#875,.T.);
#488=ORIENTED_EDGE('',*,*,#876,.T.);
#489=ORIENTED_EDGE('',*,*,#877,.T.);
#490=ORIENTED_EDGE('',*,*,#837,.F.);
#491=ORIENTED_EDGE('',*,*,#833,.F.);
#492=ORIENTED_EDGE('',*,*,#870,.T.);
#493=ORIENTED_EDGE('',*,*,#867,.T.);
#494=ORIENTED_EDGE('',*,*,#878,.T.);
#495=ORIENTED_EDGE('',*,*,#879,.T.);
#496=ORIENTED_EDGE('',*,*,#852,.F.);
#497=ORIENTED_EDGE('',*,*,#880,.T.);
#498=ORIENTED_EDGE('',*,*,#881,.T.);
#499=ORIENTED_EDGE('',*,*,#882,.T.);
#500=ORIENTED_EDGE('',*,*,#829,.T.);
#501=ORIENTED_EDGE('',*,*,#883,.T.);
#502=ORIENTED_EDGE('',*,*,#861,.F.);
#503=ORIENTED_EDGE('',*,*,#884,.T.);
#504=ORIENTED_EDGE('',*,*,#885,.T.);
#505=ORIENTED_EDGE('',*,*,#886,.T.);
#506=ORIENTED_EDGE('',*,*,#856,.F.);
#507=ORIENTED_EDGE('',*,*,#886,.F.);
#508=ORIENTED_EDGE('',*,*,#885,.F.);
#509=ORIENTED_EDGE('',*,*,#887,.F.);
#510=ORIENTED_EDGE('',*,*,#827,.F.);
#511=ORIENTED_EDGE('',*,*,#888,.F.);
#512=ORIENTED_EDGE('',*,*,#816,.F.);
#513=ORIENTED_EDGE('',*,*,#888,.T.);
#514=ORIENTED_EDGE('',*,*,#825,.F.);
#515=ORIENTED_EDGE('',*,*,#889,.F.);
#516=ORIENTED_EDGE('',*,*,#813,.F.);
#517=ORIENTED_EDGE('',*,*,#887,.T.);
#518=ORIENTED_EDGE('',*,*,#815,.F.);
#519=ORIENTED_EDGE('',*,*,#890,.F.);
#520=ORIENTED_EDGE('',*,*,#818,.F.);
#521=ORIENTED_EDGE('',*,*,#889,.T.);
#522=ORIENTED_EDGE('',*,*,#828,.F.);
#523=ORIENTED_EDGE('',*,*,#890,.T.);
#524=ORIENTED_EDGE('',*,*,#814,.F.);
#525=ORIENTED_EDGE('',*,*,#812,.F.);
#526=ORIENTED_EDGE('',*,*,#891,.T.);
#527=ORIENTED_EDGE('',*,*,#878,.F.);
#528=ORIENTED_EDGE('',*,*,#892,.T.);
#529=ORIENTED_EDGE('',*,*,#860,.F.);
#530=ORIENTED_EDGE('',*,*,#893,.T.);
#531=ORIENTED_EDGE('',*,*,#811,.F.);
#532=ORIENTED_EDGE('',*,*,#894,.T.);
#533=ORIENTED_EDGE('',*,*,#862,.F.);
#534=ORIENTED_EDGE('',*,*,#884,.F.);
#535=ORIENTED_EDGE('',*,*,#809,.F.);
#536=ORIENTED_EDGE('',*,*,#895,.T.);
#537=ORIENTED_EDGE('',*,*,#844,.F.);
#538=ORIENTED_EDGE('',*,*,#896,.T.);
#539=ORIENTED_EDGE('',*,*,#810,.F.);
#540=ORIENTED_EDGE('',*,*,#897,.T.);
#541=ORIENTED_EDGE('',*,*,#881,.F.);
#542=ORIENTED_EDGE('',*,*,#898,.T.);
#543=ORIENTED_EDGE('',*,*,#891,.F.);
#544=ORIENTED_EDGE('',*,*,#893,.F.);
#545=ORIENTED_EDGE('',*,*,#899,.F.);
#546=ORIENTED_EDGE('',*,*,#899,.T.);
#547=ORIENTED_EDGE('',*,*,#859,.F.);
#548=ORIENTED_EDGE('',*,*,#900,.F.);
#549=ORIENTED_EDGE('',*,*,#879,.F.);
#550=ORIENTED_EDGE('',*,*,#895,.F.);
#551=ORIENTED_EDGE('',*,*,#892,.F.);
#552=ORIENTED_EDGE('',*,*,#901,.F.);
#553=ORIENTED_EDGE('',*,*,#900,.T.);
#554=ORIENTED_EDGE('',*,*,#858,.F.);
#555=ORIENTED_EDGE('',*,*,#902,.F.);
#556=ORIENTED_EDGE('',*,*,#853,.F.);
#557=ORIENTED_EDGE('',*,*,#901,.T.);
#558=ORIENTED_EDGE('',*,*,#880,.F.);
#559=ORIENTED_EDGE('',*,*,#903,.F.);
#560=ORIENTED_EDGE('',*,*,#845,.F.);
#561=ORIENTED_EDGE('',*,*,#902,.T.);
#562=ORIENTED_EDGE('',*,*,#874,.F.);
#563=ORIENTED_EDGE('',*,*,#904,.F.);
#564=ORIENTED_EDGE('',*,*,#854,.F.);
#565=ORIENTED_EDGE('',*,*,#903,.T.);
#566=ORIENTED_EDGE('',*,*,#855,.F.);
#567=ORIENTED_EDGE('',*,*,#905,.F.);
#568=ORIENTED_EDGE('',*,*,#846,.F.);
#569=ORIENTED_EDGE('',*,*,#905,.T.);
#570=ORIENTED_EDGE('',*,*,#904,.T.);
#571=ORIENTED_EDGE('',*,*,#906,.F.);
#572=ORIENTED_EDGE('',*,*,#907,.F.);
#573=ORIENTED_EDGE('',*,*,#872,.F.);
#574=ORIENTED_EDGE('',*,*,#908,.F.);
#575=ORIENTED_EDGE('',*,*,#843,.F.);
#576=ORIENTED_EDGE('',*,*,#906,.T.);
#577=ORIENTED_EDGE('',*,*,#873,.F.);
#578=ORIENTED_EDGE('',*,*,#909,.F.);
#579=ORIENTED_EDGE('',*,*,#847,.F.);
#580=ORIENTED_EDGE('',*,*,#894,.F.);
#581=ORIENTED_EDGE('',*,*,#898,.F.);
#582=ORIENTED_EDGE('',*,*,#910,.F.);
#583=ORIENTED_EDGE('',*,*,#908,.T.);
#584=ORIENTED_EDGE('',*,*,#838,.F.);
#585=ORIENTED_EDGE('',*,*,#911,.F.);
#586=ORIENTED_EDGE('',*,*,#840,.F.);
#587=ORIENTED_EDGE('',*,*,#909,.T.);
#588=ORIENTED_EDGE('',*,*,#907,.T.);
#589=ORIENTED_EDGE('',*,*,#912,.F.);
#590=ORIENTED_EDGE('',*,*,#910,.T.);
#591=ORIENTED_EDGE('',*,*,#883,.F.);
#592=ORIENTED_EDGE('',*,*,#913,.F.);
#593=ORIENTED_EDGE('',*,*,#863,.F.);
#594=ORIENTED_EDGE('',*,*,#911,.T.);
#595=ORIENTED_EDGE('',*,*,#877,.F.);
#596=ORIENTED_EDGE('',*,*,#914,.F.);
#597=ORIENTED_EDGE('',*,*,#841,.F.);
#598=ORIENTED_EDGE('',*,*,#912,.T.);
#599=ORIENTED_EDGE('',*,*,#842,.F.);
#600=ORIENTED_EDGE('',*,*,#915,.F.);
#601=ORIENTED_EDGE('',*,*,#848,.F.);
#602=ORIENTED_EDGE('',*,*,#913,.T.);
#603=ORIENTED_EDGE('',*,*,#832,.F.);
#604=ORIENTED_EDGE('',*,*,#916,.F.);
#605=ORIENTED_EDGE('',*,*,#864,.F.);
#606=ORIENTED_EDGE('',*,*,#915,.T.);
#607=ORIENTED_EDGE('',*,*,#914,.T.);
#608=ORIENTED_EDGE('',*,*,#917,.F.);
#609=ORIENTED_EDGE('',*,*,#897,.F.);
#610=ORIENTED_EDGE('',*,*,#896,.F.);
#611=ORIENTED_EDGE('',*,*,#918,.F.);
#612=ORIENTED_EDGE('',*,*,#916,.T.);
#613=ORIENTED_EDGE('',*,*,#831,.F.);
#614=ORIENTED_EDGE('',*,*,#919,.F.);
#615=ORIENTED_EDGE('',*,*,#875,.F.);
#616=ORIENTED_EDGE('',*,*,#917,.T.);
#617=ORIENTED_EDGE('',*,*,#876,.F.);
#618=ORIENTED_EDGE('',*,*,#920,.F.);
#619=ORIENTED_EDGE('',*,*,#849,.F.);
#620=ORIENTED_EDGE('',*,*,#918,.T.);
#621=ORIENTED_EDGE('',*,*,#851,.F.);
#622=ORIENTED_EDGE('',*,*,#921,.F.);
#623=ORIENTED_EDGE('',*,*,#882,.F.);
#624=ORIENTED_EDGE('',*,*,#920,.T.);
#625=ORIENTED_EDGE('',*,*,#919,.T.);
#626=ORIENTED_EDGE('',*,*,#922,.F.);
#627=ORIENTED_EDGE('',*,*,#921,.T.);
#628=ORIENTED_EDGE('',*,*,#850,.F.);
#629=ORIENTED_EDGE('',*,*,#922,.T.);
#630=ORIENTED_EDGE('',*,*,#830,.F.);
#631=ORIENTED_EDGE('',*,*,#923,.F.);
#632=ORIENTED_EDGE('',*,*,#924,.F.);
#633=ORIENTED_EDGE('',*,*,#925,.T.);
#634=ORIENTED_EDGE('',*,*,#926,.T.);
#635=ORIENTED_EDGE('',*,*,#927,.F.);
#636=ORIENTED_EDGE('',*,*,#928,.F.);
#637=ORIENTED_EDGE('',*,*,#929,.T.);
#638=ORIENTED_EDGE('',*,*,#924,.T.);
#639=ORIENTED_EDGE('',*,*,#930,.T.);
#640=ORIENTED_EDGE('',*,*,#931,.F.);
#641=ORIENTED_EDGE('',*,*,#932,.F.);
#642=ORIENTED_EDGE('',*,*,#928,.T.);
#643=ORIENTED_EDGE('',*,*,#933,.F.);
#644=ORIENTED_EDGE('',*,*,#926,.F.);
#645=ORIENTED_EDGE('',*,*,#934,.T.);
#646=ORIENTED_EDGE('',*,*,#931,.T.);
#647=ORIENTED_EDGE('',*,*,#935,.F.);
#648=ORIENTED_EDGE('',*,*,#936,.F.);
#649=ORIENTED_EDGE('',*,*,#937,.T.);
#650=ORIENTED_EDGE('',*,*,#938,.T.);
#651=ORIENTED_EDGE('',*,*,#939,.F.);
#652=ORIENTED_EDGE('',*,*,#940,.F.);
#653=ORIENTED_EDGE('',*,*,#941,.T.);
#654=ORIENTED_EDGE('',*,*,#936,.T.);
#655=ORIENTED_EDGE('',*,*,#942,.T.);
#656=ORIENTED_EDGE('',*,*,#943,.F.);
#657=ORIENTED_EDGE('',*,*,#944,.F.);
#658=ORIENTED_EDGE('',*,*,#940,.T.);
#659=ORIENTED_EDGE('',*,*,#945,.F.);
#660=ORIENTED_EDGE('',*,*,#938,.F.);
#661=ORIENTED_EDGE('',*,*,#946,.T.);
#662=ORIENTED_EDGE('',*,*,#943,.T.);
#663=ORIENTED_EDGE('',*,*,#934,.F.);
#664=ORIENTED_EDGE('',*,*,#925,.F.);
#665=ORIENTED_EDGE('',*,*,#929,.F.);
#666=ORIENTED_EDGE('',*,*,#932,.T.);
#667=ORIENTED_EDGE('',*,*,#946,.F.);
#668=ORIENTED_EDGE('',*,*,#937,.F.);
#669=ORIENTED_EDGE('',*,*,#941,.F.);
#670=ORIENTED_EDGE('',*,*,#944,.T.);
#671=ORIENTED_EDGE('',*,*,#947,.T.);
#672=ORIENTED_EDGE('',*,*,#948,.F.);
#673=ORIENTED_EDGE('',*,*,#949,.F.);
#674=ORIENTED_EDGE('',*,*,#950,.F.);
#675=ORIENTED_EDGE('',*,*,#951,.T.);
#676=ORIENTED_EDGE('',*,*,#952,.F.);
#677=ORIENTED_EDGE('',*,*,#953,.F.);
#678=ORIENTED_EDGE('',*,*,#952,.T.);
#679=ORIENTED_EDGE('',*,*,#923,.T.);
#680=ORIENTED_EDGE('',*,*,#933,.T.);
#681=ORIENTED_EDGE('',*,*,#930,.F.);
#682=ORIENTED_EDGE('',*,*,#927,.T.);
#683=ORIENTED_EDGE('',*,*,#935,.T.);
#684=ORIENTED_EDGE('',*,*,#945,.T.);
#685=ORIENTED_EDGE('',*,*,#942,.F.);
#686=ORIENTED_EDGE('',*,*,#939,.T.);
#687=ORIENTED_EDGE('',*,*,#954,.T.);
#688=ORIENTED_EDGE('',*,*,#955,.T.);
#689=ORIENTED_EDGE('',*,*,#956,.F.);
#690=ORIENTED_EDGE('',*,*,#957,.T.);
#691=ORIENTED_EDGE('',*,*,#958,.T.);
#692=ORIENTED_EDGE('',*,*,#959,.T.);
#693=ORIENTED_EDGE('',*,*,#953,.T.);
#694=ORIENTED_EDGE('',*,*,#960,.T.);
#695=ORIENTED_EDGE('',*,*,#961,.T.);
#696=ORIENTED_EDGE('',*,*,#962,.F.);
#697=ORIENTED_EDGE('',*,*,#962,.T.);
#698=ORIENTED_EDGE('',*,*,#958,.F.);
#699=ORIENTED_EDGE('',*,*,#954,.F.);
#700=ORIENTED_EDGE('',*,*,#963,.F.);
#701=ORIENTED_EDGE('',*,*,#949,.T.);
#702=ORIENTED_EDGE('',*,*,#964,.T.);
#703=ORIENTED_EDGE('',*,*,#957,.F.);
#704=ORIENTED_EDGE('',*,*,#965,.F.);
#705=ORIENTED_EDGE('',*,*,#950,.T.);
#706=ORIENTED_EDGE('',*,*,#963,.T.);
#707=ORIENTED_EDGE('',*,*,#956,.T.);
#708=ORIENTED_EDGE('',*,*,#966,.F.);
#709=ORIENTED_EDGE('',*,*,#951,.F.);
#710=ORIENTED_EDGE('',*,*,#965,.T.);
#711=ORIENTED_EDGE('',*,*,#955,.F.);
#712=ORIENTED_EDGE('',*,*,#964,.F.);
#713=ORIENTED_EDGE('',*,*,#948,.T.);
#714=ORIENTED_EDGE('',*,*,#966,.T.);
#715=ORIENTED_EDGE('',*,*,#960,.F.);
#716=ORIENTED_EDGE('',*,*,#947,.F.);
#717=ORIENTED_EDGE('',*,*,#959,.F.);
#718=ORIENTED_EDGE('',*,*,#961,.F.);
#719=EDGE_CURVE('',#967,#968,#1121,.T.);
#720=EDGE_CURVE('',#969,#968,#1122,.T.);
#721=EDGE_CURVE('',#970,#969,#1123,.T.);
#722=EDGE_CURVE('',#970,#967,#1124,.T.);
#723=EDGE_CURVE('',#971,#968,#1125,.T.);
#724=EDGE_CURVE('',#971,#972,#135,.T.);
#725=EDGE_CURVE('',#973,#972,#1126,.T.);
#726=EDGE_CURVE('',#973,#974,#136,.T.);
#727=EDGE_CURVE('',#974,#969,#1127,.T.);
#728=EDGE_CURVE('',#972,#975,#1128,.T.);
#729=EDGE_CURVE('',#975,#976,#1129,.F.);
#730=EDGE_CURVE('',#976,#973,#1130,.F.);
#731=EDGE_CURVE('',#977,#978,#1131,.T.);
#732=EDGE_CURVE('',#978,#979,#1132,.T.);
#733=EDGE_CURVE('',#979,#980,#1133,.F.);
#734=EDGE_CURVE('',#980,#977,#1134,.F.);
#735=EDGE_CURVE('',#981,#981,#137,.T.);
#736=EDGE_CURVE('',#982,#983,#1135,.T.);
#737=EDGE_CURVE('',#983,#984,#1136,.F.);
#738=EDGE_CURVE('',#985,#984,#1137,.T.);
#739=EDGE_CURVE('',#985,#982,#1138,.T.);
#740=EDGE_CURVE('',#984,#986,#138,.T.);
#741=EDGE_CURVE('',#987,#986,#1139,.T.);
#742=EDGE_CURVE('',#988,#987,#1140,.T.);
#743=EDGE_CURVE('',#988,#989,#1141,.T.);
#744=EDGE_CURVE('',#989,#985,#139,.T.);
#745=EDGE_CURVE('',#990,#987,#1142,.T.);
#746=EDGE_CURVE('',#991,#990,#1143,.T.);
#747=EDGE_CURVE('',#991,#988,#1144,.T.);
#748=EDGE_CURVE('',#967,#990,#1145,.T.);
#749=EDGE_CURVE('',#970,#991,#1146,.T.);
#750=EDGE_CURVE('',#974,#992,#1147,.T.);
#751=EDGE_CURVE('',#992,#993,#1148,.F.);
#752=EDGE_CURVE('',#993,#989,#1149,.F.);
#753=EDGE_CURVE('',#994,#995,#1150,.T.);
#754=EDGE_CURVE('',#995,#971,#1151,.F.);
#755=EDGE_CURVE('',#986,#994,#1152,.T.);
#756=EDGE_CURVE('',#996,#996,#140,.T.);
#757=EDGE_CURVE('',#982,#993,#141,.T.);
#758=EDGE_CURVE('',#982,#977,#142,.F.);
#759=EDGE_CURVE('',#977,#993,#143,.F.);
#760=EDGE_CURVE('',#992,#976,#144,.T.);
#761=EDGE_CURVE('',#978,#992,#145,.T.);
#762=EDGE_CURVE('',#983,#980,#146,.T.);
#763=EDGE_CURVE('',#994,#983,#147,.T.);
#764=EDGE_CURVE('',#978,#976,#148,.F.);
#765=EDGE_CURVE('',#994,#980,#149,.F.);
#766=EDGE_CURVE('',#979,#975,#150,.T.);
#767=EDGE_CURVE('',#995,#979,#151,.T.);
#768=EDGE_CURVE('',#995,#975,#152,.F.);
#769=EDGE_CURVE('',#997,#998,#1153,.T.);
#770=EDGE_CURVE('',#999,#997,#1154,.T.);
#771=EDGE_CURVE('',#999,#1000,#1155,.T.);
#772=EDGE_CURVE('',#1000,#998,#1156,.T.);
#773=EDGE_CURVE('',#998,#1001,#153,.T.);
#774=EDGE_CURVE('',#1000,#1002,#154,.T.);
#775=EDGE_CURVE('',#1002,#1001,#1157,.T.);
#776=EDGE_CURVE('',#1003,#1001,#1158,.T.);
#777=EDGE_CURVE('',#1004,#1002,#1159,.T.);
#778=EDGE_CURVE('',#1004,#1003,#1160,.T.);
#779=EDGE_CURVE('',#1005,#1006,#39,.T.);
#780=EDGE_CURVE('',#1006,#1007,#40,.T.);
#781=EDGE_CURVE('',#1008,#1007,#1161,.T.);
#782=EDGE_CURVE('',#1008,#1009,#1162,.T.);
#783=EDGE_CURVE('',#1009,#1005,#1163,.T.);
#784=EDGE_CURVE('',#1010,#1009,#155,.T.);
#785=EDGE_CURVE('',#1011,#1008,#156,.T.);
#786=EDGE_CURVE('',#1011,#1010,#1164,.T.);
#787=EDGE_CURVE('',#1012,#1012,#157,.T.);
#788=EDGE_CURVE('',#1013,#1013,#158,.T.);
#789=EDGE_CURVE('',#1011,#1014,#1165,.T.);
#790=EDGE_CURVE('',#1014,#1015,#41,.T.);
#791=EDGE_CURVE('',#1015,#1016,#42,.T.);
#792=EDGE_CURVE('',#1010,#1016,#1166,.T.);
#793=EDGE_CURVE('',#1003,#997,#159,.T.);
#794=EDGE_CURVE('',#1004,#999,#160,.T.);
#795=EDGE_CURVE('',#1007,#1017,#161,.F.);
#796=EDGE_CURVE('',#1017,#1018,#1167,.F.);
#797=EDGE_CURVE('',#1018,#1019,#162,.F.);
#798=EDGE_CURVE('',#1019,#1020,#1168,.T.);
#799=EDGE_CURVE('',#1020,#1014,#163,.F.);
#800=EDGE_CURVE('',#1021,#1022,#1169,.T.);
#801=EDGE_CURVE('',#1022,#1005,#164,.T.);
#802=EDGE_CURVE('',#1016,#1023,#165,.T.);
#803=EDGE_CURVE('',#1023,#1024,#1170,.F.);
#804=EDGE_CURVE('',#1024,#1021,#166,.T.);
#805=EDGE_CURVE('',#1023,#1020,#167,.T.);
#806=EDGE_CURVE('',#1024,#1019,#168,.T.);
#807=EDGE_CURVE('',#1021,#1018,#169,.T.);
#808=EDGE_CURVE('',#1022,#1017,#170,.T.);
#809=EDGE_CURVE('',#1025,#1026,#1171,.T.);
#810=EDGE_CURVE('',#1026,#1027,#1172,.F.);
#811=EDGE_CURVE('',#1027,#1028,#1173,.F.);
#812=EDGE_CURVE('',#1028,#1025,#1174,.T.);
#813=EDGE_CURVE('',#1029,#1030,#1175,.T.);
#814=EDGE_CURVE('',#1030,#1031,#1176,.T.);
#815=EDGE_CURVE('',#1031,#1032,#1177,.F.);
#816=EDGE_CURVE('',#1032,#1029,#1178,.F.);
#817=EDGE_CURVE('',#1033,#1034,#1179,.T.);
#818=EDGE_CURVE('',#1034,#1035,#1180,.T.);
#819=EDGE_CURVE('',#1036,#1035,#1181,.T.);
#820=EDGE_CURVE('',#1033,#1036,#1182,.T.);
#821=EDGE_CURVE('',#1037,#1036,#1183,.T.);
#822=EDGE_CURVE('',#1038,#1037,#1184,.T.);
#823=EDGE_CURVE('',#1038,#1033,#1185,.T.);
#824=EDGE_CURVE('',#1037,#1039,#1186,.T.);
#825=EDGE_CURVE('',#1039,#1040,#1187,.F.);
#826=EDGE_CURVE('',#1038,#1040,#1188,.T.);
#827=EDGE_CURVE('',#1040,#1034,#1189,.T.);
#828=EDGE_CURVE('',#1035,#1039,#1190,.F.);
#829=EDGE_CURVE('',#1041,#1042,#1191,.T.);
#830=EDGE_CURVE('',#1041,#1043,#1192,.T.);
#831=EDGE_CURVE('',#1043,#1044,#1193,.T.);
#832=EDGE_CURVE('',#1044,#1042,#1194,.F.);
#833=EDGE_CURVE('',#1045,#1046,#1195,.T.);
#834=EDGE_CURVE('',#1047,#1046,#1196,.T.);
#835=EDGE_CURVE('',#1048,#1047,#1197,.T.);
#836=EDGE_CURVE('',#1048,#1045,#1198,.T.);
#837=EDGE_CURVE('',#1046,#1049,#1199,.T.);
#838=EDGE_CURVE('',#1049,#1050,#1200,.F.);
#839=EDGE_CURVE('',#1047,#1050,#1201,.T.);
#840=EDGE_CURVE('',#1051,#1052,#1202,.T.);
#841=EDGE_CURVE('',#1052,#1053,#1203,.T.);
#842=EDGE_CURVE('',#1053,#1054,#1204,.F.);
#843=EDGE_CURVE('',#1054,#1051,#1205,.F.);
#844=EDGE_CURVE('',#1055,#1056,#1206,.F.);
#845=EDGE_CURVE('',#1056,#1057,#1207,.T.);
#846=EDGE_CURVE('',#1057,#1058,#1208,.F.);
#847=EDGE_CURVE('',#1058,#1059,#1209,.T.);
#848=EDGE_CURVE('',#1059,#1060,#1210,.T.);
#849=EDGE_CURVE('',#1060,#1061,#1211,.F.);
#850=EDGE_CURVE('',#1061,#1062,#1212,.F.);
#851=EDGE_CURVE('',#1062,#1055,#1213,.F.);
#852=EDGE_CURVE('',#1063,#1064,#1214,.T.);
#853=EDGE_CURVE('',#1064,#1065,#1215,.F.);
#854=EDGE_CURVE('',#1065,#1066,#1216,.F.);
#855=EDGE_CURVE('',#1066,#1063,#1217,.T.);
#856=EDGE_CURVE('',#1067,#1067,#171,.T.);
#857=EDGE_CURVE('',#1068,#1069,#1218,.T.);
#858=EDGE_CURVE('',#1068,#1070,#1219,.T.);
#859=EDGE_CURVE('',#1070,#1071,#1220,.F.);
#860=EDGE_CURVE('',#1071,#1072,#1221,.T.);
#861=EDGE_CURVE('',#1072,#1073,#172,.T.);
#862=EDGE_CURVE('',#1073,#1074,#1222,.T.);
#863=EDGE_CURVE('',#1074,#1075,#1223,.T.);
#864=EDGE_CURVE('',#1075,#1076,#1224,.T.);
#865=EDGE_CURVE('',#1076,#1077,#1225,.T.);
#866=EDGE_CURVE('',#1069,#1077,#1226,.T.);
#867=EDGE_CURVE('',#1078,#1077,#1227,.T.);
#868=EDGE_CURVE('',#1079,#1078,#1228,.T.);
#869=EDGE_CURVE('',#1079,#1069,#1229,.T.);
#870=EDGE_CURVE('',#1045,#1078,#1230,.T.);
#871=EDGE_CURVE('',#1048,#1079,#1231,.T.);
#872=EDGE_CURVE('',#1050,#1080,#1232,.T.);
#873=EDGE_CURVE('',#1080,#1081,#1233,.F.);
#874=EDGE_CURVE('',#1081,#1068,#1234,.T.);
#875=EDGE_CURVE('',#1076,#1082,#1235,.F.);
#876=EDGE_CURVE('',#1082,#1083,#1236,.T.);
#877=EDGE_CURVE('',#1083,#1049,#1237,.F.);
#878=EDGE_CURVE('',#1084,#1085,#1238,.F.);
#879=EDGE_CURVE('',#1085,#1064,#1239,.T.);
#880=EDGE_CURVE('',#1063,#1084,#1240,.F.);
#881=EDGE_CURVE('',#1086,#1087,#1241,.T.);
#882=EDGE_CURVE('',#1087,#1041,#1242,.T.);
#883=EDGE_CURVE('',#1042,#1086,#1243,.F.);
#884=EDGE_CURVE('',#1072,#1073,#43,.T.);
#885=EDGE_CURVE('',#1088,#1088,#173,.T.);
#886=EDGE_CURVE('',#1089,#1089,#174,.T.);
#887=EDGE_CURVE('',#1034,#1032,#14,.F.);
#888=EDGE_CURVE('',#1029,#1040,#15,.T.);
#889=EDGE_CURVE('',#1030,#1039,#16,.T.);
#890=EDGE_CURVE('',#1035,#1031,#17,.F.);
#891=EDGE_CURVE('',#1028,#1085,#18,.T.);
#892=EDGE_CURVE('',#1084,#1025,#19,.F.);
#893=EDGE_CURVE('',#1071,#1028,#20,.F.);
#894=EDGE_CURVE('',#1027,#1074,#21,.T.);
#895=EDGE_CURVE('',#1025,#1056,#22,.T.);
#896=EDGE_CURVE('',#1055,#1026,#23,.F.);
#897=EDGE_CURVE('',#1026,#1087,#24,.T.);
#898=EDGE_CURVE('',#1086,#1027,#25,.F.);
#899=EDGE_CURVE('',#1085,#1071,#175,.T.);
#900=EDGE_CURVE('',#1064,#1070,#26,.F.);
#901=EDGE_CURVE('',#1056,#1084,#176,.T.);
#902=EDGE_CURVE('',#1065,#1068,#27,.F.);
#903=EDGE_CURVE('',#1057,#1063,#28,.T.);
#904=EDGE_CURVE('',#1066,#1081,#177,.T.);
#905=EDGE_CURVE('',#1058,#1066,#178,.T.);
#906=EDGE_CURVE('',#1058,#1081,#179,.F.);
#907=EDGE_CURVE('',#1080,#1054,#180,.T.);
#908=EDGE_CURVE('',#1051,#1050,#29,.T.);
#909=EDGE_CURVE('',#1059,#1080,#181,.T.);
#910=EDGE_CURVE('',#1074,#1086,#182,.T.);
#911=EDGE_CURVE('',#1052,#1049,#30,.T.);
#912=EDGE_CURVE('',#1059,#1054,#183,.F.);
#913=EDGE_CURVE('',#1075,#1042,#31,.T.);
#914=EDGE_CURVE('',#1053,#1083,#184,.T.);
#915=EDGE_CURVE('',#1060,#1053,#185,.T.);
#916=EDGE_CURVE('',#1076,#1044,#32,.F.);
#917=EDGE_CURVE('',#1060,#1083,#186,.F.);
#918=EDGE_CURVE('',#1087,#1055,#187,.T.);
#919=EDGE_CURVE('',#1082,#1043,#188,.T.);
#920=EDGE_CURVE('',#1061,#1082,#189,.T.);
#921=EDGE_CURVE('',#1041,#1062,#33,.F.);
#922=EDGE_CURVE('',#1061,#1043,#190,.F.);
#923=EDGE_CURVE('',#1090,#1091,#191,.T.);
#924=EDGE_CURVE('',#1092,#1090,#1244,.T.);
#925=EDGE_CURVE('',#1092,#1093,#192,.T.);
#926=EDGE_CURVE('',#1093,#1091,#1245,.T.);
#927=EDGE_CURVE('',#1094,#1090,#193,.T.);
#928=EDGE_CURVE('',#1095,#1094,#1246,.T.);
#929=EDGE_CURVE('',#1095,#1092,#194,.T.);
#930=EDGE_CURVE('',#1094,#1096,#195,.T.);
#931=EDGE_CURVE('',#1097,#1096,#1247,.T.);
#932=EDGE_CURVE('',#1095,#1097,#196,.T.);
#933=EDGE_CURVE('',#1091,#1096,#197,.T.);
#934=EDGE_CURVE('',#1093,#1097,#198,.T.);
#935=EDGE_CURVE('',#1098,#1099,#199,.T.);
#936=EDGE_CURVE('',#1100,#1098,#1248,.T.);
#937=EDGE_CURVE('',#1100,#1101,#200,.T.);
#938=EDGE_CURVE('',#1101,#1099,#1249,.T.);
#939=EDGE_CURVE('',#1102,#1098,#201,.T.);
#940=EDGE_CURVE('',#1103,#1102,#1250,.T.);
#941=EDGE_CURVE('',#1103,#1100,#202,.T.);
#942=EDGE_CURVE('',#1102,#1104,#203,.T.);
#943=EDGE_CURVE('',#1105,#1104,#1251,.T.);
#944=EDGE_CURVE('',#1103,#1105,#204,.T.);
#945=EDGE_CURVE('',#1099,#1104,#205,.T.);
#946=EDGE_CURVE('',#1101,#1105,#206,.T.);
#947=EDGE_CURVE('',#1106,#1106,#207,.T.);
#948=EDGE_CURVE('',#1107,#1108,#208,.T.);
#949=EDGE_CURVE('',#1109,#1107,#209,.T.);
#950=EDGE_CURVE('',#1110,#1109,#210,.T.);
#951=EDGE_CURVE('',#1110,#1108,#211,.T.);
#952=EDGE_CURVE('',#1111,#1111,#212,.T.);
#953=EDGE_CURVE('',#1112,#1112,#213,.T.);
#954=EDGE_CURVE('',#1113,#1114,#214,.T.);
#955=EDGE_CURVE('',#1114,#1115,#215,.T.);
#956=EDGE_CURVE('',#1116,#1115,#216,.T.);
#957=EDGE_CURVE('',#1116,#1113,#217,.T.);
#958=EDGE_CURVE('',#1117,#1117,#218,.T.);
#959=EDGE_CURVE('',#1117,#1117,#219,.F.);
#960=EDGE_CURVE('',#1118,#1118,#220,.F.);
#961=EDGE_CURVE('',#1119,#1119,#221,.T.);
#962=EDGE_CURVE('',#1120,#1120,#222,.T.);
#963=EDGE_CURVE('',#1109,#1113,#1252,.T.);
#964=EDGE_CURVE('',#1107,#1114,#1253,.T.);
#965=EDGE_CURVE('',#1110,#1116,#1254,.T.);
#966=EDGE_CURVE('',#1108,#1115,#1255,.T.);
#967=VERTEX_POINT('',#2676);
#968=VERTEX_POINT('',#2677);
#969=VERTEX_POINT('',#2679);
#970=VERTEX_POINT('',#2681);
#971=VERTEX_POINT('',#2685);
#972=VERTEX_POINT('',#2687);
#973=VERTEX_POINT('',#2689);
#974=VERTEX_POINT('',#2691);
#975=VERTEX_POINT('',#2695);
#976=VERTEX_POINT('',#2697);
#977=VERTEX_POINT('',#2701);
#978=VERTEX_POINT('',#2702);
#979=VERTEX_POINT('',#2704);
#980=VERTEX_POINT('',#2706);
#981=VERTEX_POINT('',#2709);
#982=VERTEX_POINT('',#2712);
#983=VERTEX_POINT('',#2713);
#984=VERTEX_POINT('',#2715);
#985=VERTEX_POINT('',#2717);
#986=VERTEX_POINT('',#2721);
#987=VERTEX_POINT('',#2723);
#988=VERTEX_POINT('',#2725);
#989=VERTEX_POINT('',#2727);
#990=VERTEX_POINT('',#2731);
#991=VERTEX_POINT('',#2733);
#992=VERTEX_POINT('',#2740);
#993=VERTEX_POINT('',#2742);
#994=VERTEX_POINT('',#2746);
#995=VERTEX_POINT('',#2747);
#996=VERTEX_POINT('',#2752);
#997=VERTEX_POINT('',#2781);
#998=VERTEX_POINT('',#2782);
#999=VERTEX_POINT('',#2784);
#1000=VERTEX_POINT('',#2786);
#1001=VERTEX_POINT('',#2790);
#1002=VERTEX_POINT('',#2792);
#1003=VERTEX_POINT('',#2796);
#1004=VERTEX_POINT('',#2798);
#1005=VERTEX_POINT('',#2806);
#1006=VERTEX_POINT('',#2807);
#1007=VERTEX_POINT('',#2813);
#1008=VERTEX_POINT('',#2815);
#1009=VERTEX_POINT('',#2817);
#1010=VERTEX_POINT('',#2821);
#1011=VERTEX_POINT('',#2823);
#1012=VERTEX_POINT('',#2827);
#1013=VERTEX_POINT('',#2829);
#1014=VERTEX_POINT('',#2832);
#1015=VERTEX_POINT('',#2838);
#1016=VERTEX_POINT('',#2844);
#1017=VERTEX_POINT('',#2851);
#1018=VERTEX_POINT('',#2853);
#1019=VERTEX_POINT('',#2855);
#1020=VERTEX_POINT('',#2857);
#1021=VERTEX_POINT('',#2861);
#1022=VERTEX_POINT('',#2862);
#1023=VERTEX_POINT('',#2865);
#1024=VERTEX_POINT('',#2867);
#1025=VERTEX_POINT('',#2881);
#1026=VERTEX_POINT('',#2882);
#1027=VERTEX_POINT('',#2884);
#1028=VERTEX_POINT('',#2886);
#1029=VERTEX_POINT('',#2889);
#1030=VERTEX_POINT('',#2890);
#1031=VERTEX_POINT('',#2892);
#1032=VERTEX_POINT('',#2894);
#1033=VERTEX_POINT('',#2898);
#1034=VERTEX_POINT('',#2899);
#1035=VERTEX_POINT('',#2901);
#1036=VERTEX_POINT('',#2903);
#1037=VERTEX_POINT('',#2907);
#1038=VERTEX_POINT('',#2909);
#1039=VERTEX_POINT('',#2913);
#1040=VERTEX_POINT('',#2915);
#1041=VERTEX_POINT('',#2923);
#1042=VERTEX_POINT('',#2924);
#1043=VERTEX_POINT('',#2926);
#1044=VERTEX_POINT('',#2928);
#1045=VERTEX_POINT('',#2932);
#1046=VERTEX_POINT('',#2933);
#1047=VERTEX_POINT('',#2935);
#1048=VERTEX_POINT('',#2937);
#1049=VERTEX_POINT('',#2941);
#1050=VERTEX_POINT('',#2943);
#1051=VERTEX_POINT('',#2947);
#1052=VERTEX_POINT('',#2948);
#1053=VERTEX_POINT('',#2950);
#1054=VERTEX_POINT('',#2952);
#1055=VERTEX_POINT('',#2956);
#1056=VERTEX_POINT('',#2957);
#1057=VERTEX_POINT('',#2959);
#1058=VERTEX_POINT('',#2961);
#1059=VERTEX_POINT('',#2963);
#1060=VERTEX_POINT('',#2965);
#1061=VERTEX_POINT('',#2967);
#1062=VERTEX_POINT('',#2969);
#1063=VERTEX_POINT('',#2973);
#1064=VERTEX_POINT('',#2974);
#1065=VERTEX_POINT('',#2976);
#1066=VERTEX_POINT('',#2978);
#1067=VERTEX_POINT('',#2982);
#1068=VERTEX_POINT('',#2984);
#1069=VERTEX_POINT('',#2985);
#1070=VERTEX_POINT('',#2987);
#1071=VERTEX_POINT('',#2989);
#1072=VERTEX_POINT('',#2991);
#1073=VERTEX_POINT('',#2993);
#1074=VERTEX_POINT('',#2995);
#1075=VERTEX_POINT('',#2997);
#1076=VERTEX_POINT('',#2999);
#1077=VERTEX_POINT('',#3001);
#1078=VERTEX_POINT('',#3005);
#1079=VERTEX_POINT('',#3007);
#1080=VERTEX_POINT('',#3014);
#1081=VERTEX_POINT('',#3016);
#1082=VERTEX_POINT('',#3020);
#1083=VERTEX_POINT('',#3022);
#1084=VERTEX_POINT('',#3026);
#1085=VERTEX_POINT('',#3027);
#1086=VERTEX_POINT('',#3032);
#1087=VERTEX_POINT('',#3033);
#1088=VERTEX_POINT('',#3045);
#1089=VERTEX_POINT('',#3048);
#1090=VERTEX_POINT('',#3202);
#1091=VERTEX_POINT('',#3203);
#1092=VERTEX_POINT('',#3205);
#1093=VERTEX_POINT('',#3207);
#1094=VERTEX_POINT('',#3211);
#1095=VERTEX_POINT('',#3213);
#1096=VERTEX_POINT('',#3217);
#1097=VERTEX_POINT('',#3219);
#1098=VERTEX_POINT('',#3226);
#1099=VERTEX_POINT('',#3227);
#1100=VERTEX_POINT('',#3229);
#1101=VERTEX_POINT('',#3231);
#1102=VERTEX_POINT('',#3235);
#1103=VERTEX_POINT('',#3237);
#1104=VERTEX_POINT('',#3241);
#1105=VERTEX_POINT('',#3243);
#1106=VERTEX_POINT('',#3250);
#1107=VERTEX_POINT('',#3252);
#1108=VERTEX_POINT('',#3253);
#1109=VERTEX_POINT('',#3255);
#1110=VERTEX_POINT('',#3257);
#1111=VERTEX_POINT('',#3260);
#1112=VERTEX_POINT('',#3263);
#1113=VERTEX_POINT('',#3266);
#1114=VERTEX_POINT('',#3267);
#1115=VERTEX_POINT('',#3269);
#1116=VERTEX_POINT('',#3271);
#1117=VERTEX_POINT('',#3274);
#1118=VERTEX_POINT('',#3278);
#1119=VERTEX_POINT('',#3280);
#1120=VERTEX_POINT('',#3283);
#1121=LINE('',#2675,#1256);
#1122=LINE('',#2678,#1257);
#1123=LINE('',#2680,#1258);
#1124=LINE('',#2682,#1259);
#1125=LINE('',#2684,#1260);
#1126=LINE('',#2688,#1261);
#1127=LINE('',#2692,#1262);
#1128=LINE('',#2694,#1263);
#1129=LINE('',#2696,#1264);
#1130=LINE('',#2698,#1265);
#1131=LINE('',#2700,#1266);
#1132=LINE('',#2703,#1267);
#1133=LINE('',#2705,#1268);
#1134=LINE('',#2707,#1269);
#1135=LINE('',#2711,#1270);
#1136=LINE('',#2714,#1271);
#1137=LINE('',#2716,#1272);
#1138=LINE('',#2718,#1273);
#1139=LINE('',#2722,#1274);
#1140=LINE('',#2724,#1275);
#1141=LINE('',#2726,#1276);
#1142=LINE('',#2730,#1277);
#1143=LINE('',#2732,#1278);
#1144=LINE('',#2734,#1279);
#1145=LINE('',#2736,#1280);
#1146=LINE('',#2737,#1281);
#1147=LINE('',#2739,#1282);
#1148=LINE('',#2741,#1283);
#1149=LINE('',#2743,#1284);
#1150=LINE('',#2745,#1285);
#1151=LINE('',#2748,#1286);
#1152=LINE('',#2749,#1287);
#1153=LINE('',#2780,#1288);
#1154=LINE('',#2783,#1289);
#1155=LINE('',#2785,#1290);
#1156=LINE('',#2787,#1291);
#1157=LINE('',#2793,#1292);
#1158=LINE('',#2795,#1293);
#1159=LINE('',#2797,#1294);
#1160=LINE('',#2799,#1295);
#1161=LINE('',#2814,#1296);
#1162=LINE('',#2816,#1297);
#1163=LINE('',#2818,#1298);
#1164=LINE('',#2824,#1299);
#1165=LINE('',#2831,#1300);
#1166=LINE('',#2845,#1301);
#1167=LINE('',#2852,#1302);
#1168=LINE('',#2856,#1303);
#1169=LINE('',#2860,#1304);
#1170=LINE('',#2866,#1305);
#1171=LINE('',#2880,#1306);
#1172=LINE('',#2883,#1307);
#1173=LINE('',#2885,#1308);
#1174=LINE('',#2887,#1309);
#1175=LINE('',#2888,#1310);
#1176=LINE('',#2891,#1311);
#1177=LINE('',#2893,#1312);
#1178=LINE('',#2895,#1313);
#1179=LINE('',#2897,#1314);
#1180=LINE('',#2900,#1315);
#1181=LINE('',#2902,#1316);
#1182=LINE('',#2904,#1317);
#1183=LINE('',#2906,#1318);
#1184=LINE('',#2908,#1319);
#1185=LINE('',#2910,#1320);
#1186=LINE('',#2912,#1321);
#1187=LINE('',#2914,#1322);
#1188=LINE('',#2916,#1323);
#1189=LINE('',#2918,#1324);
#1190=LINE('',#2920,#1325);
#1191=LINE('',#2922,#1326);
#1192=LINE('',#2925,#1327);
#1193=LINE('',#2927,#1328);
#1194=LINE('',#2929,#1329);
#1195=LINE('',#2931,#1330);
#1196=LINE('',#2934,#1331);
#1197=LINE('',#2936,#1332);
#1198=LINE('',#2938,#1333);
#1199=LINE('',#2940,#1334);
#1200=LINE('',#2942,#1335);
#1201=LINE('',#2944,#1336);
#1202=LINE('',#2946,#1337);
#1203=LINE('',#2949,#1338);
#1204=LINE('',#2951,#1339);
#1205=LINE('',#2953,#1340);
#1206=LINE('',#2955,#1341);
#1207=LINE('',#2958,#1342);
#1208=LINE('',#2960,#1343);
#1209=LINE('',#2962,#1344);
#1210=LINE('',#2964,#1345);
#1211=LINE('',#2966,#1346);
#1212=LINE('',#2968,#1347);
#1213=LINE('',#2970,#1348);
#1214=LINE('',#2972,#1349);
#1215=LINE('',#2975,#1350);
#1216=LINE('',#2977,#1351);
#1217=LINE('',#2979,#1352);
#1218=LINE('',#2983,#1353);
#1219=LINE('',#2986,#1354);
#1220=LINE('',#2988,#1355);
#1221=LINE('',#2990,#1356);
#1222=LINE('',#2994,#1357);
#1223=LINE('',#2996,#1358);
#1224=LINE('',#2998,#1359);
#1225=LINE('',#3000,#1360);
#1226=LINE('',#3002,#1361);
#1227=LINE('',#3004,#1362);
#1228=LINE('',#3006,#1363);
#1229=LINE('',#3008,#1364);
#1230=LINE('',#3010,#1365);
#1231=LINE('',#3011,#1366);
#1232=LINE('',#3013,#1367);
#1233=LINE('',#3015,#1368);
#1234=LINE('',#3017,#1369);
#1235=LINE('',#3019,#1370);
#1236=LINE('',#3021,#1371);
#1237=LINE('',#3023,#1372);
#1238=LINE('',#3025,#1373);
#1239=LINE('',#3028,#1374);
#1240=LINE('',#3029,#1375);
#1241=LINE('',#3031,#1376);
#1242=LINE('',#3034,#1377);
#1243=LINE('',#3035,#1378);
#1244=LINE('',#3204,#1379);
#1245=LINE('',#3208,#1380);
#1246=LINE('',#3212,#1381);
#1247=LINE('',#3218,#1382);
#1248=LINE('',#3228,#1383);
#1249=LINE('',#3232,#1384);
#1250=LINE('',#3236,#1385);
#1251=LINE('',#3242,#1386);
#1252=LINE('',#3286,#1387);
#1253=LINE('',#3287,#1388);
#1254=LINE('',#3289,#1389);
#1255=LINE('',#3291,#1390);
#1256=VECTOR('',#2096,1.);
#1257=VECTOR('',#2097,1.);
#1258=VECTOR('',#2098,1.);
#1259=VECTOR('',#2099,1.);
#1260=VECTOR('',#2102,1.);
#1261=VECTOR('',#2105,1.);
#1262=VECTOR('',#2108,1.);
#1263=VECTOR('',#2111,1.);
#1264=VECTOR('',#2112,1.);
#1265=VECTOR('',#2113,1.);
#1266=VECTOR('',#2116,1.);
#1267=VECTOR('',#2117,1.);
#1268=VECTOR('',#2118,1.);
#1269=VECTOR('',#2119,1.);
#1270=VECTOR('',#2124,1.);
#1271=VECTOR('',#2125,1.);
#1272=VECTOR('',#2126,1.);
#1273=VECTOR('',#2127,1.);
#1274=VECTOR('',#2132,1.);
#1275=VECTOR('',#2133,1.);
#1276=VECTOR('',#2134,1.);
#1277=VECTOR('',#2139,1.);
#1278=VECTOR('',#2140,1.);
#1279=VECTOR('',#2141,1.);
#1280=VECTOR('',#2144,1.);
#1281=VECTOR('',#2145,1.);
#1282=VECTOR('',#2148,1.);
#1283=VECTOR('',#2149,1.);
#1284=VECTOR('',#2150,1.);
#1285=VECTOR('',#2153,1.);
#1286=VECTOR('',#2154,1.);
#1287=VECTOR('',#2155,1.);
#1288=VECTOR('',#2214,1.);
#1289=VECTOR('',#2215,1.);
#1290=VECTOR('',#2216,1.);
#1291=VECTOR('',#2217,1.);
#1292=VECTOR('',#2224,1.);
#1293=VECTOR('',#2227,1.);
#1294=VECTOR('',#2228,1.);
#1295=VECTOR('',#2229,1.);
#1296=VECTOR('',#2232,1.);
#1297=VECTOR('',#2233,1.);
#1298=VECTOR('',#2234,1.);
#1299=VECTOR('',#2241,1.);
#1300=VECTOR('',#2250,1.);
#1301=VECTOR('',#2251,1.);
#1302=VECTOR('',#2262,1.);
#1303=VECTOR('',#2265,1.);
#1304=VECTOR('',#2270,1.);
#1305=VECTOR('',#2275,1.);
#1306=VECTOR('',#2300,1.);
#1307=VECTOR('',#2301,1.);
#1308=VECTOR('',#2302,1.);
#1309=VECTOR('',#2303,1.);
#1310=VECTOR('',#2304,1.);
#1311=VECTOR('',#2305,1.);
#1312=VECTOR('',#2306,1.);
#1313=VECTOR('',#2307,1.);
#1314=VECTOR('',#2310,1.);
#1315=VECTOR('',#2311,1.);
#1316=VECTOR('',#2312,1.);
#1317=VECTOR('',#2313,1.);
#1318=VECTOR('',#2316,1.);
#1319=VECTOR('',#2317,1.);
#1320=VECTOR('',#2318,1.);
#1321=VECTOR('',#2321,1.);
#1322=VECTOR('',#2322,1.);
#1323=VECTOR('',#2323,1.);
#1324=VECTOR('',#2326,1.);
#1325=VECTOR('',#2329,1.);
#1326=VECTOR('',#2332,1.);
#1327=VECTOR('',#2333,1.);
#1328=VECTOR('',#2334,1.);
#1329=VECTOR('',#2335,1.);
#1330=VECTOR('',#2338,1.);
#1331=VECTOR('',#2339,1.);
#1332=VECTOR('',#2340,1.);
#1333=VECTOR('',#2341,1.);
#1334=VECTOR('',#2344,1.);
#1335=VECTOR('',#2345,1.);
#1336=VECTOR('',#2346,1.);
#1337=VECTOR('',#2349,1.);
#1338=VECTOR('',#2350,1.);
#1339=VECTOR('',#2351,1.);
#1340=VECTOR('',#2352,1.);
#1341=VECTOR('',#2355,1.);
#1342=VECTOR('',#2356,1.);
#1343=VECTOR('',#2357,1.);
#1344=VECTOR('',#2358,1.);
#1345=VECTOR('',#2359,1.);
#1346=VECTOR('',#2360,1.);
#1347=VECTOR('',#2361,1.);
#1348=VECTOR('',#2362,1.);
#1349=VECTOR('',#2365,1.);
#1350=VECTOR('',#2366,1.);
#1351=VECTOR('',#2367,1.);
#1352=VECTOR('',#2368,1.);
#1353=VECTOR('',#2373,1.);
#1354=VECTOR('',#2374,1.);
#1355=VECTOR('',#2375,1.);
#1356=VECTOR('',#2376,1.);
#1357=VECTOR('',#2379,1.);
#1358=VECTOR('',#2380,1.);
#1359=VECTOR('',#2381,1.);
#1360=VECTOR('',#2382,1.);
#1361=VECTOR('',#2383,1.);
#1362=VECTOR('',#2386,1.);
#1363=VECTOR('',#2387,1.);
#1364=VECTOR('',#2388,1.);
#1365=VECTOR('',#2391,1.);
#1366=VECTOR('',#2392,1.);
#1367=VECTOR('',#2395,1.);
#1368=VECTOR('',#2396,1.);
#1369=VECTOR('',#2397,1.);
#1370=VECTOR('',#2400,1.);
#1371=VECTOR('',#2401,1.);
#1372=VECTOR('',#2402,1.);
#1373=VECTOR('',#2405,1.);
#1374=VECTOR('',#2406,1.);
#1375=VECTOR('',#2407,1.);
#1376=VECTOR('',#2410,1.);
#1377=VECTOR('',#2411,1.);
#1378=VECTOR('',#2412,1.);
#1379=VECTOR('',#2559,1.);
#1380=VECTOR('',#2562,1.);
#1381=VECTOR('',#2567,1.);
#1382=VECTOR('',#2574,1.);
#1383=VECTOR('',#2587,1.);
#1384=VECTOR('',#2590,1.);
#1385=VECTOR('',#2595,1.);
#1386=VECTOR('',#2602,1.);
#1387=VECTOR('',#2657,1.);
#1388=VECTOR('',#2658,1.);
#1389=VECTOR('',#2661,1.);
#1390=VECTOR('',#2664,1.);
#1391=EDGE_LOOP('',(#223,#224,#225,#226));
#1392=EDGE_LOOP('',(#227,#228,#229,#230,#231,#232));
#1393=EDGE_LOOP('',(#233,#234,#235,#236));
#1394=EDGE_LOOP('',(#237,#238,#239,#240));
#1395=EDGE_LOOP('',(#241));
#1396=EDGE_LOOP('',(#242,#243,#244,#245));
#1397=EDGE_LOOP('',(#246,#247,#248,#249,#250,#251));
#1398=EDGE_LOOP('',(#252,#253,#254,#255));
#1399=EDGE_LOOP('',(#256,#257,#258,#259));
#1400=EDGE_LOOP('',(#260,#261,#262,#263,#264,#265,#266,#267));
#1401=EDGE_LOOP('',(#268,#269,#270,#271,#272,#273,#274,#275));
#1402=EDGE_LOOP('',(#276));
#1403=EDGE_LOOP('',(#277));
#1404=EDGE_LOOP('',(#278));
#1405=EDGE_LOOP('',(#279,#280,#281,#282));
#1406=EDGE_LOOP('',(#283,#284,#285));
#1407=EDGE_LOOP('',(#286,#287,#288,#289));
#1408=EDGE_LOOP('',(#290,#291,#292,#293));
#1409=EDGE_LOOP('',(#294,#295,#296,#297));
#1410=EDGE_LOOP('',(#298,#299,#300,#301));
#1411=EDGE_LOOP('',(#302,#303,#304));
#1412=EDGE_LOOP('',(#305,#306,#307));
#1413=EDGE_LOOP('',(#308,#309,#310,#311));
#1414=EDGE_LOOP('',(#312,#313,#314,#315));
#1415=EDGE_LOOP('',(#316,#317,#318));
#1416=EDGE_LOOP('',(#319,#320,#321,#322));
#1417=EDGE_LOOP('',(#323,#324,#325,#326));
#1418=EDGE_LOOP('',(#327,#328,#329,#330));
#1419=EDGE_LOOP('',(#331,#332,#333,#334));
#1420=EDGE_LOOP('',(#335,#336,#337,#338,#339));
#1421=EDGE_LOOP('',(#340,#341,#342,#343));
#1422=EDGE_LOOP('',(#344));
#1423=EDGE_LOOP('',(#345));
#1424=EDGE_LOOP('',(#346,#347,#348,#349,#350));
#1425=EDGE_LOOP('',(#351,#352,#353,#354));
#1426=EDGE_LOOP('',(#355,#356,#357,#358,#359,#360,#361,#362));
#1427=EDGE_LOOP('',(#363));
#1428=EDGE_LOOP('',(#364,#365,#366,#367));
#1429=EDGE_LOOP('',(#368,#369,#370,#371,#372,#373,#374,#375));
#1430=EDGE_LOOP('',(#376));
#1431=EDGE_LOOP('',(#377,#378,#379,#380));
#1432=EDGE_LOOP('',(#381,#382,#383,#384,#385));
#1433=EDGE_LOOP('',(#386,#387,#388,#389));
#1434=EDGE_LOOP('',(#390,#391,#392,#393));
#1435=EDGE_LOOP('',(#394,#395,#396,#397));
#1436=EDGE_LOOP('',(#398,#399,#400,#401,#402));
#1437=EDGE_LOOP('',(#403,#404,#405,#406));
#1438=EDGE_LOOP('',(#407,#408,#409,#410));
#1439=EDGE_LOOP('',(#411,#412,#413,#414));
#1440=EDGE_LOOP('',(#415,#416,#417,#418));
#1441=EDGE_LOOP('',(#419,#420,#421,#422));
#1442=EDGE_LOOP('',(#423,#424,#425,#426));
#1443=EDGE_LOOP('',(#427,#428,#429,#430));
#1444=EDGE_LOOP('',(#431,#432,#433,#434));
#1445=EDGE_LOOP('',(#435,#436,#437,#438));
#1446=EDGE_LOOP('',(#439,#440,#441,#442));
#1447=EDGE_LOOP('',(#443,#444,#445,#446));
#1448=EDGE_LOOP('',(#447,#448,#449,#450,#451,#452,#453,#454));
#1449=EDGE_LOOP('',(#455,#456,#457,#458));
#1450=EDGE_LOOP('',(#459));
#1451=EDGE_LOOP('',(#460,#461,#462,#463,#464,#465,#466,#467,#468,#469));
#1452=EDGE_LOOP('',(#470,#471,#472,#473));
#1453=EDGE_LOOP('',(#474,#475,#476,#477));
#1454=EDGE_LOOP('',(#478,#479,#480,#481,#482,#483,#484,#485));
#1455=EDGE_LOOP('',(#486,#487,#488,#489,#490,#491,#492,#493));
#1456=EDGE_LOOP('',(#494,#495,#496,#497));
#1457=EDGE_LOOP('',(#498,#499,#500,#501));
#1458=EDGE_LOOP('',(#502,#503));
#1459=EDGE_LOOP('',(#504));
#1460=EDGE_LOOP('',(#505));
#1461=EDGE_LOOP('',(#506));
#1462=EDGE_LOOP('',(#507));
#1463=EDGE_LOOP('',(#508));
#1464=EDGE_LOOP('',(#509,#510,#511,#512));
#1465=EDGE_LOOP('',(#513,#514,#515,#516));
#1466=EDGE_LOOP('',(#517,#518,#519,#520));
#1467=EDGE_LOOP('',(#521,#522,#523,#524));
#1468=EDGE_LOOP('',(#525,#526,#527,#528));
#1469=EDGE_LOOP('',(#529,#530,#531,#532,#533,#534));
#1470=EDGE_LOOP('',(#535,#536,#537,#538));
#1471=EDGE_LOOP('',(#539,#540,#541,#542));
#1472=EDGE_LOOP('',(#543,#544,#545));
#1473=EDGE_LOOP('',(#546,#547,#548,#549));
#1474=EDGE_LOOP('',(#550,#551,#552));
#1475=EDGE_LOOP('',(#553,#554,#555,#556));
#1476=EDGE_LOOP('',(#557,#558,#559,#560));
#1477=EDGE_LOOP('',(#561,#562,#563,#564));
#1478=EDGE_LOOP('',(#565,#566,#567,#568));
#1479=EDGE_LOOP('',(#569,#570,#571));
#1480=EDGE_LOOP('',(#572,#573,#574,#575));
#1481=EDGE_LOOP('',(#576,#577,#578,#579));
#1482=EDGE_LOOP('',(#580,#581,#582));
#1483=EDGE_LOOP('',(#583,#584,#585,#586));
#1484=EDGE_LOOP('',(#587,#588,#589));
#1485=EDGE_LOOP('',(#590,#591,#592,#593));
#1486=EDGE_LOOP('',(#594,#595,#596,#597));
#1487=EDGE_LOOP('',(#598,#599,#600,#601));
#1488=EDGE_LOOP('',(#602,#603,#604,#605));
#1489=EDGE_LOOP('',(#606,#607,#608));
#1490=EDGE_LOOP('',(#609,#610,#611));
#1491=EDGE_LOOP('',(#612,#613,#614,#615));
#1492=EDGE_LOOP('',(#616,#617,#618,#619));
#1493=EDGE_LOOP('',(#620,#621,#622,#623));
#1494=EDGE_LOOP('',(#624,#625,#626));
#1495=EDGE_LOOP('',(#627,#628,#629,#630));
#1496=EDGE_LOOP('',(#631,#632,#633,#634));
#1497=EDGE_LOOP('',(#635,#636,#637,#638));
#1498=EDGE_LOOP('',(#639,#640,#641,#642));
#1499=EDGE_LOOP('',(#643,#644,#645,#646));
#1500=EDGE_LOOP('',(#647,#648,#649,#650));
#1501=EDGE_LOOP('',(#651,#652,#653,#654));
#1502=EDGE_LOOP('',(#655,#656,#657,#658));
#1503=EDGE_LOOP('',(#659,#660,#661,#662));
#1504=EDGE_LOOP('',(#663,#664,#665,#666));
#1505=EDGE_LOOP('',(#667,#668,#669,#670));
#1506=EDGE_LOOP('',(#671));
#1507=EDGE_LOOP('',(#672,#673,#674,#675));
#1508=EDGE_LOOP('',(#676));
#1509=EDGE_LOOP('',(#677));
#1510=EDGE_LOOP('',(#678));
#1511=EDGE_LOOP('',(#679,#680,#681,#682));
#1512=EDGE_LOOP('',(#683,#684,#685,#686));
#1513=EDGE_LOOP('',(#687,#688,#689,#690));
#1514=EDGE_LOOP('',(#691,#692));
#1515=EDGE_LOOP('',(#693));
#1516=EDGE_LOOP('',(#694));
#1517=EDGE_LOOP('',(#695));
#1518=EDGE_LOOP('',(#696));
#1519=EDGE_LOOP('',(#697));
#1520=EDGE_LOOP('',(#698));
#1521=EDGE_LOOP('',(#699,#700,#701,#702));
#1522=EDGE_LOOP('',(#703,#704,#705,#706));
#1523=EDGE_LOOP('',(#707,#708,#709,#710));
#1524=EDGE_LOOP('',(#711,#712,#713,#714));
#1525=EDGE_LOOP('',(#715));
#1526=EDGE_LOOP('',(#716));
#1527=EDGE_LOOP('',(#717));
#1528=EDGE_LOOP('',(#718));
#1529=FACE_BOUND('',#1391,.T.);
#1530=FACE_BOUND('',#1392,.T.);
#1531=FACE_BOUND('',#1393,.T.);
#1532=FACE_BOUND('',#1394,.T.);
#1533=FACE_BOUND('',#1395,.T.);
#1534=FACE_BOUND('',#1396,.T.);
#1535=FACE_BOUND('',#1397,.T.);
#1536=FACE_BOUND('',#1398,.T.);
#1537=FACE_BOUND('',#1399,.T.);
#1538=FACE_BOUND('',#1400,.T.);
#1539=FACE_BOUND('',#1401,.T.);
#1540=FACE_BOUND('',#1402,.T.);
#1541=FACE_BOUND('',#1403,.T.);
#1542=FACE_BOUND('',#1404,.T.);
#1543=FACE_BOUND('',#1405,.T.);
#1544=FACE_BOUND('',#1406,.T.);
#1545=FACE_BOUND('',#1407,.T.);
#1546=FACE_BOUND('',#1408,.T.);
#1547=FACE_BOUND('',#1409,.T.);
#1548=FACE_BOUND('',#1410,.T.);
#1549=FACE_BOUND('',#1411,.T.);
#1550=FACE_BOUND('',#1412,.T.);
#1551=FACE_BOUND('',#1413,.T.);
#1552=FACE_BOUND('',#1414,.T.);
#1553=FACE_BOUND('',#1415,.T.);
#1554=FACE_BOUND('',#1416,.T.);
#1555=FACE_BOUND('',#1417,.T.);
#1556=FACE_BOUND('',#1418,.T.);
#1557=FACE_BOUND('',#1419,.T.);
#1558=FACE_BOUND('',#1420,.T.);
#1559=FACE_BOUND('',#1421,.T.);
#1560=FACE_BOUND('',#1422,.T.);
#1561=FACE_BOUND('',#1423,.T.);
#1562=FACE_BOUND('',#1424,.T.);
#1563=FACE_BOUND('',#1425,.T.);
#1564=FACE_BOUND('',#1426,.T.);
#1565=FACE_BOUND('',#1427,.T.);
#1566=FACE_BOUND('',#1428,.T.);
#1567=FACE_BOUND('',#1429,.T.);
#1568=FACE_BOUND('',#1430,.T.);
#1569=FACE_BOUND('',#1431,.T.);
#1570=FACE_BOUND('',#1432,.T.);
#1571=FACE_BOUND('',#1433,.T.);
#1572=FACE_BOUND('',#1434,.T.);
#1573=FACE_BOUND('',#1435,.T.);
#1574=FACE_BOUND('',#1436,.T.);
#1575=FACE_BOUND('',#1437,.T.);
#1576=FACE_BOUND('',#1438,.T.);
#1577=FACE_BOUND('',#1439,.T.);
#1578=FACE_BOUND('',#1440,.T.);
#1579=FACE_BOUND('',#1441,.T.);
#1580=FACE_BOUND('',#1442,.T.);
#1581=FACE_BOUND('',#1443,.T.);
#1582=FACE_BOUND('',#1444,.T.);
#1583=FACE_BOUND('',#1445,.T.);
#1584=FACE_BOUND('',#1446,.T.);
#1585=FACE_BOUND('',#1447,.T.);
#1586=FACE_BOUND('',#1448,.T.);
#1587=FACE_BOUND('',#1449,.T.);
#1588=FACE_BOUND('',#1450,.T.);
#1589=FACE_BOUND('',#1451,.T.);
#1590=FACE_BOUND('',#1452,.T.);
#1591=FACE_BOUND('',#1453,.T.);
#1592=FACE_BOUND('',#1454,.T.);
#1593=FACE_BOUND('',#1455,.T.);
#1594=FACE_BOUND('',#1456,.T.);
#1595=FACE_BOUND('',#1457,.T.);
#1596=FACE_BOUND('',#1458,.T.);
#1597=FACE_BOUND('',#1459,.T.);
#1598=FACE_BOUND('',#1460,.T.);
#1599=FACE_BOUND('',#1461,.T.);
#1600=FACE_BOUND('',#1462,.T.);
#1601=FACE_BOUND('',#1463,.T.);
#1602=FACE_BOUND('',#1464,.T.);
#1603=FACE_BOUND('',#1465,.T.);
#1604=FACE_BOUND('',#1466,.T.);
#1605=FACE_BOUND('',#1467,.T.);
#1606=FACE_BOUND('',#1468,.T.);
#1607=FACE_BOUND('',#1469,.T.);
#1608=FACE_BOUND('',#1470,.T.);
#1609=FACE_BOUND('',#1471,.T.);
#1610=FACE_BOUND('',#1472,.T.);
#1611=FACE_BOUND('',#1473,.T.);
#1612=FACE_BOUND('',#1474,.T.);
#1613=FACE_BOUND('',#1475,.T.);
#1614=FACE_BOUND('',#1476,.T.);
#1615=FACE_BOUND('',#1477,.T.);
#1616=FACE_BOUND('',#1478,.T.);
#1617=FACE_BOUND('',#1479,.T.);
#1618=FACE_BOUND('',#1480,.T.);
#1619=FACE_BOUND('',#1481,.T.);
#1620=FACE_BOUND('',#1482,.T.);
#1621=FACE_BOUND('',#1483,.T.);
#1622=FACE_BOUND('',#1484,.T.);
#1623=FACE_BOUND('',#1485,.T.);
#1624=FACE_BOUND('',#1486,.T.);
#1625=FACE_BOUND('',#1487,.T.);
#1626=FACE_BOUND('',#1488,.T.);
#1627=FACE_BOUND('',#1489,.T.);
#1628=FACE_BOUND('',#1490,.T.);
#1629=FACE_BOUND('',#1491,.T.);
#1630=FACE_BOUND('',#1492,.T.);
#1631=FACE_BOUND('',#1493,.T.);
#1632=FACE_BOUND('',#1494,.T.);
#1633=FACE_BOUND('',#1495,.T.);
#1634=FACE_BOUND('',#1496,.T.);
#1635=FACE_BOUND('',#1497,.T.);
#1636=FACE_BOUND('',#1498,.T.);
#1637=FACE_BOUND('',#1499,.T.);
#1638=FACE_BOUND('',#1500,.T.);
#1639=FACE_BOUND('',#1501,.T.);
#1640=FACE_BOUND('',#1502,.T.);
#1641=FACE_BOUND('',#1503,.T.);
#1642=FACE_BOUND('',#1504,.T.);
#1643=FACE_BOUND('',#1505,.T.);
#1644=FACE_BOUND('',#1506,.T.);
#1645=FACE_BOUND('',#1507,.T.);
#1646=FACE_BOUND('',#1508,.T.);
#1647=FACE_BOUND('',#1509,.T.);
#1648=FACE_BOUND('',#1510,.T.);
#1649=FACE_BOUND('',#1511,.T.);
#1650=FACE_BOUND('',#1512,.T.);
#1651=FACE_BOUND('',#1513,.T.);
#1652=FACE_BOUND('',#1514,.T.);
#1653=FACE_BOUND('',#1515,.T.);
#1654=FACE_BOUND('',#1516,.T.);
#1655=FACE_BOUND('',#1517,.T.);
#1656=FACE_BOUND('',#1518,.T.);
#1657=FACE_BOUND('',#1519,.T.);
#1658=FACE_BOUND('',#1520,.T.);
#1659=FACE_BOUND('',#1521,.T.);
#1660=FACE_BOUND('',#1522,.T.);
#1661=FACE_BOUND('',#1523,.T.);
#1662=FACE_BOUND('',#1524,.T.);
#1663=FACE_BOUND('',#1525,.T.);
#1664=FACE_BOUND('',#1526,.T.);
#1665=FACE_BOUND('',#1527,.T.);
#1666=FACE_BOUND('',#1528,.T.);
#1667=PLANE('',#1870);
#1668=PLANE('',#1871);
#1669=PLANE('',#1874);
#1670=PLANE('',#1875);
#1671=PLANE('',#1877);
#1672=PLANE('',#1878);
#1673=PLANE('',#1881);
#1674=PLANE('',#1882);
#1675=PLANE('',#1883);
#1676=PLANE('',#1884);
#1677=PLANE('',#1887);
#1678=PLANE('',#1913);
#1679=PLANE('',#1917);
#1680=PLANE('',#1918);
#1681=PLANE('',#1925);
#1682=PLANE('',#1929);
#1683=PLANE('',#1933);
#1684=PLANE('',#1947);
#1685=PLANE('',#1948);
#1686=PLANE('',#1949);
#1687=PLANE('',#1950);
#1688=PLANE('',#1951);
#1689=PLANE('',#1952);
#1690=PLANE('',#1953);
#1691=PLANE('',#1954);
#1692=PLANE('',#1955);
#1693=PLANE('',#1956);
#1694=PLANE('',#1957);
#1695=PLANE('',#1958);
#1696=PLANE('',#1959);
#1697=PLANE('',#1962);
#1698=PLANE('',#1963);
#1699=PLANE('',#1964);
#1700=PLANE('',#1965);
#1701=PLANE('',#1966);
#1702=PLANE('',#1967);
#1703=PLANE('',#1972);
#1704=PLANE('',#1973);
#1705=PLANE('',#2063);
#1706=PLANE('',#2072);
#1707=PLANE('',#2082);
#1708=ADVANCED_FACE('',(#1529),#1667,.F.);
#1709=ADVANCED_FACE('',(#1530),#1668,.T.);
#1710=ADVANCED_FACE('',(#1531),#1669,.F.);
#1711=ADVANCED_FACE('',(#1532,#1533),#1670,.T.);
#1712=ADVANCED_FACE('',(#1534),#1671,.T.);
#1713=ADVANCED_FACE('',(#1535),#1672,.T.);
#1714=ADVANCED_FACE('',(#1536),#1673,.T.);
#1715=ADVANCED_FACE('',(#1537),#1674,.T.);
#1716=ADVANCED_FACE('',(#1538),#1675,.T.);
#1717=ADVANCED_FACE('',(#1539),#1676,.F.);
#1718=ADVANCED_FACE('',(#1540,#1541),#79,.T.);
#1719=ADVANCED_FACE('',(#1542),#1677,.T.);
#1720=ADVANCED_FACE('',(#1543),#80,.T.);
#1721=ADVANCED_FACE('',(#1544),#71,.T.);
#1722=ADVANCED_FACE('',(#1545),#81,.T.);
#1723=ADVANCED_FACE('',(#1546),#82,.T.);
#1724=ADVANCED_FACE('',(#1547),#83,.T.);
#1725=ADVANCED_FACE('',(#1548),#84,.T.);
#1726=ADVANCED_FACE('',(#1549),#72,.T.);
#1727=ADVANCED_FACE('',(#1550),#73,.T.);
#1728=ADVANCED_FACE('',(#1551),#85,.T.);
#1729=ADVANCED_FACE('',(#1552),#86,.T.);
#1730=ADVANCED_FACE('',(#1553),#74,.T.);
#1731=ADVANCED_FACE('',(#1554),#87,.T.);
#1732=ADVANCED_FACE('',(#1555),#1678,.T.);
#1733=ADVANCED_FACE('',(#1556),#88,.F.);
#1734=ADVANCED_FACE('',(#1557),#1679,.F.);
#1735=ADVANCED_FACE('',(#1558),#1680,.F.);
#1736=ADVANCED_FACE('',(#1559),#89,.F.);
#1737=ADVANCED_FACE('',(#1560,#1561),#90,.F.);
#1738=ADVANCED_FACE('',(#1562),#1681,.T.);
#1739=ADVANCED_FACE('',(#1563),#91,.F.);
#1740=ADVANCED_FACE('',(#1564,#1565,#1566),#1682,.F.);
#1741=ADVANCED_FACE('',(#1567,#1568,#1569),#1683,.T.);
#1742=ADVANCED_FACE('',(#1570),#34,.T.);
#1743=ADVANCED_FACE('',(#1571),#92,.T.);
#1744=ADVANCED_FACE('',(#1572),#35,.T.);
#1745=ADVANCED_FACE('',(#1573),#93,.T.);
#1746=ADVANCED_FACE('',(#1574),#36,.T.);
#1747=ADVANCED_FACE('',(#1575,#1576),#1684,.F.);
#1748=ADVANCED_FACE('',(#1577),#1685,.T.);
#1749=ADVANCED_FACE('',(#1578),#1686,.T.);
#1750=ADVANCED_FACE('',(#1579),#1687,.F.);
#1751=ADVANCED_FACE('',(#1580),#1688,.T.);
#1752=ADVANCED_FACE('',(#1581),#1689,.F.);
#1753=ADVANCED_FACE('',(#1582),#1690,.F.);
#1754=ADVANCED_FACE('',(#1583),#1691,.F.);
#1755=ADVANCED_FACE('',(#1584),#1692,.F.);
#1756=ADVANCED_FACE('',(#1585),#1693,.F.);
#1757=ADVANCED_FACE('',(#1586),#1694,.T.);
#1758=ADVANCED_FACE('',(#1587),#1695,.F.);
#1759=ADVANCED_FACE('',(#1588,#1589),#1696,.F.);
#1760=ADVANCED_FACE('',(#1590),#1697,.T.);
#1761=ADVANCED_FACE('',(#1591),#1698,.T.);
#1762=ADVANCED_FACE('',(#1592),#1699,.T.);
#1763=ADVANCED_FACE('',(#1593),#1700,.F.);
#1764=ADVANCED_FACE('',(#1594),#1701,.T.);
#1765=ADVANCED_FACE('',(#1595),#1702,.F.);
#1766=ADVANCED_FACE('',(#1596,#1597),#94,.T.);
#1767=ADVANCED_FACE('',(#1598,#1599),#95,.T.);
#1768=ADVANCED_FACE('',(#1600),#1703,.T.);
#1769=ADVANCED_FACE('',(#1601),#1704,.T.);
#1770=ADVANCED_FACE('',(#1602),#96,.T.);
#1771=ADVANCED_FACE('',(#1603),#97,.T.);
#1772=ADVANCED_FACE('',(#1604),#98,.T.);
#1773=ADVANCED_FACE('',(#1605),#99,.T.);
#1774=ADVANCED_FACE('',(#1606),#100,.F.);
#1775=ADVANCED_FACE('',(#1607),#101,.F.);
#1776=ADVANCED_FACE('',(#1608),#102,.F.);
#1777=ADVANCED_FACE('',(#1609),#103,.F.);
#1778=ADVANCED_FACE('',(#1610),#10,.T.);
#1779=ADVANCED_FACE('',(#1611),#104,.T.);
#1780=ADVANCED_FACE('',(#1612),#11,.T.);
#1781=ADVANCED_FACE('',(#1613),#105,.T.);
#1782=ADVANCED_FACE('',(#1614),#106,.T.);
#1783=ADVANCED_FACE('',(#1615),#107,.T.);
#1784=ADVANCED_FACE('',(#1616),#108,.T.);
#1785=ADVANCED_FACE('',(#1617),#75,.T.);
#1786=ADVANCED_FACE('',(#1618),#109,.T.);
#1787=ADVANCED_FACE('',(#1619),#110,.T.);
#1788=ADVANCED_FACE('',(#1620),#12,.T.);
#1789=ADVANCED_FACE('',(#1621),#111,.T.);
#1790=ADVANCED_FACE('',(#1622),#76,.T.);
#1791=ADVANCED_FACE('',(#1623),#112,.T.);
#1792=ADVANCED_FACE('',(#1624),#113,.T.);
#1793=ADVANCED_FACE('',(#1625),#114,.T.);
#1794=ADVANCED_FACE('',(#1626),#115,.T.);
#1795=ADVANCED_FACE('',(#1627),#77,.T.);
#1796=ADVANCED_FACE('',(#1628),#13,.T.);
#1797=ADVANCED_FACE('',(#1629),#116,.T.);
#1798=ADVANCED_FACE('',(#1630),#117,.T.);
#1799=ADVANCED_FACE('',(#1631),#118,.T.);
#1800=ADVANCED_FACE('',(#1632),#78,.T.);
#1801=ADVANCED_FACE('',(#1633),#119,.T.);
#1802=ADVANCED_FACE('',(#1634),#120,.F.);
#1803=ADVANCED_FACE('',(#1635),#121,.F.);
#1804=ADVANCED_FACE('',(#1636),#122,.T.);
#1805=ADVANCED_FACE('',(#1637),#123,.F.);
#1806=ADVANCED_FACE('',(#1638),#124,.F.);
#1807=ADVANCED_FACE('',(#1639),#125,.F.);
#1808=ADVANCED_FACE('',(#1640),#126,.T.);
#1809=ADVANCED_FACE('',(#1641),#127,.F.);
#1810=ADVANCED_FACE('',(#1642,#1643,#1644,#1645,#1646),#1705,.T.);
#1811=ADVANCED_FACE('',(#1647,#1648),#128,.F.);
#1812=ADVANCED_FACE('',(#1649,#1650,#1651,#1652,#1653),#1706,.F.);
#1813=ADVANCED_FACE('',(#1654,#1655),#129,.T.);
#1814=ADVANCED_FACE('',(#1656),#1707,.T.);
#1815=ADVANCED_FACE('',(#1657,#1658),#130,.T.);
#1816=ADVANCED_FACE('',(#1659),#131,.F.);
#1817=ADVANCED_FACE('',(#1660),#132,.F.);
#1818=ADVANCED_FACE('',(#1661),#133,.T.);
#1819=ADVANCED_FACE('',(#1662),#134,.F.);
#1820=ADVANCED_FACE('',(#1663,#1664),#37,.T.);
#1821=ADVANCED_FACE('',(#1665,#1666),#38,.T.);
#1822=CLOSED_SHELL('',(#1708,#1709,#1710,#1711,#1712,#1713,#1714,#1715,
#1716,#1717,#1718,#1719,#1720,#1721,#1722,#1723,#1724,#1725,#1726,#1727,
#1728,#1729,#1730,#1731));
#1823=CLOSED_SHELL('',(#1732,#1733,#1734,#1735,#1736,#1737,#1738,#1739,
#1740,#1741,#1742,#1743,#1744,#1745,#1746));
#1824=CLOSED_SHELL('',(#1747,#1748,#1749,#1750,#1751,#1752,#1753,#1754,
#1755,#1756,#1757,#1758,#1759,#1760,#1761,#1762,#1763,#1764,#1765,#1766,
#1767,#1768,#1769,#1770,#1771,#1772,#1773,#1774,#1775,#1776,#1777,#1778,
#1779,#1780,#1781,#1782,#1783,#1784,#1785,#1786,#1787,#1788,#1789,#1790,
#1791,#1792,#1793,#1794,#1795,#1796,#1797,#1798,#1799,#1800,#1801));
#1825=CLOSED_SHELL('',(#1802,#1803,#1804,#1805,#1806,#1807,#1808,#1809,
#1810,#1811,#1812,#1813,#1814,#1815,#1816,#1817,#1818,#1819,#1820,#1821));
#1826=STYLED_ITEM('',(#1830),#1855);
#1827=STYLED_ITEM('',(#1831),#1856);
#1828=STYLED_ITEM('',(#1832),#1857);
#1829=STYLED_ITEM('',(#1833),#1858);
#1830=PRESENTATION_STYLE_ASSIGNMENT((#1834));
#1831=PRESENTATION_STYLE_ASSIGNMENT((#1835));
#1832=PRESENTATION_STYLE_ASSIGNMENT((#1836));
#1833=PRESENTATION_STYLE_ASSIGNMENT((#1837));
#1834=SURFACE_STYLE_USAGE(.BOTH.,#1838);
#1835=SURFACE_STYLE_USAGE(.BOTH.,#1839);
#1836=SURFACE_STYLE_USAGE(.BOTH.,#1840);
#1837=SURFACE_STYLE_USAGE(.BOTH.,#1841);
#1838=SURFACE_SIDE_STYLE('',(#1842));
#1839=SURFACE_SIDE_STYLE('',(#1843));
#1840=SURFACE_SIDE_STYLE('',(#1844));
#1841=SURFACE_SIDE_STYLE('',(#1845));
#1842=SURFACE_STYLE_FILL_AREA(#1846);
#1843=SURFACE_STYLE_FILL_AREA(#1847);
#1844=SURFACE_STYLE_FILL_AREA(#1848);
#1845=SURFACE_STYLE_FILL_AREA(#1849);
#1846=FILL_AREA_STYLE('',(#1850));
#1847=FILL_AREA_STYLE('',(#1851));
#1848=FILL_AREA_STYLE('',(#1852));
#1849=FILL_AREA_STYLE('',(#1853));
#1850=FILL_AREA_STYLE_COLOUR('',#1854);
#1851=FILL_AREA_STYLE_COLOUR('',#44);
#1852=FILL_AREA_STYLE_COLOUR('',#45);
#1853=FILL_AREA_STYLE_COLOUR('',#46);
#1854=DRAUGHTING_PRE_DEFINED_COLOUR('red');
#1855=MANIFOLD_SOLID_BREP('Sliding Part',#1822);
#1856=MANIFOLD_SOLID_BREP('Crank',#1823);
#1857=MANIFOLD_SOLID_BREP('Base',#1824);
#1858=MANIFOLD_SOLID_BREP('Rolling Disc',#1825);
#1859=SHAPE_DEFINITION_REPRESENTATION(#3310,#1864);
#1860=SHAPE_DEFINITION_REPRESENTATION(#3311,#1865);
#1861=SHAPE_DEFINITION_REPRESENTATION(#3313,#1866);
#1862=SHAPE_DEFINITION_REPRESENTATION(#3315,#1867);
#1863=SHAPE_DEFINITION_REPRESENTATION(#3317,#1868);
#1864=SHAPE_REPRESENTATION('Assembly 1',(#1869,#1912,#1946,#2038,#2091),
#3297);
#1865=SHAPE_REPRESENTATION('Sliding Part',(#1869),#3298);
#1866=SHAPE_REPRESENTATION('Crank',(#1869),#3299);
#1867=SHAPE_REPRESENTATION('Base',(#1869),#3300);
#1868=SHAPE_REPRESENTATION('Rolling Disc',(#1869),#3301);
#1869=AXIS2_PLACEMENT_3D('',#2673,#2092,#2093);
#1870=AXIS2_PLACEMENT_3D('',#2674,#2094,#2095);
#1871=AXIS2_PLACEMENT_3D('',#2683,#2100,#2101);
#1872=AXIS2_PLACEMENT_3D('',#2686,#2103,#2104);
#1873=AXIS2_PLACEMENT_3D('',#2690,#2106,#2107);
#1874=AXIS2_PLACEMENT_3D('',#2693,#2109,#2110);
#1875=AXIS2_PLACEMENT_3D('',#2699,#2114,#2115);
#1876=AXIS2_PLACEMENT_3D('',#2708,#2120,#2121);
#1877=AXIS2_PLACEMENT_3D('',#2710,#2122,#2123);
#1878=AXIS2_PLACEMENT_3D('',#2719,#2128,#2129);
#1879=AXIS2_PLACEMENT_3D('',#2720,#2130,#2131);
#1880=AXIS2_PLACEMENT_3D('',#2728,#2135,#2136);
#1881=AXIS2_PLACEMENT_3D('',#2729,#2137,#2138);
#1882=AXIS2_PLACEMENT_3D('',#2735,#2142,#2143);
#1883=AXIS2_PLACEMENT_3D('',#2738,#2146,#2147);
#1884=AXIS2_PLACEMENT_3D('',#2744,#2151,#2152);
#1885=AXIS2_PLACEMENT_3D('',#2750,#2156,#2157);
#1886=AXIS2_PLACEMENT_3D('',#2751,#2158,#2159);
#1887=AXIS2_PLACEMENT_3D('',#2753,#2160,#2161);
#1888=AXIS2_PLACEMENT_3D('',#2754,#2162,#2163);
#1889=AXIS2_PLACEMENT_3D('',#2755,#2164,#2165);
#1890=AXIS2_PLACEMENT_3D('',#2756,#2166,#2167);
#1891=AXIS2_PLACEMENT_3D('',#2757,#2168,#2169);
#1892=AXIS2_PLACEMENT_3D('',#2758,#2170,#2171);
#1893=AXIS2_PLACEMENT_3D('',#2759,#2172,#2173);
#1894=AXIS2_PLACEMENT_3D('',#2760,#2174,#2175);
#1895=AXIS2_PLACEMENT_3D('',#2761,#2176,#2177);
#1896=AXIS2_PLACEMENT_3D('',#2762,#2178,#2179);
#1897=AXIS2_PLACEMENT_3D('',#2763,#2180,#2181);
#1898=AXIS2_PLACEMENT_3D('',#2764,#2182,#2183);
#1899=AXIS2_PLACEMENT_3D('',#2765,#2184,#2185);
#1900=AXIS2_PLACEMENT_3D('',#2766,#2186,#2187);
#1901=AXIS2_PLACEMENT_3D('',#2767,#2188,#2189);
#1902=AXIS2_PLACEMENT_3D('',#2768,#2190,#2191);
#1903=AXIS2_PLACEMENT_3D('',#2769,#2192,#2193);
#1904=AXIS2_PLACEMENT_3D('',#2770,#2194,#2195);
#1905=AXIS2_PLACEMENT_3D('',#2771,#2196,#2197);
#1906=AXIS2_PLACEMENT_3D('',#2772,#2198,#2199);
#1907=AXIS2_PLACEMENT_3D('',#2773,#2200,#2201);
#1908=AXIS2_PLACEMENT_3D('',#2774,#2202,#2203);
#1909=AXIS2_PLACEMENT_3D('',#2775,#2204,#2205);
#1910=AXIS2_PLACEMENT_3D('',#2776,#2206,#2207);
#1911=AXIS2_PLACEMENT_3D('',#2777,#2208,#2209);
#1912=AXIS2_PLACEMENT_3D('',#2778,#2210,#2211);
#1913=AXIS2_PLACEMENT_3D('',#2779,#2212,#2213);
#1914=AXIS2_PLACEMENT_3D('',#2788,#2218,#2219);
#1915=AXIS2_PLACEMENT_3D('',#2789,#2220,#2221);
#1916=AXIS2_PLACEMENT_3D('',#2791,#2222,#2223);
#1917=AXIS2_PLACEMENT_3D('',#2794,#2225,#2226);
#1918=AXIS2_PLACEMENT_3D('',#2800,#2230,#2231);
#1919=AXIS2_PLACEMENT_3D('',#2819,#2235,#2236);
#1920=AXIS2_PLACEMENT_3D('',#2820,#2237,#2238);
#1921=AXIS2_PLACEMENT_3D('',#2822,#2239,#2240);
#1922=AXIS2_PLACEMENT_3D('',#2825,#2242,#2243);
#1923=AXIS2_PLACEMENT_3D('',#2826,#2244,#2245);
#1924=AXIS2_PLACEMENT_3D('',#2828,#2246,#2247);
#1925=AXIS2_PLACEMENT_3D('',#2830,#2248,#2249);
#1926=AXIS2_PLACEMENT_3D('',#2846,#2252,#2253);
#1927=AXIS2_PLACEMENT_3D('',#2847,#2254,#2255);
#1928=AXIS2_PLACEMENT_3D('',#2848,#2256,#2257);
#1929=AXIS2_PLACEMENT_3D('',#2849,#2258,#2259);
#1930=AXIS2_PLACEMENT_3D('',#2850,#2260,#2261);
#1931=AXIS2_PLACEMENT_3D('',#2854,#2263,#2264);
#1932=AXIS2_PLACEMENT_3D('',#2858,#2266,#2267);
#1933=AXIS2_PLACEMENT_3D('',#2859,#2268,#2269);
#1934=AXIS2_PLACEMENT_3D('',#2863,#2271,#2272);
#1935=AXIS2_PLACEMENT_3D('',#2864,#2273,#2274);
#1936=AXIS2_PLACEMENT_3D('',#2868,#2276,#2277);
#1937=AXIS2_PLACEMENT_3D('',#2869,#2278,#2279);
#1938=AXIS2_PLACEMENT_3D('',#2870,#2280,#2281);
#1939=AXIS2_PLACEMENT_3D('',#2871,#2282,#2283);
#1940=AXIS2_PLACEMENT_3D('',#2872,#2284,#2285);
#1941=AXIS2_PLACEMENT_3D('',#2873,#2286,#2287);
#1942=AXIS2_PLACEMENT_3D('',#2874,#2288,#2289);
#1943=AXIS2_PLACEMENT_3D('',#2875,#2290,#2291);
#1944=AXIS2_PLACEMENT_3D('',#2876,#2292,#2293);
#1945=AXIS2_PLACEMENT_3D('',#2877,#2294,#2295);
#1946=AXIS2_PLACEMENT_3D('',#2878,#2296,#2297);
#1947=AXIS2_PLACEMENT_3D('',#2879,#2298,#2299);
#1948=AXIS2_PLACEMENT_3D('',#2896,#2308,#2309);
#1949=AXIS2_PLACEMENT_3D('',#2905,#2314,#2315);
#1950=AXIS2_PLACEMENT_3D('',#2911,#2319,#2320);
#1951=AXIS2_PLACEMENT_3D('',#2917,#2324,#2325);
#1952=AXIS2_PLACEMENT_3D('',#2919,#2327,#2328);
#1953=AXIS2_PLACEMENT_3D('',#2921,#2330,#2331);
#1954=AXIS2_PLACEMENT_3D('',#2930,#2336,#2337);
#1955=AXIS2_PLACEMENT_3D('',#2939,#2342,#2343);
#1956=AXIS2_PLACEMENT_3D('',#2945,#2347,#2348);
#1957=AXIS2_PLACEMENT_3D('',#2954,#2353,#2354);
#1958=AXIS2_PLACEMENT_3D('',#2971,#2363,#2364);
#1959=AXIS2_PLACEMENT_3D('',#2980,#2369,#2370);
#1960=AXIS2_PLACEMENT_3D('',#2981,#2371,#2372);
#1961=AXIS2_PLACEMENT_3D('',#2992,#2377,#2378);
#1962=AXIS2_PLACEMENT_3D('',#3003,#2384,#2385);
#1963=AXIS2_PLACEMENT_3D('',#3009,#2389,#2390);
#1964=AXIS2_PLACEMENT_3D('',#3012,#2393,#2394);
#1965=AXIS2_PLACEMENT_3D('',#3018,#2398,#2399);
#1966=AXIS2_PLACEMENT_3D('',#3024,#2403,#2404);
#1967=AXIS2_PLACEMENT_3D('',#3030,#2408,#2409);
#1968=AXIS2_PLACEMENT_3D('',#3036,#2413,#2414);
#1969=AXIS2_PLACEMENT_3D('',#3044,#2415,#2416);
#1970=AXIS2_PLACEMENT_3D('',#3046,#2417,#2418);
#1971=AXIS2_PLACEMENT_3D('',#3047,#2419,#2420);
#1972=AXIS2_PLACEMENT_3D('',#3049,#2421,#2422);
#1973=AXIS2_PLACEMENT_3D('',#3050,#2423,#2424);
#1974=AXIS2_PLACEMENT_3D('',#3051,#2425,#2426);
#1975=AXIS2_PLACEMENT_3D('',#3052,#2427,#2428);
#1976=AXIS2_PLACEMENT_3D('',#3053,#2429,#2430);
#1977=AXIS2_PLACEMENT_3D('',#3054,#2431,#2432);
#1978=AXIS2_PLACEMENT_3D('',#3055,#2433,#2434);
#1979=AXIS2_PLACEMENT_3D('',#3056,#2435,#2436);
#1980=AXIS2_PLACEMENT_3D('',#3057,#2437,#2438);
#1981=AXIS2_PLACEMENT_3D('',#3058,#2439,#2440);
#1982=AXIS2_PLACEMENT_3D('',#3059,#2441,#2442);
#1983=AXIS2_PLACEMENT_3D('',#3060,#2443,#2444);
#1984=AXIS2_PLACEMENT_3D('',#3061,#2445,#2446);
#1985=AXIS2_PLACEMENT_3D('',#3062,#2447,#2448);
#1986=AXIS2_PLACEMENT_3D('',#3063,#2449,#2450);
#1987=AXIS2_PLACEMENT_3D('',#3064,#2451,#2452);
#1988=AXIS2_PLACEMENT_3D('',#3065,#2453,#2454);
#1989=AXIS2_PLACEMENT_3D('',#3066,#2455,#2456);
#1990=AXIS2_PLACEMENT_3D('',#3067,#2457,#2458);
#1991=AXIS2_PLACEMENT_3D('',#3068,#2459,#2460);
#1992=AXIS2_PLACEMENT_3D('',#3069,#2461,#2462);
#1993=AXIS2_PLACEMENT_3D('',#3070,#2463,#2464);
#1994=AXIS2_PLACEMENT_3D('',#3092,#2465,#2466);
#1995=AXIS2_PLACEMENT_3D('',#3093,#2467,#2468);
#1996=AXIS2_PLACEMENT_3D('',#3094,#2469,#2470);
#1997=AXIS2_PLACEMENT_3D('',#3116,#2471,#2472);
#1998=AXIS2_PLACEMENT_3D('',#3117,#2473,#2474);
#1999=AXIS2_PLACEMENT_3D('',#3118,#2475,#2476);
#2000=AXIS2_PLACEMENT_3D('',#3119,#2477,#2478);
#2001=AXIS2_PLACEMENT_3D('',#3120,#2479,#2480);
#2002=AXIS2_PLACEMENT_3D('',#3121,#2481,#2482);
#2003=AXIS2_PLACEMENT_3D('',#3122,#2483,#2484);
#2004=AXIS2_PLACEMENT_3D('',#3123,#2485,#2486);
#2005=AXIS2_PLACEMENT_3D('',#3124,#2487,#2488);
#2006=AXIS2_PLACEMENT_3D('',#3125,#2489,#2490);
#2007=AXIS2_PLACEMENT_3D('',#3126,#2491,#2492);
#2008=AXIS2_PLACEMENT_3D('',#3127,#2493,#2494);
#2009=AXIS2_PLACEMENT_3D('',#3128,#2495,#2496);
#2010=AXIS2_PLACEMENT_3D('',#3129,#2497,#2498);
#2011=AXIS2_PLACEMENT_3D('',#3130,#2499,#2500);
#2012=AXIS2_PLACEMENT_3D('',#3131,#2501,#2502);
#2013=AXIS2_PLACEMENT_3D('',#3153,#2503,#2504);
#2014=AXIS2_PLACEMENT_3D('',#3154,#2505,#2506);
#2015=AXIS2_PLACEMENT_3D('',#3155,#2507,#2508);
#2016=AXIS2_PLACEMENT_3D('',#3156,#2509,#2510);
#2017=AXIS2_PLACEMENT_3D('',#3157,#2511,#2512);
#2018=AXIS2_PLACEMENT_3D('',#3158,#2513,#2514);
#2019=AXIS2_PLACEMENT_3D('',#3159,#2515,#2516);
#2020=AXIS2_PLACEMENT_3D('',#3160,#2517,#2518);
#2021=AXIS2_PLACEMENT_3D('',#3161,#2519,#2520);
#2022=AXIS2_PLACEMENT_3D('',#3162,#2521,#2522);
#2023=AXIS2_PLACEMENT_3D('',#3163,#2523,#2524);
#2024=AXIS2_PLACEMENT_3D('',#3164,#2525,#2526);
#2025=AXIS2_PLACEMENT_3D('',#3165,#2527,#2528);
#2026=AXIS2_PLACEMENT_3D('',#3166,#2529,#2530);
#2027=AXIS2_PLACEMENT_3D('',#3167,#2531,#2532);
#2028=AXIS2_PLACEMENT_3D('',#3189,#2533,#2534);
#2029=AXIS2_PLACEMENT_3D('',#3190,#2535,#2536);
#2030=AXIS2_PLACEMENT_3D('',#3191,#2537,#2538);
#2031=AXIS2_PLACEMENT_3D('',#3192,#2539,#2540);
#2032=AXIS2_PLACEMENT_3D('',#3193,#2541,#2542);
#2033=AXIS2_PLACEMENT_3D('',#3194,#2543,#2544);
#2034=AXIS2_PLACEMENT_3D('',#3195,#2545,#2546);
#2035=AXIS2_PLACEMENT_3D('',#3196,#2547,#2548);
#2036=AXIS2_PLACEMENT_3D('',#3197,#2549,#2550);
#2037=AXIS2_PLACEMENT_3D('',#3198,#2551,#2552);
#2038=AXIS2_PLACEMENT_3D('',#3199,#2553,#2554);
#2039=AXIS2_PLACEMENT_3D('',#3200,#2555,#2556);
#2040=AXIS2_PLACEMENT_3D('',#3201,#2557,#2558);
#2041=AXIS2_PLACEMENT_3D('',#3206,#2560,#2561);
#2042=AXIS2_PLACEMENT_3D('',#3209,#2563,#2564);
#2043=AXIS2_PLACEMENT_3D('',#3210,#2565,#2566);
#2044=AXIS2_PLACEMENT_3D('',#3214,#2568,#2569);
#2045=AXIS2_PLACEMENT_3D('',#3215,#2570,#2571);
#2046=AXIS2_PLACEMENT_3D('',#3216,#2572,#2573);
#2047=AXIS2_PLACEMENT_3D('',#3220,#2575,#2576);
#2048=AXIS2_PLACEMENT_3D('',#3221,#2577,#2578);
#2049=AXIS2_PLACEMENT_3D('',#3222,#2579,#2580);
#2050=AXIS2_PLACEMENT_3D('',#3223,#2581,#2582);
#2051=AXIS2_PLACEMENT_3D('',#3224,#2583,#2584);
#2052=AXIS2_PLACEMENT_3D('',#3225,#2585,#2586);
#2053=AXIS2_PLACEMENT_3D('',#3230,#2588,#2589);
#2054=AXIS2_PLACEMENT_3D('',#3233,#2591,#2592);
#2055=AXIS2_PLACEMENT_3D('',#3234,#2593,#2594);
#2056=AXIS2_PLACEMENT_3D('',#3238,#2596,#2597);
#2057=AXIS2_PLACEMENT_3D('',#3239,#2598,#2599);
#2058=AXIS2_PLACEMENT_3D('',#3240,#2600,#2601);
#2059=AXIS2_PLACEMENT_3D('',#3244,#2603,#2604);
#2060=AXIS2_PLACEMENT_3D('',#3245,#2605,#2606);
#2061=AXIS2_PLACEMENT_3D('',#3246,#2607,#2608);
#2062=AXIS2_PLACEMENT_3D('',#3247,#2609,#2610);
#2063=AXIS2_PLACEMENT_3D('',#3248,#2611,#2612);
#2064=AXIS2_PLACEMENT_3D('',#3249,#2613,#2614);
#2065=AXIS2_PLACEMENT_3D('',#3251,#2615,#2616);
#2066=AXIS2_PLACEMENT_3D('',#3254,#2617,#2618);
#2067=AXIS2_PLACEMENT_3D('',#3256,#2619,#2620);
#2068=AXIS2_PLACEMENT_3D('',#3258,#2621,#2622);
#2069=AXIS2_PLACEMENT_3D('',#3259,#2623,#2624);
#2070=AXIS2_PLACEMENT_3D('',#3261,#2625,#2626);
#2071=AXIS2_PLACEMENT_3D('',#3262,#2627,#2628);
#2072=AXIS2_PLACEMENT_3D('',#3264,#2629,#2630);
#2073=AXIS2_PLACEMENT_3D('',#3265,#2631,#2632);
#2074=AXIS2_PLACEMENT_3D('',#3268,#2633,#2634);
#2075=AXIS2_PLACEMENT_3D('',#3270,#2635,#2636);
#2076=AXIS2_PLACEMENT_3D('',#3272,#2637,#2638);
#2077=AXIS2_PLACEMENT_3D('',#3273,#2639,#2640);
#2078=AXIS2_PLACEMENT_3D('',#3275,#2641,#2642);
#2079=AXIS2_PLACEMENT_3D('',#3276,#2643,#2644);
#2080=AXIS2_PLACEMENT_3D('',#3277,#2645,#2646);
#2081=AXIS2_PLACEMENT_3D('',#3279,#2647,#2648);
#2082=AXIS2_PLACEMENT_3D('',#3281,#2649,#2650);
#2083=AXIS2_PLACEMENT_3D('',#3282,#2651,#2652);
#2084=AXIS2_PLACEMENT_3D('',#3284,#2653,#2654);
#2085=AXIS2_PLACEMENT_3D('',#3285,#2655,#2656);
#2086=AXIS2_PLACEMENT_3D('',#3288,#2659,#2660);
#2087=AXIS2_PLACEMENT_3D('',#3290,#2662,#2663);
#2088=AXIS2_PLACEMENT_3D('',#3292,#2665,#2666);
#2089=AXIS2_PLACEMENT_3D('',#3293,#2667,#2668);
#2090=AXIS2_PLACEMENT_3D('',#3294,#2669,#2670);
#2091=AXIS2_PLACEMENT_3D('',#3295,#2671,#2672);
#2092=DIRECTION('',(0.,0.,1.));
#2093=DIRECTION('',(1.,0.,0.));
#2094=DIRECTION('',(0.,-0.309016994374947,0.951056516295154));
#2095=DIRECTION('',(0.,-0.951056516295154,-0.309016994374947));
#2096=DIRECTION('',(0.,0.951056516295154,0.309016994374947));
#2097=DIRECTION('',(-1.,0.,0.));
#2098=DIRECTION('',(0.,0.951056516295154,0.309016994374947));
#2099=DIRECTION('',(-1.,0.,0.));
#2100=DIRECTION('',(0.,-1.,0.));
#2101=DIRECTION('',(0.,0.,-1.));
#2102=DIRECTION('',(0.,0.,1.));
#2103=DIRECTION('',(0.,-1.,0.));
#2104=DIRECTION('',(0.,0.,-1.));
#2105=DIRECTION('',(-1.,0.,0.));
#2106=DIRECTION('',(0.,-1.,0.));
#2107=DIRECTION('',(0.,0.,-1.));
#2108=DIRECTION('',(0.,0.,1.));
#2109=DIRECTION('',(0.,0.,1.));
#2110=DIRECTION('',(1.,0.,0.));
#2111=DIRECTION('',(0.,1.,0.));
#2112=DIRECTION('',(-1.,0.,0.));
#2113=DIRECTION('',(0.,1.,0.));
#2114=DIRECTION('',(0.,1.,0.));
#2115=DIRECTION('',(0.,0.,1.));
#2116=DIRECTION('',(0.,0.,-1.));
#2117=DIRECTION('',(-1.,0.,0.));
#2118=DIRECTION('',(0.,0.,-1.));
#2119=DIRECTION('',(-1.,0.,0.));
#2120=DIRECTION('',(0.,-1.,0.));
#2121=DIRECTION('',(0.,0.,-1.));
#2122=DIRECTION('',(0.,0.,1.));
#2123=DIRECTION('',(1.,0.,0.));
#2124=DIRECTION('',(-1.,0.,0.));
#2125=DIRECTION('',(0.,1.,0.));
#2126=DIRECTION('',(-1.,0.,0.));
#2127=DIRECTION('',(0.,1.,0.));
#2128=DIRECTION('',(0.,-1.,0.));
#2129=DIRECTION('',(0.,0.,-1.));
#2130=DIRECTION('',(0.,-1.,0.));
#2131=DIRECTION('',(0.,0.,-1.));
#2132=DIRECTION('',(0.,0.,1.));
#2133=DIRECTION('',(-1.,0.,0.));
#2134=DIRECTION('',(0.,0.,1.));
#2135=DIRECTION('',(0.,-1.,0.));
#2136=DIRECTION('',(0.,0.,-1.));
#2137=DIRECTION('',(0.,0.309016994374947,0.951056516295154));
#2138=DIRECTION('',(0.,-0.951056516295154,0.309016994374947));
#2139=DIRECTION('',(0.,0.951056516295154,-0.309016994374947));
#2140=DIRECTION('',(-1.,0.,0.));
#2141=DIRECTION('',(0.,0.951056516295154,-0.309016994374947));
#2142=DIRECTION('',(0.,-1.,0.));
#2143=DIRECTION('',(0.,0.,-1.));
#2144=DIRECTION('',(0.,0.,1.));
#2145=DIRECTION('',(0.,0.,1.));
#2146=DIRECTION('',(1.,0.,0.));
#2147=DIRECTION('',(0.,1.,0.));
#2148=DIRECTION('',(0.,1.,0.));
#2149=DIRECTION('',(0.,0.,-1.));
#2150=DIRECTION('',(0.,1.,0.));
#2151=DIRECTION('',(1.,0.,0.));
#2152=DIRECTION('',(0.,1.,0.));
#2153=DIRECTION('',(0.,0.,-1.));
#2154=DIRECTION('',(0.,1.,0.));
#2155=DIRECTION('',(0.,1.,0.));
#2156=DIRECTION('',(0.,-1.,0.));
#2157=DIRECTION('',(0.,0.,-1.));
#2158=DIRECTION('',(0.,-1.,0.));
#2159=DIRECTION('',(0.,0.,-1.));
#2160=DIRECTION('',(0.,1.,0.));
#2161=DIRECTION('',(0.,0.,1.));
#2162=DIRECTION('',(0.,1.,0.));
#2163=DIRECTION('',(0.,0.,1.));
#2164=DIRECTION('',(0.,1.,0.));
#2165=DIRECTION('',(0.,0.,1.));
#2166=DIRECTION('',(1.,0.,0.));
#2167=DIRECTION('',(0.,0.,-1.));
#2168=DIRECTION('',(1.,0.,0.));
#2169=DIRECTION('',(0.,0.,-1.));
#2170=DIRECTION('',(0.,0.,1.));
#2171=DIRECTION('',(1.,0.,0.));
#2172=DIRECTION('',(0.,-1.,0.));
#2173=DIRECTION('',(0.,0.,-1.));
#2174=DIRECTION('',(0.,1.,0.));
#2175=DIRECTION('',(0.,0.,1.));
#2176=DIRECTION('',(0.,0.,-1.));
#2177=DIRECTION('',(-1.,0.,0.));
#2178=DIRECTION('',(0.,0.,-1.));
#2179=DIRECTION('',(-1.,0.,0.));
#2180=DIRECTION('',(-1.,0.,0.));
#2181=DIRECTION('',(0.,0.,1.));
#2182=DIRECTION('',(-1.,0.,0.));
#2183=DIRECTION('',(0.,0.,1.));
#2184=DIRECTION('',(0.,-1.,0.));
#2185=DIRECTION('',(0.,0.,-1.));
#2186=DIRECTION('',(0.,1.,0.));
#2187=DIRECTION('',(0.,0.,1.));
#2188=DIRECTION('',(1.,0.,0.));
#2189=DIRECTION('',(0.,0.,-1.));
#2190=DIRECTION('',(1.,0.,0.));
#2191=DIRECTION('',(0.,0.,-1.));
#2192=DIRECTION('',(0.,0.,1.));
#2193=DIRECTION('',(1.,0.,0.));
#2194=DIRECTION('',(0.,0.,1.));
#2195=DIRECTION('',(1.,0.,0.));
#2196=DIRECTION('',(1.,0.,0.));
#2197=DIRECTION('',(0.,0.,-1.));
#2198=DIRECTION('',(-1.,0.,-8.67361737988403E-16));
#2199=DIRECTION('',(-8.67361737988403E-16,0.,1.));
#2200=DIRECTION('',(0.,0.,1.));
#2201=DIRECTION('',(1.,0.,0.));
#2202=DIRECTION('',(0.,0.,-1.));
#2203=DIRECTION('',(-1.,0.,0.));
#2204=DIRECTION('',(0.,1.,0.));
#2205=DIRECTION('',(0.,0.,1.));
#2206=DIRECTION('',(0.,1.,0.));
#2207=DIRECTION('',(0.,0.,1.));
#2208=DIRECTION('',(0.,1.,0.));
#2209=DIRECTION('',(0.,0.,1.));
#2210=DIRECTION('',(0.,0.,1.));
#2211=DIRECTION('',(1.,0.,0.));
#2212=DIRECTION('',(1.,0.,0.));
#2213=DIRECTION('',(0.,0.,-1.));
#2214=DIRECTION('',(0.,0.,-1.));
#2215=DIRECTION('',(0.,1.,0.));
#2216=DIRECTION('',(0.,0.,-1.));
#2217=DIRECTION('',(0.,1.,0.));
#2218=DIRECTION('',(0.,1.,0.));
#2219=DIRECTION('',(0.,0.,1.));
#2220=DIRECTION('',(0.,-1.,0.));
#2221=DIRECTION('',(0.,0.,1.));
#2222=DIRECTION('',(0.,-1.,0.));
#2223=DIRECTION('',(0.,0.,1.));
#2224=DIRECTION('',(0.,1.,0.));
#2225=DIRECTION('',(1.,0.,0.));
#2226=DIRECTION('',(0.,0.,-1.));
#2227=DIRECTION('',(0.,0.,-1.));
#2228=DIRECTION('',(0.,0.,-1.));
#2229=DIRECTION('',(0.,1.,0.));
#2230=DIRECTION('',(-1.,0.,1.78952363752082E-16));
#2231=DIRECTION('',(1.78952363752082E-16,0.,1.));
#2232=DIRECTION('',(1.78952363752082E-16,0.,1.));
#2233=DIRECTION('',(0.,1.,0.));
#2234=DIRECTION('',(1.78952363752082E-16,0.,1.));
#2235=DIRECTION('',(0.,1.,0.));
#2236=DIRECTION('',(0.,0.,1.));
#2237=DIRECTION('',(0.,1.,0.));
#2238=DIRECTION('',(0.,0.,1.));
#2239=DIRECTION('',(0.,1.,0.));
#2240=DIRECTION('',(0.,0.,1.));
#2241=DIRECTION('',(0.,1.,0.));
#2242=DIRECTION('',(0.,1.,0.));
#2243=DIRECTION('',(0.,0.,1.));
#2244=DIRECTION('',(0.,-1.,0.));
#2245=DIRECTION('',(0.,0.,-1.));
#2246=DIRECTION('',(0.,-1.,0.));
#2247=DIRECTION('',(0.,0.,-1.));
#2248=DIRECTION('',(-1.,0.,1.78952363752082E-16));
#2249=DIRECTION('',(1.78952363752082E-16,0.,1.));
#2250=DIRECTION('',(1.78952363752082E-16,0.,1.));
#2251=DIRECTION('',(1.78952363752082E-16,0.,1.));
#2252=DIRECTION('',(0.,1.,0.));
#2253=DIRECTION('',(0.,0.,1.));
#2254=DIRECTION('',(0.,-1.,0.));
#2255=DIRECTION('',(0.,0.,1.));
#2256=DIRECTION('',(0.,-1.,0.));
#2257=DIRECTION('',(0.,0.,1.));
#2258=DIRECTION('',(0.,1.,0.));
#2259=DIRECTION('',(-1.,0.,0.));
#2260=DIRECTION('',(0.,1.,0.));
#2261=DIRECTION('',(0.,0.,1.));
#2262=DIRECTION('',(0.,0.,1.));
#2263=DIRECTION('',(0.,1.,0.));
#2264=DIRECTION('',(0.,0.,1.));
#2265=DIRECTION('',(0.,0.,1.));
#2266=DIRECTION('',(0.,1.,0.));
#2267=DIRECTION('',(0.,0.,1.));
#2268=DIRECTION('',(0.,1.,0.));
#2269=DIRECTION('',(-1.,0.,0.));
#2270=DIRECTION('',(0.,0.,1.));
#2271=DIRECTION('',(0.,1.,0.));
#2272=DIRECTION('',(0.,0.,1.));
#2273=DIRECTION('',(0.,1.,0.));
#2274=DIRECTION('',(0.,0.,1.));
#2275=DIRECTION('',(0.,0.,1.));
#2276=DIRECTION('',(0.,1.,0.));
#2277=DIRECTION('',(0.,0.,1.));
#2278=DIRECTION('',(0.,1.,0.));
#2279=DIRECTION('',(0.,0.,1.));
#2280=DIRECTION('',(0.,0.,-1.));
#2281=DIRECTION('',(-1.,0.,0.));
#2282=DIRECTION('',(0.,0.,-1.));
#2283=DIRECTION('',(-1.,0.,0.));
#2284=DIRECTION('',(0.,0.,-1.));
#2285=DIRECTION('',(-1.,0.,0.));
#2286=DIRECTION('',(0.,1.,0.));
#2287=DIRECTION('',(0.,0.,1.));
#2288=DIRECTION('',(0.,0.,1.));
#2289=DIRECTION('',(1.,0.,0.));
#2290=DIRECTION('',(0.,0.,1.));
#2291=DIRECTION('',(1.,0.,0.));
#2292=DIRECTION('',(0.,0.,1.));
#2293=DIRECTION('',(1.,0.,0.));
#2294=DIRECTION('',(0.,1.,0.));
#2295=DIRECTION('',(0.,0.,1.));
#2296=DIRECTION('',(0.0461032705054998,4.10665075891788E-25,0.998936678898466));
#2297=DIRECTION('',(0.998936678898466,-9.68678360494685E-26,-0.0461032705054998));
#2298=DIRECTION('',(0.,1.27971403965502E-16,-1.));
#2299=DIRECTION('',(0.,1.,1.27971403965502E-16));
#2300=DIRECTION('',(-1.,0.,0.));
#2301=DIRECTION('',(0.,-1.,-1.27971403965502E-16));
#2302=DIRECTION('',(-1.,0.,0.));
#2303=DIRECTION('',(0.,-1.,-1.27971403965502E-16));
#2304=DIRECTION('',(-1.,0.,0.));
#2305=DIRECTION('',(0.,-1.,-1.27971403965502E-16));
#2306=DIRECTION('',(-1.,0.,0.));
#2307=DIRECTION('',(0.,-1.,-1.27971403965502E-16));
#2308=DIRECTION('',(0.,-1.,0.));
#2309=DIRECTION('',(0.,0.,-1.));
#2310=DIRECTION('',(0.,0.,1.));
#2311=DIRECTION('',(-1.,0.,0.));
#2312=DIRECTION('',(0.,0.,1.));
#2313=DIRECTION('',(-1.,0.,0.));
#2314=DIRECTION('',(0.,1.20861881522974E-16,-1.));
#2315=DIRECTION('',(0.,1.,1.20861881522974E-16));
#2316=DIRECTION('',(0.,-1.,-1.20861881522974E-16));
#2317=DIRECTION('',(-1.,0.,0.));
#2318=DIRECTION('',(0.,-1.,-1.20861881522974E-16));
#2319=DIRECTION('',(0.,-1.,0.));
#2320=DIRECTION('',(0.,0.,-1.));
#2321=DIRECTION('',(0.,0.,1.));
#2322=DIRECTION('',(-1.,0.,0.));
#2323=DIRECTION('',(0.,0.,1.));
#2324=DIRECTION('',(1.,0.,0.));
#2325=DIRECTION('',(0.,1.,0.));
#2326=DIRECTION('',(0.,-1.,-1.27971403965502E-16));
#2327=DIRECTION('',(1.,0.,0.));
#2328=DIRECTION('',(0.,1.,0.));
#2329=DIRECTION('',(0.,-1.,-1.27971403965502E-16));
#2330=DIRECTION('',(0.,0.,1.));
#2331=DIRECTION('',(1.,0.,0.));
#2332=DIRECTION('',(0.,1.,0.));
#2333=DIRECTION('',(-1.,0.,0.));
#2334=DIRECTION('',(0.,1.,0.));
#2335=DIRECTION('',(-1.,0.,0.));
#2336=DIRECTION('',(0.,0.309016994374947,0.951056516295154));
#2337=DIRECTION('',(0.,-0.951056516295154,0.309016994374947));
#2338=DIRECTION('',(0.,0.951056516295154,-0.309016994374947));
#2339=DIRECTION('',(-1.,0.,0.));
#2340=DIRECTION('',(0.,0.951056516295154,-0.309016994374947));
#2341=DIRECTION('',(-1.,0.,0.));
#2342=DIRECTION('',(0.,-1.,0.));
#2343=DIRECTION('',(0.,0.,-1.));
#2344=DIRECTION('',(0.,0.,1.));
#2345=DIRECTION('',(-1.,0.,0.));
#2346=DIRECTION('',(0.,0.,1.));
#2347=DIRECTION('',(0.,0.,-1.));
#2348=DIRECTION('',(-1.,0.,0.));
#2349=DIRECTION('',(-1.,0.,0.));
#2350=DIRECTION('',(0.,-1.,0.));
#2351=DIRECTION('',(-1.,0.,0.));
#2352=DIRECTION('',(0.,-1.,0.));
#2353=DIRECTION('',(0.,-1.,-1.5770213417971E-16));
#2354=DIRECTION('',(0.,1.5770213417971E-16,-1.));
#2355=DIRECTION('',(-1.,0.,0.));
#2356=DIRECTION('',(0.,-1.5770213417971E-16,1.));
#2357=DIRECTION('',(-1.,0.,0.));
#2358=DIRECTION('',(0.,-1.5770213417971E-16,1.));
#2359=DIRECTION('',(-1.,0.,0.));
#2360=DIRECTION('',(0.,-1.5770213417971E-16,1.));
#2361=DIRECTION('',(-1.,0.,0.));
#2362=DIRECTION('',(0.,-1.5770213417971E-16,1.));
#2363=DIRECTION('',(0.,0.,1.));
#2364=DIRECTION('',(1.,0.,0.));
#2365=DIRECTION('',(0.,1.,0.));
#2366=DIRECTION('',(-1.,0.,0.));
#2367=DIRECTION('',(0.,1.,0.));
#2368=DIRECTION('',(-1.,0.,0.));
#2369=DIRECTION('',(0.,-1.,0.));
#2370=DIRECTION('',(0.,0.,-1.));
#2371=DIRECTION('',(0.,-1.,0.));
#2372=DIRECTION('',(0.,0.,-1.));
#2373=DIRECTION('',(0.,0.,1.));
#2374=DIRECTION('',(-1.,0.,0.));
#2375=DIRECTION('',(0.,0.,1.));
#2376=DIRECTION('',(-1.,0.,0.));
#2377=DIRECTION('',(0.,-1.,-2.89120579329468E-16));
#2378=DIRECTION('',(0.,2.89120579329468E-16,-1.));
#2379=DIRECTION('',(-1.,0.,0.));
#2380=DIRECTION('',(0.,0.,1.));
#2381=DIRECTION('',(-1.,0.,0.));
#2382=DIRECTION('',(0.,0.,1.));
#2383=DIRECTION('',(-1.,0.,0.));
#2384=DIRECTION('',(0.,-0.309016994374947,0.951056516295154));
#2385=DIRECTION('',(0.,-0.951056516295154,-0.309016994374947));
#2386=DIRECTION('',(0.,0.951056516295154,0.309016994374947));
#2387=DIRECTION('',(-1.,0.,0.));
#2388=DIRECTION('',(0.,0.951056516295154,0.309016994374947));
#2389=DIRECTION('',(0.,1.,0.));
#2390=DIRECTION('',(0.,0.,1.));
#2391=DIRECTION('',(0.,0.,-1.));
#2392=DIRECTION('',(0.,0.,-1.));
#2393=DIRECTION('',(1.,0.,0.));
#2394=DIRECTION('',(0.,1.,0.));
#2395=DIRECTION('',(0.,-1.,0.));
#2396=DIRECTION('',(0.,-1.5770213417971E-16,1.));
#2397=DIRECTION('',(0.,1.,0.));
#2398=DIRECTION('',(1.,0.,0.));
#2399=DIRECTION('',(0.,1.,0.));
#2400=DIRECTION('',(0.,1.,0.));
#2401=DIRECTION('',(0.,-1.5770213417971E-16,1.));
#2402=DIRECTION('',(0.,-1.,0.));
#2403=DIRECTION('',(1.,0.,0.));
#2404=DIRECTION('',(0.,1.,0.));
#2405=DIRECTION('',(0.,-1.,-1.27971403965502E-16));
#2406=DIRECTION('',(0.,0.,1.));
#2407=DIRECTION('',(0.,-1.5770213417971E-16,1.));
#2408=DIRECTION('',(1.,0.,0.));
#2409=DIRECTION('',(0.,1.,0.));
#2410=DIRECTION('',(0.,-1.,-1.27971403965502E-16));
#2411=DIRECTION('',(0.,-1.5770213417971E-16,1.));
#2412=DIRECTION('',(0.,0.,1.));
#2413=DIRECTION('',(0.,-1.,-2.89120579329468E-16));
#2414=DIRECTION('',(0.,2.89120579329468E-16,-1.));
#2415=DIRECTION('',(0.,-1.,0.));
#2416=DIRECTION('',(0.,0.,-1.));
#2417=DIRECTION('',(0.,-1.,0.));
#2418=DIRECTION('',(0.,0.,-1.));
#2419=DIRECTION('',(0.,-1.,0.));
#2420=DIRECTION('',(0.,0.,-1.));
#2421=DIRECTION('',(0.,1.,0.));
#2422=DIRECTION('',(0.,0.,1.));
#2423=DIRECTION('',(0.,1.,0.));
#2424=DIRECTION('',(0.,0.,1.));
#2425=DIRECTION('',(0.,1.,1.27971403965502E-16));
#2426=DIRECTION('',(0.,-1.27971403965502E-16,1.));
#2427=DIRECTION('',(0.707106781186548,0.707106781186548,9.04894475419696E-17));
#2428=DIRECTION('',(-0.707106781186548,0.707106781186548,9.04894475419696E-17));
#2429=DIRECTION('',(-0.707106781186548,0.707106781186548,9.04894475419696E-17));
#2430=DIRECTION('',(0.707106781186548,0.707106781186548,9.04894475419696E-17));
#2431=DIRECTION('',(-1.,0.,0.));
#2432=DIRECTION('',(0.,0.,1.));
#2433=DIRECTION('',(-0.707106781186548,-0.707106781186548,-9.04894475419696E-17));
#2434=DIRECTION('',(-0.707106781186548,0.707106781186548,9.04894475419696E-17));
#2435=DIRECTION('',(1.,0.,0.));
#2436=DIRECTION('',(0.,0.,-1.));
#2437=DIRECTION('',(0.707106781186548,-0.707106781186548,-9.04894475419696E-17));
#2438=DIRECTION('',(0.707106781186548,0.707106781186548,9.04894475419696E-17));
#2439=DIRECTION('',(0.,-1.,-1.27971403965502E-16));
#2440=DIRECTION('',(0.,1.27971403965502E-16,-1.));
#2441=DIRECTION('',(0.,-1.,-1.27971403965502E-16));
#2442=DIRECTION('',(0.,1.27971403965502E-16,-1.));
#2443=DIRECTION('',(-0.78086880944303,0.624695047554424,7.99431022858358E-17));
#2444=DIRECTION('',(0.624695047554424,0.78086880944303,1.35459145539888E-16));
#2445=DIRECTION('',(0.78086880944303,0.624695047554424,7.99431022858358E-17));
#2446=DIRECTION('',(-0.624695047554424,0.78086880944303,1.35459145539888E-16));
#2447=DIRECTION('',(1.,0.,0.));
#2448=DIRECTION('',(0.,0.,-1.));
#2449=DIRECTION('',(-0.624695047554424,0.78086880944303,9.99288778572948E-17));
#2450=DIRECTION('',(0.78086880944303,0.624695047554424,6.77295727699442E-17));
#2451=DIRECTION('',(-0.624695047554424,-0.78086880944303,-9.99288778572948E-17));
#2452=DIRECTION('',(-0.78086880944303,0.624695047554424,1.35459145539888E-16));
#2453=DIRECTION('',(-1.,0.,0.));
#2454=DIRECTION('',(0.,0.,1.));
#2455=DIRECTION('',(0.624695047554424,0.78086880944303,9.99288778572948E-17));
#2456=DIRECTION('',(-0.78086880944303,0.624695047554424,1.35459145539888E-16));
#2457=DIRECTION('',(0.624695047554424,-0.78086880944303,-9.99288778572948E-17));
#2458=DIRECTION('',(0.78086880944303,0.624695047554424,6.77295727699442E-17));
#2459=DIRECTION('',(0.,1.,1.27971403965502E-16));
#2460=DIRECTION('',(0.,-1.27971403965502E-16,1.));
#2461=DIRECTION('',(0.78086880944303,-0.624695047554424,-7.99431022858358E-17));
#2462=DIRECTION('',(0.624695047554424,0.78086880944303,1.35459145539888E-16));
#2463=DIRECTION('',(-0.78086880944303,-0.624695047554424,-7.99431022858358E-17));
#2464=DIRECTION('',(-0.624695047554424,0.78086880944303,1.35459145539888E-16));
#2465=DIRECTION('',(8.67361737988404E-16,8.67361737988403E-16,1.));
#2466=DIRECTION('',(1.,0.,-8.67361737988404E-16));
#2467=DIRECTION('',(0.,0.,-1.));
#2468=DIRECTION('',(-1.,0.,0.));
#2469=DIRECTION('',(-0.707106781186548,0.,-0.707106781186548));
#2470=DIRECTION('',(-0.707106781186548,0.,0.707106781186548));
#2471=DIRECTION('',(2.60208521396521E-15,-1.73472347597681E-15,1.));
#2472=DIRECTION('',(1.,0.,-2.60208521396521E-15));
#2473=DIRECTION('',(-1.,0.,0.));
#2474=DIRECTION('',(0.,0.,1.));
#2475=DIRECTION('',(-0.707106781186548,0.707106781186548,0.));
#2476=DIRECTION('',(-0.707106781186548,-0.707106781186548,0.));
#2477=DIRECTION('',(0.,-1.5770213417971E-16,1.));
#2478=DIRECTION('',(0.,-1.,-1.5770213417971E-16));
#2479=DIRECTION('',(0.707106781186548,-1.11512248486064E-16,0.707106781186548));
#2480=DIRECTION('',(0.707106781186548,1.11512248486064E-16,-0.707106781186548));
#2481=DIRECTION('',(0.,-1.,0.));
#2482=DIRECTION('',(0.,0.,-1.));
#2483=DIRECTION('',(0.,-1.,0.));
#2484=DIRECTION('',(0.,0.,-1.));
#2485=DIRECTION('',(1.,0.,0.));
#2486=DIRECTION('',(0.,0.,-1.));
#2487=DIRECTION('',(1.,0.,0.));
#2488=DIRECTION('',(0.,0.,-1.));
#2489=DIRECTION('',(0.,0.,-1.));
#2490=DIRECTION('',(-1.,0.,0.));
#2491=DIRECTION('',(0.,0.,-1.));
#2492=DIRECTION('',(-1.,0.,0.));
#2493=DIRECTION('',(0.,1.,0.));
#2494=DIRECTION('',(0.,0.,1.));
#2495=DIRECTION('',(0.,-1.,0.));
#2496=DIRECTION('',(0.,0.,-1.));
#2497=DIRECTION('',(-0.707106781186548,0.707106781186548,0.));
#2498=DIRECTION('',(0.707106781186548,0.707106781186548,0.));
#2499=DIRECTION('',(0.,-1.5770213417971E-16,1.));
#2500=DIRECTION('',(0.,-1.,-1.5770213417971E-16));
#2501=DIRECTION('',(0.,0.,1.));
#2502=DIRECTION('',(1.,0.,0.));
#2503=DIRECTION('',(0.,0.,1.));
#2504=DIRECTION('',(1.,0.,0.));
#2505=DIRECTION('',(-1.,0.,0.));
#2506=DIRECTION('',(0.,0.,1.));
#2507=DIRECTION('',(-0.707106781186548,-0.707106781186548,0.));
#2508=DIRECTION('',(-0.707106781186548,0.707106781186548,0.));
#2509=DIRECTION('',(1.,0.,0.));
#2510=DIRECTION('',(0.,0.,-1.));
#2511=DIRECTION('',(1.,0.,0.));
#2512=DIRECTION('',(0.,0.,-1.));
#2513=DIRECTION('',(0.,0.,1.));
#2514=DIRECTION('',(1.,0.,0.));
#2515=DIRECTION('',(-0.707106781186548,0.,0.707106781186548));
#2516=DIRECTION('',(-0.707106781186548,0.,-0.707106781186548));
#2517=DIRECTION('',(0.,-1.,0.));
#2518=DIRECTION('',(0.,0.,-1.));
#2519=DIRECTION('',(0.,-1.,0.));
#2520=DIRECTION('',(0.,0.,-1.));
#2521=DIRECTION('',(1.,0.,0.));
#2522=DIRECTION('',(0.,0.,-1.));
#2523=DIRECTION('',(-1.,0.,0.));
#2524=DIRECTION('',(0.,0.,1.));
#2525=DIRECTION('',(-1.,0.,0.));
#2526=DIRECTION('',(0.,0.,1.));
#2527=DIRECTION('',(0.707106781186548,0.707106781186548,0.));
#2528=DIRECTION('',(-0.707106781186548,0.707106781186548,0.));
#2529=DIRECTION('',(0.,0.,1.));
#2530=DIRECTION('',(1.,0.,0.));
#2531=DIRECTION('',(0.,0.,1.));
#2532=DIRECTION('',(1.,0.,0.));
#2533=DIRECTION('',(0.,8.67361737988404E-16,1.));
#2534=DIRECTION('',(0.,-1.,8.67361737988404E-16));
#2535=DIRECTION('',(0.,1.,0.));
#2536=DIRECTION('',(0.,0.,1.));
#2537=DIRECTION('',(0.,-1.,0.));
#2538=DIRECTION('',(0.,0.,-1.));
#2539=DIRECTION('',(0.,1.5770213417971E-16,-1.));
#2540=DIRECTION('',(0.,1.,1.5770213417971E-16));
#2541=DIRECTION('',(0.,0.,-1.));
#2542=DIRECTION('',(-1.,0.,0.));
#2543=DIRECTION('',(0.,1.5770213417971E-16,-1.));
#2544=DIRECTION('',(0.,1.,1.5770213417971E-16));
#2545=DIRECTION('',(0.707106781186548,1.11512248486064E-16,-0.707106781186548));
#2546=DIRECTION('',(0.707106781186548,-1.11512248486064E-16,0.707106781186548));
#2547=DIRECTION('',(-1.,0.,0.));
#2548=DIRECTION('',(0.,0.,1.));
#2549=DIRECTION('',(-1.,0.,0.));
#2550=DIRECTION('',(0.,0.,1.));
#2551=DIRECTION('',(1.,0.,0.));
#2552=DIRECTION('',(0.,0.,-1.));
#2553=DIRECTION('',(0.,0.,1.));
#2554=DIRECTION('',(1.,0.,0.));
#2555=DIRECTION('',(0.,1.,0.));
#2556=DIRECTION('',(0.866025403784438,0.,-0.5));
#2557=DIRECTION('',(0.,-1.,0.));
#2558=DIRECTION('',(0.866025403784438,0.,-0.5));
#2559=DIRECTION('',(0.,1.,0.));
#2560=DIRECTION('',(0.,-1.,0.));
#2561=DIRECTION('',(0.866025403784438,0.,-0.5));
#2562=DIRECTION('',(0.,1.,0.));
#2563=DIRECTION('',(0.,1.,0.));
#2564=DIRECTION('',(0.866025403784438,0.,-0.5));
#2565=DIRECTION('',(0.,-1.,0.));
#2566=DIRECTION('',(0.866025403784438,0.,-0.5));
#2567=DIRECTION('',(0.,1.,0.));
#2568=DIRECTION('',(0.,-1.,0.));
#2569=DIRECTION('',(0.866025403784438,0.,-0.5));
#2570=DIRECTION('',(0.,1.,0.));
#2571=DIRECTION('',(0.866025403784438,0.,-0.5));
#2572=DIRECTION('',(0.,-1.,0.));
#2573=DIRECTION('',(0.866025403784438,0.,-0.5));
#2574=DIRECTION('',(0.,1.,0.));
#2575=DIRECTION('',(0.,-1.,0.));
#2576=DIRECTION('',(0.866025403784438,0.,-0.5));
#2577=DIRECTION('',(0.,1.,0.));
#2578=DIRECTION('',(0.866025403784438,0.,-0.5));
#2579=DIRECTION('',(0.,-1.,0.));
#2580=DIRECTION('',(0.866025403784438,0.,-0.5));
#2581=DIRECTION('',(0.,-1.,0.));
#2582=DIRECTION('',(0.866025403784438,0.,-0.5));
#2583=DIRECTION('',(0.,1.,0.));
#2584=DIRECTION('',(-0.866025403784439,0.,-0.5));
#2585=DIRECTION('',(0.,-1.,0.));
#2586=DIRECTION('',(-0.866025403784439,0.,-0.5));
#2587=DIRECTION('',(0.,1.,0.));
#2588=DIRECTION('',(0.,-1.,0.));
#2589=DIRECTION('',(-0.866025403784439,0.,-0.5));
#2590=DIRECTION('',(0.,1.,0.));
#2591=DIRECTION('',(0.,1.,0.));
#2592=DIRECTION('',(-0.866025403784439,0.,-0.5));
#2593=DIRECTION('',(0.,-1.,0.));
#2594=DIRECTION('',(-0.866025403784439,0.,-0.5));
#2595=DIRECTION('',(0.,1.,0.));
#2596=DIRECTION('',(0.,-1.,0.));
#2597=DIRECTION('',(-0.866025403784439,0.,-0.5));
#2598=DIRECTION('',(0.,1.,0.));
#2599=DIRECTION('',(-0.866025403784439,0.,-0.5));
#2600=DIRECTION('',(0.,-1.,0.));
#2601=DIRECTION('',(-0.866025403784439,0.,-0.5));
#2602=DIRECTION('',(0.,1.,0.));
#2603=DIRECTION('',(0.,-1.,0.));
#2604=DIRECTION('',(-0.866025403784439,0.,-0.5));
#2605=DIRECTION('',(0.,1.,0.));
#2606=DIRECTION('',(-0.866025403784439,0.,-0.5));
#2607=DIRECTION('',(0.,-1.,0.));
#2608=DIRECTION('',(-0.866025403784439,0.,-0.5));
#2609=DIRECTION('',(0.,-1.,0.));
#2610=DIRECTION('',(-0.866025403784439,0.,-0.5));
#2611=DIRECTION('',(0.,-1.,0.));
#2612=DIRECTION('',(0.,0.,-1.));
#2613=DIRECTION('',(0.,-1.,0.));
#2614=DIRECTION('',(0.,0.,-1.));
#2615=DIRECTION('',(0.,-1.,0.));
#2616=DIRECTION('',(0.,0.,1.));
#2617=DIRECTION('',(0.,-1.,0.));
#2618=DIRECTION('',(0.,0.,1.));
#2619=DIRECTION('',(0.,-1.,0.));
#2620=DIRECTION('',(0.,0.,1.));
#2621=DIRECTION('',(0.,-1.,0.));
#2622=DIRECTION('',(0.,0.,1.));
#2623=DIRECTION('',(0.,-1.,0.));
#2624=DIRECTION('',(0.,0.,-1.));
#2625=DIRECTION('',(0.,-1.,0.));
#2626=DIRECTION('',(0.,0.,-1.));
#2627=DIRECTION('',(0.,-1.,0.));
#2628=DIRECTION('',(0.,0.,-1.));
#2629=DIRECTION('',(0.,-1.,0.));
#2630=DIRECTION('',(0.,0.,-1.));
#2631=DIRECTION('',(0.,-1.,0.));
#2632=DIRECTION('',(0.,0.,1.));
#2633=DIRECTION('',(0.,-1.,0.));
#2634=DIRECTION('',(0.,0.,1.));
#2635=DIRECTION('',(0.,-1.,0.));
#2636=DIRECTION('',(0.,0.,1.));
#2637=DIRECTION('',(0.,-1.,0.));
#2638=DIRECTION('',(0.,0.,1.));
#2639=DIRECTION('',(0.,-1.,0.));
#2640=DIRECTION('',(0.,0.,-1.));
#2641=DIRECTION('',(0.,-1.,0.));
#2642=DIRECTION('',(0.,0.,-1.));
#2643=DIRECTION('',(0.,-1.,0.));
#2644=DIRECTION('',(0.,0.,-1.));
#2645=DIRECTION('',(0.,-1.,0.));
#2646=DIRECTION('',(0.,0.,-1.));
#2647=DIRECTION('',(0.,-1.,0.));
#2648=DIRECTION('',(0.,0.,-1.));
#2649=DIRECTION('',(0.,1.,0.));
#2650=DIRECTION('',(0.,0.,1.));
#2651=DIRECTION('',(0.,-1.,0.));
#2652=DIRECTION('',(0.,0.,-1.));
#2653=DIRECTION('',(0.,-1.,0.));
#2654=DIRECTION('',(0.,0.,-1.));
#2655=DIRECTION('',(0.,1.,0.));
#2656=DIRECTION('',(0.,0.,1.));
#2657=DIRECTION('',(0.,1.,0.));
#2658=DIRECTION('',(0.,1.,0.));
#2659=DIRECTION('',(0.,1.,0.));
#2660=DIRECTION('',(0.,0.,1.));
#2661=DIRECTION('',(0.,1.,0.));
#2662=DIRECTION('',(0.,1.,0.));
#2663=DIRECTION('',(0.,0.,1.));
#2664=DIRECTION('',(0.,1.,0.));
#2665=DIRECTION('',(0.,1.,0.));
#2666=DIRECTION('',(0.,0.,1.));
#2667=DIRECTION('',(0.,-1.,0.));
#2668=DIRECTION('',(0.,0.,-1.));
#2669=DIRECTION('',(0.,-1.,0.));
#2670=DIRECTION('',(0.,0.,-1.));
#2671=DIRECTION('',(0.141072302861595,-1.898026107406E-23,0.989999295638803));
#2672=DIRECTION('',(0.989999295638803,1.85357852419034E-22,-0.141072302861595));
#2673=CARTESIAN_POINT('',(0.,0.,0.));
#2674=CARTESIAN_POINT('',(0.011,-0.004,0.154299678784932));
#2675=CARTESIAN_POINT('',(-0.011,-0.004,0.154299678784932));
#2676=CARTESIAN_POINT('',(-0.011,-0.008,0.153));
#2677=CARTESIAN_POINT('',(-0.011,-3.12250225675825E-17,0.155599357569864));
#2678=CARTESIAN_POINT('',(0.011,-3.12250225675825E-17,0.155599357569864));
#2679=CARTESIAN_POINT('',(0.011,-3.12250225675825E-17,0.155599357569864));
#2680=CARTESIAN_POINT('',(0.011,-0.004,0.154299678784932));
#2681=CARTESIAN_POINT('',(0.011,-0.008,0.153));
#2682=CARTESIAN_POINT('',(0.011,-0.008,0.153));
#2683=CARTESIAN_POINT('',(0.011,2.31991659994443E-18,0.154299678784932));
#2684=CARTESIAN_POINT('',(-0.011,2.31991659994443E-18,0.154299678784932));
#2685=CARTESIAN_POINT('',(-0.011,2.31991659994443E-18,0.155));
#2686=CARTESIAN_POINT('',(-0.009,2.60208521396521E-18,0.155));
#2687=CARTESIAN_POINT('',(-0.009,-3.29597460435593E-17,0.153));
#2688=CARTESIAN_POINT('',(0.011,-3.29597460435593E-17,0.153));
#2689=CARTESIAN_POINT('',(0.009,-3.29597460435593E-17,0.153));
#2690=CARTESIAN_POINT('',(0.009,2.31991659994443E-18,0.155));
#2691=CARTESIAN_POINT('',(0.011,2.31991659994443E-18,0.155));
#2692=CARTESIAN_POINT('',(0.011,2.31991659994443E-18,0.154299678784932));
#2693=CARTESIAN_POINT('',(0.011,0.006,0.153));
#2694=CARTESIAN_POINT('',(-0.009,0.006,0.153));
#2695=CARTESIAN_POINT('',(-0.009,0.01,0.153));
#2696=CARTESIAN_POINT('',(0.011,0.01,0.153));
#2697=CARTESIAN_POINT('',(0.009,0.01,0.153));
#2698=CARTESIAN_POINT('',(0.009,-3.29597460435593E-17,0.153));
#2699=CARTESIAN_POINT('',(0.011,0.012,0.157));
#2700=CARTESIAN_POINT('',(0.009,0.012,0.157));
#2701=CARTESIAN_POINT('',(0.009,0.012,0.167));
#2702=CARTESIAN_POINT('',(0.009,0.012,0.155));
#2703=CARTESIAN_POINT('',(-0.011,0.012,0.155));
#2704=CARTESIAN_POINT('',(-0.009,0.012,0.155));
#2705=CARTESIAN_POINT('',(-0.009,0.012,0.169));
#2706=CARTESIAN_POINT('',(-0.009,0.012,0.167));
#2707=CARTESIAN_POINT('',(0.011,0.012,0.167));
#2708=CARTESIAN_POINT('',(0.,0.012,0.161));
#2709=CARTESIAN_POINT('',(0.,0.012,0.157));
#2710=CARTESIAN_POINT('',(0.011,0.006,0.169));
#2711=CARTESIAN_POINT('',(0.011,0.01,0.169));
#2712=CARTESIAN_POINT('',(0.009,0.01,0.169));
#2713=CARTESIAN_POINT('',(-0.009,0.01,0.169));
#2714=CARTESIAN_POINT('',(-0.009,2.31991659994443E-18,0.169));
#2715=CARTESIAN_POINT('',(-0.009,2.31991659994443E-18,0.169));
#2716=CARTESIAN_POINT('',(0.011,2.31991659994443E-18,0.169));
#2717=CARTESIAN_POINT('',(0.009,2.31991659994443E-18,0.169));
#2718=CARTESIAN_POINT('',(0.009,0.006,0.169));
#2719=CARTESIAN_POINT('',(0.011,2.31991659994443E-18,0.167700321215069));
#2720=CARTESIAN_POINT('',(-0.009,2.31991659994443E-18,0.167));
#2721=CARTESIAN_POINT('',(-0.011,2.31991659994443E-18,0.167));
#2722=CARTESIAN_POINT('',(-0.011,2.31991659994443E-18,0.167700321215069));
#2723=CARTESIAN_POINT('',(-0.011,-3.12250225675825E-17,0.166400642430137));
#2724=CARTESIAN_POINT('',(0.011,-3.12250225675825E-17,0.166400642430137));
#2725=CARTESIAN_POINT('',(0.011,-3.12250225675825E-17,0.166400642430137));
#2726=CARTESIAN_POINT('',(0.011,2.31991659994443E-18,0.167700321215069));
#2727=CARTESIAN_POINT('',(0.011,2.31991659994443E-18,0.167));
#2728=CARTESIAN_POINT('',(0.009,2.60208521396521E-18,0.167));
#2729=CARTESIAN_POINT('',(0.011,-0.004,0.167700321215069));
#2730=CARTESIAN_POINT('',(-0.011,-0.004,0.167700321215069));
#2731=CARTESIAN_POINT('',(-0.011,-0.008,0.169));
#2732=CARTESIAN_POINT('',(0.011,-0.008,0.169));
#2733=CARTESIAN_POINT('',(0.011,-0.008,0.169));
#2734=CARTESIAN_POINT('',(0.011,-0.004,0.167700321215069));
#2735=CARTESIAN_POINT('',(0.011,-0.008,0.165));
#2736=CARTESIAN_POINT('',(-0.011,-0.008,0.165));
#2737=CARTESIAN_POINT('',(0.011,-0.008,0.165));
#2738=CARTESIAN_POINT('',(0.011,0.,0.083));
#2739=CARTESIAN_POINT('',(0.011,0.012,0.155));
#2740=CARTESIAN_POINT('',(0.011,0.01,0.155));
#2741=CARTESIAN_POINT('',(0.011,0.01,0.083));
#2742=CARTESIAN_POINT('',(0.011,0.01,0.167));
#2743=CARTESIAN_POINT('',(0.011,0.,0.167));
#2744=CARTESIAN_POINT('',(-0.011,0.,0.083));
#2745=CARTESIAN_POINT('',(-0.011,0.01,0.153));
#2746=CARTESIAN_POINT('',(-0.011,0.01,0.167));
#2747=CARTESIAN_POINT('',(-0.011,0.01,0.155));
#2748=CARTESIAN_POINT('',(-0.011,0.,0.155));
#2749=CARTESIAN_POINT('',(-0.011,0.012,0.167));
#2750=CARTESIAN_POINT('',(0.,0.015,0.161));
#2751=CARTESIAN_POINT('',(0.,0.018,0.161));
#2752=CARTESIAN_POINT('',(0.,0.018,0.157));
#2753=CARTESIAN_POINT('',(0.,0.018,0.163));
#2754=CARTESIAN_POINT('',(0.009,0.006,0.167));
#2755=CARTESIAN_POINT('',(0.009,0.01,0.167));
#2756=CARTESIAN_POINT('',(0.009,0.01,0.167));
#2757=CARTESIAN_POINT('',(0.009,0.01,0.167));
#2758=CARTESIAN_POINT('',(0.009,0.01,0.167));
#2759=CARTESIAN_POINT('',(0.009,0.,0.155));
#2760=CARTESIAN_POINT('',(0.009,0.01,0.155));
#2761=CARTESIAN_POINT('',(0.009,0.01,0.157));
#2762=CARTESIAN_POINT('',(0.009,0.01,0.155));
#2763=CARTESIAN_POINT('',(0.011,0.01,0.167));
#2764=CARTESIAN_POINT('',(-0.009,0.01,0.167));
#2765=CARTESIAN_POINT('',(-0.009,0.,0.167));
#2766=CARTESIAN_POINT('',(-0.009,0.01,0.167));
#2767=CARTESIAN_POINT('',(0.009,0.01,0.155));
#2768=CARTESIAN_POINT('',(0.009,0.01,0.155));
#2769=CARTESIAN_POINT('',(-0.009,0.01,0.167));
#2770=CARTESIAN_POINT('',(-0.009,0.01,0.167));
#2771=CARTESIAN_POINT('',(0.011,0.01,0.155));
#2772=CARTESIAN_POINT('',(-0.009,0.01,0.155));
#2773=CARTESIAN_POINT('',(-0.009,0.01,0.083));
#2774=CARTESIAN_POINT('',(-0.009,0.01,0.155));
#2775=CARTESIAN_POINT('',(-0.009,0.01,0.155));
#2776=CARTESIAN_POINT('',(-0.009,0.01,0.155));
#2777=CARTESIAN_POINT('',(-0.009,0.006,0.155));
#2778=CARTESIAN_POINT('',(0.00669209006387578,-2.42559252699074E-19,-2.5885533897385E-18));
#2779=CARTESIAN_POINT('',(-0.004,0.014,0.093));
#2780=CARTESIAN_POINT('',(-0.004,0.018,0.093));
#2781=CARTESIAN_POINT('',(-0.004,0.018,0.108));
#2782=CARTESIAN_POINT('',(-0.004,0.018,0.0460357554256916));
#2783=CARTESIAN_POINT('',(-0.004,0.014,0.108));
#2784=CARTESIAN_POINT('',(-0.004,0.014,0.108));
#2785=CARTESIAN_POINT('',(-0.004,0.014,0.093));
#2786=CARTESIAN_POINT('',(-0.004,0.014,0.0460357554256916));
#2787=CARTESIAN_POINT('',(-0.004,0.014,0.0460357554256916));
#2788=CARTESIAN_POINT('',(0.,0.014,0.0460357554256916));
#2789=CARTESIAN_POINT('',(0.,0.018,0.0460357554256916));
#2790=CARTESIAN_POINT('',(0.004,0.018,0.0460357554256916));
#2791=CARTESIAN_POINT('',(0.,0.014,0.0460357554256916));
#2792=CARTESIAN_POINT('',(0.004,0.014,0.0460357554256916));
#2793=CARTESIAN_POINT('',(0.004,0.014,0.0460357554256916));
#2794=CARTESIAN_POINT('',(0.004,0.014,0.0620178777128458));
#2795=CARTESIAN_POINT('',(0.004,0.018,0.0620178777128458));
#2796=CARTESIAN_POINT('',(0.004,0.018,0.108));
#2797=CARTESIAN_POINT('',(0.004,0.014,0.0620178777128458));
#2798=CARTESIAN_POINT('',(0.004,0.014,0.108));
#2799=CARTESIAN_POINT('',(0.004,0.014,0.108));
#2800=CARTESIAN_POINT('',(-0.004,0.014,0.177964101615138));
#2801=CARTESIAN_POINT('',(-0.004,0.018,0.192472135955));
#2802=CARTESIAN_POINT('',(-0.004,0.018,0.193063280806599));
#2803=CARTESIAN_POINT('',(-0.004,0.0177067121294988,0.1942659181735));
#2804=CARTESIAN_POINT('',(-0.004,0.0165955775254591,0.194928203230276));
#2805=CARTESIAN_POINT('',(-0.004,0.016,0.194928203230276));
#2806=CARTESIAN_POINT('',(-0.004,0.018,0.192472135955));
#2807=CARTESIAN_POINT('',(-0.004,0.016,0.194928203230276));
#2808=CARTESIAN_POINT('',(-0.004,0.016,0.194928203230276));
#2809=CARTESIAN_POINT('',(-0.004,0.0154059770012581,0.194928203230276));
#2810=CARTESIAN_POINT('',(-0.00399999999999999,0.0142933081309603,0.194267299880665));
#2811=CARTESIAN_POINT('',(-0.004,0.014,0.193062683648149));
#2812=CARTESIAN_POINT('',(-0.004,0.014,0.192472135955));
#2813=CARTESIAN_POINT('',(-0.004,0.014,0.192472135955));
#2814=CARTESIAN_POINT('',(-0.004,0.014,0.177964101615138));
#2815=CARTESIAN_POINT('',(-0.004,0.014,0.161));
#2816=CARTESIAN_POINT('',(-0.004,0.014,0.161));
#2817=CARTESIAN_POINT('',(-0.004,0.018,0.161));
#2818=CARTESIAN_POINT('',(-0.004,0.018,0.177964101615138));
#2819=CARTESIAN_POINT('',(0.,0.014,0.161));
#2820=CARTESIAN_POINT('',(0.,0.018,0.161));
#2821=CARTESIAN_POINT('',(0.004,0.018,0.161));
#2822=CARTESIAN_POINT('',(0.,0.014,0.161));
#2823=CARTESIAN_POINT('',(0.004,0.014,0.161));
#2824=CARTESIAN_POINT('',(0.004,0.014,0.161));
#2825=CARTESIAN_POINT('',(0.,0.014,0.016));
#2826=CARTESIAN_POINT('',(0.,0.014,0.016));
#2827=CARTESIAN_POINT('',(0.,0.014,0.0119999999999999));
#2828=CARTESIAN_POINT('',(0.,0.018,0.016));
#2829=CARTESIAN_POINT('',(0.,0.018,0.0119999999999999));
#2830=CARTESIAN_POINT('',(0.004,0.014,0.177964101615138));
#2831=CARTESIAN_POINT('',(0.004,0.014,0.177964101615138));
#2832=CARTESIAN_POINT('',(0.004,0.014,0.192472135955));
#2833=CARTESIAN_POINT('',(0.004,0.014,0.192472135955));
#2834=CARTESIAN_POINT('',(0.004,0.014,0.193063280806599));
#2835=CARTESIAN_POINT('',(0.00400000000000001,0.0142932878705012,0.1942659181735));
#2836=CARTESIAN_POINT('',(0.004,0.0154044224745409,0.194928203230276));
#2837=CARTESIAN_POINT('',(0.004,0.016,0.194928203230276));
#2838=CARTESIAN_POINT('',(0.004,0.016,0.194928203230276));
#2839=CARTESIAN_POINT('',(0.004,0.016,0.194928203230276));
#2840=CARTESIAN_POINT('',(0.004,0.0165940229987419,0.194928203230276));
#2841=CARTESIAN_POINT('',(0.00400000000000001,0.0177066918690397,0.194267299880665));
#2842=CARTESIAN_POINT('',(0.004,0.018,0.193062683648149));
#2843=CARTESIAN_POINT('',(0.004,0.018,0.192472135955));
#2844=CARTESIAN_POINT('',(0.004,0.018,0.192472135955));
#2845=CARTESIAN_POINT('',(0.004,0.018,0.177964101615138));
#2846=CARTESIAN_POINT('',(0.,0.014,0.108));
#2847=CARTESIAN_POINT('',(0.,0.018,0.108));
#2848=CARTESIAN_POINT('',(0.,0.014,0.108));
#2849=CARTESIAN_POINT('',(0.,0.014,0.1045));
#2850=CARTESIAN_POINT('',(-3.16587034365767E-17,0.014,0.188));
#2851=CARTESIAN_POINT('',(-0.006,0.014,0.188));
#2852=CARTESIAN_POINT('',(-0.006,0.014,0.016));
#2853=CARTESIAN_POINT('',(-0.006,0.014,0.016));
#2854=CARTESIAN_POINT('',(0.,0.014,0.016));
#2855=CARTESIAN_POINT('',(0.006,0.014,0.016));
#2856=CARTESIAN_POINT('',(0.006,0.014,0.1045));
#2857=CARTESIAN_POINT('',(0.006,0.014,0.188));
#2858=CARTESIAN_POINT('',(3.29597460435593E-17,0.014,0.188));
#2859=CARTESIAN_POINT('',(0.,0.018,0.1045));
#2860=CARTESIAN_POINT('',(-0.006,0.018,0.1045));
#2861=CARTESIAN_POINT('',(-0.006,0.018,0.016));
#2862=CARTESIAN_POINT('',(-0.006,0.018,0.188));
#2863=CARTESIAN_POINT('',(-3.16587034365767E-17,0.018,0.188));
#2864=CARTESIAN_POINT('',(3.29597460435593E-17,0.018,0.188));
#2865=CARTESIAN_POINT('',(0.006,0.018,0.188));
#2866=CARTESIAN_POINT('',(0.006,0.018,0.016));
#2867=CARTESIAN_POINT('',(0.006,0.018,0.016));
#2868=CARTESIAN_POINT('',(0.,0.018,0.016));
#2869=CARTESIAN_POINT('',(3.29597460435593E-17,0.016,0.188));
#2870=CARTESIAN_POINT('',(0.006,0.016,0.188));
#2871=CARTESIAN_POINT('',(0.006,0.016,0.102));
#2872=CARTESIAN_POINT('',(0.006,0.016,0.016));
#2873=CARTESIAN_POINT('',(0.,0.016,0.016));
#2874=CARTESIAN_POINT('',(-0.006,0.016,0.016));
#2875=CARTESIAN_POINT('',(-0.006,0.016,0.1045));
#2876=CARTESIAN_POINT('',(-0.006,0.016,0.188));
#2877=CARTESIAN_POINT('',(-3.16587034365767E-17,0.016,0.188));
#2878=CARTESIAN_POINT('',(-0.000737652328087998,9.19329179089086E-19,1.70131376245094E-5));
#2879=CARTESIAN_POINT('',(0.051,0.0305,0.006));
#2880=CARTESIAN_POINT('',(0.051,-0.024,0.006));
#2881=CARTESIAN_POINT('',(0.017,-0.024,0.006));
#2882=CARTESIAN_POINT('',(-0.017,-0.024,0.006));
#2883=CARTESIAN_POINT('',(-0.017,2.31991659994443E-18,0.006));
#2884=CARTESIAN_POINT('',(-0.017,0.008,0.006));
#2885=CARTESIAN_POINT('',(0.009,0.008,0.006));
#2886=CARTESIAN_POINT('',(0.017,0.008,0.006));
#2887=CARTESIAN_POINT('',(0.017,0.0305,0.006));
#2888=CARTESIAN_POINT('',(0.051,0.053,0.006));
#2889=CARTESIAN_POINT('',(0.043,0.053,0.006));
#2890=CARTESIAN_POINT('',(-0.043,0.053,0.006));
#2891=CARTESIAN_POINT('',(-0.043,0.0305,0.006));
#2892=CARTESIAN_POINT('',(-0.043,-0.053,0.006));
#2893=CARTESIAN_POINT('',(0.051,-0.053,0.006));
#2894=CARTESIAN_POINT('',(0.043,-0.053,0.006));
#2895=CARTESIAN_POINT('',(0.043,0.061,0.006));
#2896=CARTESIAN_POINT('',(0.051,-0.061,-3.46944695195361E-18));
#2897=CARTESIAN_POINT('',(0.051,-0.061,-3.46944695195361E-18));
#2898=CARTESIAN_POINT('',(0.051,-0.061,-0.006));
#2899=CARTESIAN_POINT('',(0.051,-0.061,-0.002));
#2900=CARTESIAN_POINT('',(-0.051,-0.061,-0.002));
#2901=CARTESIAN_POINT('',(-0.051,-0.061,-0.002));
#2902=CARTESIAN_POINT('',(-0.051,-0.061,-3.46944695195361E-18));
#2903=CARTESIAN_POINT('',(-0.051,-0.061,-0.006));
#2904=CARTESIAN_POINT('',(0.051,-0.061,-0.006));
#2905=CARTESIAN_POINT('',(0.051,0.,-0.006));
#2906=CARTESIAN_POINT('',(-0.051,0.,-0.006));
#2907=CARTESIAN_POINT('',(-0.051,0.061,-0.006));
#2908=CARTESIAN_POINT('',(0.051,0.061,-0.006));
#2909=CARTESIAN_POINT('',(0.051,0.061,-0.006));
#2910=CARTESIAN_POINT('',(0.051,0.,-0.006));
#2911=CARTESIAN_POINT('',(0.051,0.061,1.21430643318376E-17));
#2912=CARTESIAN_POINT('',(-0.051,0.061,1.21430643318376E-17));
#2913=CARTESIAN_POINT('',(-0.051,0.061,-0.002));
#2914=CARTESIAN_POINT('',(0.051,0.061,-0.002));
#2915=CARTESIAN_POINT('',(0.051,0.061,-0.002));
#2916=CARTESIAN_POINT('',(0.051,0.061,1.21430643318376E-17));
#2917=CARTESIAN_POINT('',(0.051,0.,0.083));
#2918=CARTESIAN_POINT('',(0.051,-0.061,-0.002));
#2919=CARTESIAN_POINT('',(-0.051,0.,0.083));
#2920=CARTESIAN_POINT('',(-0.051,1.08775693370677E-17,-0.002));
#2921=CARTESIAN_POINT('',(0.094,-0.008,0.15));
#2922=CARTESIAN_POINT('',(-0.009,-0.008,0.15));
#2923=CARTESIAN_POINT('',(-0.009,-0.014,0.15));
#2924=CARTESIAN_POINT('',(-0.009,-0.002,0.15));
#2925=CARTESIAN_POINT('',(-0.094,-0.014,0.15));
#2926=CARTESIAN_POINT('',(-0.092,-0.014,0.15));
#2927=CARTESIAN_POINT('',(-0.092,-0.008,0.15));
#2928=CARTESIAN_POINT('',(-0.092,-0.002,0.15));
#2929=CARTESIAN_POINT('',(0.094,-0.002,0.15));
#2930=CARTESIAN_POINT('',(0.094,-0.004,0.167700321215069));
#2931=CARTESIAN_POINT('',(-0.094,-0.004,0.167700321215069));
#2932=CARTESIAN_POINT('',(-0.094,-0.008,0.169));
#2933=CARTESIAN_POINT('',(-0.094,-3.12250225675825E-17,0.166400642430137));
#2934=CARTESIAN_POINT('',(0.094,-3.12250225675825E-17,0.166400642430137));
#2935=CARTESIAN_POINT('',(0.094,-3.12250225675825E-17,0.166400642430137));
#2936=CARTESIAN_POINT('',(0.094,-0.004,0.167700321215069));
#2937=CARTESIAN_POINT('',(0.094,-0.008,0.169));
#2938=CARTESIAN_POINT('',(0.094,-0.008,0.169));
#2939=CARTESIAN_POINT('',(0.094,2.31991659994443E-18,0.167700321215069));
#2940=CARTESIAN_POINT('',(-0.094,2.31991659994443E-18,0.167700321215069));
#2941=CARTESIAN_POINT('',(-0.094,2.31991659994443E-18,0.17));
#2942=CARTESIAN_POINT('',(0.094,2.31991659994443E-18,0.17));
#2943=CARTESIAN_POINT('',(0.094,2.31991659994443E-18,0.17));
#2944=CARTESIAN_POINT('',(0.094,2.31991659994443E-18,0.167700321215069));
#2945=CARTESIAN_POINT('',(0.094,-0.008,0.172));
#2946=CARTESIAN_POINT('',(0.094,-0.002,0.172));
#2947=CARTESIAN_POINT('',(0.092,-0.002,0.172));
#2948=CARTESIAN_POINT('',(-0.092,-0.002,0.172));
#2949=CARTESIAN_POINT('',(-0.092,-0.008,0.172));
#2950=CARTESIAN_POINT('',(-0.092,-0.014,0.172));
#2951=CARTESIAN_POINT('',(0.094,-0.014,0.172));
#2952=CARTESIAN_POINT('',(0.092,-0.014,0.172));
#2953=CARTESIAN_POINT('',(0.092,-3.29597460435593E-17,0.172));
#2954=CARTESIAN_POINT('',(0.094,-0.016,0.161));
#2955=CARTESIAN_POINT('',(0.094,-0.016,0.014));
#2956=CARTESIAN_POINT('',(-0.007,-0.016,0.014));
#2957=CARTESIAN_POINT('',(0.007,-0.016,0.014));
#2958=CARTESIAN_POINT('',(0.007,-0.016,0.161));
#2959=CARTESIAN_POINT('',(0.007,-0.016,0.152));
#2960=CARTESIAN_POINT('',(0.094,-0.016,0.152));
#2961=CARTESIAN_POINT('',(0.092,-0.016,0.152));
#2962=CARTESIAN_POINT('',(0.092,-0.016,0.161));
#2963=CARTESIAN_POINT('',(0.092,-0.016,0.17));
#2964=CARTESIAN_POINT('',(-0.094,-0.016,0.17));
#2965=CARTESIAN_POINT('',(-0.092,-0.016,0.17));
#2966=CARTESIAN_POINT('',(-0.092,-0.016,0.15));
#2967=CARTESIAN_POINT('',(-0.092,-0.016,0.152));
#2968=CARTESIAN_POINT('',(-0.009,-0.016,0.152));
#2969=CARTESIAN_POINT('',(-0.007,-0.016,0.152));
#2970=CARTESIAN_POINT('',(-0.007,-0.016,0.014));
#2971=CARTESIAN_POINT('',(0.094,-0.008,0.15));
#2972=CARTESIAN_POINT('',(0.009,-0.008,0.15));
#2973=CARTESIAN_POINT('',(0.009,-0.014,0.15));
#2974=CARTESIAN_POINT('',(0.009,-0.002,0.15));
#2975=CARTESIAN_POINT('',(0.094,-0.002,0.15));
#2976=CARTESIAN_POINT('',(0.092,-0.002,0.15));
#2977=CARTESIAN_POINT('',(0.092,-0.016,0.15));
#2978=CARTESIAN_POINT('',(0.092,-0.014,0.15));
#2979=CARTESIAN_POINT('',(0.009,-0.014,0.15));
#2980=CARTESIAN_POINT('',(0.094,2.31991659994443E-18,0.1515));
#2981=CARTESIAN_POINT('',(0.,-1.56125112837912E-17,0.078));
#2982=CARTESIAN_POINT('',(0.,-1.56125112837912E-17,0.074));
#2983=CARTESIAN_POINT('',(0.094,2.31991659994443E-18,0.1515));
#2984=CARTESIAN_POINT('',(0.094,2.31991659994443E-18,0.152));
#2985=CARTESIAN_POINT('',(0.094,-3.12250225675825E-17,0.155599357569864));
#2986=CARTESIAN_POINT('',(0.094,2.31991659994443E-18,0.152));
#2987=CARTESIAN_POINT('',(0.007,2.31991659994443E-18,0.152));
#2988=CARTESIAN_POINT('',(0.007,2.31991659994443E-18,0.014));
#2989=CARTESIAN_POINT('',(0.007,2.31991659994443E-18,0.014));
#2990=CARTESIAN_POINT('',(-0.009,2.31991659994443E-18,0.014));
#2991=CARTESIAN_POINT('',(0.00346410161513777,-2.02384405530628E-18,0.014));
#2992=CARTESIAN_POINT('',(0.,-2.60208521396521E-18,0.016));
#2993=CARTESIAN_POINT('',(-0.00346410161513777,-2.02384405530628E-18,0.014));
#2994=CARTESIAN_POINT('',(-0.009,2.31991659994443E-18,0.014));
#2995=CARTESIAN_POINT('',(-0.007,2.31991659994443E-18,0.014));
#2996=CARTESIAN_POINT('',(-0.007,2.31991659994443E-18,0.1515));
#2997=CARTESIAN_POINT('',(-0.007,2.31991659994443E-18,0.152));
#2998=CARTESIAN_POINT('',(0.094,2.31991659994443E-18,0.152));
#2999=CARTESIAN_POINT('',(-0.094,2.31991659994443E-18,0.152));
#3000=CARTESIAN_POINT('',(-0.094,2.31991659994443E-18,0.1515));
#3001=CARTESIAN_POINT('',(-0.094,-3.12250225675825E-17,0.155599357569864));
#3002=CARTESIAN_POINT('',(0.094,-3.12250225675825E-17,0.155599357569864));
#3003=CARTESIAN_POINT('',(0.094,-0.004,0.154299678784932));
#3004=CARTESIAN_POINT('',(-0.094,-0.004,0.154299678784932));
#3005=CARTESIAN_POINT('',(-0.094,-0.008,0.153));
#3006=CARTESIAN_POINT('',(0.094,-0.008,0.153));
#3007=CARTESIAN_POINT('',(0.094,-0.008,0.153));
#3008=CARTESIAN_POINT('',(0.094,-0.004,0.154299678784932));
#3009=CARTESIAN_POINT('',(0.094,-0.008,0.157));
#3010=CARTESIAN_POINT('',(-0.094,-0.008,0.157));
#3011=CARTESIAN_POINT('',(0.094,-0.008,0.157));
#3012=CARTESIAN_POINT('',(0.094,0.,0.083));
#3013=CARTESIAN_POINT('',(0.094,-0.016,0.17));
#3014=CARTESIAN_POINT('',(0.094,-0.014,0.17));
#3015=CARTESIAN_POINT('',(0.094,-0.014,0.083));
#3016=CARTESIAN_POINT('',(0.094,-0.014,0.152));
#3017=CARTESIAN_POINT('',(0.094,2.31991659994443E-18,0.152));
#3018=CARTESIAN_POINT('',(-0.094,0.,0.083));
#3019=CARTESIAN_POINT('',(-0.094,0.,0.152));
#3020=CARTESIAN_POINT('',(-0.094,-0.014,0.152));
#3021=CARTESIAN_POINT('',(-0.094,-0.014,0.172));
#3022=CARTESIAN_POINT('',(-0.094,-0.014,0.17));
#3023=CARTESIAN_POINT('',(-0.094,0.,0.17));
#3024=CARTESIAN_POINT('',(0.009,0.,0.083));
#3025=CARTESIAN_POINT('',(0.009,8.83002687361965E-18,0.014));
#3026=CARTESIAN_POINT('',(0.009,-0.014,0.014));
#3027=CARTESIAN_POINT('',(0.009,-0.002,0.014));
#3028=CARTESIAN_POINT('',(0.009,-0.002,0.15));
#3029=CARTESIAN_POINT('',(0.009,-0.014,0.083));
#3030=CARTESIAN_POINT('',(-0.009,0.,0.083));
#3031=CARTESIAN_POINT('',(-0.009,-0.016,0.014));
#3032=CARTESIAN_POINT('',(-0.009,-0.002,0.014));
#3033=CARTESIAN_POINT('',(-0.009,-0.014,0.014));
#3034=CARTESIAN_POINT('',(-0.009,-0.014,0.15));
#3035=CARTESIAN_POINT('',(-0.009,-0.002,0.083));
#3036=CARTESIAN_POINT('',(0.,0.006,0.016));
#3037=CARTESIAN_POINT('',(0.00346410161513777,-2.02384405530629E-18,0.014));
#3038=CARTESIAN_POINT('',(0.00311084738479683,-2.02384405530629E-18,0.0133881457250608));
#3039=CARTESIAN_POINT('',(0.00209796570369745,0.000142962221930452,0.0123790763044941));
#3040=CARTESIAN_POINT('',(-3.57754535616121E-7,0.000309380625272808,0.0118114839423677));
#3041=CARTESIAN_POINT('',(-0.00209073065702655,0.000143714941283476,0.0123749886278425));
#3042=CARTESIAN_POINT('',(-0.00311090821784869,2.23777998294582E-18,0.0133882510909974));
#3043=CARTESIAN_POINT('',(-0.00346410161513777,2.23777998294582E-18,0.014));
#3044=CARTESIAN_POINT('',(0.,0.018,0.016));
#3045=CARTESIAN_POINT('',(0.,0.018,0.0119999999999999));
#3046=CARTESIAN_POINT('',(0.,0.006,0.078));
#3047=CARTESIAN_POINT('',(0.,0.012,0.078));
#3048=CARTESIAN_POINT('',(0.,0.012,0.0739999999999999));
#3049=CARTESIAN_POINT('',(0.,0.012,0.08));
#3050=CARTESIAN_POINT('',(0.,0.018,0.018));
#3051=CARTESIAN_POINT('',(0.043,1.08775693370677E-17,-0.002));
#3052=CARTESIAN_POINT('',(0.043,-0.053,-0.002));
#3053=CARTESIAN_POINT('',(0.043,0.053,-0.002));
#3054=CARTESIAN_POINT('',(0.051,0.053,-0.002));
#3055=CARTESIAN_POINT('',(-0.043,0.053,-0.002));
#3056=CARTESIAN_POINT('',(0.051,-0.053,-0.002));
#3057=CARTESIAN_POINT('',(-0.043,-0.053,-0.002));
#3058=CARTESIAN_POINT('',(-0.043,0.0305,-0.002));
#3059=CARTESIAN_POINT('',(0.017,0.0305,0.014));
#3060=CARTESIAN_POINT('',(0.017,0.008,0.014));
#3061=CARTESIAN_POINT('',(0.017,-0.024,0.014));
#3062=CARTESIAN_POINT('',(0.094,0.008,0.014));
#3063=CARTESIAN_POINT('',(0.017,0.008,0.014));
#3064=CARTESIAN_POINT('',(-0.017,0.008,0.014));
#3065=CARTESIAN_POINT('',(0.051,-0.024,0.014));
#3066=CARTESIAN_POINT('',(0.017,-0.024,0.014));
#3067=CARTESIAN_POINT('',(-0.017,-0.024,0.014));
#3068=CARTESIAN_POINT('',(-0.017,8.83002687361965E-18,0.014));
#3069=CARTESIAN_POINT('',(-0.017,-0.024,0.014));
#3070=CARTESIAN_POINT('',(-0.017,0.008,0.014));
#3071=CARTESIAN_POINT('',(0.009,-0.002,0.014));
#3072=CARTESIAN_POINT('',(0.009,1.73472347597681E-18,0.014));
#3073=CARTESIAN_POINT('',(0.007,1.73472347597681E-18,0.014));
#3074=CARTESIAN_POINT('',(0.009,-0.00200000000000227,0.0129528024453092));
#3075=CARTESIAN_POINT('',(0.00899999999999044,-7.87975012729014E-15,0.0132146018523042));
#3076=CARTESIAN_POINT('',(0.00699999999999773,1.73472347597681E-18,0.0129528024453126));
#3077=CARTESIAN_POINT('',(0.00941655006019494,-0.00147931242475536,0.0108588955285584));
#3078=CARTESIAN_POINT('',(0.0091352235284539,0.000135223528453772,0.0117083462390462));
#3079=CARTESIAN_POINT('',(0.00752068757524452,0.000416550060194821,0.0108588955285568));
#3080=CARTESIAN_POINT('',(0.0111958572287759,0.000744821535969943,0.00819585722855747));
#3081=CARTESIAN_POINT('',(0.0105428419063549,0.00154284190635323,0.00882457348683121));
#3082=CARTESIAN_POINT('',(0.00974482153597034,0.00219585722877634,0.0081958572285579));
#3083=CARTESIAN_POINT('',(0.013858895527747,0.00407361940968278,0.00641655006025736));
#3084=CARTESIAN_POINT('',(0.013377973030702,0.0043779730307081,0.00655944115063929));
#3085=CARTESIAN_POINT('',(0.0130736194096813,0.00485889552774556,0.00641655006025724));
#3086=CARTESIAN_POINT('',(0.0159528024470567,0.00669100305882327,0.00599999999999999));
#3087=CARTESIAN_POINT('',(0.0158219027500112,0.00682190274999841,0.00600000000000079));
#3088=CARTESIAN_POINT('',(0.0156910030588265,0.0069528024470599,0.00599999999999999));
#3089=CARTESIAN_POINT('',(0.017,0.00800000000000002,0.00599999999999999));
#3090=CARTESIAN_POINT('',(0.017,0.00800000000000002,0.00599999999999999));
#3091=CARTESIAN_POINT('',(0.017,0.00800000000000002,0.00599999999999999));
#3092=CARTESIAN_POINT('',(0.007,-0.002,0.014));
#3093=CARTESIAN_POINT('',(0.007,-0.002,0.083));
#3094=CARTESIAN_POINT('',(0.007,-0.002,0.152));
#3095=CARTESIAN_POINT('',(0.007,-0.016,0.014));
#3096=CARTESIAN_POINT('',(0.009,-0.016,0.014));
#3097=CARTESIAN_POINT('',(0.009,-0.014,0.014));
#3098=CARTESIAN_POINT('',(0.00699999999999773,-0.016,0.0129528024453091));
#3099=CARTESIAN_POINT('',(0.00899999999998694,-0.0159999999999962,0.0132146018523126));
#3100=CARTESIAN_POINT('',(0.009,-0.0139999999999977,0.0129528024453125));
#3101=CARTESIAN_POINT('',(0.00752068757524465,-0.016416550060195,0.0108588955285585));
#3102=CARTESIAN_POINT('',(0.00913522352845566,-0.0161352235284522,0.0117083462390419));
#3103=CARTESIAN_POINT('',(0.00941655006019507,-0.014520687575245,0.0108588955285569));
#3104=CARTESIAN_POINT('',(0.0097448215359699,-0.0181958572287759,0.00819585722855749));
#3105=CARTESIAN_POINT('',(0.0105428419063539,-0.017542841906353,0.00882457348683251));
#3106=CARTESIAN_POINT('',(0.0111958572287755,-0.0167448215359687,0.00819585722855791));
#3107=CARTESIAN_POINT('',(0.0130736194096828,-0.0208588955277471,0.00641655006025736));
#3108=CARTESIAN_POINT('',(0.0133779730307037,-0.0203779730307096,0.00655944115063891));
#3109=CARTESIAN_POINT('',(0.0138588955277486,-0.0200736194096873,0.00641655006025723));
#3110=CARTESIAN_POINT('',(0.0156910030588233,-0.0229528024470567,0.00599999999999999));
#3111=CARTESIAN_POINT('',(0.015821902750008,-0.0228219027499952,0.00600000000000079));
#3112=CARTESIAN_POINT('',(0.0159528024470535,-0.0226910030588136,0.00599999999999999));
#3113=CARTESIAN_POINT('',(0.017,-0.024,0.00599999999999999));
#3114=CARTESIAN_POINT('',(0.017,-0.024,0.00599999999999999));
#3115=CARTESIAN_POINT('',(0.017,-0.024,0.00599999999999999));
#3116=CARTESIAN_POINT('',(0.007,-0.014,0.014));
#3117=CARTESIAN_POINT('',(0.094,-0.002,0.152));
#3118=CARTESIAN_POINT('',(0.092,-0.002,0.152));
#3119=CARTESIAN_POINT('',(0.007,-0.014,0.161));
#3120=CARTESIAN_POINT('',(0.007,-0.014,0.152));
#3121=CARTESIAN_POINT('',(0.092,0.,0.152));
#3122=CARTESIAN_POINT('',(0.092,-0.014,0.152));
#3123=CARTESIAN_POINT('',(0.094,-0.014,0.152));
#3124=CARTESIAN_POINT('',(0.092,-0.014,0.152));
#3125=CARTESIAN_POINT('',(0.092,-0.014,0.152));
#3126=CARTESIAN_POINT('',(0.092,-0.014,0.152));
#3127=CARTESIAN_POINT('',(0.092,0.,0.17));
#3128=CARTESIAN_POINT('',(0.092,-0.014,0.17));
#3129=CARTESIAN_POINT('',(0.092,-0.002,0.17));
#3130=CARTESIAN_POINT('',(0.092,-0.014,0.161));
#3131=CARTESIAN_POINT('',(0.092,-0.014,0.17));
#3132=CARTESIAN_POINT('',(-0.007,1.73472347597681E-18,0.014));
#3133=CARTESIAN_POINT('',(-0.009,1.73472347597681E-18,0.014));
#3134=CARTESIAN_POINT('',(-0.009,-0.002,0.014));
#3135=CARTESIAN_POINT('',(-0.00699999999999773,1.73472347597681E-18,0.0129528024453126));
#3136=CARTESIAN_POINT('',(-0.00899999999999044,-7.87975012729014E-15,0.013214601852309));
#3137=CARTESIAN_POINT('',(-0.009,-0.00200000000000227,0.0129528024453126));
#3138=CARTESIAN_POINT('',(-0.00752068757524452,0.000416550060194821,0.0108588955285568));
#3139=CARTESIAN_POINT('',(-0.0091352235284539,0.000135223528453772,0.0117083462390441));
#3140=CARTESIAN_POINT('',(-0.00941655006019494,-0.00147931242475536,0.0108588955285568));
#3141=CARTESIAN_POINT('',(-0.00974482153597034,0.00219585722877634,0.0081958572285579));
#3142=CARTESIAN_POINT('',(-0.0105428419063549,0.00154284190635323,0.0088245734868317));
#3143=CARTESIAN_POINT('',(-0.0111958572287759,0.000744821535969943,0.0081958572285579));
#3144=CARTESIAN_POINT('',(-0.0130736194096813,0.00485889552774556,0.00641655006025724));
#3145=CARTESIAN_POINT('',(-0.013377973030702,0.00437797303070809,0.00655944115063917));
#3146=CARTESIAN_POINT('',(-0.013858895527747,0.00407361940968278,0.00641655006025724));
#3147=CARTESIAN_POINT('',(-0.0156910030588265,0.0069528024470599,0.00599999999999999));
#3148=CARTESIAN_POINT('',(-0.0158219027500112,0.00682190274999841,0.00600000000000079));
#3149=CARTESIAN_POINT('',(-0.0159528024470567,0.00669100305882327,0.00599999999999999));
#3150=CARTESIAN_POINT('',(-0.017,0.00800000000000002,0.00599999999999999));
#3151=CARTESIAN_POINT('',(-0.017,0.00800000000000002,0.00599999999999999));
#3152=CARTESIAN_POINT('',(-0.017,0.00800000000000002,0.00599999999999999));
#3153=CARTESIAN_POINT('',(-0.007,-0.002,0.014));
#3154=CARTESIAN_POINT('',(0.094,-0.002,0.17));
#3155=CARTESIAN_POINT('',(-0.092,-0.002,0.17));
#3156=CARTESIAN_POINT('',(0.092,-0.014,0.17));
#3157=CARTESIAN_POINT('',(0.092,-0.014,0.17));
#3158=CARTESIAN_POINT('',(-0.007,-0.002,0.1515));
#3159=CARTESIAN_POINT('',(-0.007,-0.002,0.152));
#3160=CARTESIAN_POINT('',(-0.092,-0.008,0.17));
#3161=CARTESIAN_POINT('',(-0.092,-0.014,0.17));
#3162=CARTESIAN_POINT('',(0.094,-0.014,0.17));
#3163=CARTESIAN_POINT('',(-0.092,-0.014,0.17));
#3164=CARTESIAN_POINT('',(0.094,-0.002,0.152));
#3165=CARTESIAN_POINT('',(-0.092,-0.002,0.152));
#3166=CARTESIAN_POINT('',(-0.092,-0.014,0.17));
#3167=CARTESIAN_POINT('',(-0.092,-0.014,0.17));
#3168=CARTESIAN_POINT('',(-0.009,-0.014,0.014));
#3169=CARTESIAN_POINT('',(-0.009,-0.016,0.014));
#3170=CARTESIAN_POINT('',(-0.007,-0.016,0.014));
#3171=CARTESIAN_POINT('',(-0.009,-0.0139999999999977,0.0129528024453091));
#3172=CARTESIAN_POINT('',(-0.00899999999998694,-0.0159999999999866,0.0132146018523078));
#3173=CARTESIAN_POINT('',(-0.00699999999999773,-0.016,0.0129528024453091));
#3174=CARTESIAN_POINT('',(-0.00941655006019507,-0.014520687575245,0.0108588955285585));
#3175=CARTESIAN_POINT('',(-0.00913522352845566,-0.0161352235284564,0.0117083462390441));
#3176=CARTESIAN_POINT('',(-0.00752068757524465,-0.016416550060195,0.0108588955285585));
#3177=CARTESIAN_POINT('',(-0.0111958572287755,-0.0167448215359687,0.00819585722855749));
#3178=CARTESIAN_POINT('',(-0.0105428419063539,-0.017542841906352,0.00882457348683202));
#3179=CARTESIAN_POINT('',(-0.0097448215359699,-0.0181958572287759,0.00819585722855749));
#3180=CARTESIAN_POINT('',(-0.0138588955277486,-0.0200736194096873,0.00641655006025736));
#3181=CARTESIAN_POINT('',(-0.0133779730307037,-0.0203779730307099,0.00655944115063904));
#3182=CARTESIAN_POINT('',(-0.0130736194096828,-0.0208588955277471,0.00641655006025736));
#3183=CARTESIAN_POINT('',(-0.0159528024470535,-0.0226910030588136,0.00599999999999999));
#3184=CARTESIAN_POINT('',(-0.015821902750008,-0.0228219027499952,0.00600000000000079));
#3185=CARTESIAN_POINT('',(-0.0156910030588233,-0.0229528024470567,0.00599999999999999));
#3186=CARTESIAN_POINT('',(-0.017,-0.024,0.00599999999999999));
#3187=CARTESIAN_POINT('',(-0.017,-0.024,0.00599999999999999));
#3188=CARTESIAN_POINT('',(-0.017,-0.024,0.00599999999999999));
#3189=CARTESIAN_POINT('',(-0.007,-0.014,0.014));
#3190=CARTESIAN_POINT('',(-0.092,-0.008,0.152));
#3191=CARTESIAN_POINT('',(-0.092,-0.014,0.152));
#3192=CARTESIAN_POINT('',(-0.092,-0.014,0.083));
#3193=CARTESIAN_POINT('',(-0.092,-0.014,0.152));
#3194=CARTESIAN_POINT('',(-0.007,-0.014,0.083));
#3195=CARTESIAN_POINT('',(-0.007,-0.014,0.152));
#3196=CARTESIAN_POINT('',(-0.092,-0.014,0.152));
#3197=CARTESIAN_POINT('',(-0.092,-0.014,0.152));
#3198=CARTESIAN_POINT('',(0.094,-0.014,0.152));
#3199=CARTESIAN_POINT('',(0.,0.,0.));
#3200=CARTESIAN_POINT('',(6.93889390390723E-17,0.004,0.078));
#3201=CARTESIAN_POINT('',(6.93889390390723E-17,0.012,0.078));
#3202=CARTESIAN_POINT('',(-0.015,0.012,0.0520192378864668));
#3203=CARTESIAN_POINT('',(0.00826912067451002,0.012,0.0491621491218504));
#3204=CARTESIAN_POINT('',(-0.015,0.004,0.0520192378864668));
#3205=CARTESIAN_POINT('',(-0.015,0.004,0.0520192378864668));
#3206=CARTESIAN_POINT('',(6.93889390390723E-17,0.004,0.078));
#3207=CARTESIAN_POINT('',(0.00826912067451002,0.004,0.0491621491218504));
#3208=CARTESIAN_POINT('',(0.00826912067451002,0.004,0.0491621491218504));
#3209=CARTESIAN_POINT('',(-0.013,0.004,0.0554833395016045));
#3210=CARTESIAN_POINT('',(-0.013,0.012,0.0554833395016045));
#3211=CARTESIAN_POINT('',(-0.011,0.012,0.0589474411167423));
#3212=CARTESIAN_POINT('',(-0.011,0.004,0.0589474411167423));
#3213=CARTESIAN_POINT('',(-0.011,0.004,0.0589474411167423));
#3214=CARTESIAN_POINT('',(-0.013,0.004,0.0554833395016045));
#3215=CARTESIAN_POINT('',(5.55111512312578E-17,0.004,0.078));
#3216=CARTESIAN_POINT('',(5.55111512312578E-17,0.012,0.078));
#3217=CARTESIAN_POINT('',(0.00606402182797403,0.012,0.0568522426893569));
#3218=CARTESIAN_POINT('',(0.00606402182797401,0.004,0.0568522426893569));
#3219=CARTESIAN_POINT('',(0.00606402182797401,0.004,0.0568522426893569));
#3220=CARTESIAN_POINT('',(5.55111512312578E-17,0.004,0.078));
#3221=CARTESIAN_POINT('',(0.00716657125124201,0.004,0.0530071959056036));
#3222=CARTESIAN_POINT('',(0.00716657125124201,0.012,0.0530071959056036));
#3223=CARTESIAN_POINT('',(0.00716657125124201,0.004,0.0530071959056036));
#3224=CARTESIAN_POINT('',(-6.93889390390723E-17,0.004,0.078));
#3225=CARTESIAN_POINT('',(-6.93889390390723E-17,0.012,0.078));
#3226=CARTESIAN_POINT('',(-0.015,0.012,0.103980762113533));
#3227=CARTESIAN_POINT('',(-0.0291088717882799,0.012,0.08525765686799));
#3228=CARTESIAN_POINT('',(-0.015,0.004,0.103980762113533));
#3229=CARTESIAN_POINT('',(-0.015,0.004,0.103980762113533));
#3230=CARTESIAN_POINT('',(-6.93889390390723E-17,0.004,0.078));
#3231=CARTESIAN_POINT('',(-0.0291088717882799,0.004,0.08525765686799));
#3232=CARTESIAN_POINT('',(-0.0291088717882799,0.004,0.08525765686799));
#3233=CARTESIAN_POINT('',(-0.013,0.004,0.100516660498395));
#3234=CARTESIAN_POINT('',(-0.013,0.012,0.100516660498395));
#3235=CARTESIAN_POINT('',(-0.011,0.012,0.0970525588832576));
#3236=CARTESIAN_POINT('',(-0.011,0.004,0.0970525588832576));
#3237=CARTESIAN_POINT('',(-0.011,0.004,0.0970525588832576));
#3238=CARTESIAN_POINT('',(-0.013,0.004,0.100516660498395));
#3239=CARTESIAN_POINT('',(-5.55111512312578E-17,0.004,0.078));
#3240=CARTESIAN_POINT('',(-5.55111512312578E-17,0.012,0.078));
#3241=CARTESIAN_POINT('',(-0.0213465059780719,0.012,0.0833222817031926));
#3242=CARTESIAN_POINT('',(-0.0213465059780719,0.004,0.0833222817031926));
#3243=CARTESIAN_POINT('',(-0.0213465059780719,0.004,0.0833222817031926));
#3244=CARTESIAN_POINT('',(-5.55111512312578E-17,0.004,0.078));
#3245=CARTESIAN_POINT('',(-0.0252276888831759,0.004,0.0842899692855913));
#3246=CARTESIAN_POINT('',(-0.0252276888831759,0.012,0.0842899692855913));
#3247=CARTESIAN_POINT('',(-0.0252276888831759,0.004,0.0842899692855913));
#3248=CARTESIAN_POINT('',(0.,0.004,0.098));
#3249=CARTESIAN_POINT('',(0.,0.004,0.078));
#3250=CARTESIAN_POINT('',(0.,0.004,0.044));
#3251=CARTESIAN_POINT('',(0.018061117631934,0.004,0.0967028348088049));
#3252=CARTESIAN_POINT('',(0.0208397511137699,0.004,0.0995801940101596));
#3253=CARTESIAN_POINT('',(0.0152824841500979,0.004,0.0938254756074503));
#3254=CARTESIAN_POINT('',(-1.7347234759768E-18,0.004,0.078));
#3255=CARTESIAN_POINT('',(0.03,0.004,0.078));
#3256=CARTESIAN_POINT('',(0.026,0.004,0.078));
#3257=CARTESIAN_POINT('',(0.022,0.004,0.078));
#3258=CARTESIAN_POINT('',(6.07153216591882E-18,0.004,0.078));
#3259=CARTESIAN_POINT('',(0.,0.004,0.078));
#3260=CARTESIAN_POINT('',(0.,0.004,0.0739999999999999));
#3261=CARTESIAN_POINT('',(0.,0.006,0.078));
#3262=CARTESIAN_POINT('',(0.,0.012,0.078));
#3263=CARTESIAN_POINT('',(0.,0.012,0.0739999999999999));
#3264=CARTESIAN_POINT('',(0.,0.012,0.095));
#3265=CARTESIAN_POINT('',(-1.7347234759768E-18,0.012,0.078));
#3266=CARTESIAN_POINT('',(0.03,0.012,0.078));
#3267=CARTESIAN_POINT('',(0.0208397511137699,0.012,0.0995801940101596));
#3268=CARTESIAN_POINT('',(0.018061117631934,0.012,0.0967028348088049));
#3269=CARTESIAN_POINT('',(0.0152824841500979,0.012,0.0938254756074503));
#3270=CARTESIAN_POINT('',(6.07153216591882E-18,0.012,0.078));
#3271=CARTESIAN_POINT('',(0.022,0.012,0.078));
#3272=CARTESIAN_POINT('',(0.026,0.012,0.078));
#3273=CARTESIAN_POINT('',(0.,0.012,0.108));
#3274=CARTESIAN_POINT('',(0.,0.012,0.112));
#3275=CARTESIAN_POINT('',(0.,0.012,0.078));
#3276=CARTESIAN_POINT('',(0.,0.006,0.078));
#3277=CARTESIAN_POINT('',(0.,0.006,0.078));
#3278=CARTESIAN_POINT('',(0.,0.006,0.042));
#3279=CARTESIAN_POINT('',(0.,0.01,0.078));
#3280=CARTESIAN_POINT('',(0.,0.01,0.042));
#3281=CARTESIAN_POINT('',(0.,0.018,0.11));
#3282=CARTESIAN_POINT('',(0.,0.018,0.108));
#3283=CARTESIAN_POINT('',(0.,0.018,0.104));
#3284=CARTESIAN_POINT('',(0.,0.015,0.108));
#3285=CARTESIAN_POINT('',(-1.7347234759768E-18,0.004,0.078));
#3286=CARTESIAN_POINT('',(0.03,0.004,0.078));
#3287=CARTESIAN_POINT('',(0.0208397511137699,0.004,0.0995801940101596));
#3288=CARTESIAN_POINT('',(0.026,0.004,0.078));
#3289=CARTESIAN_POINT('',(0.022,0.004,0.078));
#3290=CARTESIAN_POINT('',(6.07153216591882E-18,0.004,0.078));
#3291=CARTESIAN_POINT('',(0.0152824841500979,0.004,0.0938254756074503));
#3292=CARTESIAN_POINT('',(0.018061117631934,0.004,0.0967028348088049));
#3293=CARTESIAN_POINT('',(0.,0.006,0.078));
#3294=CARTESIAN_POINT('',(0.,0.01,0.078));
#3295=CARTESIAN_POINT('',(-0.0110036396232045,2.54397134388745E-18,0.000780054940173068));
#3296=MECHANICAL_DESIGN_GEOMETRIC_PRESENTATION_REPRESENTATION('',(#1826,
#1827,#1828,#1829),#3297);
#3297=(
GEOMETRIC_REPRESENTATION_CONTEXT(3)
GLOBAL_UNCERTAINTY_ASSIGNED_CONTEXT((#3302))
GLOBAL_UNIT_ASSIGNED_CONTEXT((#3309,#3308,#3307))
REPRESENTATION_CONTEXT('Assembly 1','TOP_LEVEL_ASSEMBLY_PART')
);
#3298=(
GEOMETRIC_REPRESENTATION_CONTEXT(3)
GLOBAL_UNCERTAINTY_ASSIGNED_CONTEXT((#3303))
GLOBAL_UNIT_ASSIGNED_CONTEXT((#3309,#3308,#3307))
REPRESENTATION_CONTEXT('Sliding Part','COMPONENT_PART')
);
#3299=(
GEOMETRIC_REPRESENTATION_CONTEXT(3)
GLOBAL_UNCERTAINTY_ASSIGNED_CONTEXT((#3304))
GLOBAL_UNIT_ASSIGNED_CONTEXT((#3309,#3308,#3307))
REPRESENTATION_CONTEXT('Crank','COMPONENT_PART')
);
#3300=(
GEOMETRIC_REPRESENTATION_CONTEXT(3)
GLOBAL_UNCERTAINTY_ASSIGNED_CONTEXT((#3305))
GLOBAL_UNIT_ASSIGNED_CONTEXT((#3309,#3308,#3307))
REPRESENTATION_CONTEXT('Base','COMPONENT_PART')
);
#3301=(
GEOMETRIC_REPRESENTATION_CONTEXT(3)
GLOBAL_UNCERTAINTY_ASSIGNED_CONTEXT((#3306))
GLOBAL_UNIT_ASSIGNED_CONTEXT((#3309,#3308,#3307))
REPRESENTATION_CONTEXT('Rolling Disc','COMPONENT_PART')
);
#3302=UNCERTAINTY_MEASURE_WITH_UNIT(LENGTH_MEASURE(1.E-8),#3309,
'DISTANCE_ACCURACY_VALUE','Maximum Tolerance applied to model');
#3303=UNCERTAINTY_MEASURE_WITH_UNIT(LENGTH_MEASURE(1.E-8),#3309,
'DISTANCE_ACCURACY_VALUE','Maximum Tolerance applied to model');
#3304=UNCERTAINTY_MEASURE_WITH_UNIT(LENGTH_MEASURE(2.E-5),#3309,
'DISTANCE_ACCURACY_VALUE','Maximum Tolerance applied to model');
#3305=UNCERTAINTY_MEASURE_WITH_UNIT(LENGTH_MEASURE(2.E-5),#3309,
'DISTANCE_ACCURACY_VALUE','Maximum Tolerance applied to model');
#3306=UNCERTAINTY_MEASURE_WITH_UNIT(LENGTH_MEASURE(1.E-8),#3309,
'DISTANCE_ACCURACY_VALUE','Maximum Tolerance applied to model');
#3307=(
NAMED_UNIT(*)
SI_UNIT($,.STERADIAN.)
SOLID_ANGLE_UNIT()
);
#3308=(
NAMED_UNIT(*)
PLANE_ANGLE_UNIT()
SI_UNIT($,.RADIAN.)
);
#3309=(
LENGTH_UNIT()
NAMED_UNIT(*)
SI_UNIT($,.METRE.)
);
#3310=PRODUCT_DEFINITION_SHAPE('','',#3319);
#3311=PRODUCT_DEFINITION_SHAPE('','',#3320);
#3312=PRODUCT_DEFINITION_SHAPE(' ','NAUO PRDDFN',#51);
#3313=PRODUCT_DEFINITION_SHAPE('','',#3321);
#3314=PRODUCT_DEFINITION_SHAPE(' ','NAUO PRDDFN',#52);
#3315=PRODUCT_DEFINITION_SHAPE('','',#3322);
#3316=PRODUCT_DEFINITION_SHAPE(' ','NAUO PRDDFN',#53);
#3317=PRODUCT_DEFINITION_SHAPE('','',#3323);
#3318=PRODUCT_DEFINITION_SHAPE(' ','NAUO PRDDFN',#54);
#3319=PRODUCT_DEFINITION('','',#3329,#3324);
#3320=PRODUCT_DEFINITION('','',#3330,#3325);
#3321=PRODUCT_DEFINITION('','',#3331,#3326);
#3322=PRODUCT_DEFINITION('','',#3332,#3327);
#3323=PRODUCT_DEFINITION('','',#3333,#3328);
#3324=PRODUCT_DEFINITION_CONTEXT('',#3355,'design');
#3325=PRODUCT_DEFINITION_CONTEXT('',#3355,'design');
#3326=PRODUCT_DEFINITION_CONTEXT('',#3355,'design');
#3327=PRODUCT_DEFINITION_CONTEXT('',#3355,'design');
#3328=PRODUCT_DEFINITION_CONTEXT('',#3355,'design');
#3329=PRODUCT_DEFINITION_FORMATION_WITH_SPECIFIED_SOURCE('','',#3339,
 .NOT_KNOWN.);
#3330=PRODUCT_DEFINITION_FORMATION_WITH_SPECIFIED_SOURCE('','',#3340,
 .NOT_KNOWN.);
#3331=PRODUCT_DEFINITION_FORMATION_WITH_SPECIFIED_SOURCE('','',#3341,
 .NOT_KNOWN.);
#3332=PRODUCT_DEFINITION_FORMATION_WITH_SPECIFIED_SOURCE('','',#3342,
 .NOT_KNOWN.);
#3333=PRODUCT_DEFINITION_FORMATION_WITH_SPECIFIED_SOURCE('','',#3343,
 .NOT_KNOWN.);
#3334=PRODUCT_RELATED_PRODUCT_CATEGORY('','',(#3339));
#3335=PRODUCT_RELATED_PRODUCT_CATEGORY('','',(#3340));
#3336=PRODUCT_RELATED_PRODUCT_CATEGORY('','',(#3341));
#3337=PRODUCT_RELATED_PRODUCT_CATEGORY('','',(#3342));
#3338=PRODUCT_RELATED_PRODUCT_CATEGORY('','',(#3343));
#3339=PRODUCT('Assembly 1','Assembly 1','Assembly 1',(#3349));
#3340=PRODUCT('Sliding Part','Sliding Part','Sliding Part',(#3350));
#3341=PRODUCT('Crank','Crank','Crank',(#3351));
#3342=PRODUCT('Base','Base','Base',(#3352));
#3343=PRODUCT('Rolling Disc','Rolling Disc','Rolling Disc',(#3353));
#3344=PRODUCT_CATEGORY('','');
#3345=PRODUCT_CATEGORY('','');
#3346=PRODUCT_CATEGORY('','');
#3347=PRODUCT_CATEGORY('','');
#3348=PRODUCT_CATEGORY('','');
#3349=PRODUCT_CONTEXT('',#3355,'mechanical');
#3350=PRODUCT_CONTEXT('',#3355,'mechanical');
#3351=PRODUCT_CONTEXT('',#3355,'mechanical');
#3352=PRODUCT_CONTEXT('',#3355,'mechanical');
#3353=PRODUCT_CONTEXT('',#3355,'mechanical');
#3354=APPLICATION_PROTOCOL_DEFINITION('international standard',
'ap242_managed_model_based_3d_engineering',2020,#3355);
#3355=APPLICATION_CONTEXT('managed model based 3d engineering');
ENDSEC;
END-ISO-10303-21;
