ISO-10303-21;
HEADER;
/* Generated by software containing ST-Developer
 * from STEP Tools, Inc. (www.steptools.com) 
 */
/* OPTION: using custom renumber hook */

FILE_DESCRIPTION(
/* description */ ('STEP AP242 Edition 2',
'CAx-IF Rec.Pracs.---Representation and Presentation of Product Manufa
cturing Information (PMI)---4.0---2014-10-13',
'CAx-IF Rec.Pracs.---3D Tessellated Geometry---0.4---2014-09-14','2;1',
'CAx-IF Rec.Pracs.---User Defined Attributes---1.5---2016-08-15'),
/* implementation_level */ '2;1');

FILE_NAME(
/* name */ '6a2aeaba9a93076bf06af66b',
/* time_stamp */ '2026-06-11T17:04:59Z',
/* author */ (''),
/* organization */ (''),
/* preprocessor_version */ 'ST-DEVELOPER v20',
/* originating_system */ 'ONSHAPE BY PTC INC, 1.216',
/* authorisation */ '  ');

FILE_SCHEMA (('AP242_MANAGED_MODEL_BASED_3D_ENGINEERING_MIM_LF { 1 0 10303 442 3 1 4 }'));
ENDSEC;

DATA;
#10=ELLIPSE('',#2333,0.00282842712474619,0.002);
#11=ELLIPSE('',#2335,0.00282842712474619,0.002);
#12=CONTEXT_DEPENDENT_SHAPE_REPRESENTATION(#24,#3645);
#13=CONTEXT_DEPENDENT_SHAPE_REPRESENTATION(#25,#3647);
#14=CONTEXT_DEPENDENT_SHAPE_REPRESENTATION(#26,#3649);
#15=CONTEXT_DEPENDENT_SHAPE_REPRESENTATION(#27,#3651);
#16=CONTEXT_DEPENDENT_SHAPE_REPRESENTATION(#28,#3652);
#17=CONTEXT_DEPENDENT_SHAPE_REPRESENTATION(#29,#3653);
#18=NEXT_ASSEMBLY_USAGE_OCCURRENCE('NAUO1','pin','pin',#3654,#3655,'');
#19=NEXT_ASSEMBLY_USAGE_OCCURRENCE('NAUO2','Link','Link',#3654,#3656,'');
#20=NEXT_ASSEMBLY_USAGE_OCCURRENCE('NAUO3','Base','Base',#3654,#3657,'');
#21=NEXT_ASSEMBLY_USAGE_OCCURRENCE('NAUO4','shaft','shaft',#3654,#3658,
'');
#22=NEXT_ASSEMBLY_USAGE_OCCURRENCE('NAUO5','shaft','shaft',#3654,#3658,
'');
#23=NEXT_ASSEMBLY_USAGE_OCCURRENCE('NAUO6','pin','pin',#3654,#3655,'');
#24=(
REPRESENTATION_RELATIONSHIP(' ',' ',#2062,#2061)
REPRESENTATION_RELATIONSHIP_WITH_TRANSFORMATION(#30)
SHAPE_REPRESENTATION_RELATIONSHIP()
);
#25=(
REPRESENTATION_RELATIONSHIP(' ',' ',#2063,#2061)
REPRESENTATION_RELATIONSHIP_WITH_TRANSFORMATION(#31)
SHAPE_REPRESENTATION_RELATIONSHIP()
);
#26=(
REPRESENTATION_RELATIONSHIP(' ',' ',#2064,#2061)
REPRESENTATION_RELATIONSHIP_WITH_TRANSFORMATION(#32)
SHAPE_REPRESENTATION_RELATIONSHIP()
);
#27=(
REPRESENTATION_RELATIONSHIP(' ',' ',#2065,#2061)
REPRESENTATION_RELATIONSHIP_WITH_TRANSFORMATION(#33)
SHAPE_REPRESENTATION_RELATIONSHIP()
);
#28=(
REPRESENTATION_RELATIONSHIP(' ',' ',#2065,#2061)
REPRESENTATION_RELATIONSHIP_WITH_TRANSFORMATION(#34)
SHAPE_REPRESENTATION_RELATIONSHIP()
);
#29=(
REPRESENTATION_RELATIONSHIP(' ',' ',#2062,#2061)
REPRESENTATION_RELATIONSHIP_WITH_TRANSFORMATION(#35)
SHAPE_REPRESENTATION_RELATIONSHIP()
);
#30=ITEM_DEFINED_TRANSFORMATION(' ',' ',#2066,#2103);
#31=ITEM_DEFINED_TRANSFORMATION(' ',' ',#2066,#2196);
#32=ITEM_DEFINED_TRANSFORMATION(' ',' ',#2066,#2287);
#33=ITEM_DEFINED_TRANSFORMATION(' ',' ',#2066,#2347);
#34=ITEM_DEFINED_TRANSFORMATION(' ',' ',#2066,#2348);
#35=ITEM_DEFINED_TRANSFORMATION(' ',' ',#2066,#2349);
#36=SHAPE_REPRESENTATION_RELATIONSHIP('','',#2062,#40);
#37=SHAPE_REPRESENTATION_RELATIONSHIP('','',#2063,#41);
#38=SHAPE_REPRESENTATION_RELATIONSHIP('','',#2064,#42);
#39=SHAPE_REPRESENTATION_RELATIONSHIP('','',#2065,#43);
#40=ADVANCED_BREP_SHAPE_REPRESENTATION('',(#2052),#3631);
#41=ADVANCED_BREP_SHAPE_REPRESENTATION('',(#2053),#3632);
#42=ADVANCED_BREP_SHAPE_REPRESENTATION('',(#2054),#3633);
#43=ADVANCED_BREP_SHAPE_REPRESENTATION('',(#2055),#3634);
#44=TOROIDAL_SURFACE('',#2095,0.007,0.002);
#45=TOROIDAL_SURFACE('',#2100,0.007,0.002);
#46=TOROIDAL_SURFACE('',#2148,0.008,0.002);
#47=TOROIDAL_SURFACE('',#2155,0.008,0.002);
#48=TOROIDAL_SURFACE('',#2157,0.004,0.002);
#49=TOROIDAL_SURFACE('',#2163,0.008,0.002);
#50=TOROIDAL_SURFACE('',#2165,0.008,0.002);
#51=TOROIDAL_SURFACE('',#2171,0.004,0.002);
#52=TOROIDAL_SURFACE('',#2175,0.008,0.002);
#53=TOROIDAL_SURFACE('',#2177,0.008,0.002);
#54=TOROIDAL_SURFACE('',#2183,0.008,0.002);
#55=TOROIDAL_SURFACE('',#2185,0.004,0.002);
#56=TOROIDAL_SURFACE('',#2191,0.004,0.002);
#57=TOROIDAL_SURFACE('',#2193,0.008,0.002);
#58=TOROIDAL_SURFACE('',#2253,0.0145,0.002);
#59=TOROIDAL_SURFACE('',#2258,0.0145,0.002);
#60=TOROIDAL_SURFACE('',#2263,0.0145,0.002);
#61=TOROIDAL_SURFACE('',#2268,0.0145,0.002);
#62=TOROIDAL_SURFACE('',#2271,0.02,0.002);
#63=TOROIDAL_SURFACE('',#2278,0.02,0.002);
#64=TOROIDAL_SURFACE('',#2280,0.02,0.002);
#65=TOROIDAL_SURFACE('',#2286,0.03,0.002);
#66=TOROIDAL_SURFACE('',#2325,0.007,0.002);
#67=TOROIDAL_SURFACE('',#2330,0.007,0.002);
#68=TOROIDAL_SURFACE('',#2338,0.007,0.002);
#69=TOROIDAL_SURFACE('',#2343,0.007,0.002);
#70=TOROIDAL_SURFACE('',#2346,0.005,0.002);
#71=CYLINDRICAL_SURFACE('',#2074,0.009);
#72=CYLINDRICAL_SURFACE('',#2086,0.004);
#73=CYLINDRICAL_SURFACE('',#2087,0.004);
#74=CYLINDRICAL_SURFACE('',#2090,0.004);
#75=CYLINDRICAL_SURFACE('',#2093,0.002);
#76=CYLINDRICAL_SURFACE('',#2097,0.002);
#77=CYLINDRICAL_SURFACE('',#2098,0.002);
#78=CYLINDRICAL_SURFACE('',#2102,0.002);
#79=CYLINDRICAL_SURFACE('',#2116,0.01);
#80=CYLINDRICAL_SURFACE('',#2124,0.004);
#81=CYLINDRICAL_SURFACE('',#2132,0.01);
#82=CYLINDRICAL_SURFACE('',#2135,0.004);
#83=CYLINDRICAL_SURFACE('',#2136,0.006);
#84=CYLINDRICAL_SURFACE('',#2139,0.006);
#85=CYLINDRICAL_SURFACE('',#2142,0.006);
#86=CYLINDRICAL_SURFACE('',#2145,0.006);
#87=CYLINDRICAL_SURFACE('',#2151,0.002);
#88=CYLINDRICAL_SURFACE('',#2153,0.002);
#89=CYLINDRICAL_SURFACE('',#2159,0.002);
#90=CYLINDRICAL_SURFACE('',#2161,0.002);
#91=CYLINDRICAL_SURFACE('',#2167,0.002);
#92=CYLINDRICAL_SURFACE('',#2169,0.002);
#93=CYLINDRICAL_SURFACE('',#2172,0.002);
#94=CYLINDRICAL_SURFACE('',#2179,0.002);
#95=CYLINDRICAL_SURFACE('',#2181,0.002);
#96=CYLINDRICAL_SURFACE('',#2187,0.002);
#97=CYLINDRICAL_SURFACE('',#2189,0.002);
#98=CYLINDRICAL_SURFACE('',#2195,0.002);
#99=CYLINDRICAL_SURFACE('',#2210,0.022);
#100=CYLINDRICAL_SURFACE('',#2214,0.022);
#101=CYLINDRICAL_SURFACE('',#2222,0.0165);
#102=CYLINDRICAL_SURFACE('',#2225,0.007);
#103=CYLINDRICAL_SURFACE('',#2234,0.022);
#104=CYLINDRICAL_SURFACE('',#2238,0.0165);
#105=CYLINDRICAL_SURFACE('',#2241,0.007);
#106=CYLINDRICAL_SURFACE('',#2249,0.028);
#107=CYLINDRICAL_SURFACE('',#2251,0.002);
#108=CYLINDRICAL_SURFACE('',#2255,0.002);
#109=CYLINDRICAL_SURFACE('',#2256,0.002);
#110=CYLINDRICAL_SURFACE('',#2260,0.002);
#111=CYLINDRICAL_SURFACE('',#2261,0.002);
#112=CYLINDRICAL_SURFACE('',#2265,0.002);
#113=CYLINDRICAL_SURFACE('',#2266,0.002);
#114=CYLINDRICAL_SURFACE('',#2270,0.002);
#115=CYLINDRICAL_SURFACE('',#2274,0.002);
#116=CYLINDRICAL_SURFACE('',#2276,0.002);
#117=CYLINDRICAL_SURFACE('',#2282,0.002);
#118=CYLINDRICAL_SURFACE('',#2284,0.002);
#119=CYLINDRICAL_SURFACE('',#2288,0.009);
#120=CYLINDRICAL_SURFACE('',#2291,0.009);
#121=CYLINDRICAL_SURFACE('',#2294,0.007);
#122=CYLINDRICAL_SURFACE('',#2321,0.004);
#123=CYLINDRICAL_SURFACE('',#2322,0.004);
#124=CYLINDRICAL_SURFACE('',#2323,0.002);
#125=CYLINDRICAL_SURFACE('',#2327,0.002);
#126=CYLINDRICAL_SURFACE('',#2328,0.002);
#127=CYLINDRICAL_SURFACE('',#2332,0.002);
#128=CYLINDRICAL_SURFACE('',#2334,0.002);
#129=CYLINDRICAL_SURFACE('',#2336,0.002);
#130=CYLINDRICAL_SURFACE('',#2340,0.002);
#131=CYLINDRICAL_SURFACE('',#2341,0.002);
#132=CYLINDRICAL_SURFACE('',#2345,0.002);
#133=LINE('',#3049,#260);
#134=LINE('',#3054,#261);
#135=LINE('',#3058,#262);
#136=LINE('',#3062,#263);
#137=LINE('',#3066,#264);
#138=LINE('',#3069,#265);
#139=LINE('',#3070,#266);
#140=LINE('',#3072,#267);
#141=LINE('',#3078,#268);
#142=LINE('',#3079,#269);
#143=LINE('',#3081,#270);
#144=LINE('',#3085,#271);
#145=LINE('',#3089,#272);
#146=LINE('',#3093,#273);
#147=LINE('',#3120,#274);
#148=LINE('',#3123,#275);
#149=LINE('',#3127,#276);
#150=LINE('',#3134,#277);
#151=LINE('',#3136,#278);
#152=LINE('',#3138,#279);
#153=LINE('',#3142,#280);
#154=LINE('',#3145,#281);
#155=LINE('',#3147,#282);
#156=LINE('',#3149,#283);
#157=LINE('',#3154,#284);
#158=LINE('',#3156,#285);
#159=LINE('',#3158,#286);
#160=LINE('',#3162,#287);
#161=LINE('',#3166,#288);
#162=LINE('',#3168,#289);
#163=LINE('',#3170,#290);
#164=LINE('',#3174,#291);
#165=LINE('',#3176,#292);
#166=LINE('',#3182,#293);
#167=LINE('',#3185,#294);
#168=LINE('',#3189,#295);
#169=LINE('',#3193,#296);
#170=LINE('',#3194,#297);
#171=LINE('',#3198,#298);
#172=LINE('',#3202,#299);
#173=LINE('',#3205,#300);
#174=LINE('',#3208,#301);
#175=LINE('',#3210,#302);
#176=LINE('',#3212,#303);
#177=LINE('',#3219,#304);
#178=LINE('',#3221,#305);
#179=LINE('',#3223,#306);
#180=LINE('',#3228,#307);
#181=LINE('',#3230,#308);
#182=LINE('',#3232,#309);
#183=LINE('',#3301,#310);
#184=LINE('',#3306,#311);
#185=LINE('',#3310,#312);
#186=LINE('',#3314,#313);
#187=LINE('',#3317,#314);
#188=LINE('',#3322,#315);
#189=LINE('',#3326,#316);
#190=LINE('',#3330,#317);
#191=LINE('',#3333,#318);
#192=LINE('',#3338,#319);
#193=LINE('',#3342,#320);
#194=LINE('',#3346,#321);
#195=LINE('',#3350,#322);
#196=LINE('',#3355,#323);
#197=LINE('',#3359,#324);
#198=LINE('',#3362,#325);
#199=LINE('',#3363,#326);
#200=LINE('',#3365,#327);
#201=LINE('',#3371,#328);
#202=LINE('',#3374,#329);
#203=LINE('',#3375,#330);
#204=LINE('',#3377,#331);
#205=LINE('',#3381,#332);
#206=LINE('',#3385,#333);
#207=LINE('',#3387,#334);
#208=LINE('',#3389,#335);
#209=LINE('',#3393,#336);
#210=LINE('',#3402,#337);
#211=LINE('',#3403,#338);
#212=LINE('',#3405,#339);
#213=LINE('',#3409,#340);
#214=LINE('',#3414,#341);
#215=LINE('',#3415,#342);
#216=LINE('',#3417,#343);
#217=LINE('',#3419,#344);
#218=LINE('',#3423,#345);
#219=LINE('',#3425,#346);
#220=LINE('',#3427,#347);
#221=LINE('',#3429,#348);
#222=LINE('',#3432,#349);
#223=LINE('',#3433,#350);
#224=LINE('',#3435,#351);
#225=LINE('',#3446,#352);
#226=LINE('',#3447,#353);
#227=LINE('',#3452,#354);
#228=LINE('',#3453,#355);
#229=LINE('',#3455,#356);
#230=LINE('',#3459,#357);
#231=LINE('',#3500,#358);
#232=LINE('',#3505,#359);
#233=LINE('',#3509,#360);
#234=LINE('',#3514,#361);
#235=LINE('',#3531,#362);
#236=LINE('',#3533,#363);
#237=LINE('',#3535,#364);
#238=LINE('',#3539,#365);
#239=LINE('',#3543,#366);
#240=LINE('',#3547,#367);
#241=LINE('',#3556,#368);
#242=LINE('',#3557,#369);
#243=LINE('',#3559,#370);
#244=LINE('',#3560,#371);
#245=LINE('',#3561,#372);
#246=LINE('',#3563,#373);
#247=LINE('',#3565,#374);
#248=LINE('',#3567,#375);
#249=LINE('',#3568,#376);
#250=LINE('',#3570,#377);
#251=LINE('',#3572,#378);
#252=LINE('',#3573,#379);
#253=LINE('',#3575,#380);
#254=LINE('',#3578,#381);
#255=LINE('',#3580,#382);
#256=LINE('',#3590,#383);
#257=LINE('',#3591,#384);
#258=LINE('',#3595,#385);
#259=LINE('',#3599,#386);
#260=VECTOR('',#2356,1.);
#261=VECTOR('',#2359,1.);
#262=VECTOR('',#2362,1.);
#263=VECTOR('',#2365,1.);
#264=VECTOR('',#2370,1.);
#265=VECTOR('',#2371,1.);
#266=VECTOR('',#2372,1.);
#267=VECTOR('',#2375,1.);
#268=VECTOR('',#2382,1.);
#269=VECTOR('',#2383,1.);
#270=VECTOR('',#2386,1.);
#271=VECTOR('',#2389,1.);
#272=VECTOR('',#2394,1.);
#273=VECTOR('',#2397,1.);
#274=VECTOR('',#2442,1.);
#275=VECTOR('',#2443,1.);
#276=VECTOR('',#2446,1.);
#277=VECTOR('',#2453,1.);
#278=VECTOR('',#2454,1.);
#279=VECTOR('',#2455,1.);
#280=VECTOR('',#2460,1.);
#281=VECTOR('',#2461,1.);
#282=VECTOR('',#2462,1.);
#283=VECTOR('',#2463,1.);
#284=VECTOR('',#2468,1.);
#285=VECTOR('',#2469,1.);
#286=VECTOR('',#2470,1.);
#287=VECTOR('',#2473,1.);
#288=VECTOR('',#2476,1.);
#289=VECTOR('',#2477,1.);
#290=VECTOR('',#2478,1.);
#291=VECTOR('',#2481,1.);
#292=VECTOR('',#2484,1.);
#293=VECTOR('',#2491,1.);
#294=VECTOR('',#2492,1.);
#295=VECTOR('',#2495,1.);
#296=VECTOR('',#2498,1.);
#297=VECTOR('',#2499,1.);
#298=VECTOR('',#2502,1.);
#299=VECTOR('',#2505,1.);
#300=VECTOR('',#2510,1.);
#301=VECTOR('',#2511,1.);
#302=VECTOR('',#2512,1.);
#303=VECTOR('',#2513,1.);
#304=VECTOR('',#2520,1.);
#305=VECTOR('',#2521,1.);
#306=VECTOR('',#2522,1.);
#307=VECTOR('',#2527,1.);
#308=VECTOR('',#2528,1.);
#309=VECTOR('',#2529,1.);
#310=VECTOR('',#2664,1.);
#311=VECTOR('',#2667,1.);
#312=VECTOR('',#2670,1.);
#313=VECTOR('',#2673,1.);
#314=VECTOR('',#2676,1.);
#315=VECTOR('',#2679,1.);
#316=VECTOR('',#2682,1.);
#317=VECTOR('',#2685,1.);
#318=VECTOR('',#2688,1.);
#319=VECTOR('',#2691,1.);
#320=VECTOR('',#2694,1.);
#321=VECTOR('',#2697,1.);
#322=VECTOR('',#2702,1.);
#323=VECTOR('',#2705,1.);
#324=VECTOR('',#2710,1.);
#325=VECTOR('',#2711,1.);
#326=VECTOR('',#2712,1.);
#327=VECTOR('',#2715,1.);
#328=VECTOR('',#2722,1.);
#329=VECTOR('',#2723,1.);
#330=VECTOR('',#2724,1.);
#331=VECTOR('',#2727,1.);
#332=VECTOR('',#2730,1.);
#333=VECTOR('',#2735,1.);
#334=VECTOR('',#2736,1.);
#335=VECTOR('',#2737,1.);
#336=VECTOR('',#2742,1.);
#337=VECTOR('',#2753,1.);
#338=VECTOR('',#2754,1.);
#339=VECTOR('',#2757,1.);
#340=VECTOR('',#2760,1.);
#341=VECTOR('',#2765,1.);
#342=VECTOR('',#2766,1.);
#343=VECTOR('',#2769,1.);
#344=VECTOR('',#2770,1.);
#345=VECTOR('',#2775,1.);
#346=VECTOR('',#2778,1.);
#347=VECTOR('',#2779,1.);
#348=VECTOR('',#2782,1.);
#349=VECTOR('',#2783,1.);
#350=VECTOR('',#2784,1.);
#351=VECTOR('',#2787,1.);
#352=VECTOR('',#2800,1.);
#353=VECTOR('',#2801,1.);
#354=VECTOR('',#2806,1.);
#355=VECTOR('',#2807,1.);
#356=VECTOR('',#2810,1.);
#357=VECTOR('',#2813,1.);
#358=VECTOR('',#2894,1.);
#359=VECTOR('',#2897,1.);
#360=VECTOR('',#2902,1.);
#361=VECTOR('',#2905,1.);
#362=VECTOR('',#2924,1.);
#363=VECTOR('',#2925,1.);
#364=VECTOR('',#2926,1.);
#365=VECTOR('',#2931,1.);
#366=VECTOR('',#2934,1.);
#367=VECTOR('',#2937,1.);
#368=VECTOR('',#2946,1.);
#369=VECTOR('',#2947,1.);
#370=VECTOR('',#2950,1.);
#371=VECTOR('',#2951,1.);
#372=VECTOR('',#2952,1.);
#373=VECTOR('',#2953,1.);
#374=VECTOR('',#2954,1.);
#375=VECTOR('',#2957,1.);
#376=VECTOR('',#2958,1.);
#377=VECTOR('',#2959,1.);
#378=VECTOR('',#2960,1.);
#379=VECTOR('',#2961,1.);
#380=VECTOR('',#2964,1.);
#381=VECTOR('',#2965,1.);
#382=VECTOR('',#2966,1.);
#383=VECTOR('',#2977,1.);
#384=VECTOR('',#2978,1.);
#385=VECTOR('',#2983,1.);
#386=VECTOR('',#2986,1.);
#387=ORIENTED_EDGE('',*,*,#939,.T.);
#388=ORIENTED_EDGE('',*,*,#940,.F.);
#389=ORIENTED_EDGE('',*,*,#941,.T.);
#390=ORIENTED_EDGE('',*,*,#942,.T.);
#391=ORIENTED_EDGE('',*,*,#943,.T.);
#392=ORIENTED_EDGE('',*,*,#944,.T.);
#393=ORIENTED_EDGE('',*,*,#945,.T.);
#394=ORIENTED_EDGE('',*,*,#946,.F.);
#395=ORIENTED_EDGE('',*,*,#947,.T.);
#396=ORIENTED_EDGE('',*,*,#948,.F.);
#397=ORIENTED_EDGE('',*,*,#949,.T.);
#398=ORIENTED_EDGE('',*,*,#940,.T.);
#399=ORIENTED_EDGE('',*,*,#950,.T.);
#400=ORIENTED_EDGE('',*,*,#951,.F.);
#401=ORIENTED_EDGE('',*,*,#952,.T.);
#402=ORIENTED_EDGE('',*,*,#948,.T.);
#403=ORIENTED_EDGE('',*,*,#953,.T.);
#404=ORIENTED_EDGE('',*,*,#944,.F.);
#405=ORIENTED_EDGE('',*,*,#954,.T.);
#406=ORIENTED_EDGE('',*,*,#951,.T.);
#407=ORIENTED_EDGE('',*,*,#955,.T.);
#408=ORIENTED_EDGE('',*,*,#942,.F.);
#409=ORIENTED_EDGE('',*,*,#956,.T.);
#410=ORIENTED_EDGE('',*,*,#957,.T.);
#411=ORIENTED_EDGE('',*,*,#958,.T.);
#412=ORIENTED_EDGE('',*,*,#959,.F.);
#413=ORIENTED_EDGE('',*,*,#946,.T.);
#414=ORIENTED_EDGE('',*,*,#960,.T.);
#415=ORIENTED_EDGE('',*,*,#961,.T.);
#416=ORIENTED_EDGE('',*,*,#962,.T.);
#417=ORIENTED_EDGE('',*,*,#963,.F.);
#418=ORIENTED_EDGE('',*,*,#964,.F.);
#419=ORIENTED_EDGE('',*,*,#964,.T.);
#420=ORIENTED_EDGE('',*,*,#963,.T.);
#421=ORIENTED_EDGE('',*,*,#959,.T.);
#422=ORIENTED_EDGE('',*,*,#965,.F.);
#423=ORIENTED_EDGE('',*,*,#965,.T.);
#424=ORIENTED_EDGE('',*,*,#966,.T.);
#425=ORIENTED_EDGE('',*,*,#939,.F.);
#426=ORIENTED_EDGE('',*,*,#966,.F.);
#427=ORIENTED_EDGE('',*,*,#943,.F.);
#428=ORIENTED_EDGE('',*,*,#958,.F.);
#429=ORIENTED_EDGE('',*,*,#967,.F.);
#430=ORIENTED_EDGE('',*,*,#954,.F.);
#431=ORIENTED_EDGE('',*,*,#967,.T.);
#432=ORIENTED_EDGE('',*,*,#957,.F.);
#433=ORIENTED_EDGE('',*,*,#968,.F.);
#434=ORIENTED_EDGE('',*,*,#952,.F.);
#435=ORIENTED_EDGE('',*,*,#968,.T.);
#436=ORIENTED_EDGE('',*,*,#956,.F.);
#437=ORIENTED_EDGE('',*,*,#941,.F.);
#438=ORIENTED_EDGE('',*,*,#949,.F.);
#439=ORIENTED_EDGE('',*,*,#947,.F.);
#440=ORIENTED_EDGE('',*,*,#962,.F.);
#441=ORIENTED_EDGE('',*,*,#969,.F.);
#442=ORIENTED_EDGE('',*,*,#950,.F.);
#443=ORIENTED_EDGE('',*,*,#969,.T.);
#444=ORIENTED_EDGE('',*,*,#961,.F.);
#445=ORIENTED_EDGE('',*,*,#970,.F.);
#446=ORIENTED_EDGE('',*,*,#953,.F.);
#447=ORIENTED_EDGE('',*,*,#970,.T.);
#448=ORIENTED_EDGE('',*,*,#960,.F.);
#449=ORIENTED_EDGE('',*,*,#945,.F.);
#450=ORIENTED_EDGE('',*,*,#955,.F.);
#451=ORIENTED_EDGE('',*,*,#971,.T.);
#452=ORIENTED_EDGE('',*,*,#972,.T.);
#453=ORIENTED_EDGE('',*,*,#973,.T.);
#454=ORIENTED_EDGE('',*,*,#974,.T.);
#455=ORIENTED_EDGE('',*,*,#975,.T.);
#456=ORIENTED_EDGE('',*,*,#976,.T.);
#457=ORIENTED_EDGE('',*,*,#977,.T.);
#458=ORIENTED_EDGE('',*,*,#978,.T.);
#459=ORIENTED_EDGE('',*,*,#979,.T.);
#460=ORIENTED_EDGE('',*,*,#980,.F.);
#461=ORIENTED_EDGE('',*,*,#981,.T.);
#462=ORIENTED_EDGE('',*,*,#982,.T.);
#463=ORIENTED_EDGE('',*,*,#983,.T.);
#464=ORIENTED_EDGE('',*,*,#984,.T.);
#465=ORIENTED_EDGE('',*,*,#985,.T.);
#466=ORIENTED_EDGE('',*,*,#986,.T.);
#467=ORIENTED_EDGE('',*,*,#987,.T.);
#468=ORIENTED_EDGE('',*,*,#988,.T.);
#469=ORIENTED_EDGE('',*,*,#989,.T.);
#470=ORIENTED_EDGE('',*,*,#990,.T.);
#471=ORIENTED_EDGE('',*,*,#991,.T.);
#472=ORIENTED_EDGE('',*,*,#992,.T.);
#473=ORIENTED_EDGE('',*,*,#993,.T.);
#474=ORIENTED_EDGE('',*,*,#994,.T.);
#475=ORIENTED_EDGE('',*,*,#995,.T.);
#476=ORIENTED_EDGE('',*,*,#996,.T.);
#477=ORIENTED_EDGE('',*,*,#997,.T.);
#478=ORIENTED_EDGE('',*,*,#998,.T.);
#479=ORIENTED_EDGE('',*,*,#993,.F.);
#480=ORIENTED_EDGE('',*,*,#999,.T.);
#481=ORIENTED_EDGE('',*,*,#1000,.F.);
#482=ORIENTED_EDGE('',*,*,#1001,.T.);
#483=ORIENTED_EDGE('',*,*,#1002,.T.);
#484=ORIENTED_EDGE('',*,*,#1003,.T.);
#485=ORIENTED_EDGE('',*,*,#1004,.T.);
#486=ORIENTED_EDGE('',*,*,#1005,.T.);
#487=ORIENTED_EDGE('',*,*,#997,.F.);
#488=ORIENTED_EDGE('',*,*,#1006,.T.);
#489=ORIENTED_EDGE('',*,*,#1007,.T.);
#490=ORIENTED_EDGE('',*,*,#1008,.T.);
#491=ORIENTED_EDGE('',*,*,#1009,.T.);
#492=ORIENTED_EDGE('',*,*,#1010,.T.);
#493=ORIENTED_EDGE('',*,*,#975,.F.);
#494=ORIENTED_EDGE('',*,*,#980,.T.);
#495=ORIENTED_EDGE('',*,*,#1011,.T.);
#496=ORIENTED_EDGE('',*,*,#1012,.T.);
#497=ORIENTED_EDGE('',*,*,#1013,.T.);
#498=ORIENTED_EDGE('',*,*,#1014,.T.);
#499=ORIENTED_EDGE('',*,*,#1015,.T.);
#500=ORIENTED_EDGE('',*,*,#1016,.T.);
#501=ORIENTED_EDGE('',*,*,#1017,.T.);
#502=ORIENTED_EDGE('',*,*,#1018,.T.);
#503=ORIENTED_EDGE('',*,*,#1019,.T.);
#504=ORIENTED_EDGE('',*,*,#1020,.T.);
#505=ORIENTED_EDGE('',*,*,#1021,.T.);
#506=ORIENTED_EDGE('',*,*,#1022,.T.);
#507=ORIENTED_EDGE('',*,*,#1023,.T.);
#508=ORIENTED_EDGE('',*,*,#1024,.F.);
#509=ORIENTED_EDGE('',*,*,#987,.F.);
#510=ORIENTED_EDGE('',*,*,#1025,.T.);
#511=ORIENTED_EDGE('',*,*,#1000,.T.);
#512=ORIENTED_EDGE('',*,*,#1026,.T.);
#513=ORIENTED_EDGE('',*,*,#1015,.F.);
#514=ORIENTED_EDGE('',*,*,#1024,.T.);
#515=ORIENTED_EDGE('',*,*,#1022,.F.);
#516=ORIENTED_EDGE('',*,*,#1027,.T.);
#517=ORIENTED_EDGE('',*,*,#981,.F.);
#518=ORIENTED_EDGE('',*,*,#1028,.T.);
#519=ORIENTED_EDGE('',*,*,#983,.F.);
#520=ORIENTED_EDGE('',*,*,#1029,.T.);
#521=ORIENTED_EDGE('',*,*,#971,.F.);
#522=ORIENTED_EDGE('',*,*,#1030,.T.);
#523=ORIENTED_EDGE('',*,*,#978,.F.);
#524=ORIENTED_EDGE('',*,*,#1031,.T.);
#525=ORIENTED_EDGE('',*,*,#1011,.F.);
#526=ORIENTED_EDGE('',*,*,#1032,.T.);
#527=ORIENTED_EDGE('',*,*,#1018,.F.);
#528=ORIENTED_EDGE('',*,*,#1033,.T.);
#529=ORIENTED_EDGE('',*,*,#1013,.F.);
#530=ORIENTED_EDGE('',*,*,#1034,.T.);
#531=ORIENTED_EDGE('',*,*,#1035,.F.);
#532=ORIENTED_EDGE('',*,*,#1031,.F.);
#533=ORIENTED_EDGE('',*,*,#1036,.F.);
#534=ORIENTED_EDGE('',*,*,#1004,.F.);
#535=ORIENTED_EDGE('',*,*,#1036,.T.);
#536=ORIENTED_EDGE('',*,*,#977,.F.);
#537=ORIENTED_EDGE('',*,*,#1037,.F.);
#538=ORIENTED_EDGE('',*,*,#1005,.F.);
#539=ORIENTED_EDGE('',*,*,#1035,.T.);
#540=ORIENTED_EDGE('',*,*,#1003,.F.);
#541=ORIENTED_EDGE('',*,*,#1038,.F.);
#542=ORIENTED_EDGE('',*,*,#1012,.F.);
#543=ORIENTED_EDGE('',*,*,#1037,.T.);
#544=ORIENTED_EDGE('',*,*,#976,.F.);
#545=ORIENTED_EDGE('',*,*,#1039,.F.);
#546=ORIENTED_EDGE('',*,*,#998,.F.);
#547=ORIENTED_EDGE('',*,*,#1038,.T.);
#548=ORIENTED_EDGE('',*,*,#1002,.F.);
#549=ORIENTED_EDGE('',*,*,#1040,.F.);
#550=ORIENTED_EDGE('',*,*,#1034,.F.);
#551=ORIENTED_EDGE('',*,*,#1039,.T.);
#552=ORIENTED_EDGE('',*,*,#979,.F.);
#553=ORIENTED_EDGE('',*,*,#1041,.F.);
#554=ORIENTED_EDGE('',*,*,#994,.F.);
#555=ORIENTED_EDGE('',*,*,#1040,.T.);
#556=ORIENTED_EDGE('',*,*,#1001,.F.);
#557=ORIENTED_EDGE('',*,*,#1042,.F.);
#558=ORIENTED_EDGE('',*,*,#1019,.F.);
#559=ORIENTED_EDGE('',*,*,#1041,.T.);
#560=ORIENTED_EDGE('',*,*,#1032,.F.);
#561=ORIENTED_EDGE('',*,*,#1043,.F.);
#562=ORIENTED_EDGE('',*,*,#995,.F.);
#563=ORIENTED_EDGE('',*,*,#1042,.T.);
#564=ORIENTED_EDGE('',*,*,#1025,.F.);
#565=ORIENTED_EDGE('',*,*,#1044,.F.);
#566=ORIENTED_EDGE('',*,*,#1016,.F.);
#567=ORIENTED_EDGE('',*,*,#1043,.T.);
#568=ORIENTED_EDGE('',*,*,#1014,.F.);
#569=ORIENTED_EDGE('',*,*,#1045,.F.);
#570=ORIENTED_EDGE('',*,*,#996,.F.);
#571=ORIENTED_EDGE('',*,*,#1044,.T.);
#572=ORIENTED_EDGE('',*,*,#986,.F.);
#573=ORIENTED_EDGE('',*,*,#1046,.F.);
#574=ORIENTED_EDGE('',*,*,#1017,.F.);
#575=ORIENTED_EDGE('',*,*,#1045,.T.);
#576=ORIENTED_EDGE('',*,*,#1033,.F.);
#577=ORIENTED_EDGE('',*,*,#1046,.T.);
#578=ORIENTED_EDGE('',*,*,#985,.F.);
#579=ORIENTED_EDGE('',*,*,#1047,.F.);
#580=ORIENTED_EDGE('',*,*,#988,.F.);
#581=ORIENTED_EDGE('',*,*,#1048,.F.);
#582=ORIENTED_EDGE('',*,*,#1023,.F.);
#583=ORIENTED_EDGE('',*,*,#1048,.T.);
#584=ORIENTED_EDGE('',*,*,#1026,.F.);
#585=ORIENTED_EDGE('',*,*,#1049,.F.);
#586=ORIENTED_EDGE('',*,*,#1020,.F.);
#587=ORIENTED_EDGE('',*,*,#1047,.T.);
#588=ORIENTED_EDGE('',*,*,#1028,.F.);
#589=ORIENTED_EDGE('',*,*,#1050,.F.);
#590=ORIENTED_EDGE('',*,*,#989,.F.);
#591=ORIENTED_EDGE('',*,*,#1049,.T.);
#592=ORIENTED_EDGE('',*,*,#1010,.F.);
#593=ORIENTED_EDGE('',*,*,#1051,.F.);
#594=ORIENTED_EDGE('',*,*,#1021,.F.);
#595=ORIENTED_EDGE('',*,*,#1050,.T.);
#596=ORIENTED_EDGE('',*,*,#984,.F.);
#597=ORIENTED_EDGE('',*,*,#1052,.F.);
#598=ORIENTED_EDGE('',*,*,#990,.F.);
#599=ORIENTED_EDGE('',*,*,#1051,.T.);
#600=ORIENTED_EDGE('',*,*,#1009,.F.);
#601=ORIENTED_EDGE('',*,*,#1053,.F.);
#602=ORIENTED_EDGE('',*,*,#1027,.F.);
#603=ORIENTED_EDGE('',*,*,#1052,.T.);
#604=ORIENTED_EDGE('',*,*,#1030,.F.);
#605=ORIENTED_EDGE('',*,*,#1054,.F.);
#606=ORIENTED_EDGE('',*,*,#991,.F.);
#607=ORIENTED_EDGE('',*,*,#1053,.T.);
#608=ORIENTED_EDGE('',*,*,#1008,.F.);
#609=ORIENTED_EDGE('',*,*,#1055,.F.);
#610=ORIENTED_EDGE('',*,*,#982,.F.);
#611=ORIENTED_EDGE('',*,*,#1054,.T.);
#612=ORIENTED_EDGE('',*,*,#974,.F.);
#613=ORIENTED_EDGE('',*,*,#1056,.F.);
#614=ORIENTED_EDGE('',*,*,#992,.F.);
#615=ORIENTED_EDGE('',*,*,#1055,.T.);
#616=ORIENTED_EDGE('',*,*,#1007,.F.);
#617=ORIENTED_EDGE('',*,*,#1057,.F.);
#618=ORIENTED_EDGE('',*,*,#1029,.F.);
#619=ORIENTED_EDGE('',*,*,#1056,.T.);
#620=ORIENTED_EDGE('',*,*,#973,.F.);
#621=ORIENTED_EDGE('',*,*,#1058,.F.);
#622=ORIENTED_EDGE('',*,*,#999,.F.);
#623=ORIENTED_EDGE('',*,*,#1057,.T.);
#624=ORIENTED_EDGE('',*,*,#1006,.F.);
#625=ORIENTED_EDGE('',*,*,#1058,.T.);
#626=ORIENTED_EDGE('',*,*,#972,.F.);
#627=ORIENTED_EDGE('',*,*,#1059,.T.);
#628=ORIENTED_EDGE('',*,*,#1060,.T.);
#629=ORIENTED_EDGE('',*,*,#1061,.T.);
#630=ORIENTED_EDGE('',*,*,#1062,.T.);
#631=ORIENTED_EDGE('',*,*,#1063,.T.);
#632=ORIENTED_EDGE('',*,*,#1064,.T.);
#633=ORIENTED_EDGE('',*,*,#1065,.T.);
#634=ORIENTED_EDGE('',*,*,#1066,.T.);
#635=ORIENTED_EDGE('',*,*,#1067,.F.);
#636=ORIENTED_EDGE('',*,*,#1068,.T.);
#637=ORIENTED_EDGE('',*,*,#1069,.T.);
#638=ORIENTED_EDGE('',*,*,#1070,.T.);
#639=ORIENTED_EDGE('',*,*,#1071,.T.);
#640=ORIENTED_EDGE('',*,*,#1072,.T.);
#641=ORIENTED_EDGE('',*,*,#1073,.F.);
#642=ORIENTED_EDGE('',*,*,#1074,.T.);
#643=ORIENTED_EDGE('',*,*,#1075,.F.);
#644=ORIENTED_EDGE('',*,*,#1076,.T.);
#645=ORIENTED_EDGE('',*,*,#1077,.T.);
#646=ORIENTED_EDGE('',*,*,#1078,.T.);
#647=ORIENTED_EDGE('',*,*,#1079,.T.);
#648=ORIENTED_EDGE('',*,*,#1080,.T.);
#649=ORIENTED_EDGE('',*,*,#1081,.F.);
#650=ORIENTED_EDGE('',*,*,#1082,.T.);
#651=ORIENTED_EDGE('',*,*,#1083,.T.);
#652=ORIENTED_EDGE('',*,*,#1084,.T.);
#653=ORIENTED_EDGE('',*,*,#1085,.F.);
#654=ORIENTED_EDGE('',*,*,#1086,.F.);
#655=ORIENTED_EDGE('',*,*,#1087,.T.);
#656=ORIENTED_EDGE('',*,*,#1088,.T.);
#657=ORIENTED_EDGE('',*,*,#1083,.F.);
#658=ORIENTED_EDGE('',*,*,#1089,.T.);
#659=ORIENTED_EDGE('',*,*,#1090,.T.);
#660=ORIENTED_EDGE('',*,*,#1091,.T.);
#661=ORIENTED_EDGE('',*,*,#1087,.F.);
#662=ORIENTED_EDGE('',*,*,#1092,.F.);
#663=ORIENTED_EDGE('',*,*,#1093,.T.);
#664=ORIENTED_EDGE('',*,*,#1094,.T.);
#665=ORIENTED_EDGE('',*,*,#1090,.F.);
#666=ORIENTED_EDGE('',*,*,#1095,.F.);
#667=ORIENTED_EDGE('',*,*,#1086,.T.);
#668=ORIENTED_EDGE('',*,*,#1096,.T.);
#669=ORIENTED_EDGE('',*,*,#1097,.F.);
#670=ORIENTED_EDGE('',*,*,#1098,.F.);
#671=ORIENTED_EDGE('',*,*,#1099,.T.);
#672=ORIENTED_EDGE('',*,*,#1095,.T.);
#673=ORIENTED_EDGE('',*,*,#1092,.T.);
#674=ORIENTED_EDGE('',*,*,#1089,.F.);
#675=ORIENTED_EDGE('',*,*,#1073,.T.);
#676=ORIENTED_EDGE('',*,*,#1100,.T.);
#677=ORIENTED_EDGE('',*,*,#1101,.F.);
#678=ORIENTED_EDGE('',*,*,#1102,.T.);
#679=ORIENTED_EDGE('',*,*,#1101,.T.);
#680=ORIENTED_EDGE('',*,*,#1103,.T.);
#681=ORIENTED_EDGE('',*,*,#1104,.F.);
#682=ORIENTED_EDGE('',*,*,#1105,.T.);
#683=ORIENTED_EDGE('',*,*,#1106,.T.);
#684=ORIENTED_EDGE('',*,*,#1107,.F.);
#685=ORIENTED_EDGE('',*,*,#1104,.T.);
#686=ORIENTED_EDGE('',*,*,#1108,.T.);
#687=ORIENTED_EDGE('',*,*,#1069,.F.);
#688=ORIENTED_EDGE('',*,*,#1109,.T.);
#689=ORIENTED_EDGE('',*,*,#1106,.F.);
#690=ORIENTED_EDGE('',*,*,#1067,.T.);
#691=ORIENTED_EDGE('',*,*,#1110,.T.);
#692=ORIENTED_EDGE('',*,*,#1111,.T.);
#693=ORIENTED_EDGE('',*,*,#1112,.T.);
#694=ORIENTED_EDGE('',*,*,#1107,.T.);
#695=ORIENTED_EDGE('',*,*,#1113,.T.);
#696=ORIENTED_EDGE('',*,*,#1114,.T.);
#697=ORIENTED_EDGE('',*,*,#1071,.F.);
#698=ORIENTED_EDGE('',*,*,#1115,.T.);
#699=ORIENTED_EDGE('',*,*,#1085,.T.);
#700=ORIENTED_EDGE('',*,*,#1116,.T.);
#701=ORIENTED_EDGE('',*,*,#1117,.F.);
#702=ORIENTED_EDGE('',*,*,#1096,.F.);
#703=ORIENTED_EDGE('',*,*,#1117,.T.);
#704=ORIENTED_EDGE('',*,*,#1118,.T.);
#705=ORIENTED_EDGE('',*,*,#1119,.F.);
#706=ORIENTED_EDGE('',*,*,#1097,.T.);
#707=ORIENTED_EDGE('',*,*,#1119,.T.);
#708=ORIENTED_EDGE('',*,*,#1120,.T.);
#709=ORIENTED_EDGE('',*,*,#1121,.T.);
#710=ORIENTED_EDGE('',*,*,#1098,.T.);
#711=ORIENTED_EDGE('',*,*,#1122,.T.);
#712=ORIENTED_EDGE('',*,*,#1123,.T.);
#713=ORIENTED_EDGE('',*,*,#1079,.F.);
#714=ORIENTED_EDGE('',*,*,#1124,.T.);
#715=ORIENTED_EDGE('',*,*,#1125,.T.);
#716=ORIENTED_EDGE('',*,*,#1126,.T.);
#717=ORIENTED_EDGE('',*,*,#1122,.F.);
#718=ORIENTED_EDGE('',*,*,#1127,.T.);
#719=ORIENTED_EDGE('',*,*,#1128,.F.);
#720=ORIENTED_EDGE('',*,*,#1129,.T.);
#721=ORIENTED_EDGE('',*,*,#1075,.T.);
#722=ORIENTED_EDGE('',*,*,#1130,.T.);
#723=ORIENTED_EDGE('',*,*,#1125,.F.);
#724=ORIENTED_EDGE('',*,*,#1131,.T.);
#725=ORIENTED_EDGE('',*,*,#1128,.T.);
#726=ORIENTED_EDGE('',*,*,#1132,.T.);
#727=ORIENTED_EDGE('',*,*,#1133,.T.);
#728=ORIENTED_EDGE('',*,*,#1077,.F.);
#729=ORIENTED_EDGE('',*,*,#1134,.T.);
#730=ORIENTED_EDGE('',*,*,#1129,.F.);
#731=ORIENTED_EDGE('',*,*,#1081,.T.);
#732=ORIENTED_EDGE('',*,*,#1135,.T.);
#733=ORIENTED_EDGE('',*,*,#1136,.T.);
#734=ORIENTED_EDGE('',*,*,#1137,.T.);
#735=ORIENTED_EDGE('',*,*,#1121,.F.);
#736=ORIENTED_EDGE('',*,*,#1138,.T.);
#737=ORIENTED_EDGE('',*,*,#1093,.F.);
#738=ORIENTED_EDGE('',*,*,#1099,.F.);
#739=ORIENTED_EDGE('',*,*,#1082,.F.);
#740=ORIENTED_EDGE('',*,*,#1137,.F.);
#741=ORIENTED_EDGE('',*,*,#1139,.F.);
#742=ORIENTED_EDGE('',*,*,#1130,.F.);
#743=ORIENTED_EDGE('',*,*,#1139,.T.);
#744=ORIENTED_EDGE('',*,*,#1136,.F.);
#745=ORIENTED_EDGE('',*,*,#1140,.F.);
#746=ORIENTED_EDGE('',*,*,#1126,.F.);
#747=ORIENTED_EDGE('',*,*,#1080,.F.);
#748=ORIENTED_EDGE('',*,*,#1123,.F.);
#749=ORIENTED_EDGE('',*,*,#1140,.T.);
#750=ORIENTED_EDGE('',*,*,#1135,.F.);
#751=ORIENTED_EDGE('',*,*,#1076,.F.);
#752=ORIENTED_EDGE('',*,*,#1131,.F.);
#753=ORIENTED_EDGE('',*,*,#1141,.F.);
#754=ORIENTED_EDGE('',*,*,#1134,.F.);
#755=ORIENTED_EDGE('',*,*,#1141,.T.);
#756=ORIENTED_EDGE('',*,*,#1127,.F.);
#757=ORIENTED_EDGE('',*,*,#1142,.F.);
#758=ORIENTED_EDGE('',*,*,#1132,.F.);
#759=ORIENTED_EDGE('',*,*,#1078,.F.);
#760=ORIENTED_EDGE('',*,*,#1133,.F.);
#761=ORIENTED_EDGE('',*,*,#1142,.T.);
#762=ORIENTED_EDGE('',*,*,#1124,.F.);
#763=ORIENTED_EDGE('',*,*,#1070,.F.);
#764=ORIENTED_EDGE('',*,*,#1108,.F.);
#765=ORIENTED_EDGE('',*,*,#1143,.F.);
#766=ORIENTED_EDGE('',*,*,#1115,.F.);
#767=ORIENTED_EDGE('',*,*,#1143,.T.);
#768=ORIENTED_EDGE('',*,*,#1103,.F.);
#769=ORIENTED_EDGE('',*,*,#1144,.F.);
#770=ORIENTED_EDGE('',*,*,#1113,.F.);
#771=ORIENTED_EDGE('',*,*,#1072,.F.);
#772=ORIENTED_EDGE('',*,*,#1114,.F.);
#773=ORIENTED_EDGE('',*,*,#1144,.T.);
#774=ORIENTED_EDGE('',*,*,#1100,.F.);
#775=ORIENTED_EDGE('',*,*,#1068,.F.);
#776=ORIENTED_EDGE('',*,*,#1112,.F.);
#777=ORIENTED_EDGE('',*,*,#1145,.F.);
#778=ORIENTED_EDGE('',*,*,#1109,.F.);
#779=ORIENTED_EDGE('',*,*,#1145,.T.);
#780=ORIENTED_EDGE('',*,*,#1111,.F.);
#781=ORIENTED_EDGE('',*,*,#1146,.F.);
#782=ORIENTED_EDGE('',*,*,#1105,.F.);
#783=ORIENTED_EDGE('',*,*,#1074,.F.);
#784=ORIENTED_EDGE('',*,*,#1102,.F.);
#785=ORIENTED_EDGE('',*,*,#1146,.T.);
#786=ORIENTED_EDGE('',*,*,#1110,.F.);
#787=ORIENTED_EDGE('',*,*,#1147,.F.);
#788=ORIENTED_EDGE('',*,*,#1084,.F.);
#789=ORIENTED_EDGE('',*,*,#1148,.F.);
#790=ORIENTED_EDGE('',*,*,#1064,.F.);
#791=ORIENTED_EDGE('',*,*,#1148,.T.);
#792=ORIENTED_EDGE('',*,*,#1088,.F.);
#793=ORIENTED_EDGE('',*,*,#1149,.F.);
#794=ORIENTED_EDGE('',*,*,#1065,.F.);
#795=ORIENTED_EDGE('',*,*,#1147,.T.);
#796=ORIENTED_EDGE('',*,*,#1063,.F.);
#797=ORIENTED_EDGE('',*,*,#1150,.F.);
#798=ORIENTED_EDGE('',*,*,#1116,.F.);
#799=ORIENTED_EDGE('',*,*,#1149,.T.);
#800=ORIENTED_EDGE('',*,*,#1091,.F.);
#801=ORIENTED_EDGE('',*,*,#1151,.F.);
#802=ORIENTED_EDGE('',*,*,#1066,.F.);
#803=ORIENTED_EDGE('',*,*,#1150,.T.);
#804=ORIENTED_EDGE('',*,*,#1062,.F.);
#805=ORIENTED_EDGE('',*,*,#1152,.F.);
#806=ORIENTED_EDGE('',*,*,#1118,.F.);
#807=ORIENTED_EDGE('',*,*,#1151,.T.);
#808=ORIENTED_EDGE('',*,*,#1094,.F.);
#809=ORIENTED_EDGE('',*,*,#1153,.F.);
#810=ORIENTED_EDGE('',*,*,#1059,.F.);
#811=ORIENTED_EDGE('',*,*,#1152,.T.);
#812=ORIENTED_EDGE('',*,*,#1061,.F.);
#813=ORIENTED_EDGE('',*,*,#1154,.F.);
#814=ORIENTED_EDGE('',*,*,#1120,.F.);
#815=ORIENTED_EDGE('',*,*,#1153,.T.);
#816=ORIENTED_EDGE('',*,*,#1138,.F.);
#817=ORIENTED_EDGE('',*,*,#1154,.T.);
#818=ORIENTED_EDGE('',*,*,#1060,.F.);
#819=ORIENTED_EDGE('',*,*,#1155,.F.);
#820=ORIENTED_EDGE('',*,*,#1156,.T.);
#821=ORIENTED_EDGE('',*,*,#1157,.F.);
#822=ORIENTED_EDGE('',*,*,#1158,.T.);
#823=ORIENTED_EDGE('',*,*,#1159,.F.);
#824=ORIENTED_EDGE('',*,*,#1160,.T.);
#825=ORIENTED_EDGE('',*,*,#1161,.F.);
#826=ORIENTED_EDGE('',*,*,#1162,.T.);
#827=ORIENTED_EDGE('',*,*,#1163,.T.);
#828=ORIENTED_EDGE('',*,*,#1164,.F.);
#829=ORIENTED_EDGE('',*,*,#1165,.T.);
#830=ORIENTED_EDGE('',*,*,#1166,.F.);
#831=ORIENTED_EDGE('',*,*,#1167,.T.);
#832=ORIENTED_EDGE('',*,*,#1168,.T.);
#833=ORIENTED_EDGE('',*,*,#1169,.F.);
#834=ORIENTED_EDGE('',*,*,#1170,.T.);
#835=ORIENTED_EDGE('',*,*,#1164,.T.);
#836=ORIENTED_EDGE('',*,*,#1169,.T.);
#837=ORIENTED_EDGE('',*,*,#1171,.T.);
#838=ORIENTED_EDGE('',*,*,#1172,.F.);
#839=ORIENTED_EDGE('',*,*,#1173,.T.);
#840=ORIENTED_EDGE('',*,*,#1174,.F.);
#841=ORIENTED_EDGE('',*,*,#1175,.T.);
#842=ORIENTED_EDGE('',*,*,#1176,.T.);
#843=ORIENTED_EDGE('',*,*,#1177,.T.);
#844=ORIENTED_EDGE('',*,*,#1178,.T.);
#845=ORIENTED_EDGE('',*,*,#1179,.T.);
#846=ORIENTED_EDGE('',*,*,#1180,.T.);
#847=ORIENTED_EDGE('',*,*,#1174,.T.);
#848=ORIENTED_EDGE('',*,*,#1181,.T.);
#849=ORIENTED_EDGE('',*,*,#1161,.T.);
#850=ORIENTED_EDGE('',*,*,#1182,.T.);
#851=ORIENTED_EDGE('',*,*,#1176,.F.);
#852=ORIENTED_EDGE('',*,*,#1183,.T.);
#853=ORIENTED_EDGE('',*,*,#1157,.T.);
#854=ORIENTED_EDGE('',*,*,#1184,.T.);
#855=ORIENTED_EDGE('',*,*,#1185,.T.);
#856=ORIENTED_EDGE('',*,*,#1186,.T.);
#857=ORIENTED_EDGE('',*,*,#1172,.T.);
#858=ORIENTED_EDGE('',*,*,#1187,.T.);
#859=ORIENTED_EDGE('',*,*,#1159,.T.);
#860=ORIENTED_EDGE('',*,*,#1188,.T.);
#861=ORIENTED_EDGE('',*,*,#1189,.T.);
#862=ORIENTED_EDGE('',*,*,#1190,.T.);
#863=ORIENTED_EDGE('',*,*,#1155,.T.);
#864=ORIENTED_EDGE('',*,*,#1191,.T.);
#865=ORIENTED_EDGE('',*,*,#1192,.T.);
#866=ORIENTED_EDGE('',*,*,#1193,.T.);
#867=ORIENTED_EDGE('',*,*,#1194,.F.);
#868=ORIENTED_EDGE('',*,*,#1195,.T.);
#869=ORIENTED_EDGE('',*,*,#1189,.F.);
#870=ORIENTED_EDGE('',*,*,#1196,.T.);
#871=ORIENTED_EDGE('',*,*,#1197,.F.);
#872=ORIENTED_EDGE('',*,*,#1198,.T.);
#873=ORIENTED_EDGE('',*,*,#1199,.T.);
#874=ORIENTED_EDGE('',*,*,#1194,.T.);
#875=ORIENTED_EDGE('',*,*,#1200,.T.);
#876=ORIENTED_EDGE('',*,*,#1201,.F.);
#877=ORIENTED_EDGE('',*,*,#1192,.F.);
#878=ORIENTED_EDGE('',*,*,#1202,.T.);
#879=ORIENTED_EDGE('',*,*,#1203,.T.);
#880=ORIENTED_EDGE('',*,*,#1204,.T.);
#881=ORIENTED_EDGE('',*,*,#1201,.T.);
#882=ORIENTED_EDGE('',*,*,#1166,.T.);
#883=ORIENTED_EDGE('',*,*,#1178,.F.);
#884=ORIENTED_EDGE('',*,*,#1197,.T.);
#885=ORIENTED_EDGE('',*,*,#1177,.F.);
#886=ORIENTED_EDGE('',*,*,#1182,.F.);
#887=ORIENTED_EDGE('',*,*,#1205,.F.);
#888=ORIENTED_EDGE('',*,*,#1170,.F.);
#889=ORIENTED_EDGE('',*,*,#1205,.T.);
#890=ORIENTED_EDGE('',*,*,#1160,.F.);
#891=ORIENTED_EDGE('',*,*,#1206,.F.);
#892=ORIENTED_EDGE('',*,*,#1167,.F.);
#893=ORIENTED_EDGE('',*,*,#1206,.T.);
#894=ORIENTED_EDGE('',*,*,#1187,.F.);
#895=ORIENTED_EDGE('',*,*,#1171,.F.);
#896=ORIENTED_EDGE('',*,*,#1168,.F.);
#897=ORIENTED_EDGE('',*,*,#1196,.F.);
#898=ORIENTED_EDGE('',*,*,#1188,.F.);
#899=ORIENTED_EDGE('',*,*,#1207,.F.);
#900=ORIENTED_EDGE('',*,*,#1202,.F.);
#901=ORIENTED_EDGE('',*,*,#1207,.T.);
#902=ORIENTED_EDGE('',*,*,#1162,.F.);
#903=ORIENTED_EDGE('',*,*,#1208,.F.);
#904=ORIENTED_EDGE('',*,*,#1203,.F.);
#905=ORIENTED_EDGE('',*,*,#1208,.T.);
#906=ORIENTED_EDGE('',*,*,#1186,.F.);
#907=ORIENTED_EDGE('',*,*,#1209,.F.);
#908=ORIENTED_EDGE('',*,*,#1204,.F.);
#909=ORIENTED_EDGE('',*,*,#1209,.T.);
#910=ORIENTED_EDGE('',*,*,#1185,.F.);
#911=ORIENTED_EDGE('',*,*,#1210,.F.);
#912=ORIENTED_EDGE('',*,*,#1193,.F.);
#913=ORIENTED_EDGE('',*,*,#1210,.T.);
#914=ORIENTED_EDGE('',*,*,#1184,.F.);
#915=ORIENTED_EDGE('',*,*,#1211,.F.);
#916=ORIENTED_EDGE('',*,*,#1200,.F.);
#917=ORIENTED_EDGE('',*,*,#1211,.T.);
#918=ORIENTED_EDGE('',*,*,#1156,.F.);
#919=ORIENTED_EDGE('',*,*,#1212,.F.);
#920=ORIENTED_EDGE('',*,*,#1198,.F.);
#921=ORIENTED_EDGE('',*,*,#1195,.F.);
#922=ORIENTED_EDGE('',*,*,#1199,.F.);
#923=ORIENTED_EDGE('',*,*,#1212,.T.);
#924=ORIENTED_EDGE('',*,*,#1190,.F.);
#925=ORIENTED_EDGE('',*,*,#1173,.F.);
#926=ORIENTED_EDGE('',*,*,#1191,.F.);
#927=ORIENTED_EDGE('',*,*,#1213,.F.);
#928=ORIENTED_EDGE('',*,*,#1181,.F.);
#929=ORIENTED_EDGE('',*,*,#1213,.T.);
#930=ORIENTED_EDGE('',*,*,#1158,.F.);
#931=ORIENTED_EDGE('',*,*,#1214,.F.);
#932=ORIENTED_EDGE('',*,*,#1179,.F.);
#933=ORIENTED_EDGE('',*,*,#1214,.T.);
#934=ORIENTED_EDGE('',*,*,#1183,.F.);
#935=ORIENTED_EDGE('',*,*,#1175,.F.);
#936=ORIENTED_EDGE('',*,*,#1180,.F.);
#937=ORIENTED_EDGE('',*,*,#1165,.F.);
#938=ORIENTED_EDGE('',*,*,#1163,.F.);
#939=EDGE_CURVE('',#1215,#1215,#1388,.T.);
#940=EDGE_CURVE('',#1216,#1217,#133,.T.);
#941=EDGE_CURVE('',#1216,#1218,#1389,.T.);
#942=EDGE_CURVE('',#1218,#1219,#134,.T.);
#943=EDGE_CURVE('',#1219,#1220,#1390,.T.);
#944=EDGE_CURVE('',#1220,#1221,#135,.T.);
#945=EDGE_CURVE('',#1221,#1222,#1391,.T.);
#946=EDGE_CURVE('',#1223,#1222,#136,.T.);
#947=EDGE_CURVE('',#1223,#1217,#1392,.T.);
#948=EDGE_CURVE('',#1224,#1225,#137,.T.);
#949=EDGE_CURVE('',#1224,#1216,#138,.T.);
#950=EDGE_CURVE('',#1217,#1225,#139,.F.);
#951=EDGE_CURVE('',#1226,#1227,#140,.T.);
#952=EDGE_CURVE('',#1226,#1224,#1393,.F.);
#953=EDGE_CURVE('',#1225,#1227,#1394,.T.);
#954=EDGE_CURVE('',#1220,#1226,#141,.F.);
#955=EDGE_CURVE('',#1227,#1221,#142,.T.);
#956=EDGE_CURVE('',#1218,#1228,#143,.F.);
#957=EDGE_CURVE('',#1228,#1229,#1395,.T.);
#958=EDGE_CURVE('',#1229,#1219,#144,.T.);
#959=EDGE_CURVE('',#1230,#1230,#1396,.T.);
#960=EDGE_CURVE('',#1222,#1231,#145,.F.);
#961=EDGE_CURVE('',#1231,#1232,#1397,.F.);
#962=EDGE_CURVE('',#1232,#1223,#146,.T.);
#963=EDGE_CURVE('',#1233,#1233,#1398,.F.);
#964=EDGE_CURVE('',#1234,#1234,#1399,.T.);
#965=EDGE_CURVE('',#1235,#1235,#1400,.T.);
#966=EDGE_CURVE('',#1236,#1236,#1401,.T.);
#967=EDGE_CURVE('',#1226,#1229,#1402,.T.);
#968=EDGE_CURVE('',#1224,#1228,#1403,.T.);
#969=EDGE_CURVE('',#1225,#1232,#1404,.T.);
#970=EDGE_CURVE('',#1227,#1231,#1405,.T.);
#971=EDGE_CURVE('',#1237,#1238,#147,.T.);
#972=EDGE_CURVE('',#1238,#1239,#148,.T.);
#973=EDGE_CURVE('',#1239,#1240,#1406,.F.);
#974=EDGE_CURVE('',#1240,#1237,#149,.T.);
#975=EDGE_CURVE('',#1241,#1241,#1407,.T.);
#976=EDGE_CURVE('',#1242,#1243,#1408,.F.);
#977=EDGE_CURVE('',#1243,#1244,#150,.T.);
#978=EDGE_CURVE('',#1244,#1245,#151,.T.);
#979=EDGE_CURVE('',#1245,#1242,#152,.T.);
#980=EDGE_CURVE('',#1246,#1246,#1409,.T.);
#981=EDGE_CURVE('',#1247,#1248,#153,.F.);
#982=EDGE_CURVE('',#1248,#1249,#154,.F.);
#983=EDGE_CURVE('',#1249,#1250,#155,.F.);
#984=EDGE_CURVE('',#1250,#1247,#156,.T.);
#985=EDGE_CURVE('',#1251,#1252,#1410,.T.);
#986=EDGE_CURVE('',#1252,#1253,#157,.F.);
#987=EDGE_CURVE('',#1253,#1254,#158,.T.);
#988=EDGE_CURVE('',#1254,#1255,#159,.F.);
#989=EDGE_CURVE('',#1255,#1256,#1411,.F.);
#990=EDGE_CURVE('',#1256,#1257,#160,.F.);
#991=EDGE_CURVE('',#1257,#1258,#1412,.T.);
#992=EDGE_CURVE('',#1258,#1259,#161,.F.);
#993=EDGE_CURVE('',#1259,#1260,#162,.T.);
#994=EDGE_CURVE('',#1260,#1261,#163,.F.);
#995=EDGE_CURVE('',#1261,#1262,#1413,.F.);
#996=EDGE_CURVE('',#1262,#1251,#164,.F.);
#997=EDGE_CURVE('',#1263,#1264,#165,.T.);
#998=EDGE_CURVE('',#1264,#1260,#1414,.T.);
#999=EDGE_CURVE('',#1259,#1263,#1415,.T.);
#1000=EDGE_CURVE('',#1265,#1266,#166,.T.);
#1001=EDGE_CURVE('',#1265,#1267,#167,.F.);
#1002=EDGE_CURVE('',#1267,#1268,#1416,.T.);
#1003=EDGE_CURVE('',#1268,#1269,#168,.T.);
#1004=EDGE_CURVE('',#1269,#1270,#1417,.F.);
#1005=EDGE_CURVE('',#1270,#1264,#169,.F.);
#1006=EDGE_CURVE('',#1263,#1271,#170,.F.);
#1007=EDGE_CURVE('',#1271,#1272,#1418,.T.);
#1008=EDGE_CURVE('',#1272,#1273,#171,.T.);
#1009=EDGE_CURVE('',#1273,#1274,#1419,.F.);
#1010=EDGE_CURVE('',#1274,#1266,#172,.F.);
#1011=EDGE_CURVE('',#1275,#1276,#173,.F.);
#1012=EDGE_CURVE('',#1276,#1277,#174,.F.);
#1013=EDGE_CURVE('',#1277,#1278,#175,.F.);
#1014=EDGE_CURVE('',#1278,#1275,#176,.T.);
#1015=EDGE_CURVE('',#1279,#1279,#1420,.T.);
#1016=EDGE_CURVE('',#1280,#1281,#1421,.F.);
#1017=EDGE_CURVE('',#1281,#1282,#177,.T.);
#1018=EDGE_CURVE('',#1282,#1283,#178,.T.);
#1019=EDGE_CURVE('',#1283,#1280,#179,.T.);
#1020=EDGE_CURVE('',#1284,#1285,#1422,.F.);
#1021=EDGE_CURVE('',#1285,#1286,#180,.T.);
#1022=EDGE_CURVE('',#1286,#1287,#181,.T.);
#1023=EDGE_CURVE('',#1287,#1284,#182,.T.);
#1024=EDGE_CURVE('',#1288,#1288,#1423,.T.);
#1025=EDGE_CURVE('',#1253,#1265,#1424,.T.);
#1026=EDGE_CURVE('',#1266,#1254,#1425,.T.);
#1027=EDGE_CURVE('',#1286,#1248,#1426,.T.);
#1028=EDGE_CURVE('',#1247,#1287,#1427,.T.);
#1029=EDGE_CURVE('',#1249,#1238,#1428,.F.);
#1030=EDGE_CURVE('',#1237,#1250,#1429,.F.);
#1031=EDGE_CURVE('',#1244,#1276,#1430,.T.);
#1032=EDGE_CURVE('',#1275,#1245,#1431,.T.);
#1033=EDGE_CURVE('',#1282,#1278,#1432,.F.);
#1034=EDGE_CURVE('',#1277,#1283,#1433,.F.);
#1035=EDGE_CURVE('',#1276,#1269,#1434,.T.);
#1036=EDGE_CURVE('',#1270,#1244,#1435,.T.);
#1037=EDGE_CURVE('',#1264,#1243,#1436,.T.);
#1038=EDGE_CURVE('',#1277,#1268,#1437,.T.);
#1039=EDGE_CURVE('',#1260,#1242,#1438,.T.);
#1040=EDGE_CURVE('',#1283,#1267,#1439,.T.);
#1041=EDGE_CURVE('',#1261,#1245,#1440,.T.);
#1042=EDGE_CURVE('',#1280,#1265,#1441,.T.);
#1043=EDGE_CURVE('',#1262,#1275,#1442,.T.);
#1044=EDGE_CURVE('',#1281,#1253,#1443,.T.);
#1045=EDGE_CURVE('',#1251,#1278,#1444,.T.);
#1046=EDGE_CURVE('',#1282,#1252,#1445,.T.);
#1047=EDGE_CURVE('',#1255,#1287,#1446,.T.);
#1048=EDGE_CURVE('',#1284,#1254,#1447,.T.);
#1049=EDGE_CURVE('',#1285,#1266,#1448,.T.);
#1050=EDGE_CURVE('',#1256,#1247,#1449,.T.);
#1051=EDGE_CURVE('',#1286,#1274,#1450,.T.);
#1052=EDGE_CURVE('',#1257,#1250,#1451,.T.);
#1053=EDGE_CURVE('',#1248,#1273,#1452,.T.);
#1054=EDGE_CURVE('',#1258,#1237,#1453,.T.);
#1055=EDGE_CURVE('',#1249,#1272,#1454,.T.);
#1056=EDGE_CURVE('',#1259,#1240,#1455,.T.);
#1057=EDGE_CURVE('',#1238,#1271,#1456,.T.);
#1058=EDGE_CURVE('',#1263,#1239,#1457,.T.);
#1059=EDGE_CURVE('',#1289,#1290,#183,.F.);
#1060=EDGE_CURVE('',#1290,#1291,#1458,.F.);
#1061=EDGE_CURVE('',#1291,#1292,#184,.T.);
#1062=EDGE_CURVE('',#1292,#1293,#1459,.T.);
#1063=EDGE_CURVE('',#1293,#1294,#185,.F.);
#1064=EDGE_CURVE('',#1294,#1295,#1460,.T.);
#1065=EDGE_CURVE('',#1295,#1296,#186,.T.);
#1066=EDGE_CURVE('',#1296,#1289,#1461,.T.);
#1067=EDGE_CURVE('',#1297,#1298,#187,.T.);
#1068=EDGE_CURVE('',#1297,#1299,#1462,.F.);
#1069=EDGE_CURVE('',#1299,#1300,#188,.T.);
#1070=EDGE_CURVE('',#1300,#1301,#1463,.F.);
#1071=EDGE_CURVE('',#1301,#1302,#189,.T.);
#1072=EDGE_CURVE('',#1302,#1303,#1464,.F.);
#1073=EDGE_CURVE('',#1304,#1303,#190,.T.);
#1074=EDGE_CURVE('',#1304,#1298,#1465,.F.);
#1075=EDGE_CURVE('',#1305,#1306,#191,.T.);
#1076=EDGE_CURVE('',#1305,#1307,#1466,.F.);
#1077=EDGE_CURVE('',#1307,#1308,#192,.T.);
#1078=EDGE_CURVE('',#1308,#1309,#1467,.F.);
#1079=EDGE_CURVE('',#1309,#1310,#193,.T.);
#1080=EDGE_CURVE('',#1310,#1311,#1468,.F.);
#1081=EDGE_CURVE('',#1312,#1311,#194,.T.);
#1082=EDGE_CURVE('',#1312,#1306,#1469,.F.);
#1083=EDGE_CURVE('',#1313,#1314,#195,.T.);
#1084=EDGE_CURVE('',#1314,#1315,#1470,.F.);
#1085=EDGE_CURVE('',#1316,#1315,#196,.T.);
#1086=EDGE_CURVE('',#1313,#1316,#1471,.T.);
#1087=EDGE_CURVE('',#1317,#1318,#197,.T.);
#1088=EDGE_CURVE('',#1318,#1314,#198,.F.);
#1089=EDGE_CURVE('',#1313,#1317,#199,.T.);
#1090=EDGE_CURVE('',#1319,#1320,#200,.T.);
#1091=EDGE_CURVE('',#1320,#1318,#1472,.F.);
#1092=EDGE_CURVE('',#1319,#1317,#1473,.T.);
#1093=EDGE_CURVE('',#1321,#1322,#201,.T.);
#1094=EDGE_CURVE('',#1322,#1320,#202,.T.);
#1095=EDGE_CURVE('',#1321,#1319,#203,.T.);
#1096=EDGE_CURVE('',#1316,#1323,#204,.T.);
#1097=EDGE_CURVE('',#1324,#1323,#1474,.T.);
#1098=EDGE_CURVE('',#1325,#1324,#205,.T.);
#1099=EDGE_CURVE('',#1325,#1321,#1475,.T.);
#1100=EDGE_CURVE('',#1303,#1326,#206,.T.);
#1101=EDGE_CURVE('',#1327,#1326,#207,.T.);
#1102=EDGE_CURVE('',#1327,#1304,#208,.F.);
#1103=EDGE_CURVE('',#1326,#1328,#1476,.T.);
#1104=EDGE_CURVE('',#1329,#1328,#209,.T.);
#1105=EDGE_CURVE('',#1329,#1327,#1477,.F.);
#1106=EDGE_CURVE('',#1330,#1330,#1478,.T.);
#1107=EDGE_CURVE('',#1331,#1331,#1479,.T.);
#1108=EDGE_CURVE('',#1328,#1300,#210,.F.);
#1109=EDGE_CURVE('',#1299,#1329,#211,.T.);
#1110=EDGE_CURVE('',#1298,#1332,#212,.T.);
#1111=EDGE_CURVE('',#1332,#1333,#1480,.T.);
#1112=EDGE_CURVE('',#1333,#1297,#213,.F.);
#1113=EDGE_CURVE('',#1334,#1335,#1481,.F.);
#1114=EDGE_CURVE('',#1335,#1302,#214,.F.);
#1115=EDGE_CURVE('',#1301,#1334,#215,.T.);
#1116=EDGE_CURVE('',#1315,#1336,#216,.T.);
#1117=EDGE_CURVE('',#1323,#1336,#217,.T.);
#1118=EDGE_CURVE('',#1336,#1337,#1482,.F.);
#1119=EDGE_CURVE('',#1324,#1337,#218,.T.);
#1120=EDGE_CURVE('',#1337,#1338,#219,.F.);
#1121=EDGE_CURVE('',#1338,#1325,#220,.F.);
#1122=EDGE_CURVE('',#1339,#1340,#221,.T.);
#1123=EDGE_CURVE('',#1340,#1310,#222,.F.);
#1124=EDGE_CURVE('',#1309,#1339,#223,.T.);
#1125=EDGE_CURVE('',#1341,#1342,#224,.T.);
#1126=EDGE_CURVE('',#1342,#1340,#1483,.T.);
#1127=EDGE_CURVE('',#1339,#1341,#1484,.F.);
#1128=EDGE_CURVE('',#1343,#1343,#1485,.T.);
#1129=EDGE_CURVE('',#1344,#1344,#1486,.T.);
#1130=EDGE_CURVE('',#1306,#1342,#225,.T.);
#1131=EDGE_CURVE('',#1341,#1305,#226,.F.);
#1132=EDGE_CURVE('',#1345,#1346,#1487,.T.);
#1133=EDGE_CURVE('',#1346,#1308,#227,.F.);
#1134=EDGE_CURVE('',#1307,#1345,#228,.T.);
#1135=EDGE_CURVE('',#1311,#1347,#229,.T.);
#1136=EDGE_CURVE('',#1347,#1348,#1488,.F.);
#1137=EDGE_CURVE('',#1348,#1312,#230,.F.);
#1138=EDGE_CURVE('',#1338,#1322,#1489,.T.);
#1139=EDGE_CURVE('',#1342,#1348,#1490,.T.);
#1140=EDGE_CURVE('',#1340,#1347,#1491,.T.);
#1141=EDGE_CURVE('',#1345,#1341,#1492,.T.);
#1142=EDGE_CURVE('',#1346,#1339,#1493,.T.);
#1143=EDGE_CURVE('',#1334,#1328,#1494,.T.);
#1144=EDGE_CURVE('',#1335,#1326,#1495,.T.);
#1145=EDGE_CURVE('',#1329,#1333,#1496,.T.);
#1146=EDGE_CURVE('',#1327,#1332,#1497,.T.);
#1147=EDGE_CURVE('',#1315,#1294,#1498,.T.);
#1148=EDGE_CURVE('',#1295,#1314,#1499,.T.);
#1149=EDGE_CURVE('',#1296,#1318,#1500,.T.);
#1150=EDGE_CURVE('',#1336,#1293,#1501,.T.);
#1151=EDGE_CURVE('',#1289,#1320,#1502,.T.);
#1152=EDGE_CURVE('',#1337,#1292,#1503,.T.);
#1153=EDGE_CURVE('',#1290,#1322,#1504,.T.);
#1154=EDGE_CURVE('',#1338,#1291,#1505,.T.);
#1155=EDGE_CURVE('',#1349,#1350,#231,.F.);
#1156=EDGE_CURVE('',#1349,#1351,#1506,.T.);
#1157=EDGE_CURVE('',#1352,#1351,#232,.F.);
#1158=EDGE_CURVE('',#1352,#1350,#1507,.F.);
#1159=EDGE_CURVE('',#1353,#1354,#233,.F.);
#1160=EDGE_CURVE('',#1353,#1355,#1508,.T.);
#1161=EDGE_CURVE('',#1356,#1355,#234,.F.);
#1162=EDGE_CURVE('',#1356,#1354,#1509,.T.);
#1163=EDGE_CURVE('',#1357,#1357,#1510,.T.);
#1164=EDGE_CURVE('',#1358,#1358,#1511,.T.);
#1165=EDGE_CURVE('',#1359,#1359,#1512,.F.);
#1166=EDGE_CURVE('',#1360,#1360,#1513,.F.);
#1167=EDGE_CURVE('',#1361,#1362,#1514,.F.);
#1168=EDGE_CURVE('',#1362,#1363,#235,.T.);
#1169=EDGE_CURVE('',#1364,#1363,#236,.T.);
#1170=EDGE_CURVE('',#1364,#1361,#237,.F.);
#1171=EDGE_CURVE('',#1363,#1365,#1515,.T.);
#1172=EDGE_CURVE('',#1366,#1365,#238,.T.);
#1173=EDGE_CURVE('',#1366,#1367,#1516,.T.);
#1174=EDGE_CURVE('',#1368,#1367,#239,.T.);
#1175=EDGE_CURVE('',#1368,#1369,#1517,.T.);
#1176=EDGE_CURVE('',#1369,#1370,#240,.T.);
#1177=EDGE_CURVE('',#1370,#1364,#1518,.T.);
#1178=EDGE_CURVE('',#1371,#1371,#1519,.T.);
#1179=EDGE_CURVE('',#1372,#1373,#1520,.T.);
#1180=EDGE_CURVE('',#1373,#1368,#241,.T.);
#1181=EDGE_CURVE('',#1367,#1372,#242,.F.);
#1182=EDGE_CURVE('',#1355,#1370,#243,.T.);
#1183=EDGE_CURVE('',#1369,#1352,#244,.F.);
#1184=EDGE_CURVE('',#1351,#1374,#245,.F.);
#1185=EDGE_CURVE('',#1374,#1375,#246,.F.);
#1186=EDGE_CURVE('',#1375,#1356,#247,.F.);
#1187=EDGE_CURVE('',#1365,#1353,#248,.F.);
#1188=EDGE_CURVE('',#1354,#1376,#249,.T.);
#1189=EDGE_CURVE('',#1376,#1377,#250,.T.);
#1190=EDGE_CURVE('',#1377,#1349,#251,.T.);
#1191=EDGE_CURVE('',#1350,#1366,#252,.T.);
#1192=EDGE_CURVE('',#1378,#1379,#253,.T.);
#1193=EDGE_CURVE('',#1379,#1380,#254,.T.);
#1194=EDGE_CURVE('',#1381,#1380,#255,.T.);
#1195=EDGE_CURVE('',#1381,#1377,#1521,.T.);
#1196=EDGE_CURVE('',#1376,#1378,#1522,.T.);
#1197=EDGE_CURVE('',#1382,#1382,#1523,.F.);
#1198=EDGE_CURVE('',#1383,#1384,#1524,.F.);
#1199=EDGE_CURVE('',#1384,#1381,#256,.F.);
#1200=EDGE_CURVE('',#1380,#1383,#257,.T.);
#1201=EDGE_CURVE('',#1385,#1385,#1525,.F.);
#1202=EDGE_CURVE('',#1378,#1386,#258,.F.);
#1203=EDGE_CURVE('',#1386,#1387,#1526,.F.);
#1204=EDGE_CURVE('',#1387,#1379,#259,.T.);
#1205=EDGE_CURVE('',#1361,#1355,#1527,.T.);
#1206=EDGE_CURVE('',#1362,#1353,#1528,.T.);
#1207=EDGE_CURVE('',#1386,#1354,#1529,.T.);
#1208=EDGE_CURVE('',#1387,#1356,#1530,.T.);
#1209=EDGE_CURVE('',#1379,#1375,#10,.F.);
#1210=EDGE_CURVE('',#1380,#1374,#11,.F.);
#1211=EDGE_CURVE('',#1383,#1351,#1531,.T.);
#1212=EDGE_CURVE('',#1384,#1349,#1532,.T.);
#1213=EDGE_CURVE('',#1372,#1350,#1533,.T.);
#1214=EDGE_CURVE('',#1373,#1352,#1534,.T.);
#1215=VERTEX_POINT('',#3048);
#1216=VERTEX_POINT('',#3050);
#1217=VERTEX_POINT('',#3051);
#1218=VERTEX_POINT('',#3053);
#1219=VERTEX_POINT('',#3055);
#1220=VERTEX_POINT('',#3057);
#1221=VERTEX_POINT('',#3059);
#1222=VERTEX_POINT('',#3061);
#1223=VERTEX_POINT('',#3063);
#1224=VERTEX_POINT('',#3067);
#1225=VERTEX_POINT('',#3068);
#1226=VERTEX_POINT('',#3073);
#1227=VERTEX_POINT('',#3074);
#1228=VERTEX_POINT('',#3082);
#1229=VERTEX_POINT('',#3084);
#1230=VERTEX_POINT('',#3087);
#1231=VERTEX_POINT('',#3090);
#1232=VERTEX_POINT('',#3092);
#1233=VERTEX_POINT('',#3095);
#1234=VERTEX_POINT('',#3098);
#1235=VERTEX_POINT('',#3102);
#1236=VERTEX_POINT('',#3106);
#1237=VERTEX_POINT('',#3121);
#1238=VERTEX_POINT('',#3122);
#1239=VERTEX_POINT('',#3124);
#1240=VERTEX_POINT('',#3126);
#1241=VERTEX_POINT('',#3129);
#1242=VERTEX_POINT('',#3132);
#1243=VERTEX_POINT('',#3133);
#1244=VERTEX_POINT('',#3135);
#1245=VERTEX_POINT('',#3137);
#1246=VERTEX_POINT('',#3140);
#1247=VERTEX_POINT('',#3143);
#1248=VERTEX_POINT('',#3144);
#1249=VERTEX_POINT('',#3146);
#1250=VERTEX_POINT('',#3148);
#1251=VERTEX_POINT('',#3152);
#1252=VERTEX_POINT('',#3153);
#1253=VERTEX_POINT('',#3155);
#1254=VERTEX_POINT('',#3157);
#1255=VERTEX_POINT('',#3159);
#1256=VERTEX_POINT('',#3161);
#1257=VERTEX_POINT('',#3163);
#1258=VERTEX_POINT('',#3165);
#1259=VERTEX_POINT('',#3167);
#1260=VERTEX_POINT('',#3169);
#1261=VERTEX_POINT('',#3171);
#1262=VERTEX_POINT('',#3173);
#1263=VERTEX_POINT('',#3177);
#1264=VERTEX_POINT('',#3178);
#1265=VERTEX_POINT('',#3183);
#1266=VERTEX_POINT('',#3184);
#1267=VERTEX_POINT('',#3186);
#1268=VERTEX_POINT('',#3188);
#1269=VERTEX_POINT('',#3190);
#1270=VERTEX_POINT('',#3192);
#1271=VERTEX_POINT('',#3195);
#1272=VERTEX_POINT('',#3197);
#1273=VERTEX_POINT('',#3199);
#1274=VERTEX_POINT('',#3201);
#1275=VERTEX_POINT('',#3206);
#1276=VERTEX_POINT('',#3207);
#1277=VERTEX_POINT('',#3209);
#1278=VERTEX_POINT('',#3211);
#1279=VERTEX_POINT('',#3215);
#1280=VERTEX_POINT('',#3217);
#1281=VERTEX_POINT('',#3218);
#1282=VERTEX_POINT('',#3220);
#1283=VERTEX_POINT('',#3222);
#1284=VERTEX_POINT('',#3226);
#1285=VERTEX_POINT('',#3227);
#1286=VERTEX_POINT('',#3229);
#1287=VERTEX_POINT('',#3231);
#1288=VERTEX_POINT('',#3234);
#1289=VERTEX_POINT('',#3302);
#1290=VERTEX_POINT('',#3303);
#1291=VERTEX_POINT('',#3305);
#1292=VERTEX_POINT('',#3307);
#1293=VERTEX_POINT('',#3309);
#1294=VERTEX_POINT('',#3311);
#1295=VERTEX_POINT('',#3313);
#1296=VERTEX_POINT('',#3315);
#1297=VERTEX_POINT('',#3318);
#1298=VERTEX_POINT('',#3319);
#1299=VERTEX_POINT('',#3321);
#1300=VERTEX_POINT('',#3323);
#1301=VERTEX_POINT('',#3325);
#1302=VERTEX_POINT('',#3327);
#1303=VERTEX_POINT('',#3329);
#1304=VERTEX_POINT('',#3331);
#1305=VERTEX_POINT('',#3334);
#1306=VERTEX_POINT('',#3335);
#1307=VERTEX_POINT('',#3337);
#1308=VERTEX_POINT('',#3339);
#1309=VERTEX_POINT('',#3341);
#1310=VERTEX_POINT('',#3343);
#1311=VERTEX_POINT('',#3345);
#1312=VERTEX_POINT('',#3347);
#1313=VERTEX_POINT('',#3351);
#1314=VERTEX_POINT('',#3352);
#1315=VERTEX_POINT('',#3354);
#1316=VERTEX_POINT('',#3356);
#1317=VERTEX_POINT('',#3360);
#1318=VERTEX_POINT('',#3361);
#1319=VERTEX_POINT('',#3366);
#1320=VERTEX_POINT('',#3367);
#1321=VERTEX_POINT('',#3372);
#1322=VERTEX_POINT('',#3373);
#1323=VERTEX_POINT('',#3378);
#1324=VERTEX_POINT('',#3380);
#1325=VERTEX_POINT('',#3382);
#1326=VERTEX_POINT('',#3386);
#1327=VERTEX_POINT('',#3388);
#1328=VERTEX_POINT('',#3392);
#1329=VERTEX_POINT('',#3394);
#1330=VERTEX_POINT('',#3398);
#1331=VERTEX_POINT('',#3400);
#1332=VERTEX_POINT('',#3406);
#1333=VERTEX_POINT('',#3408);
#1334=VERTEX_POINT('',#3412);
#1335=VERTEX_POINT('',#3413);
#1336=VERTEX_POINT('',#3418);
#1337=VERTEX_POINT('',#3422);
#1338=VERTEX_POINT('',#3426);
#1339=VERTEX_POINT('',#3430);
#1340=VERTEX_POINT('',#3431);
#1341=VERTEX_POINT('',#3436);
#1342=VERTEX_POINT('',#3437);
#1343=VERTEX_POINT('',#3442);
#1344=VERTEX_POINT('',#3444);
#1345=VERTEX_POINT('',#3450);
#1346=VERTEX_POINT('',#3451);
#1347=VERTEX_POINT('',#3456);
#1348=VERTEX_POINT('',#3458);
#1349=VERTEX_POINT('',#3501);
#1350=VERTEX_POINT('',#3502);
#1351=VERTEX_POINT('',#3504);
#1352=VERTEX_POINT('',#3506);
#1353=VERTEX_POINT('',#3510);
#1354=VERTEX_POINT('',#3511);
#1355=VERTEX_POINT('',#3513);
#1356=VERTEX_POINT('',#3515);
#1357=VERTEX_POINT('',#3519);
#1358=VERTEX_POINT('',#3521);
#1359=VERTEX_POINT('',#3524);
#1360=VERTEX_POINT('',#3527);
#1361=VERTEX_POINT('',#3529);
#1362=VERTEX_POINT('',#3530);
#1363=VERTEX_POINT('',#3532);
#1364=VERTEX_POINT('',#3534);
#1365=VERTEX_POINT('',#3538);
#1366=VERTEX_POINT('',#3540);
#1367=VERTEX_POINT('',#3542);
#1368=VERTEX_POINT('',#3544);
#1369=VERTEX_POINT('',#3546);
#1370=VERTEX_POINT('',#3548);
#1371=VERTEX_POINT('',#3552);
#1372=VERTEX_POINT('',#3554);
#1373=VERTEX_POINT('',#3555);
#1374=VERTEX_POINT('',#3562);
#1375=VERTEX_POINT('',#3564);
#1376=VERTEX_POINT('',#3569);
#1377=VERTEX_POINT('',#3571);
#1378=VERTEX_POINT('',#3576);
#1379=VERTEX_POINT('',#3577);
#1380=VERTEX_POINT('',#3579);
#1381=VERTEX_POINT('',#3581);
#1382=VERTEX_POINT('',#3586);
#1383=VERTEX_POINT('',#3588);
#1384=VERTEX_POINT('',#3589);
#1385=VERTEX_POINT('',#3594);
#1386=VERTEX_POINT('',#3596);
#1387=VERTEX_POINT('',#3598);
#1388=CIRCLE('',#2068,0.004);
#1389=CIRCLE('',#2069,0.002);
#1390=CIRCLE('',#2070,0.002);
#1391=CIRCLE('',#2071,0.002);
#1392=CIRCLE('',#2072,0.002);
#1393=CIRCLE('',#2075,0.009);
#1394=CIRCLE('',#2076,0.009);
#1395=CIRCLE('',#2079,0.007);
#1396=CIRCLE('',#2080,0.004);
#1397=CIRCLE('',#2082,0.007);
#1398=CIRCLE('',#2083,0.004);
#1399=CIRCLE('',#2085,0.004);
#1400=CIRCLE('',#2088,0.004);
#1401=CIRCLE('',#2091,0.004);
#1402=CIRCLE('',#2094,0.002);
#1403=CIRCLE('',#2096,0.002);
#1404=CIRCLE('',#2099,0.002);
#1405=CIRCLE('',#2101,0.002);
#1406=CIRCLE('',#2105,0.008);
#1407=CIRCLE('',#2106,0.004);
#1408=CIRCLE('',#2108,0.008);
#1409=CIRCLE('',#2109,0.004);
#1410=CIRCLE('',#2112,0.004);
#1411=CIRCLE('',#2113,0.008);
#1412=CIRCLE('',#2114,0.004);
#1413=CIRCLE('',#2115,0.008);
#1414=CIRCLE('',#2117,0.01);
#1415=CIRCLE('',#2118,0.01);
#1416=CIRCLE('',#2120,0.004);
#1417=CIRCLE('',#2121,0.008);
#1418=CIRCLE('',#2122,0.004);
#1419=CIRCLE('',#2123,0.008);
#1420=CIRCLE('',#2127,0.004);
#1421=CIRCLE('',#2128,0.008);
#1422=CIRCLE('',#2130,0.008);
#1423=CIRCLE('',#2131,0.004);
#1424=CIRCLE('',#2133,0.01);
#1425=CIRCLE('',#2134,0.01);
#1426=CIRCLE('',#2137,0.006);
#1427=CIRCLE('',#2138,0.006);
#1428=CIRCLE('',#2140,0.006);
#1429=CIRCLE('',#2141,0.006);
#1430=CIRCLE('',#2143,0.006);
#1431=CIRCLE('',#2144,0.006);
#1432=CIRCLE('',#2146,0.006);
#1433=CIRCLE('',#2147,0.006);
#1434=CIRCLE('',#2149,0.002);
#1435=CIRCLE('',#2150,0.002);
#1436=CIRCLE('',#2152,0.002);
#1437=CIRCLE('',#2154,0.002);
#1438=CIRCLE('',#2156,0.002);
#1439=CIRCLE('',#2158,0.002);
#1440=CIRCLE('',#2160,0.002);
#1441=CIRCLE('',#2162,0.002);
#1442=CIRCLE('',#2164,0.002);
#1443=CIRCLE('',#2166,0.002);
#1444=CIRCLE('',#2168,0.002);
#1445=CIRCLE('',#2170,0.002);
#1446=CIRCLE('',#2173,0.002);
#1447=CIRCLE('',#2174,0.002);
#1448=CIRCLE('',#2176,0.002);
#1449=CIRCLE('',#2178,0.002);
#1450=CIRCLE('',#2180,0.002);
#1451=CIRCLE('',#2182,0.002);
#1452=CIRCLE('',#2184,0.002);
#1453=CIRCLE('',#2186,0.002);
#1454=CIRCLE('',#2188,0.002);
#1455=CIRCLE('',#2190,0.002);
#1456=CIRCLE('',#2192,0.002);
#1457=CIRCLE('',#2194,0.002);
#1458=CIRCLE('',#2198,0.03);
#1459=CIRCLE('',#2199,0.02);
#1460=CIRCLE('',#2200,0.02);
#1461=CIRCLE('',#2201,0.02);
#1462=CIRCLE('',#2202,0.002);
#1463=CIRCLE('',#2203,0.002);
#1464=CIRCLE('',#2204,0.002);
#1465=CIRCLE('',#2205,0.002);
#1466=CIRCLE('',#2206,0.002);
#1467=CIRCLE('',#2207,0.002);
#1468=CIRCLE('',#2208,0.002);
#1469=CIRCLE('',#2209,0.002);
#1470=CIRCLE('',#2211,0.022);
#1471=CIRCLE('',#2212,0.022);
#1472=CIRCLE('',#2215,0.022);
#1473=CIRCLE('',#2216,0.022);
#1474=CIRCLE('',#2219,0.022);
#1475=CIRCLE('',#2220,0.028);
#1476=CIRCLE('',#2223,0.0165);
#1477=CIRCLE('',#2224,0.0165);
#1478=CIRCLE('',#2226,0.007);
#1479=CIRCLE('',#2227,0.007);
#1480=CIRCLE('',#2230,0.0145);
#1481=CIRCLE('',#2232,0.0145);
#1482=CIRCLE('',#2235,0.022);
#1483=CIRCLE('',#2239,0.0165);
#1484=CIRCLE('',#2240,0.0165);
#1485=CIRCLE('',#2242,0.007);
#1486=CIRCLE('',#2243,0.007);
#1487=CIRCLE('',#2246,0.0145);
#1488=CIRCLE('',#2248,0.0145);
#1489=CIRCLE('',#2250,0.028);
#1490=CIRCLE('',#2252,0.002);
#1491=CIRCLE('',#2254,0.002);
#1492=CIRCLE('',#2257,0.002);
#1493=CIRCLE('',#2259,0.002);
#1494=CIRCLE('',#2262,0.002);
#1495=CIRCLE('',#2264,0.002);
#1496=CIRCLE('',#2267,0.002);
#1497=CIRCLE('',#2269,0.002);
#1498=CIRCLE('',#2272,0.002);
#1499=CIRCLE('',#2273,0.002);
#1500=CIRCLE('',#2275,0.002);
#1501=CIRCLE('',#2277,0.002);
#1502=CIRCLE('',#2279,0.002);
#1503=CIRCLE('',#2281,0.002);
#1504=CIRCLE('',#2283,0.002);
#1505=CIRCLE('',#2285,0.002);
#1506=CIRCLE('',#2289,0.009);
#1507=CIRCLE('',#2290,0.009);
#1508=CIRCLE('',#2292,0.009);
#1509=CIRCLE('',#2293,0.009);
#1510=CIRCLE('',#2295,0.007);
#1511=CIRCLE('',#2296,0.007);
#1512=CIRCLE('',#2298,0.005);
#1513=CIRCLE('',#2300,0.004);
#1514=CIRCLE('',#2301,0.007);
#1515=CIRCLE('',#2303,0.002);
#1516=CIRCLE('',#2304,0.002);
#1517=CIRCLE('',#2305,0.002);
#1518=CIRCLE('',#2306,0.002);
#1519=CIRCLE('',#2308,0.004);
#1520=CIRCLE('',#2309,0.007);
#1521=CIRCLE('',#2313,0.002);
#1522=CIRCLE('',#2314,0.002);
#1523=CIRCLE('',#2316,0.004);
#1524=CIRCLE('',#2317,0.007);
#1525=CIRCLE('',#2319,0.004);
#1526=CIRCLE('',#2320,0.007);
#1527=CIRCLE('',#2324,0.002);
#1528=CIRCLE('',#2326,0.002);
#1529=CIRCLE('',#2329,0.002);
#1530=CIRCLE('',#2331,0.002);
#1531=CIRCLE('',#2337,0.002);
#1532=CIRCLE('',#2339,0.002);
#1533=CIRCLE('',#2342,0.002);
#1534=CIRCLE('',#2344,0.002);
#1535=EDGE_LOOP('',(#387));
#1536=EDGE_LOOP('',(#388,#389,#390,#391,#392,#393,#394,#395));
#1537=EDGE_LOOP('',(#396,#397,#398,#399));
#1538=EDGE_LOOP('',(#400,#401,#402,#403));
#1539=EDGE_LOOP('',(#404,#405,#406,#407));
#1540=EDGE_LOOP('',(#408,#409,#410,#411));
#1541=EDGE_LOOP('',(#412));
#1542=EDGE_LOOP('',(#413,#414,#415,#416));
#1543=EDGE_LOOP('',(#417));
#1544=EDGE_LOOP('',(#418));
#1545=EDGE_LOOP('',(#419));
#1546=EDGE_LOOP('',(#420));
#1547=EDGE_LOOP('',(#421));
#1548=EDGE_LOOP('',(#422));
#1549=EDGE_LOOP('',(#423));
#1550=EDGE_LOOP('',(#424));
#1551=EDGE_LOOP('',(#425));
#1552=EDGE_LOOP('',(#426));
#1553=EDGE_LOOP('',(#427,#428,#429,#430));
#1554=EDGE_LOOP('',(#431,#432,#433,#434));
#1555=EDGE_LOOP('',(#435,#436,#437,#438));
#1556=EDGE_LOOP('',(#439,#440,#441,#442));
#1557=EDGE_LOOP('',(#443,#444,#445,#446));
#1558=EDGE_LOOP('',(#447,#448,#449,#450));
#1559=EDGE_LOOP('',(#451,#452,#453,#454));
#1560=EDGE_LOOP('',(#455));
#1561=EDGE_LOOP('',(#456,#457,#458,#459));
#1562=EDGE_LOOP('',(#460));
#1563=EDGE_LOOP('',(#461,#462,#463,#464));
#1564=EDGE_LOOP('',(#465,#466,#467,#468,#469,#470,#471,#472,#473,#474,#475,
#476));
#1565=EDGE_LOOP('',(#477,#478,#479,#480));
#1566=EDGE_LOOP('',(#481,#482,#483,#484,#485,#486,#487,#488,#489,#490,#491,
#492));
#1567=EDGE_LOOP('',(#493));
#1568=EDGE_LOOP('',(#494));
#1569=EDGE_LOOP('',(#495,#496,#497,#498));
#1570=EDGE_LOOP('',(#499));
#1571=EDGE_LOOP('',(#500,#501,#502,#503));
#1572=EDGE_LOOP('',(#504,#505,#506,#507));
#1573=EDGE_LOOP('',(#508));
#1574=EDGE_LOOP('',(#509,#510,#511,#512));
#1575=EDGE_LOOP('',(#513));
#1576=EDGE_LOOP('',(#514));
#1577=EDGE_LOOP('',(#515,#516,#517,#518));
#1578=EDGE_LOOP('',(#519,#520,#521,#522));
#1579=EDGE_LOOP('',(#523,#524,#525,#526));
#1580=EDGE_LOOP('',(#527,#528,#529,#530));
#1581=EDGE_LOOP('',(#531,#532,#533,#534));
#1582=EDGE_LOOP('',(#535,#536,#537,#538));
#1583=EDGE_LOOP('',(#539,#540,#541,#542));
#1584=EDGE_LOOP('',(#543,#544,#545,#546));
#1585=EDGE_LOOP('',(#547,#548,#549,#550));
#1586=EDGE_LOOP('',(#551,#552,#553,#554));
#1587=EDGE_LOOP('',(#555,#556,#557,#558));
#1588=EDGE_LOOP('',(#559,#560,#561,#562));
#1589=EDGE_LOOP('',(#563,#564,#565,#566));
#1590=EDGE_LOOP('',(#567,#568,#569,#570));
#1591=EDGE_LOOP('',(#571,#572,#573,#574));
#1592=EDGE_LOOP('',(#575,#576,#577,#578));
#1593=EDGE_LOOP('',(#579,#580,#581,#582));
#1594=EDGE_LOOP('',(#583,#584,#585,#586));
#1595=EDGE_LOOP('',(#587,#588,#589,#590));
#1596=EDGE_LOOP('',(#591,#592,#593,#594));
#1597=EDGE_LOOP('',(#595,#596,#597,#598));
#1598=EDGE_LOOP('',(#599,#600,#601,#602));
#1599=EDGE_LOOP('',(#603,#604,#605,#606));
#1600=EDGE_LOOP('',(#607,#608,#609,#610));
#1601=EDGE_LOOP('',(#611,#612,#613,#614));
#1602=EDGE_LOOP('',(#615,#616,#617,#618));
#1603=EDGE_LOOP('',(#619,#620,#621,#622));
#1604=EDGE_LOOP('',(#623,#624,#625,#626));
#1605=EDGE_LOOP('',(#627,#628,#629,#630,#631,#632,#633,#634));
#1606=EDGE_LOOP('',(#635,#636,#637,#638,#639,#640,#641,#642));
#1607=EDGE_LOOP('',(#643,#644,#645,#646,#647,#648,#649,#650));
#1608=EDGE_LOOP('',(#651,#652,#653,#654));
#1609=EDGE_LOOP('',(#655,#656,#657,#658));
#1610=EDGE_LOOP('',(#659,#660,#661,#662));
#1611=EDGE_LOOP('',(#663,#664,#665,#666));
#1612=EDGE_LOOP('',(#667,#668,#669,#670,#671,#672,#673,#674));
#1613=EDGE_LOOP('',(#675,#676,#677,#678));
#1614=EDGE_LOOP('',(#679,#680,#681,#682));
#1615=EDGE_LOOP('',(#683));
#1616=EDGE_LOOP('',(#684));
#1617=EDGE_LOOP('',(#685,#686,#687,#688));
#1618=EDGE_LOOP('',(#689));
#1619=EDGE_LOOP('',(#690,#691,#692,#693));
#1620=EDGE_LOOP('',(#694));
#1621=EDGE_LOOP('',(#695,#696,#697,#698));
#1622=EDGE_LOOP('',(#699,#700,#701,#702));
#1623=EDGE_LOOP('',(#703,#704,#705,#706));
#1624=EDGE_LOOP('',(#707,#708,#709,#710));
#1625=EDGE_LOOP('',(#711,#712,#713,#714));
#1626=EDGE_LOOP('',(#715,#716,#717,#718));
#1627=EDGE_LOOP('',(#719));
#1628=EDGE_LOOP('',(#720));
#1629=EDGE_LOOP('',(#721,#722,#723,#724));
#1630=EDGE_LOOP('',(#725));
#1631=EDGE_LOOP('',(#726,#727,#728,#729));
#1632=EDGE_LOOP('',(#730));
#1633=EDGE_LOOP('',(#731,#732,#733,#734));
#1634=EDGE_LOOP('',(#735,#736,#737,#738));
#1635=EDGE_LOOP('',(#739,#740,#741,#742));
#1636=EDGE_LOOP('',(#743,#744,#745,#746));
#1637=EDGE_LOOP('',(#747,#748,#749,#750));
#1638=EDGE_LOOP('',(#751,#752,#753,#754));
#1639=EDGE_LOOP('',(#755,#756,#757,#758));
#1640=EDGE_LOOP('',(#759,#760,#761,#762));
#1641=EDGE_LOOP('',(#763,#764,#765,#766));
#1642=EDGE_LOOP('',(#767,#768,#769,#770));
#1643=EDGE_LOOP('',(#771,#772,#773,#774));
#1644=EDGE_LOOP('',(#775,#776,#777,#778));
#1645=EDGE_LOOP('',(#779,#780,#781,#782));
#1646=EDGE_LOOP('',(#783,#784,#785,#786));
#1647=EDGE_LOOP('',(#787,#788,#789,#790));
#1648=EDGE_LOOP('',(#791,#792,#793,#794));
#1649=EDGE_LOOP('',(#795,#796,#797,#798));
#1650=EDGE_LOOP('',(#799,#800,#801,#802));
#1651=EDGE_LOOP('',(#803,#804,#805,#806));
#1652=EDGE_LOOP('',(#807,#808,#809,#810));
#1653=EDGE_LOOP('',(#811,#812,#813,#814));
#1654=EDGE_LOOP('',(#815,#816,#817,#818));
#1655=EDGE_LOOP('',(#819,#820,#821,#822));
#1656=EDGE_LOOP('',(#823,#824,#825,#826));
#1657=EDGE_LOOP('',(#827));
#1658=EDGE_LOOP('',(#828));
#1659=EDGE_LOOP('',(#829));
#1660=EDGE_LOOP('',(#830));
#1661=EDGE_LOOP('',(#831,#832,#833,#834));
#1662=EDGE_LOOP('',(#835));
#1663=EDGE_LOOP('',(#836,#837,#838,#839,#840,#841,#842,#843));
#1664=EDGE_LOOP('',(#844));
#1665=EDGE_LOOP('',(#845,#846,#847,#848));
#1666=EDGE_LOOP('',(#849,#850,#851,#852,#853,#854,#855,#856));
#1667=EDGE_LOOP('',(#857,#858,#859,#860,#861,#862,#863,#864));
#1668=EDGE_LOOP('',(#865,#866,#867,#868,#869,#870));
#1669=EDGE_LOOP('',(#871));
#1670=EDGE_LOOP('',(#872,#873,#874,#875));
#1671=EDGE_LOOP('',(#876));
#1672=EDGE_LOOP('',(#877,#878,#879,#880));
#1673=EDGE_LOOP('',(#881));
#1674=EDGE_LOOP('',(#882));
#1675=EDGE_LOOP('',(#883));
#1676=EDGE_LOOP('',(#884));
#1677=EDGE_LOOP('',(#885,#886,#887,#888));
#1678=EDGE_LOOP('',(#889,#890,#891,#892));
#1679=EDGE_LOOP('',(#893,#894,#895,#896));
#1680=EDGE_LOOP('',(#897,#898,#899,#900));
#1681=EDGE_LOOP('',(#901,#902,#903,#904));
#1682=EDGE_LOOP('',(#905,#906,#907,#908));
#1683=EDGE_LOOP('',(#909,#910,#911,#912));
#1684=EDGE_LOOP('',(#913,#914,#915,#916));
#1685=EDGE_LOOP('',(#917,#918,#919,#920));
#1686=EDGE_LOOP('',(#921,#922,#923,#924));
#1687=EDGE_LOOP('',(#925,#926,#927,#928));
#1688=EDGE_LOOP('',(#929,#930,#931,#932));
#1689=EDGE_LOOP('',(#933,#934,#935,#936));
#1690=EDGE_LOOP('',(#937));
#1691=EDGE_LOOP('',(#938));
#1692=FACE_BOUND('',#1535,.T.);
#1693=FACE_BOUND('',#1536,.T.);
#1694=FACE_BOUND('',#1537,.T.);
#1695=FACE_BOUND('',#1538,.T.);
#1696=FACE_BOUND('',#1539,.T.);
#1697=FACE_BOUND('',#1540,.T.);
#1698=FACE_BOUND('',#1541,.T.);
#1699=FACE_BOUND('',#1542,.T.);
#1700=FACE_BOUND('',#1543,.T.);
#1701=FACE_BOUND('',#1544,.T.);
#1702=FACE_BOUND('',#1545,.T.);
#1703=FACE_BOUND('',#1546,.T.);
#1704=FACE_BOUND('',#1547,.T.);
#1705=FACE_BOUND('',#1548,.T.);
#1706=FACE_BOUND('',#1549,.T.);
#1707=FACE_BOUND('',#1550,.T.);
#1708=FACE_BOUND('',#1551,.T.);
#1709=FACE_BOUND('',#1552,.T.);
#1710=FACE_BOUND('',#1553,.T.);
#1711=FACE_BOUND('',#1554,.T.);
#1712=FACE_BOUND('',#1555,.T.);
#1713=FACE_BOUND('',#1556,.T.);
#1714=FACE_BOUND('',#1557,.T.);
#1715=FACE_BOUND('',#1558,.T.);
#1716=FACE_BOUND('',#1559,.T.);
#1717=FACE_BOUND('',#1560,.T.);
#1718=FACE_BOUND('',#1561,.T.);
#1719=FACE_BOUND('',#1562,.T.);
#1720=FACE_BOUND('',#1563,.T.);
#1721=FACE_BOUND('',#1564,.T.);
#1722=FACE_BOUND('',#1565,.T.);
#1723=FACE_BOUND('',#1566,.T.);
#1724=FACE_BOUND('',#1567,.T.);
#1725=FACE_BOUND('',#1568,.T.);
#1726=FACE_BOUND('',#1569,.T.);
#1727=FACE_BOUND('',#1570,.T.);
#1728=FACE_BOUND('',#1571,.T.);
#1729=FACE_BOUND('',#1572,.T.);
#1730=FACE_BOUND('',#1573,.T.);
#1731=FACE_BOUND('',#1574,.T.);
#1732=FACE_BOUND('',#1575,.T.);
#1733=FACE_BOUND('',#1576,.T.);
#1734=FACE_BOUND('',#1577,.T.);
#1735=FACE_BOUND('',#1578,.T.);
#1736=FACE_BOUND('',#1579,.T.);
#1737=FACE_BOUND('',#1580,.T.);
#1738=FACE_BOUND('',#1581,.T.);
#1739=FACE_BOUND('',#1582,.T.);
#1740=FACE_BOUND('',#1583,.T.);
#1741=FACE_BOUND('',#1584,.T.);
#1742=FACE_BOUND('',#1585,.T.);
#1743=FACE_BOUND('',#1586,.T.);
#1744=FACE_BOUND('',#1587,.T.);
#1745=FACE_BOUND('',#1588,.T.);
#1746=FACE_BOUND('',#1589,.T.);
#1747=FACE_BOUND('',#1590,.T.);
#1748=FACE_BOUND('',#1591,.T.);
#1749=FACE_BOUND('',#1592,.T.);
#1750=FACE_BOUND('',#1593,.T.);
#1751=FACE_BOUND('',#1594,.T.);
#1752=FACE_BOUND('',#1595,.T.);
#1753=FACE_BOUND('',#1596,.T.);
#1754=FACE_BOUND('',#1597,.T.);
#1755=FACE_BOUND('',#1598,.T.);
#1756=FACE_BOUND('',#1599,.T.);
#1757=FACE_BOUND('',#1600,.T.);
#1758=FACE_BOUND('',#1601,.T.);
#1759=FACE_BOUND('',#1602,.T.);
#1760=FACE_BOUND('',#1603,.T.);
#1761=FACE_BOUND('',#1604,.T.);
#1762=FACE_BOUND('',#1605,.T.);
#1763=FACE_BOUND('',#1606,.T.);
#1764=FACE_BOUND('',#1607,.T.);
#1765=FACE_BOUND('',#1608,.T.);
#1766=FACE_BOUND('',#1609,.T.);
#1767=FACE_BOUND('',#1610,.T.);
#1768=FACE_BOUND('',#1611,.T.);
#1769=FACE_BOUND('',#1612,.T.);
#1770=FACE_BOUND('',#1613,.T.);
#1771=FACE_BOUND('',#1614,.T.);
#1772=FACE_BOUND('',#1615,.T.);
#1773=FACE_BOUND('',#1616,.T.);
#1774=FACE_BOUND('',#1617,.T.);
#1775=FACE_BOUND('',#1618,.T.);
#1776=FACE_BOUND('',#1619,.T.);
#1777=FACE_BOUND('',#1620,.T.);
#1778=FACE_BOUND('',#1621,.T.);
#1779=FACE_BOUND('',#1622,.T.);
#1780=FACE_BOUND('',#1623,.T.);
#1781=FACE_BOUND('',#1624,.T.);
#1782=FACE_BOUND('',#1625,.T.);
#1783=FACE_BOUND('',#1626,.T.);
#1784=FACE_BOUND('',#1627,.T.);
#1785=FACE_BOUND('',#1628,.T.);
#1786=FACE_BOUND('',#1629,.T.);
#1787=FACE_BOUND('',#1630,.T.);
#1788=FACE_BOUND('',#1631,.T.);
#1789=FACE_BOUND('',#1632,.T.);
#1790=FACE_BOUND('',#1633,.T.);
#1791=FACE_BOUND('',#1634,.T.);
#1792=FACE_BOUND('',#1635,.T.);
#1793=FACE_BOUND('',#1636,.T.);
#1794=FACE_BOUND('',#1637,.T.);
#1795=FACE_BOUND('',#1638,.T.);
#1796=FACE_BOUND('',#1639,.T.);
#1797=FACE_BOUND('',#1640,.T.);
#1798=FACE_BOUND('',#1641,.T.);
#1799=FACE_BOUND('',#1642,.T.);
#1800=FACE_BOUND('',#1643,.T.);
#1801=FACE_BOUND('',#1644,.T.);
#1802=FACE_BOUND('',#1645,.T.);
#1803=FACE_BOUND('',#1646,.T.);
#1804=FACE_BOUND('',#1647,.T.);
#1805=FACE_BOUND('',#1648,.T.);
#1806=FACE_BOUND('',#1649,.T.);
#1807=FACE_BOUND('',#1650,.T.);
#1808=FACE_BOUND('',#1651,.T.);
#1809=FACE_BOUND('',#1652,.T.);
#1810=FACE_BOUND('',#1653,.T.);
#1811=FACE_BOUND('',#1654,.T.);
#1812=FACE_BOUND('',#1655,.T.);
#1813=FACE_BOUND('',#1656,.T.);
#1814=FACE_BOUND('',#1657,.T.);
#1815=FACE_BOUND('',#1658,.T.);
#1816=FACE_BOUND('',#1659,.T.);
#1817=FACE_BOUND('',#1660,.T.);
#1818=FACE_BOUND('',#1661,.T.);
#1819=FACE_BOUND('',#1662,.T.);
#1820=FACE_BOUND('',#1663,.T.);
#1821=FACE_BOUND('',#1664,.T.);
#1822=FACE_BOUND('',#1665,.T.);
#1823=FACE_BOUND('',#1666,.T.);
#1824=FACE_BOUND('',#1667,.T.);
#1825=FACE_BOUND('',#1668,.T.);
#1826=FACE_BOUND('',#1669,.T.);
#1827=FACE_BOUND('',#1670,.T.);
#1828=FACE_BOUND('',#1671,.T.);
#1829=FACE_BOUND('',#1672,.T.);
#1830=FACE_BOUND('',#1673,.T.);
#1831=FACE_BOUND('',#1674,.T.);
#1832=FACE_BOUND('',#1675,.T.);
#1833=FACE_BOUND('',#1676,.T.);
#1834=FACE_BOUND('',#1677,.T.);
#1835=FACE_BOUND('',#1678,.T.);
#1836=FACE_BOUND('',#1679,.T.);
#1837=FACE_BOUND('',#1680,.T.);
#1838=FACE_BOUND('',#1681,.T.);
#1839=FACE_BOUND('',#1682,.T.);
#1840=FACE_BOUND('',#1683,.T.);
#1841=FACE_BOUND('',#1684,.T.);
#1842=FACE_BOUND('',#1685,.T.);
#1843=FACE_BOUND('',#1686,.T.);
#1844=FACE_BOUND('',#1687,.T.);
#1845=FACE_BOUND('',#1688,.T.);
#1846=FACE_BOUND('',#1689,.T.);
#1847=FACE_BOUND('',#1690,.T.);
#1848=FACE_BOUND('',#1691,.T.);
#1849=PLANE('',#2067);
#1850=PLANE('',#2073);
#1851=PLANE('',#2077);
#1852=PLANE('',#2078);
#1853=PLANE('',#2081);
#1854=PLANE('',#2084);
#1855=PLANE('',#2089);
#1856=PLANE('',#2092);
#1857=PLANE('',#2104);
#1858=PLANE('',#2107);
#1859=PLANE('',#2110);
#1860=PLANE('',#2111);
#1861=PLANE('',#2119);
#1862=PLANE('',#2125);
#1863=PLANE('',#2126);
#1864=PLANE('',#2129);
#1865=PLANE('',#2197);
#1866=PLANE('',#2213);
#1867=PLANE('',#2217);
#1868=PLANE('',#2218);
#1869=PLANE('',#2221);
#1870=PLANE('',#2228);
#1871=PLANE('',#2229);
#1872=PLANE('',#2231);
#1873=PLANE('',#2233);
#1874=PLANE('',#2236);
#1875=PLANE('',#2237);
#1876=PLANE('',#2244);
#1877=PLANE('',#2245);
#1878=PLANE('',#2247);
#1879=PLANE('',#2297);
#1880=PLANE('',#2299);
#1881=PLANE('',#2302);
#1882=PLANE('',#2307);
#1883=PLANE('',#2310);
#1884=PLANE('',#2311);
#1885=PLANE('',#2312);
#1886=PLANE('',#2315);
#1887=PLANE('',#2318);
#1888=ADVANCED_FACE('',(#1692,#1693),#1849,.T.);
#1889=ADVANCED_FACE('',(#1694),#1850,.T.);
#1890=ADVANCED_FACE('',(#1695),#71,.T.);
#1891=ADVANCED_FACE('',(#1696),#1851,.F.);
#1892=ADVANCED_FACE('',(#1697,#1698),#1852,.T.);
#1893=ADVANCED_FACE('',(#1699,#1700),#1853,.F.);
#1894=ADVANCED_FACE('',(#1701),#1854,.F.);
#1895=ADVANCED_FACE('',(#1702,#1703),#72,.T.);
#1896=ADVANCED_FACE('',(#1704,#1705),#73,.T.);
#1897=ADVANCED_FACE('',(#1706),#1855,.T.);
#1898=ADVANCED_FACE('',(#1707,#1708),#74,.T.);
#1899=ADVANCED_FACE('',(#1709),#1856,.F.);
#1900=ADVANCED_FACE('',(#1710),#75,.T.);
#1901=ADVANCED_FACE('',(#1711),#44,.T.);
#1902=ADVANCED_FACE('',(#1712),#76,.T.);
#1903=ADVANCED_FACE('',(#1713),#77,.T.);
#1904=ADVANCED_FACE('',(#1714),#45,.T.);
#1905=ADVANCED_FACE('',(#1715),#78,.T.);
#1906=ADVANCED_FACE('',(#1716,#1717),#1857,.F.);
#1907=ADVANCED_FACE('',(#1718,#1719),#1858,.F.);
#1908=ADVANCED_FACE('',(#1720),#1859,.T.);
#1909=ADVANCED_FACE('',(#1721),#1860,.T.);
#1910=ADVANCED_FACE('',(#1722),#79,.T.);
#1911=ADVANCED_FACE('',(#1723),#1861,.T.);
#1912=ADVANCED_FACE('',(#1724,#1725),#80,.F.);
#1913=ADVANCED_FACE('',(#1726),#1862,.T.);
#1914=ADVANCED_FACE('',(#1727,#1728),#1863,.F.);
#1915=ADVANCED_FACE('',(#1729,#1730),#1864,.F.);
#1916=ADVANCED_FACE('',(#1731),#81,.T.);
#1917=ADVANCED_FACE('',(#1732,#1733),#82,.F.);
#1918=ADVANCED_FACE('',(#1734),#83,.F.);
#1919=ADVANCED_FACE('',(#1735),#84,.T.);
#1920=ADVANCED_FACE('',(#1736),#85,.F.);
#1921=ADVANCED_FACE('',(#1737),#86,.T.);
#1922=ADVANCED_FACE('',(#1738),#46,.T.);
#1923=ADVANCED_FACE('',(#1739),#87,.T.);
#1924=ADVANCED_FACE('',(#1740),#88,.T.);
#1925=ADVANCED_FACE('',(#1741),#47,.T.);
#1926=ADVANCED_FACE('',(#1742),#48,.T.);
#1927=ADVANCED_FACE('',(#1743),#89,.T.);
#1928=ADVANCED_FACE('',(#1744),#90,.T.);
#1929=ADVANCED_FACE('',(#1745),#49,.T.);
#1930=ADVANCED_FACE('',(#1746),#50,.T.);
#1931=ADVANCED_FACE('',(#1747),#91,.T.);
#1932=ADVANCED_FACE('',(#1748),#92,.T.);
#1933=ADVANCED_FACE('',(#1749),#51,.T.);
#1934=ADVANCED_FACE('',(#1750),#93,.T.);
#1935=ADVANCED_FACE('',(#1751),#52,.T.);
#1936=ADVANCED_FACE('',(#1752),#53,.T.);
#1937=ADVANCED_FACE('',(#1753),#94,.T.);
#1938=ADVANCED_FACE('',(#1754),#95,.T.);
#1939=ADVANCED_FACE('',(#1755),#54,.T.);
#1940=ADVANCED_FACE('',(#1756),#55,.T.);
#1941=ADVANCED_FACE('',(#1757),#96,.T.);
#1942=ADVANCED_FACE('',(#1758),#97,.T.);
#1943=ADVANCED_FACE('',(#1759),#56,.T.);
#1944=ADVANCED_FACE('',(#1760),#57,.T.);
#1945=ADVANCED_FACE('',(#1761),#98,.T.);
#1946=ADVANCED_FACE('',(#1762,#1763,#1764),#1865,.T.);
#1947=ADVANCED_FACE('',(#1765),#99,.T.);
#1948=ADVANCED_FACE('',(#1766),#1866,.T.);
#1949=ADVANCED_FACE('',(#1767),#100,.T.);
#1950=ADVANCED_FACE('',(#1768),#1867,.F.);
#1951=ADVANCED_FACE('',(#1769),#1868,.F.);
#1952=ADVANCED_FACE('',(#1770),#1869,.F.);
#1953=ADVANCED_FACE('',(#1771),#101,.T.);
#1954=ADVANCED_FACE('',(#1772,#1773),#102,.F.);
#1955=ADVANCED_FACE('',(#1774),#1870,.T.);
#1956=ADVANCED_FACE('',(#1775,#1776),#1871,.T.);
#1957=ADVANCED_FACE('',(#1777,#1778),#1872,.F.);
#1958=ADVANCED_FACE('',(#1779),#1873,.T.);
#1959=ADVANCED_FACE('',(#1780),#103,.T.);
#1960=ADVANCED_FACE('',(#1781),#1874,.F.);
#1961=ADVANCED_FACE('',(#1782),#1875,.F.);
#1962=ADVANCED_FACE('',(#1783),#104,.T.);
#1963=ADVANCED_FACE('',(#1784,#1785),#105,.F.);
#1964=ADVANCED_FACE('',(#1786),#1876,.T.);
#1965=ADVANCED_FACE('',(#1787,#1788),#1877,.T.);
#1966=ADVANCED_FACE('',(#1789,#1790),#1878,.F.);
#1967=ADVANCED_FACE('',(#1791),#106,.F.);
#1968=ADVANCED_FACE('',(#1792),#107,.T.);
#1969=ADVANCED_FACE('',(#1793),#58,.T.);
#1970=ADVANCED_FACE('',(#1794),#108,.T.);
#1971=ADVANCED_FACE('',(#1795),#109,.T.);
#1972=ADVANCED_FACE('',(#1796),#59,.T.);
#1973=ADVANCED_FACE('',(#1797),#110,.T.);
#1974=ADVANCED_FACE('',(#1798),#111,.T.);
#1975=ADVANCED_FACE('',(#1799),#60,.T.);
#1976=ADVANCED_FACE('',(#1800),#112,.T.);
#1977=ADVANCED_FACE('',(#1801),#113,.T.);
#1978=ADVANCED_FACE('',(#1802),#61,.T.);
#1979=ADVANCED_FACE('',(#1803),#114,.T.);
#1980=ADVANCED_FACE('',(#1804),#62,.T.);
#1981=ADVANCED_FACE('',(#1805),#115,.T.);
#1982=ADVANCED_FACE('',(#1806),#116,.T.);
#1983=ADVANCED_FACE('',(#1807),#63,.T.);
#1984=ADVANCED_FACE('',(#1808),#64,.T.);
#1985=ADVANCED_FACE('',(#1809),#117,.T.);
#1986=ADVANCED_FACE('',(#1810),#118,.T.);
#1987=ADVANCED_FACE('',(#1811),#65,.T.);
#1988=ADVANCED_FACE('',(#1812),#119,.T.);
#1989=ADVANCED_FACE('',(#1813),#120,.T.);
#1990=ADVANCED_FACE('',(#1814,#1815),#121,.T.);
#1991=ADVANCED_FACE('',(#1816),#1879,.F.);
#1992=ADVANCED_FACE('',(#1817,#1818),#1880,.F.);
#1993=ADVANCED_FACE('',(#1819,#1820),#1881,.T.);
#1994=ADVANCED_FACE('',(#1821,#1822),#1882,.T.);
#1995=ADVANCED_FACE('',(#1823),#1883,.T.);
#1996=ADVANCED_FACE('',(#1824),#1884,.F.);
#1997=ADVANCED_FACE('',(#1825),#1885,.F.);
#1998=ADVANCED_FACE('',(#1826,#1827),#1886,.F.);
#1999=ADVANCED_FACE('',(#1828,#1829),#1887,.F.);
#2000=ADVANCED_FACE('',(#1830,#1831),#122,.F.);
#2001=ADVANCED_FACE('',(#1832,#1833),#123,.F.);
#2002=ADVANCED_FACE('',(#1834),#124,.T.);
#2003=ADVANCED_FACE('',(#1835),#66,.T.);
#2004=ADVANCED_FACE('',(#1836),#125,.T.);
#2005=ADVANCED_FACE('',(#1837),#126,.T.);
#2006=ADVANCED_FACE('',(#1838),#67,.T.);
#2007=ADVANCED_FACE('',(#1839),#127,.T.);
#2008=ADVANCED_FACE('',(#1840),#128,.T.);
#2009=ADVANCED_FACE('',(#1841),#129,.T.);
#2010=ADVANCED_FACE('',(#1842),#68,.T.);
#2011=ADVANCED_FACE('',(#1843),#130,.T.);
#2012=ADVANCED_FACE('',(#1844),#131,.T.);
#2013=ADVANCED_FACE('',(#1845),#69,.T.);
#2014=ADVANCED_FACE('',(#1846),#132,.T.);
#2015=ADVANCED_FACE('',(#1847,#1848),#70,.T.);
#2016=CLOSED_SHELL('',(#1888,#1889,#1890,#1891,#1892,#1893,#1894,#1895,
#1896,#1897,#1898,#1899,#1900,#1901,#1902,#1903,#1904,#1905));
#2017=CLOSED_SHELL('',(#1906,#1907,#1908,#1909,#1910,#1911,#1912,#1913,
#1914,#1915,#1916,#1917,#1918,#1919,#1920,#1921,#1922,#1923,#1924,#1925,
#1926,#1927,#1928,#1929,#1930,#1931,#1932,#1933,#1934,#1935,#1936,#1937,
#1938,#1939,#1940,#1941,#1942,#1943,#1944,#1945));
#2018=CLOSED_SHELL('',(#1946,#1947,#1948,#1949,#1950,#1951,#1952,#1953,
#1954,#1955,#1956,#1957,#1958,#1959,#1960,#1961,#1962,#1963,#1964,#1965,
#1966,#1967,#1968,#1969,#1970,#1971,#1972,#1973,#1974,#1975,#1976,#1977,
#1978,#1979,#1980,#1981,#1982,#1983,#1984,#1985,#1986,#1987));
#2019=CLOSED_SHELL('',(#1988,#1989,#1990,#1991,#1992,#1993,#1994,#1995,
#1996,#1997,#1998,#1999,#2000,#2001,#2002,#2003,#2004,#2005,#2006,#2007,
#2008,#2009,#2010,#2011,#2012,#2013,#2014,#2015));
#2020=STYLED_ITEM('',(#2024),#2052);
#2021=STYLED_ITEM('',(#2025),#2053);
#2022=STYLED_ITEM('',(#2026),#2054);
#2023=STYLED_ITEM('',(#2027),#2055);
#2024=PRESENTATION_STYLE_ASSIGNMENT((#2028));
#2025=PRESENTATION_STYLE_ASSIGNMENT((#2029));
#2026=PRESENTATION_STYLE_ASSIGNMENT((#2030));
#2027=PRESENTATION_STYLE_ASSIGNMENT((#2031));
#2028=SURFACE_STYLE_USAGE(.BOTH.,#2032);
#2029=SURFACE_STYLE_USAGE(.BOTH.,#2033);
#2030=SURFACE_STYLE_USAGE(.BOTH.,#2034);
#2031=SURFACE_STYLE_USAGE(.BOTH.,#2035);
#2032=SURFACE_SIDE_STYLE('',(#2036));
#2033=SURFACE_SIDE_STYLE('',(#2037));
#2034=SURFACE_SIDE_STYLE('',(#2038));
#2035=SURFACE_SIDE_STYLE('',(#2039));
#2036=SURFACE_STYLE_FILL_AREA(#2040);
#2037=SURFACE_STYLE_FILL_AREA(#2041);
#2038=SURFACE_STYLE_FILL_AREA(#2042);
#2039=SURFACE_STYLE_FILL_AREA(#2043);
#2040=FILL_AREA_STYLE('',(#2044));
#2041=FILL_AREA_STYLE('',(#2045));
#2042=FILL_AREA_STYLE('',(#2046));
#2043=FILL_AREA_STYLE('',(#2047));
#2044=FILL_AREA_STYLE_COLOUR('',#2048);
#2045=FILL_AREA_STYLE_COLOUR('',#2049);
#2046=FILL_AREA_STYLE_COLOUR('',#2050);
#2047=FILL_AREA_STYLE_COLOUR('',#2051);
#2048=COLOUR_RGB('',0.231372549019608,0.380392156862745,0.705882352941177);
#2049=COLOUR_RGB('',0.737254901960784,0.937254901960784,0.917647058823529);
#2050=COLOUR_RGB('',0.882352941176471,0.572549019607843,0.47843137254902);
#2051=COLOUR_RGB('',1.,0.756862745098039,0.0549019607843137);
#2052=MANIFOLD_SOLID_BREP('pin',#2016);
#2053=MANIFOLD_SOLID_BREP('Link',#2017);
#2054=MANIFOLD_SOLID_BREP('Base',#2018);
#2055=MANIFOLD_SOLID_BREP('shaft',#2019);
#2056=SHAPE_DEFINITION_REPRESENTATION(#3643,#2061);
#2057=SHAPE_DEFINITION_REPRESENTATION(#3644,#2062);
#2058=SHAPE_DEFINITION_REPRESENTATION(#3646,#2063);
#2059=SHAPE_DEFINITION_REPRESENTATION(#3648,#2064);
#2060=SHAPE_DEFINITION_REPRESENTATION(#3650,#2065);
#2061=SHAPE_REPRESENTATION('Assembly 1',(#2066,#2103,#2196,#2287,#2347,
#2348,#2349),#3630);
#2062=SHAPE_REPRESENTATION('pin',(#2066),#3631);
#2063=SHAPE_REPRESENTATION('Link',(#2066),#3632);
#2064=SHAPE_REPRESENTATION('Base',(#2066),#3633);
#2065=SHAPE_REPRESENTATION('shaft',(#2066),#3634);
#2066=AXIS2_PLACEMENT_3D('',#3045,#2350,#2351);
#2067=AXIS2_PLACEMENT_3D('',#3046,#2352,#2353);
#2068=AXIS2_PLACEMENT_3D('',#3047,#2354,#2355);
#2069=AXIS2_PLACEMENT_3D('',#3052,#2357,#2358);
#2070=AXIS2_PLACEMENT_3D('',#3056,#2360,#2361);
#2071=AXIS2_PLACEMENT_3D('',#3060,#2363,#2364);
#2072=AXIS2_PLACEMENT_3D('',#3064,#2366,#2367);
#2073=AXIS2_PLACEMENT_3D('',#3065,#2368,#2369);
#2074=AXIS2_PLACEMENT_3D('',#3071,#2373,#2374);
#2075=AXIS2_PLACEMENT_3D('',#3075,#2376,#2377);
#2076=AXIS2_PLACEMENT_3D('',#3076,#2378,#2379);
#2077=AXIS2_PLACEMENT_3D('',#3077,#2380,#2381);
#2078=AXIS2_PLACEMENT_3D('',#3080,#2384,#2385);
#2079=AXIS2_PLACEMENT_3D('',#3083,#2387,#2388);
#2080=AXIS2_PLACEMENT_3D('',#3086,#2390,#2391);
#2081=AXIS2_PLACEMENT_3D('',#3088,#2392,#2393);
#2082=AXIS2_PLACEMENT_3D('',#3091,#2395,#2396);
#2083=AXIS2_PLACEMENT_3D('',#3094,#2398,#2399);
#2084=AXIS2_PLACEMENT_3D('',#3096,#2400,#2401);
#2085=AXIS2_PLACEMENT_3D('',#3097,#2402,#2403);
#2086=AXIS2_PLACEMENT_3D('',#3099,#2404,#2405);
#2087=AXIS2_PLACEMENT_3D('',#3100,#2406,#2407);
#2088=AXIS2_PLACEMENT_3D('',#3101,#2408,#2409);
#2089=AXIS2_PLACEMENT_3D('',#3103,#2410,#2411);
#2090=AXIS2_PLACEMENT_3D('',#3104,#2412,#2413);
#2091=AXIS2_PLACEMENT_3D('',#3105,#2414,#2415);
#2092=AXIS2_PLACEMENT_3D('',#3107,#2416,#2417);
#2093=AXIS2_PLACEMENT_3D('',#3108,#2418,#2419);
#2094=AXIS2_PLACEMENT_3D('',#3109,#2420,#2421);
#2095=AXIS2_PLACEMENT_3D('',#3110,#2422,#2423);
#2096=AXIS2_PLACEMENT_3D('',#3111,#2424,#2425);
#2097=AXIS2_PLACEMENT_3D('',#3112,#2426,#2427);
#2098=AXIS2_PLACEMENT_3D('',#3113,#2428,#2429);
#2099=AXIS2_PLACEMENT_3D('',#3114,#2430,#2431);
#2100=AXIS2_PLACEMENT_3D('',#3115,#2432,#2433);
#2101=AXIS2_PLACEMENT_3D('',#3116,#2434,#2435);
#2102=AXIS2_PLACEMENT_3D('',#3117,#2436,#2437);
#2103=AXIS2_PLACEMENT_3D('',#3118,#2438,#2439);
#2104=AXIS2_PLACEMENT_3D('',#3119,#2440,#2441);
#2105=AXIS2_PLACEMENT_3D('',#3125,#2444,#2445);
#2106=AXIS2_PLACEMENT_3D('',#3128,#2447,#2448);
#2107=AXIS2_PLACEMENT_3D('',#3130,#2449,#2450);
#2108=AXIS2_PLACEMENT_3D('',#3131,#2451,#2452);
#2109=AXIS2_PLACEMENT_3D('',#3139,#2456,#2457);
#2110=AXIS2_PLACEMENT_3D('',#3141,#2458,#2459);
#2111=AXIS2_PLACEMENT_3D('',#3150,#2464,#2465);
#2112=AXIS2_PLACEMENT_3D('',#3151,#2466,#2467);
#2113=AXIS2_PLACEMENT_3D('',#3160,#2471,#2472);
#2114=AXIS2_PLACEMENT_3D('',#3164,#2474,#2475);
#2115=AXIS2_PLACEMENT_3D('',#3172,#2479,#2480);
#2116=AXIS2_PLACEMENT_3D('',#3175,#2482,#2483);
#2117=AXIS2_PLACEMENT_3D('',#3179,#2485,#2486);
#2118=AXIS2_PLACEMENT_3D('',#3180,#2487,#2488);
#2119=AXIS2_PLACEMENT_3D('',#3181,#2489,#2490);
#2120=AXIS2_PLACEMENT_3D('',#3187,#2493,#2494);
#2121=AXIS2_PLACEMENT_3D('',#3191,#2496,#2497);
#2122=AXIS2_PLACEMENT_3D('',#3196,#2500,#2501);
#2123=AXIS2_PLACEMENT_3D('',#3200,#2503,#2504);
#2124=AXIS2_PLACEMENT_3D('',#3203,#2506,#2507);
#2125=AXIS2_PLACEMENT_3D('',#3204,#2508,#2509);
#2126=AXIS2_PLACEMENT_3D('',#3213,#2514,#2515);
#2127=AXIS2_PLACEMENT_3D('',#3214,#2516,#2517);
#2128=AXIS2_PLACEMENT_3D('',#3216,#2518,#2519);
#2129=AXIS2_PLACEMENT_3D('',#3224,#2523,#2524);
#2130=AXIS2_PLACEMENT_3D('',#3225,#2525,#2526);
#2131=AXIS2_PLACEMENT_3D('',#3233,#2530,#2531);
#2132=AXIS2_PLACEMENT_3D('',#3235,#2532,#2533);
#2133=AXIS2_PLACEMENT_3D('',#3236,#2534,#2535);
#2134=AXIS2_PLACEMENT_3D('',#3237,#2536,#2537);
#2135=AXIS2_PLACEMENT_3D('',#3238,#2538,#2539);
#2136=AXIS2_PLACEMENT_3D('',#3239,#2540,#2541);
#2137=AXIS2_PLACEMENT_3D('',#3240,#2542,#2543);
#2138=AXIS2_PLACEMENT_3D('',#3241,#2544,#2545);
#2139=AXIS2_PLACEMENT_3D('',#3242,#2546,#2547);
#2140=AXIS2_PLACEMENT_3D('',#3243,#2548,#2549);
#2141=AXIS2_PLACEMENT_3D('',#3244,#2550,#2551);
#2142=AXIS2_PLACEMENT_3D('',#3245,#2552,#2553);
#2143=AXIS2_PLACEMENT_3D('',#3246,#2554,#2555);
#2144=AXIS2_PLACEMENT_3D('',#3247,#2556,#2557);
#2145=AXIS2_PLACEMENT_3D('',#3248,#2558,#2559);
#2146=AXIS2_PLACEMENT_3D('',#3249,#2560,#2561);
#2147=AXIS2_PLACEMENT_3D('',#3250,#2562,#2563);
#2148=AXIS2_PLACEMENT_3D('',#3251,#2564,#2565);
#2149=AXIS2_PLACEMENT_3D('',#3252,#2566,#2567);
#2150=AXIS2_PLACEMENT_3D('',#3253,#2568,#2569);
#2151=AXIS2_PLACEMENT_3D('',#3254,#2570,#2571);
#2152=AXIS2_PLACEMENT_3D('',#3255,#2572,#2573);
#2153=AXIS2_PLACEMENT_3D('',#3256,#2574,#2575);
#2154=AXIS2_PLACEMENT_3D('',#3257,#2576,#2577);
#2155=AXIS2_PLACEMENT_3D('',#3258,#2578,#2579);
#2156=AXIS2_PLACEMENT_3D('',#3259,#2580,#2581);
#2157=AXIS2_PLACEMENT_3D('',#3260,#2582,#2583);
#2158=AXIS2_PLACEMENT_3D('',#3261,#2584,#2585);
#2159=AXIS2_PLACEMENT_3D('',#3262,#2586,#2587);
#2160=AXIS2_PLACEMENT_3D('',#3263,#2588,#2589);
#2161=AXIS2_PLACEMENT_3D('',#3264,#2590,#2591);
#2162=AXIS2_PLACEMENT_3D('',#3265,#2592,#2593);
#2163=AXIS2_PLACEMENT_3D('',#3266,#2594,#2595);
#2164=AXIS2_PLACEMENT_3D('',#3267,#2596,#2597);
#2165=AXIS2_PLACEMENT_3D('',#3268,#2598,#2599);
#2166=AXIS2_PLACEMENT_3D('',#3269,#2600,#2601);
#2167=AXIS2_PLACEMENT_3D('',#3270,#2602,#2603);
#2168=AXIS2_PLACEMENT_3D('',#3271,#2604,#2605);
#2169=AXIS2_PLACEMENT_3D('',#3272,#2606,#2607);
#2170=AXIS2_PLACEMENT_3D('',#3273,#2608,#2609);
#2171=AXIS2_PLACEMENT_3D('',#3274,#2610,#2611);
#2172=AXIS2_PLACEMENT_3D('',#3275,#2612,#2613);
#2173=AXIS2_PLACEMENT_3D('',#3276,#2614,#2615);
#2174=AXIS2_PLACEMENT_3D('',#3277,#2616,#2617);
#2175=AXIS2_PLACEMENT_3D('',#3278,#2618,#2619);
#2176=AXIS2_PLACEMENT_3D('',#3279,#2620,#2621);
#2177=AXIS2_PLACEMENT_3D('',#3280,#2622,#2623);
#2178=AXIS2_PLACEMENT_3D('',#3281,#2624,#2625);
#2179=AXIS2_PLACEMENT_3D('',#3282,#2626,#2627);
#2180=AXIS2_PLACEMENT_3D('',#3283,#2628,#2629);
#2181=AXIS2_PLACEMENT_3D('',#3284,#2630,#2631);
#2182=AXIS2_PLACEMENT_3D('',#3285,#2632,#2633);
#2183=AXIS2_PLACEMENT_3D('',#3286,#2634,#2635);
#2184=AXIS2_PLACEMENT_3D('',#3287,#2636,#2637);
#2185=AXIS2_PLACEMENT_3D('',#3288,#2638,#2639);
#2186=AXIS2_PLACEMENT_3D('',#3289,#2640,#2641);
#2187=AXIS2_PLACEMENT_3D('',#3290,#2642,#2643);
#2188=AXIS2_PLACEMENT_3D('',#3291,#2644,#2645);
#2189=AXIS2_PLACEMENT_3D('',#3292,#2646,#2647);
#2190=AXIS2_PLACEMENT_3D('',#3293,#2648,#2649);
#2191=AXIS2_PLACEMENT_3D('',#3294,#2650,#2651);
#2192=AXIS2_PLACEMENT_3D('',#3295,#2652,#2653);
#2193=AXIS2_PLACEMENT_3D('',#3296,#2654,#2655);
#2194=AXIS2_PLACEMENT_3D('',#3297,#2656,#2657);
#2195=AXIS2_PLACEMENT_3D('',#3298,#2658,#2659);
#2196=AXIS2_PLACEMENT_3D('',#3299,#2660,#2661);
#2197=AXIS2_PLACEMENT_3D('',#3300,#2662,#2663);
#2198=AXIS2_PLACEMENT_3D('',#3304,#2665,#2666);
#2199=AXIS2_PLACEMENT_3D('',#3308,#2668,#2669);
#2200=AXIS2_PLACEMENT_3D('',#3312,#2671,#2672);
#2201=AXIS2_PLACEMENT_3D('',#3316,#2674,#2675);
#2202=AXIS2_PLACEMENT_3D('',#3320,#2677,#2678);
#2203=AXIS2_PLACEMENT_3D('',#3324,#2680,#2681);
#2204=AXIS2_PLACEMENT_3D('',#3328,#2683,#2684);
#2205=AXIS2_PLACEMENT_3D('',#3332,#2686,#2687);
#2206=AXIS2_PLACEMENT_3D('',#3336,#2689,#2690);
#2207=AXIS2_PLACEMENT_3D('',#3340,#2692,#2693);
#2208=AXIS2_PLACEMENT_3D('',#3344,#2695,#2696);
#2209=AXIS2_PLACEMENT_3D('',#3348,#2698,#2699);
#2210=AXIS2_PLACEMENT_3D('',#3349,#2700,#2701);
#2211=AXIS2_PLACEMENT_3D('',#3353,#2703,#2704);
#2212=AXIS2_PLACEMENT_3D('',#3357,#2706,#2707);
#2213=AXIS2_PLACEMENT_3D('',#3358,#2708,#2709);
#2214=AXIS2_PLACEMENT_3D('',#3364,#2713,#2714);
#2215=AXIS2_PLACEMENT_3D('',#3368,#2716,#2717);
#2216=AXIS2_PLACEMENT_3D('',#3369,#2718,#2719);
#2217=AXIS2_PLACEMENT_3D('',#3370,#2720,#2721);
#2218=AXIS2_PLACEMENT_3D('',#3376,#2725,#2726);
#2219=AXIS2_PLACEMENT_3D('',#3379,#2728,#2729);
#2220=AXIS2_PLACEMENT_3D('',#3383,#2731,#2732);
#2221=AXIS2_PLACEMENT_3D('',#3384,#2733,#2734);
#2222=AXIS2_PLACEMENT_3D('',#3390,#2738,#2739);
#2223=AXIS2_PLACEMENT_3D('',#3391,#2740,#2741);
#2224=AXIS2_PLACEMENT_3D('',#3395,#2743,#2744);
#2225=AXIS2_PLACEMENT_3D('',#3396,#2745,#2746);
#2226=AXIS2_PLACEMENT_3D('',#3397,#2747,#2748);
#2227=AXIS2_PLACEMENT_3D('',#3399,#2749,#2750);
#2228=AXIS2_PLACEMENT_3D('',#3401,#2751,#2752);
#2229=AXIS2_PLACEMENT_3D('',#3404,#2755,#2756);
#2230=AXIS2_PLACEMENT_3D('',#3407,#2758,#2759);
#2231=AXIS2_PLACEMENT_3D('',#3410,#2761,#2762);
#2232=AXIS2_PLACEMENT_3D('',#3411,#2763,#2764);
#2233=AXIS2_PLACEMENT_3D('',#3416,#2767,#2768);
#2234=AXIS2_PLACEMENT_3D('',#3420,#2771,#2772);
#2235=AXIS2_PLACEMENT_3D('',#3421,#2773,#2774);
#2236=AXIS2_PLACEMENT_3D('',#3424,#2776,#2777);
#2237=AXIS2_PLACEMENT_3D('',#3428,#2780,#2781);
#2238=AXIS2_PLACEMENT_3D('',#3434,#2785,#2786);
#2239=AXIS2_PLACEMENT_3D('',#3438,#2788,#2789);
#2240=AXIS2_PLACEMENT_3D('',#3439,#2790,#2791);
#2241=AXIS2_PLACEMENT_3D('',#3440,#2792,#2793);
#2242=AXIS2_PLACEMENT_3D('',#3441,#2794,#2795);
#2243=AXIS2_PLACEMENT_3D('',#3443,#2796,#2797);
#2244=AXIS2_PLACEMENT_3D('',#3445,#2798,#2799);
#2245=AXIS2_PLACEMENT_3D('',#3448,#2802,#2803);
#2246=AXIS2_PLACEMENT_3D('',#3449,#2804,#2805);
#2247=AXIS2_PLACEMENT_3D('',#3454,#2808,#2809);
#2248=AXIS2_PLACEMENT_3D('',#3457,#2811,#2812);
#2249=AXIS2_PLACEMENT_3D('',#3460,#2814,#2815);
#2250=AXIS2_PLACEMENT_3D('',#3461,#2816,#2817);
#2251=AXIS2_PLACEMENT_3D('',#3462,#2818,#2819);
#2252=AXIS2_PLACEMENT_3D('',#3463,#2820,#2821);
#2253=AXIS2_PLACEMENT_3D('',#3464,#2822,#2823);
#2254=AXIS2_PLACEMENT_3D('',#3465,#2824,#2825);
#2255=AXIS2_PLACEMENT_3D('',#3466,#2826,#2827);
#2256=AXIS2_PLACEMENT_3D('',#3467,#2828,#2829);
#2257=AXIS2_PLACEMENT_3D('',#3468,#2830,#2831);
#2258=AXIS2_PLACEMENT_3D('',#3469,#2832,#2833);
#2259=AXIS2_PLACEMENT_3D('',#3470,#2834,#2835);
#2260=AXIS2_PLACEMENT_3D('',#3471,#2836,#2837);
#2261=AXIS2_PLACEMENT_3D('',#3472,#2838,#2839);
#2262=AXIS2_PLACEMENT_3D('',#3473,#2840,#2841);
#2263=AXIS2_PLACEMENT_3D('',#3474,#2842,#2843);
#2264=AXIS2_PLACEMENT_3D('',#3475,#2844,#2845);
#2265=AXIS2_PLACEMENT_3D('',#3476,#2846,#2847);
#2266=AXIS2_PLACEMENT_3D('',#3477,#2848,#2849);
#2267=AXIS2_PLACEMENT_3D('',#3478,#2850,#2851);
#2268=AXIS2_PLACEMENT_3D('',#3479,#2852,#2853);
#2269=AXIS2_PLACEMENT_3D('',#3480,#2854,#2855);
#2270=AXIS2_PLACEMENT_3D('',#3481,#2856,#2857);
#2271=AXIS2_PLACEMENT_3D('',#3482,#2858,#2859);
#2272=AXIS2_PLACEMENT_3D('',#3483,#2860,#2861);
#2273=AXIS2_PLACEMENT_3D('',#3484,#2862,#2863);
#2274=AXIS2_PLACEMENT_3D('',#3485,#2864,#2865);
#2275=AXIS2_PLACEMENT_3D('',#3486,#2866,#2867);
#2276=AXIS2_PLACEMENT_3D('',#3487,#2868,#2869);
#2277=AXIS2_PLACEMENT_3D('',#3488,#2870,#2871);
#2278=AXIS2_PLACEMENT_3D('',#3489,#2872,#2873);
#2279=AXIS2_PLACEMENT_3D('',#3490,#2874,#2875);
#2280=AXIS2_PLACEMENT_3D('',#3491,#2876,#2877);
#2281=AXIS2_PLACEMENT_3D('',#3492,#2878,#2879);
#2282=AXIS2_PLACEMENT_3D('',#3493,#2880,#2881);
#2283=AXIS2_PLACEMENT_3D('',#3494,#2882,#2883);
#2284=AXIS2_PLACEMENT_3D('',#3495,#2884,#2885);
#2285=AXIS2_PLACEMENT_3D('',#3496,#2886,#2887);
#2286=AXIS2_PLACEMENT_3D('',#3497,#2888,#2889);
#2287=AXIS2_PLACEMENT_3D('',#3498,#2890,#2891);
#2288=AXIS2_PLACEMENT_3D('',#3499,#2892,#2893);
#2289=AXIS2_PLACEMENT_3D('',#3503,#2895,#2896);
#2290=AXIS2_PLACEMENT_3D('',#3507,#2898,#2899);
#2291=AXIS2_PLACEMENT_3D('',#3508,#2900,#2901);
#2292=AXIS2_PLACEMENT_3D('',#3512,#2903,#2904);
#2293=AXIS2_PLACEMENT_3D('',#3516,#2906,#2907);
#2294=AXIS2_PLACEMENT_3D('',#3517,#2908,#2909);
#2295=AXIS2_PLACEMENT_3D('',#3518,#2910,#2911);
#2296=AXIS2_PLACEMENT_3D('',#3520,#2912,#2913);
#2297=AXIS2_PLACEMENT_3D('',#3522,#2914,#2915);
#2298=AXIS2_PLACEMENT_3D('',#3523,#2916,#2917);
#2299=AXIS2_PLACEMENT_3D('',#3525,#2918,#2919);
#2300=AXIS2_PLACEMENT_3D('',#3526,#2920,#2921);
#2301=AXIS2_PLACEMENT_3D('',#3528,#2922,#2923);
#2302=AXIS2_PLACEMENT_3D('',#3536,#2927,#2928);
#2303=AXIS2_PLACEMENT_3D('',#3537,#2929,#2930);
#2304=AXIS2_PLACEMENT_3D('',#3541,#2932,#2933);
#2305=AXIS2_PLACEMENT_3D('',#3545,#2935,#2936);
#2306=AXIS2_PLACEMENT_3D('',#3549,#2938,#2939);
#2307=AXIS2_PLACEMENT_3D('',#3550,#2940,#2941);
#2308=AXIS2_PLACEMENT_3D('',#3551,#2942,#2943);
#2309=AXIS2_PLACEMENT_3D('',#3553,#2944,#2945);
#2310=AXIS2_PLACEMENT_3D('',#3558,#2948,#2949);
#2311=AXIS2_PLACEMENT_3D('',#3566,#2955,#2956);
#2312=AXIS2_PLACEMENT_3D('',#3574,#2962,#2963);
#2313=AXIS2_PLACEMENT_3D('',#3582,#2967,#2968);
#2314=AXIS2_PLACEMENT_3D('',#3583,#2969,#2970);
#2315=AXIS2_PLACEMENT_3D('',#3584,#2971,#2972);
#2316=AXIS2_PLACEMENT_3D('',#3585,#2973,#2974);
#2317=AXIS2_PLACEMENT_3D('',#3587,#2975,#2976);
#2318=AXIS2_PLACEMENT_3D('',#3592,#2979,#2980);
#2319=AXIS2_PLACEMENT_3D('',#3593,#2981,#2982);
#2320=AXIS2_PLACEMENT_3D('',#3597,#2984,#2985);
#2321=AXIS2_PLACEMENT_3D('',#3600,#2987,#2988);
#2322=AXIS2_PLACEMENT_3D('',#3601,#2989,#2990);
#2323=AXIS2_PLACEMENT_3D('',#3602,#2991,#2992);
#2324=AXIS2_PLACEMENT_3D('',#3603,#2993,#2994);
#2325=AXIS2_PLACEMENT_3D('',#3604,#2995,#2996);
#2326=AXIS2_PLACEMENT_3D('',#3605,#2997,#2998);
#2327=AXIS2_PLACEMENT_3D('',#3606,#2999,#3000);
#2328=AXIS2_PLACEMENT_3D('',#3607,#3001,#3002);
#2329=AXIS2_PLACEMENT_3D('',#3608,#3003,#3004);
#2330=AXIS2_PLACEMENT_3D('',#3609,#3005,#3006);
#2331=AXIS2_PLACEMENT_3D('',#3610,#3007,#3008);
#2332=AXIS2_PLACEMENT_3D('',#3611,#3009,#3010);
#2333=AXIS2_PLACEMENT_3D('',#3612,#3011,#3012);
#2334=AXIS2_PLACEMENT_3D('',#3613,#3013,#3014);
#2335=AXIS2_PLACEMENT_3D('',#3614,#3015,#3016);
#2336=AXIS2_PLACEMENT_3D('',#3615,#3017,#3018);
#2337=AXIS2_PLACEMENT_3D('',#3616,#3019,#3020);
#2338=AXIS2_PLACEMENT_3D('',#3617,#3021,#3022);
#2339=AXIS2_PLACEMENT_3D('',#3618,#3023,#3024);
#2340=AXIS2_PLACEMENT_3D('',#3619,#3025,#3026);
#2341=AXIS2_PLACEMENT_3D('',#3620,#3027,#3028);
#2342=AXIS2_PLACEMENT_3D('',#3621,#3029,#3030);
#2343=AXIS2_PLACEMENT_3D('',#3622,#3031,#3032);
#2344=AXIS2_PLACEMENT_3D('',#3623,#3033,#3034);
#2345=AXIS2_PLACEMENT_3D('',#3624,#3035,#3036);
#2346=AXIS2_PLACEMENT_3D('',#3625,#3037,#3038);
#2347=AXIS2_PLACEMENT_3D('',#3626,#3039,#3040);
#2348=AXIS2_PLACEMENT_3D('',#3627,#3041,#3042);
#2349=AXIS2_PLACEMENT_3D('',#3628,#3043,#3044);
#2350=DIRECTION('',(0.,0.,1.));
#2351=DIRECTION('',(1.,0.,0.));
#2352=DIRECTION('',(0.,0.,-1.));
#2353=DIRECTION('',(-1.,0.,0.));
#2354=DIRECTION('',(0.,0.,1.));
#2355=DIRECTION('',(1.,0.,0.));
#2356=DIRECTION('',(0.,1.,0.));
#2357=DIRECTION('',(0.,0.,-1.));
#2358=DIRECTION('',(-1.,0.,0.));
#2359=DIRECTION('',(-1.,0.,0.));
#2360=DIRECTION('',(0.,0.,-1.));
#2361=DIRECTION('',(-1.,0.,0.));
#2362=DIRECTION('',(0.,1.,0.));
#2363=DIRECTION('',(0.,0.,-1.));
#2364=DIRECTION('',(-1.,0.,0.));
#2365=DIRECTION('',(-1.,0.,0.));
#2366=DIRECTION('',(0.,0.,-1.));
#2367=DIRECTION('',(-1.,0.,0.));
#2368=DIRECTION('',(1.,0.,2.10269512239613E-16));
#2369=DIRECTION('',(2.10269512239613E-16,0.,-1.));
#2370=DIRECTION('',(0.,1.,0.));
#2371=DIRECTION('',(2.10269512239613E-16,0.,-1.));
#2372=DIRECTION('',(2.10269512239613E-16,0.,-1.));
#2373=DIRECTION('',(0.,1.,0.));
#2374=DIRECTION('',(0.,0.,1.));
#2375=DIRECTION('',(0.,1.,0.));
#2376=DIRECTION('',(0.,-1.,0.));
#2377=DIRECTION('',(0.,0.,-1.));
#2378=DIRECTION('',(0.,-1.,0.));
#2379=DIRECTION('',(0.,0.,-1.));
#2380=DIRECTION('',(1.,0.,0.));
#2381=DIRECTION('',(0.,0.,-1.));
#2382=DIRECTION('',(0.,0.,-1.));
#2383=DIRECTION('',(0.,0.,-1.));
#2384=DIRECTION('',(0.,-1.,0.));
#2385=DIRECTION('',(1.,0.,0.));
#2386=DIRECTION('',(2.10269512239613E-16,0.,-1.));
#2387=DIRECTION('',(0.,-1.,0.));
#2388=DIRECTION('',(0.,0.,-1.));
#2389=DIRECTION('',(0.,0.,-1.));
#2390=DIRECTION('',(0.,-1.,0.));
#2391=DIRECTION('',(0.,0.,-1.));
#2392=DIRECTION('',(0.,-1.,0.));
#2393=DIRECTION('',(1.,0.,0.));
#2394=DIRECTION('',(0.,0.,-1.));
#2395=DIRECTION('',(0.,-1.,0.));
#2396=DIRECTION('',(0.,0.,-1.));
#2397=DIRECTION('',(2.10269512239613E-16,0.,-1.));
#2398=DIRECTION('',(0.,-1.,0.));
#2399=DIRECTION('',(0.,0.,-1.));
#2400=DIRECTION('',(0.,-1.,0.));
#2401=DIRECTION('',(1.,0.,0.));
#2402=DIRECTION('',(0.,-1.,0.));
#2403=DIRECTION('',(0.,0.,-1.));
#2404=DIRECTION('',(0.,1.,0.));
#2405=DIRECTION('',(0.,0.,1.));
#2406=DIRECTION('',(0.,1.,0.));
#2407=DIRECTION('',(0.,0.,1.));
#2408=DIRECTION('',(0.,-1.,0.));
#2409=DIRECTION('',(0.,0.,-1.));
#2410=DIRECTION('',(0.,-1.,0.));
#2411=DIRECTION('',(1.,0.,0.));
#2412=DIRECTION('',(0.,0.,1.));
#2413=DIRECTION('',(1.,0.,0.));
#2414=DIRECTION('',(0.,0.,1.));
#2415=DIRECTION('',(1.,0.,0.));
#2416=DIRECTION('',(0.,0.,1.));
#2417=DIRECTION('',(1.,0.,0.));
#2418=DIRECTION('',(0.,0.,1.));
#2419=DIRECTION('',(1.,0.,0.));
#2420=DIRECTION('',(0.,0.,1.));
#2421=DIRECTION('',(1.,0.,0.));
#2422=DIRECTION('',(0.,-1.,0.));
#2423=DIRECTION('',(0.,0.,-1.));
#2424=DIRECTION('',(0.,0.,-1.));
#2425=DIRECTION('',(-1.,0.,0.));
#2426=DIRECTION('',(2.10269512239613E-16,0.,-1.));
#2427=DIRECTION('',(-1.,0.,-2.10269512239613E-16));
#2428=DIRECTION('',(-2.10269512239613E-16,0.,1.));
#2429=DIRECTION('',(1.,0.,2.10269512239613E-16));
#2430=DIRECTION('',(0.,0.,1.));
#2431=DIRECTION('',(1.,0.,0.));
#2432=DIRECTION('',(0.,-1.,0.));
#2433=DIRECTION('',(0.,0.,-1.));
#2434=DIRECTION('',(0.,0.,-1.));
#2435=DIRECTION('',(-1.,0.,0.));
#2436=DIRECTION('',(0.,0.,-1.));
#2437=DIRECTION('',(-1.,0.,0.));
#2438=DIRECTION('',(0.00173077721036791,0.00173077721036702,-0.999997004405761));
#2439=DIRECTION('',(2.99559423949249E-6,-0.999998502204002,-0.00173077461800808));
#2440=DIRECTION('',(0.,0.,1.));
#2441=DIRECTION('',(1.,0.,0.));
#2442=DIRECTION('',(-0.707106781186548,-0.707106781186548,0.));
#2443=DIRECTION('',(-0.707106781186548,0.707106781186547,0.));
#2444=DIRECTION('',(0.,0.,1.));
#2445=DIRECTION('',(1.,0.,0.));
#2446=DIRECTION('',(0.707106781186548,-0.707106781186547,0.));
#2447=DIRECTION('',(0.,0.,1.));
#2448=DIRECTION('',(1.,0.,0.));
#2449=DIRECTION('',(0.,0.,-1.));
#2450=DIRECTION('',(1.,0.,0.));
#2451=DIRECTION('',(0.,0.,-1.));
#2452=DIRECTION('',(-1.,0.,0.));
#2453=DIRECTION('',(0.707106781186548,-0.707106781186547,0.));
#2454=DIRECTION('',(0.707106781186547,0.707106781186548,0.));
#2455=DIRECTION('',(-0.707106781186548,0.707106781186547,0.));
#2456=DIRECTION('',(0.,0.,1.));
#2457=DIRECTION('',(1.,0.,0.));
#2458=DIRECTION('',(0.707106781186548,-0.707106781186548,0.));
#2459=DIRECTION('',(0.707106781186548,0.707106781186548,0.));
#2460=DIRECTION('',(0.707106781186548,0.707106781186548,-4.93038065763133E-32));
#2461=DIRECTION('',(0.,0.,1.));
#2462=DIRECTION('',(-0.707106781186548,-0.707106781186548,0.));
#2463=DIRECTION('',(0.,0.,1.));
#2464=DIRECTION('',(0.707106781186547,0.707106781186548,0.));
#2465=DIRECTION('',(-0.707106781186548,0.707106781186547,0.));
#2466=DIRECTION('',(0.707106781186547,0.707106781186548,0.));
#2467=DIRECTION('',(-0.707106781186548,0.707106781186547,0.));
#2468=DIRECTION('',(-0.707106781186548,0.707106781186547,1.22464679914735E-16));
#2469=DIRECTION('',(-8.65956056235494E-17,8.65956056235493E-17,-1.));
#2470=DIRECTION('',(0.707106781186548,-0.707106781186547,-1.22464679914735E-16));
#2471=DIRECTION('',(0.707106781186547,0.707106781186548,0.));
#2472=DIRECTION('',(-0.707106781186548,0.707106781186547,0.));
#2473=DIRECTION('',(0.,0.,1.));
#2474=DIRECTION('',(0.707106781186547,0.707106781186548,0.));
#2475=DIRECTION('',(-0.707106781186548,0.707106781186547,0.));
#2476=DIRECTION('',(0.707106781186548,-0.707106781186547,0.));
#2477=DIRECTION('',(0.,0.,1.));
#2478=DIRECTION('',(-0.707106781186548,0.707106781186547,0.));
#2479=DIRECTION('',(0.707106781186547,0.707106781186548,0.));
#2480=DIRECTION('',(-0.707106781186548,0.707106781186547,0.));
#2481=DIRECTION('',(0.,0.,-1.));
#2482=DIRECTION('',(0.,0.,1.));
#2483=DIRECTION('',(1.,0.,0.));
#2484=DIRECTION('',(0.,0.,1.));
#2485=DIRECTION('',(0.,0.,-1.));
#2486=DIRECTION('',(-1.,0.,0.));
#2487=DIRECTION('',(0.,0.,1.));
#2488=DIRECTION('',(1.,0.,0.));
#2489=DIRECTION('',(-0.707106781186547,-0.707106781186548,0.));
#2490=DIRECTION('',(0.707106781186548,-0.707106781186547,0.));
#2491=DIRECTION('',(-8.65956056235494E-17,8.65956056235493E-17,-1.));
#2492=DIRECTION('',(0.707106781186548,-0.707106781186547,-1.22464679914735E-16));
#2493=DIRECTION('',(-0.707106781186547,-0.707106781186548,0.));
#2494=DIRECTION('',(0.707106781186548,-0.707106781186547,0.));
#2495=DIRECTION('',(0.,0.,-1.));
#2496=DIRECTION('',(-0.707106781186547,-0.707106781186548,0.));
#2497=DIRECTION('',(0.707106781186548,-0.707106781186547,0.));
#2498=DIRECTION('',(0.707106781186548,-0.707106781186547,0.));
#2499=DIRECTION('',(-0.707106781186548,0.707106781186547,0.));
#2500=DIRECTION('',(-0.707106781186547,-0.707106781186548,0.));
#2501=DIRECTION('',(0.707106781186548,-0.707106781186547,0.));
#2502=DIRECTION('',(0.,0.,1.));
#2503=DIRECTION('',(-0.707106781186547,-0.707106781186548,0.));
#2504=DIRECTION('',(0.707106781186548,-0.707106781186547,0.));
#2505=DIRECTION('',(-0.707106781186548,0.707106781186547,1.22464679914735E-16));
#2506=DIRECTION('',(0.,0.,1.));
#2507=DIRECTION('',(1.,0.,0.));
#2508=DIRECTION('',(-0.707106781186548,0.707106781186547,0.));
#2509=DIRECTION('',(-0.707106781186547,-0.707106781186548,0.));
#2510=DIRECTION('',(0.707106781186547,0.707106781186548,0.));
#2511=DIRECTION('',(0.,0.,-1.));
#2512=DIRECTION('',(-0.707106781186547,-0.707106781186548,-3.6977854932235E-32));
#2513=DIRECTION('',(0.,0.,-1.));
#2514=DIRECTION('',(-8.65956056235494E-17,8.65956056235493E-17,-1.));
#2515=DIRECTION('',(-7.77156117237609E-16,1.,8.65956056235494E-17));
#2516=DIRECTION('',(-8.65956056235494E-17,8.65956056235493E-17,-1.));
#2517=DIRECTION('',(-7.77156117237609E-16,1.,8.65956056235494E-17));
#2518=DIRECTION('',(-8.65956056235494E-17,8.65956056235493E-17,-1.));
#2519=DIRECTION('',(-1.,0.,8.65956056235494E-17));
#2520=DIRECTION('',(-0.707106781186548,0.707106781186547,1.22464679914735E-16));
#2521=DIRECTION('',(-0.707106781186547,-0.707106781186548,-3.6977854932235E-32));
#2522=DIRECTION('',(0.707106781186548,-0.707106781186547,-1.22464679914735E-16));
#2523=DIRECTION('',(8.65956056235494E-17,-8.65956056235493E-17,1.));
#2524=DIRECTION('',(-7.77156117237609E-16,1.,8.65956056235494E-17));
#2525=DIRECTION('',(8.65956056235494E-17,-8.65956056235493E-17,1.));
#2526=DIRECTION('',(1.,0.,-8.65956056235494E-17));
#2527=DIRECTION('',(-0.707106781186548,0.707106781186547,1.22464679914735E-16));
#2528=DIRECTION('',(0.707106781186548,0.707106781186548,-4.93038065763133E-32));
#2529=DIRECTION('',(0.707106781186548,-0.707106781186547,-1.22464679914735E-16));
#2530=DIRECTION('',(-8.65956056235494E-17,8.65956056235493E-17,-1.));
#2531=DIRECTION('',(-7.77156117237609E-16,1.,8.65956056235494E-17));
#2532=DIRECTION('',(-8.65956056235494E-17,8.65956056235493E-17,-1.));
#2533=DIRECTION('',(-7.77156117237609E-16,1.,8.65956056235494E-17));
#2534=DIRECTION('',(-8.65956056235494E-17,8.65956056235493E-17,-1.));
#2535=DIRECTION('',(-1.,0.,8.65956056235494E-17));
#2536=DIRECTION('',(8.65956056235494E-17,-8.65956056235493E-17,1.));
#2537=DIRECTION('',(1.,0.,-8.65956056235494E-17));
#2538=DIRECTION('',(-8.65956056235494E-17,8.65956056235493E-17,-1.));
#2539=DIRECTION('',(-7.77156117237609E-16,1.,8.65956056235494E-17));
#2540=DIRECTION('',(0.707106781186548,0.707106781186548,-4.93038065763133E-32));
#2541=DIRECTION('',(-0.707106781186548,0.707106781186548,0.));
#2542=DIRECTION('',(-0.707106781186547,-0.707106781186548,0.));
#2543=DIRECTION('',(0.707106781186548,-0.707106781186547,0.));
#2544=DIRECTION('',(0.707106781186547,0.707106781186548,0.));
#2545=DIRECTION('',(-0.707106781186548,0.707106781186547,0.));
#2546=DIRECTION('',(0.707106781186548,0.707106781186548,0.));
#2547=DIRECTION('',(-0.707106781186548,0.707106781186548,0.));
#2548=DIRECTION('',(-0.707106781186547,-0.707106781186548,0.));
#2549=DIRECTION('',(0.707106781186548,-0.707106781186547,0.));
#2550=DIRECTION('',(0.707106781186547,0.707106781186548,0.));
#2551=DIRECTION('',(-0.707106781186548,0.707106781186547,0.));
#2552=DIRECTION('',(0.707106781186547,0.707106781186548,0.));
#2553=DIRECTION('',(-0.707106781186548,0.707106781186547,0.));
#2554=DIRECTION('',(-0.707106781186547,-0.707106781186548,0.));
#2555=DIRECTION('',(0.707106781186548,-0.707106781186547,0.));
#2556=DIRECTION('',(0.707106781186547,0.707106781186548,0.));
#2557=DIRECTION('',(-0.707106781186548,0.707106781186547,0.));
#2558=DIRECTION('',(0.707106781186547,0.707106781186548,3.6977854932235E-32));
#2559=DIRECTION('',(-0.707106781186548,0.707106781186547,0.));
#2560=DIRECTION('',(0.707106781186547,0.707106781186548,0.));
#2561=DIRECTION('',(-0.707106781186548,0.707106781186547,0.));
#2562=DIRECTION('',(-0.707106781186547,-0.707106781186548,0.));
#2563=DIRECTION('',(0.707106781186548,-0.707106781186547,0.));
#2564=DIRECTION('',(-0.707106781186547,-0.707106781186548,0.));
#2565=DIRECTION('',(0.707106781186548,-0.707106781186547,0.));
#2566=DIRECTION('',(0.,0.,1.));
#2567=DIRECTION('',(1.,0.,0.));
#2568=DIRECTION('',(-0.707106781186547,0.707106781186548,-1.83995210002004E-15));
#2569=DIRECTION('',(-0.707106781186548,-0.707106781186547,0.));
#2570=DIRECTION('',(-0.707106781186548,0.707106781186547,0.));
#2571=DIRECTION('',(-0.707106781186547,-0.707106781186548,0.));
#2572=DIRECTION('',(-0.707106781186547,0.707106781186548,-1.83995210002004E-15));
#2573=DIRECTION('',(-0.707106781186548,-0.707106781186547,0.));
#2574=DIRECTION('',(0.,0.,-1.));
#2575=DIRECTION('',(-1.,0.,0.));
#2576=DIRECTION('',(0.,0.,1.));
#2577=DIRECTION('',(1.,0.,0.));
#2578=DIRECTION('',(0.,0.,-1.));
#2579=DIRECTION('',(-1.,0.,0.));
#2580=DIRECTION('',(0.707106781186548,-0.707106781186547,0.));
#2581=DIRECTION('',(0.707106781186547,0.707106781186548,0.));
#2582=DIRECTION('',(-0.707106781186547,-0.707106781186548,0.));
#2583=DIRECTION('',(0.707106781186548,-0.707106781186547,0.));
#2584=DIRECTION('',(0.707106781186548,-0.707106781186548,0.));
#2585=DIRECTION('',(0.707106781186548,0.707106781186548,0.));
#2586=DIRECTION('',(0.707106781186548,-0.707106781186547,0.));
#2587=DIRECTION('',(0.707106781186547,0.707106781186548,0.));
#2588=DIRECTION('',(0.707106781186548,-0.707106781186547,-1.53329341668339E-16));
#2589=DIRECTION('',(0.707106781186547,0.707106781186548,0.));
#2590=DIRECTION('',(-0.707106781186548,0.707106781186547,1.22464679914735E-16));
#2591=DIRECTION('',(-0.707106781186547,-0.707106781186548,0.));
#2592=DIRECTION('',(0.707106781186547,-0.707106781186548,0.));
#2593=DIRECTION('',(0.707106781186548,0.707106781186547,0.));
#2594=DIRECTION('',(0.707106781186547,0.707106781186548,0.));
#2595=DIRECTION('',(-0.707106781186548,0.707106781186547,0.));
#2596=DIRECTION('',(0.,0.,1.));
#2597=DIRECTION('',(1.,0.,0.));
#2598=DIRECTION('',(-8.65956056235494E-17,8.65956056235493E-17,-1.));
#2599=DIRECTION('',(-1.,0.,8.65956056235494E-17));
#2600=DIRECTION('',(-0.707106781186549,0.707106781186546,0.));
#2601=DIRECTION('',(-0.707106781186547,-0.707106781186549,0.));
#2602=DIRECTION('',(0.,0.,-1.));
#2603=DIRECTION('',(-1.,0.,0.));
#2604=DIRECTION('',(0.,0.,1.));
#2605=DIRECTION('',(1.,0.,0.));
#2606=DIRECTION('',(0.707106781186548,-0.707106781186547,-1.22464679914735E-16));
#2607=DIRECTION('',(0.707106781186547,0.707106781186548,0.));
#2608=DIRECTION('',(-0.707106781186548,0.707106781186548,0.));
#2609=DIRECTION('',(-0.707106781186548,-0.707106781186548,0.));
#2610=DIRECTION('',(0.707106781186547,0.707106781186548,0.));
#2611=DIRECTION('',(-0.707106781186548,0.707106781186547,0.));
#2612=DIRECTION('',(-0.707106781186548,0.707106781186547,1.22464679914735E-16));
#2613=DIRECTION('',(-0.707106781186547,-0.707106781186548,0.));
#2614=DIRECTION('',(-0.707106781186548,0.707106781186547,1.2266347333467E-15));
#2615=DIRECTION('',(-0.707106781186547,-0.707106781186548,0.));
#2616=DIRECTION('',(0.707106781186549,-0.707106781186546,0.));
#2617=DIRECTION('',(0.707106781186547,0.707106781186549,0.));
#2618=DIRECTION('',(8.65956056235494E-17,-8.65956056235493E-17,1.));
#2619=DIRECTION('',(1.,0.,-8.65956056235494E-17));
#2620=DIRECTION('',(-0.707106781186549,0.707106781186546,0.));
#2621=DIRECTION('',(-0.707106781186546,-0.707106781186549,0.));
#2622=DIRECTION('',(0.707106781186547,0.707106781186548,0.));
#2623=DIRECTION('',(-0.707106781186548,0.707106781186547,0.));
#2624=DIRECTION('',(0.,0.,-1.));
#2625=DIRECTION('',(-1.,0.,0.));
#2626=DIRECTION('',(0.707106781186548,-0.707106781186547,-1.22464679914735E-16));
#2627=DIRECTION('',(0.707106781186547,0.707106781186548,0.));
#2628=DIRECTION('',(-0.707106781186547,0.707106781186548,0.));
#2629=DIRECTION('',(-0.707106781186548,-0.707106781186547,0.));
#2630=DIRECTION('',(0.,0.,1.));
#2631=DIRECTION('',(1.,0.,0.));
#2632=DIRECTION('',(0.,0.,-1.));
#2633=DIRECTION('',(-1.,0.,0.));
#2634=DIRECTION('',(-0.707106781186547,-0.707106781186548,0.));
#2635=DIRECTION('',(0.707106781186548,-0.707106781186547,0.));
#2636=DIRECTION('',(0.,0.,-1.));
#2637=DIRECTION('',(-1.,0.,0.));
#2638=DIRECTION('',(0.707106781186547,0.707106781186548,0.));
#2639=DIRECTION('',(-0.707106781186548,0.707106781186547,0.));
#2640=DIRECTION('',(-0.707106781186548,0.707106781186548,0.));
#2641=DIRECTION('',(-0.707106781186548,-0.707106781186548,0.));
#2642=DIRECTION('',(0.,0.,1.));
#2643=DIRECTION('',(1.,0.,0.));
#2644=DIRECTION('',(0.,0.,-1.));
#2645=DIRECTION('',(-1.,0.,0.));
#2646=DIRECTION('',(-0.707106781186548,0.707106781186547,0.));
#2647=DIRECTION('',(-0.707106781186547,-0.707106781186548,0.));
#2648=DIRECTION('',(-0.707106781186548,0.707106781186547,0.));
#2649=DIRECTION('',(-0.707106781186547,-0.707106781186548,0.));
#2650=DIRECTION('',(-0.707106781186547,-0.707106781186548,0.));
#2651=DIRECTION('',(0.707106781186548,-0.707106781186547,0.));
#2652=DIRECTION('',(-0.707106781186548,0.707106781186548,0.));
#2653=DIRECTION('',(-0.707106781186548,-0.707106781186548,0.));
#2654=DIRECTION('',(0.,0.,1.));
#2655=DIRECTION('',(1.,0.,0.));
#2656=DIRECTION('',(0.707106781186547,-0.707106781186548,-6.13317366673349E-16));
#2657=DIRECTION('',(0.707106781186548,0.707106781186547,0.));
#2658=DIRECTION('',(0.707106781186548,-0.707106781186547,0.));
#2659=DIRECTION('',(0.707106781186547,0.707106781186548,0.));
#2660=DIRECTION('',(-0.00173077721036798,-0.00173077721036711,0.999997004405761));
#2661=DIRECTION('',(0.999998502202881,-1.49779712064262E-6,0.00173077721036798));
#2662=DIRECTION('',(0.,0.,1.));
#2663=DIRECTION('',(1.,0.,0.));
#2664=DIRECTION('',(-1.,0.,0.));
#2665=DIRECTION('',(0.,0.,1.));
#2666=DIRECTION('',(1.,0.,0.));
#2667=DIRECTION('',(7.7715611723761E-16,-1.,0.));
#2668=DIRECTION('',(0.,0.,1.));
#2669=DIRECTION('',(1.,0.,0.));
#2670=DIRECTION('',(7.7715611723761E-16,-1.,0.));
#2671=DIRECTION('',(0.,0.,1.));
#2672=DIRECTION('',(1.,0.,0.));
#2673=DIRECTION('',(-1.,0.,0.));
#2674=DIRECTION('',(0.,0.,1.));
#2675=DIRECTION('',(1.,0.,0.));
#2676=DIRECTION('',(0.,1.,0.));
#2677=DIRECTION('',(0.,0.,1.));
#2678=DIRECTION('',(1.,0.,0.));
#2679=DIRECTION('',(-1.,0.,0.));
#2680=DIRECTION('',(0.,0.,1.));
#2681=DIRECTION('',(1.,0.,0.));
#2682=DIRECTION('',(0.,1.,0.));
#2683=DIRECTION('',(0.,0.,1.));
#2684=DIRECTION('',(1.,0.,0.));
#2685=DIRECTION('',(-1.,0.,0.));
#2686=DIRECTION('',(0.,0.,1.));
#2687=DIRECTION('',(1.,0.,0.));
#2688=DIRECTION('',(6.66133814775094E-16,-1.,0.));
#2689=DIRECTION('',(0.,0.,1.));
#2690=DIRECTION('',(1.,0.,0.));
#2691=DIRECTION('',(1.,7.7715611723761E-16,0.));
#2692=DIRECTION('',(0.,0.,1.));
#2693=DIRECTION('',(1.,0.,0.));
#2694=DIRECTION('',(6.66133814775094E-16,-1.,0.));
#2695=DIRECTION('',(0.,0.,1.));
#2696=DIRECTION('',(1.,0.,0.));
#2697=DIRECTION('',(1.,7.7715611723761E-16,0.));
#2698=DIRECTION('',(0.,0.,1.));
#2699=DIRECTION('',(1.,0.,0.));
#2700=DIRECTION('',(0.,0.,1.));
#2701=DIRECTION('',(1.,0.,0.));
#2702=DIRECTION('',(0.,0.,1.));
#2703=DIRECTION('',(0.,0.,1.));
#2704=DIRECTION('',(1.,0.,0.));
#2705=DIRECTION('',(0.,0.,1.));
#2706=DIRECTION('',(0.,0.,-1.));
#2707=DIRECTION('',(1.,0.,0.));
#2708=DIRECTION('',(0.,1.,0.));
#2709=DIRECTION('',(0.,0.,1.));
#2710=DIRECTION('',(0.,0.,1.));
#2711=DIRECTION('',(-1.,0.,0.));
#2712=DIRECTION('',(-1.,0.,0.));
#2713=DIRECTION('',(0.,0.,1.));
#2714=DIRECTION('',(1.,0.,0.));
#2715=DIRECTION('',(0.,0.,1.));
#2716=DIRECTION('',(0.,0.,1.));
#2717=DIRECTION('',(1.,0.,0.));
#2718=DIRECTION('',(0.,0.,-1.));
#2719=DIRECTION('',(1.,0.,0.));
#2720=DIRECTION('',(0.,1.,0.));
#2721=DIRECTION('',(0.,0.,1.));
#2722=DIRECTION('',(0.,0.,1.));
#2723=DIRECTION('',(-1.,0.,0.));
#2724=DIRECTION('',(-1.,0.,0.));
#2725=DIRECTION('',(0.,0.,1.));
#2726=DIRECTION('',(1.,0.,0.));
#2727=DIRECTION('',(6.66133814775094E-16,-1.,0.));
#2728=DIRECTION('',(0.,0.,1.));
#2729=DIRECTION('',(-6.66133814775094E-16,1.,0.));
#2730=DIRECTION('',(6.66133814775094E-16,-1.,0.));
#2731=DIRECTION('',(0.,0.,1.));
#2732=DIRECTION('',(1.,0.,0.));
#2733=DIRECTION('',(0.,-1.,0.));
#2734=DIRECTION('',(0.,0.,-1.));
#2735=DIRECTION('',(0.,0.,1.));
#2736=DIRECTION('',(-1.,0.,0.));
#2737=DIRECTION('',(0.,0.,1.));
#2738=DIRECTION('',(-1.,0.,0.));
#2739=DIRECTION('',(0.,0.,1.));
#2740=DIRECTION('',(1.,0.,0.));
#2741=DIRECTION('',(0.,0.,-1.));
#2742=DIRECTION('',(-1.,0.,0.));
#2743=DIRECTION('',(1.,0.,0.));
#2744=DIRECTION('',(0.,0.,-1.));
#2745=DIRECTION('',(-1.,0.,0.));
#2746=DIRECTION('',(0.,0.,1.));
#2747=DIRECTION('',(1.,0.,0.));
#2748=DIRECTION('',(0.,0.,-1.));
#2749=DIRECTION('',(1.,0.,0.));
#2750=DIRECTION('',(0.,0.,-1.));
#2751=DIRECTION('',(0.,-1.,0.));
#2752=DIRECTION('',(0.,0.,-1.));
#2753=DIRECTION('',(0.,0.,1.));
#2754=DIRECTION('',(0.,0.,1.));
#2755=DIRECTION('',(1.,0.,0.));
#2756=DIRECTION('',(0.,1.,0.));
#2757=DIRECTION('',(0.,0.,1.));
#2758=DIRECTION('',(1.,0.,0.));
#2759=DIRECTION('',(0.,0.,-1.));
#2760=DIRECTION('',(0.,0.,1.));
#2761=DIRECTION('',(1.,0.,0.));
#2762=DIRECTION('',(0.,1.,0.));
#2763=DIRECTION('',(1.,0.,0.));
#2764=DIRECTION('',(0.,0.,-1.));
#2765=DIRECTION('',(0.,0.,1.));
#2766=DIRECTION('',(0.,0.,1.));
#2767=DIRECTION('',(1.,7.7715611723761E-16,0.));
#2768=DIRECTION('',(0.,0.,1.));
#2769=DIRECTION('',(7.7715611723761E-16,-1.,0.));
#2770=DIRECTION('',(0.,0.,1.));
#2771=DIRECTION('',(0.,0.,1.));
#2772=DIRECTION('',(-6.66133814775094E-16,1.,0.));
#2773=DIRECTION('',(0.,0.,1.));
#2774=DIRECTION('',(1.,0.,0.));
#2775=DIRECTION('',(0.,0.,1.));
#2776=DIRECTION('',(1.,7.7715611723761E-16,0.));
#2777=DIRECTION('',(0.,0.,1.));
#2778=DIRECTION('',(7.7715611723761E-16,-1.,0.));
#2779=DIRECTION('',(0.,0.,1.));
#2780=DIRECTION('',(-1.,-7.7715611723761E-16,0.));
#2781=DIRECTION('',(0.,0.,-1.));
#2782=DIRECTION('',(6.66133814775094E-16,-1.,0.));
#2783=DIRECTION('',(0.,0.,1.));
#2784=DIRECTION('',(0.,0.,1.));
#2785=DIRECTION('',(6.66133814775094E-16,-1.,0.));
#2786=DIRECTION('',(0.,0.,1.));
#2787=DIRECTION('',(6.66133814775094E-16,-1.,0.));
#2788=DIRECTION('',(-6.66133814775094E-16,1.,0.));
#2789=DIRECTION('',(-1.,-6.66133814775094E-16,0.));
#2790=DIRECTION('',(-6.66133814775094E-16,1.,0.));
#2791=DIRECTION('',(-1.,-6.66133814775094E-16,0.));
#2792=DIRECTION('',(6.66133814775094E-16,-1.,0.));
#2793=DIRECTION('',(0.,0.,1.));
#2794=DIRECTION('',(6.66133814775094E-16,-1.,0.));
#2795=DIRECTION('',(0.,0.,-1.));
#2796=DIRECTION('',(6.66133814775094E-16,-1.,0.));
#2797=DIRECTION('',(0.,0.,-1.));
#2798=DIRECTION('',(-1.,-7.7715611723761E-16,0.));
#2799=DIRECTION('',(0.,0.,-1.));
#2800=DIRECTION('',(0.,0.,1.));
#2801=DIRECTION('',(0.,0.,1.));
#2802=DIRECTION('',(-6.66133814775094E-16,1.,0.));
#2803=DIRECTION('',(1.,7.7715611723761E-16,0.));
#2804=DIRECTION('',(-6.66133814775094E-16,1.,0.));
#2805=DIRECTION('',(-1.,-6.66133814775094E-16,0.));
#2806=DIRECTION('',(0.,0.,1.));
#2807=DIRECTION('',(0.,0.,1.));
#2808=DIRECTION('',(-6.66133814775094E-16,1.,0.));
#2809=DIRECTION('',(1.,7.7715611723761E-16,0.));
#2810=DIRECTION('',(0.,0.,1.));
#2811=DIRECTION('',(-6.66133814775094E-16,1.,0.));
#2812=DIRECTION('',(-1.,-6.66133814775094E-16,0.));
#2813=DIRECTION('',(0.,0.,1.));
#2814=DIRECTION('',(0.,0.,-1.));
#2815=DIRECTION('',(-1.,0.,0.));
#2816=DIRECTION('',(0.,0.,1.));
#2817=DIRECTION('',(1.,0.,0.));
#2818=DIRECTION('',(0.,0.,-1.));
#2819=DIRECTION('',(-1.,0.,0.));
#2820=DIRECTION('',(0.,0.,1.));
#2821=DIRECTION('',(1.,0.,0.));
#2822=DIRECTION('',(-6.66133814775094E-16,1.,0.));
#2823=DIRECTION('',(-1.,-6.66133814775094E-16,0.));
#2824=DIRECTION('',(0.,0.,-1.));
#2825=DIRECTION('',(-1.,0.,0.));
#2826=DIRECTION('',(0.,0.,1.));
#2827=DIRECTION('',(1.,0.,0.));
#2828=DIRECTION('',(0.,0.,1.));
#2829=DIRECTION('',(1.,0.,0.));
#2830=DIRECTION('',(0.,0.,1.));
#2831=DIRECTION('',(1.,0.,0.));
#2832=DIRECTION('',(-6.66133814775094E-16,1.,0.));
#2833=DIRECTION('',(-1.,-6.66133814775094E-16,0.));
#2834=DIRECTION('',(0.,0.,-1.));
#2835=DIRECTION('',(-1.,0.,0.));
#2836=DIRECTION('',(0.,0.,-1.));
#2837=DIRECTION('',(-1.,0.,0.));
#2838=DIRECTION('',(0.,0.,-1.));
#2839=DIRECTION('',(-1.,0.,0.));
#2840=DIRECTION('',(0.,0.,1.));
#2841=DIRECTION('',(1.,0.,0.));
#2842=DIRECTION('',(1.,0.,0.));
#2843=DIRECTION('',(0.,0.,-1.));
#2844=DIRECTION('',(0.,0.,-1.));
#2845=DIRECTION('',(-1.,0.,0.));
#2846=DIRECTION('',(0.,0.,1.));
#2847=DIRECTION('',(1.,0.,0.));
#2848=DIRECTION('',(0.,0.,1.));
#2849=DIRECTION('',(1.,0.,0.));
#2850=DIRECTION('',(0.,0.,1.));
#2851=DIRECTION('',(1.,0.,0.));
#2852=DIRECTION('',(1.,0.,0.));
#2853=DIRECTION('',(0.,0.,-1.));
#2854=DIRECTION('',(0.,0.,-1.));
#2855=DIRECTION('',(-1.,0.,0.));
#2856=DIRECTION('',(0.,0.,-1.));
#2857=DIRECTION('',(-1.,0.,0.));
#2858=DIRECTION('',(0.,0.,1.));
#2859=DIRECTION('',(1.,0.,0.));
#2860=DIRECTION('',(1.88107105649558E-15,-1.,1.10391493925796E-15));
#2861=DIRECTION('',(1.,1.88107105649558E-15,0.));
#2862=DIRECTION('',(-1.,4.99324230867386E-16,0.));
#2863=DIRECTION('',(-4.99324230867386E-16,-1.,0.));
#2864=DIRECTION('',(-1.,0.,0.));
#2865=DIRECTION('',(0.,0.,1.));
#2866=DIRECTION('',(-1.,0.,0.));
#2867=DIRECTION('',(0.,0.,1.));
#2868=DIRECTION('',(7.7715611723761E-16,-1.,0.));
#2869=DIRECTION('',(1.,7.7715611723761E-16,0.));
#2870=DIRECTION('',(0.,-1.,0.));
#2871=DIRECTION('',(0.,0.,-1.));
#2872=DIRECTION('',(0.,0.,1.));
#2873=DIRECTION('',(1.,0.,0.));
#2874=DIRECTION('',(1.,0.,0.));
#2875=DIRECTION('',(0.,0.,-1.));
#2876=DIRECTION('',(0.,0.,1.));
#2877=DIRECTION('',(1.,0.,0.));
#2878=DIRECTION('',(0.,1.,0.));
#2879=DIRECTION('',(0.,0.,1.));
#2880=DIRECTION('',(1.,0.,0.));
#2881=DIRECTION('',(0.,0.,-1.));
#2882=DIRECTION('',(1.,0.,0.));
#2883=DIRECTION('',(0.,0.,-1.));
#2884=DIRECTION('',(-7.7715611723761E-16,1.,0.));
#2885=DIRECTION('',(-1.,-7.7715611723761E-16,0.));
#2886=DIRECTION('',(0.,1.,0.));
#2887=DIRECTION('',(0.,0.,1.));
#2888=DIRECTION('',(0.,0.,1.));
#2889=DIRECTION('',(1.,0.,0.));
#2890=DIRECTION('',(0.,0.,1.));
#2891=DIRECTION('',(1.,0.,0.));
#2892=DIRECTION('',(2.89120579329468E-16,1.,0.));
#2893=DIRECTION('',(-1.,2.89120579329468E-16,0.));
#2894=DIRECTION('',(2.89120579329468E-16,1.,0.));
#2895=DIRECTION('',(-1.22464679914735E-16,-1.,0.));
#2896=DIRECTION('',(1.,-1.22464679914735E-16,0.));
#2897=DIRECTION('',(-2.89120579329468E-16,-1.,0.));
#2898=DIRECTION('',(1.23735370701695E-16,-1.,0.));
#2899=DIRECTION('',(1.,1.23735370701695E-16,0.));
#2900=DIRECTION('',(2.89120579329468E-16,1.,0.));
#2901=DIRECTION('',(-1.,2.89120579329468E-16,0.));
#2902=DIRECTION('',(2.89120579329468E-16,1.,0.));
#2903=DIRECTION('',(-1.23735370701695E-16,-1.,0.));
#2904=DIRECTION('',(1.,-1.23735370701695E-16,0.));
#2905=DIRECTION('',(-2.89120579329468E-16,-1.,0.));
#2906=DIRECTION('',(1.22464679914735E-16,1.,0.));
#2907=DIRECTION('',(-1.,1.22464679914735E-16,0.));
#2908=DIRECTION('',(1.,0.,0.));
#2909=DIRECTION('',(0.,0.,-1.));
#2910=DIRECTION('',(1.,0.,0.));
#2911=DIRECTION('',(0.,0.,-1.));
#2912=DIRECTION('',(1.,0.,0.));
#2913=DIRECTION('',(0.,0.,-1.));
#2914=DIRECTION('',(1.,0.,0.));
#2915=DIRECTION('',(0.,0.,-1.));
#2916=DIRECTION('',(1.,0.,0.));
#2917=DIRECTION('',(0.,0.,-1.));
#2918=DIRECTION('',(-1.23735370701695E-16,-1.,0.));
#2919=DIRECTION('',(1.,-1.23735370701695E-16,0.));
#2920=DIRECTION('',(-1.23735370701695E-16,-1.,0.));
#2921=DIRECTION('',(1.,-1.23735370701695E-16,0.));
#2922=DIRECTION('',(-1.23735370701695E-16,-1.,0.));
#2923=DIRECTION('',(1.,-1.23735370701695E-16,0.));
#2924=DIRECTION('',(-1.,1.23735370701695E-16,0.));
#2925=DIRECTION('',(0.,0.,-1.));
#2926=DIRECTION('',(-1.,1.23735370701695E-16,0.));
#2927=DIRECTION('',(-1.,0.,0.));
#2928=DIRECTION('',(0.,0.,1.));
#2929=DIRECTION('',(-1.,0.,0.));
#2930=DIRECTION('',(0.,0.,1.));
#2931=DIRECTION('',(0.,1.,0.));
#2932=DIRECTION('',(-1.,0.,0.));
#2933=DIRECTION('',(0.,0.,1.));
#2934=DIRECTION('',(0.,0.,-1.));
#2935=DIRECTION('',(-1.,0.,0.));
#2936=DIRECTION('',(0.,0.,1.));
#2937=DIRECTION('',(0.,1.,0.));
#2938=DIRECTION('',(-1.,0.,0.));
#2939=DIRECTION('',(0.,0.,1.));
#2940=DIRECTION('',(1.23735370701695E-16,-1.,0.));
#2941=DIRECTION('',(1.,1.23735370701695E-16,0.));
#2942=DIRECTION('',(-1.23735370701695E-16,1.,0.));
#2943=DIRECTION('',(-1.,-1.23735370701695E-16,0.));
#2944=DIRECTION('',(1.23735370701695E-16,-1.,0.));
#2945=DIRECTION('',(1.,1.23735370701695E-16,0.));
#2946=DIRECTION('',(-1.,-1.23735370701695E-16,0.));
#2947=DIRECTION('',(-1.,-1.23735370701695E-16,0.));
#2948=DIRECTION('',(0.,0.,1.));
#2949=DIRECTION('',(1.,0.,0.));
#2950=DIRECTION('',(-1.,1.23735370701695E-16,0.));
#2951=DIRECTION('',(-1.,-1.23735370701695E-16,0.));
#2952=DIRECTION('',(1.,-1.22464679914735E-16,0.));
#2953=DIRECTION('',(0.,-1.,0.));
#2954=DIRECTION('',(-1.,1.22464679914735E-16,0.));
#2955=DIRECTION('',(0.,0.,1.));
#2956=DIRECTION('',(1.,0.,0.));
#2957=DIRECTION('',(-1.,1.23735370701695E-16,0.));
#2958=DIRECTION('',(-1.,1.22464679914735E-16,0.));
#2959=DIRECTION('',(0.,-1.,0.));
#2960=DIRECTION('',(1.,-1.22464679914735E-16,0.));
#2961=DIRECTION('',(-1.,-1.23735370701695E-16,0.));
#2962=DIRECTION('',(-1.,0.,0.));
#2963=DIRECTION('',(0.,0.,1.));
#2964=DIRECTION('',(0.,0.,1.));
#2965=DIRECTION('',(0.,-1.,0.));
#2966=DIRECTION('',(0.,0.,1.));
#2967=DIRECTION('',(-1.,0.,0.));
#2968=DIRECTION('',(0.,0.,1.));
#2969=DIRECTION('',(-1.,0.,0.));
#2970=DIRECTION('',(0.,0.,1.));
#2971=DIRECTION('',(-1.22464679914735E-16,-1.,0.));
#2972=DIRECTION('',(1.,-1.22464679914735E-16,0.));
#2973=DIRECTION('',(-1.22464679914735E-16,-1.,0.));
#2974=DIRECTION('',(1.,-1.22464679914735E-16,0.));
#2975=DIRECTION('',(-1.22464679914735E-16,-1.,0.));
#2976=DIRECTION('',(1.,-1.22464679914735E-16,0.));
#2977=DIRECTION('',(1.,-1.22464679914735E-16,0.));
#2978=DIRECTION('',(1.,-1.22464679914735E-16,0.));
#2979=DIRECTION('',(1.22464679914735E-16,1.,0.));
#2980=DIRECTION('',(-1.,1.22464679914735E-16,0.));
#2981=DIRECTION('',(1.22464679914735E-16,1.,0.));
#2982=DIRECTION('',(-1.,1.22464679914735E-16,0.));
#2983=DIRECTION('',(-1.,1.22464679914735E-16,0.));
#2984=DIRECTION('',(1.22464679914735E-16,1.,0.));
#2985=DIRECTION('',(-1.,1.22464679914735E-16,0.));
#2986=DIRECTION('',(-1.,1.22464679914735E-16,0.));
#2987=DIRECTION('',(-1.23735370701695E-16,1.,0.));
#2988=DIRECTION('',(-1.,-1.23735370701695E-16,0.));
#2989=DIRECTION('',(-1.23735370701695E-16,1.,0.));
#2990=DIRECTION('',(-1.,-1.23735370701695E-16,0.));
#2991=DIRECTION('',(1.,-1.23735370701695E-16,0.));
#2992=DIRECTION('',(1.23735370701695E-16,1.,0.));
#2993=DIRECTION('',(1.,0.,0.));
#2994=DIRECTION('',(0.,0.,-1.));
#2995=DIRECTION('',(-1.23735370701695E-16,-1.,0.));
#2996=DIRECTION('',(1.,-1.23735370701695E-16,0.));
#2997=DIRECTION('',(-1.,0.,0.));
#2998=DIRECTION('',(0.,0.,1.));
#2999=DIRECTION('',(-1.,1.23735370701695E-16,0.));
#3000=DIRECTION('',(-1.23735370701695E-16,-1.,0.));
#3001=DIRECTION('',(-1.,1.22464679914735E-16,0.));
#3002=DIRECTION('',(-1.22464679914735E-16,-1.,0.));
#3003=DIRECTION('',(1.,0.,0.));
#3004=DIRECTION('',(0.,0.,-1.));
#3005=DIRECTION('',(1.22464679914735E-16,1.,0.));
#3006=DIRECTION('',(-1.,1.22464679914735E-16,0.));
#3007=DIRECTION('',(-1.,0.,0.));
#3008=DIRECTION('',(0.,0.,1.));
#3009=DIRECTION('',(1.,-1.22464679914735E-16,0.));
#3010=DIRECTION('',(1.22464679914735E-16,1.,0.));
#3011=DIRECTION('',(0.707106781186548,0.707106781186548,0.));
#3012=DIRECTION('',(-0.707106781186548,0.707106781186548,0.));
#3013=DIRECTION('',(0.,1.,0.));
#3014=DIRECTION('',(0.,0.,1.));
#3015=DIRECTION('',(-0.707106781186548,0.707106781186548,0.));
#3016=DIRECTION('',(-0.707106781186548,-0.707106781186548,0.));
#3017=DIRECTION('',(-1.,1.22464679914735E-16,0.));
#3018=DIRECTION('',(-1.22464679914735E-16,-1.,0.));
#3019=DIRECTION('',(1.,0.,0.));
#3020=DIRECTION('',(0.,0.,-1.));
#3021=DIRECTION('',(-1.22464679914735E-16,-1.,0.));
#3022=DIRECTION('',(1.,-1.22464679914735E-16,0.));
#3023=DIRECTION('',(-1.,0.,0.));
#3024=DIRECTION('',(0.,0.,1.));
#3025=DIRECTION('',(1.,-1.22464679914735E-16,0.));
#3026=DIRECTION('',(1.22464679914735E-16,1.,0.));
#3027=DIRECTION('',(1.,1.23735370701695E-16,0.));
#3028=DIRECTION('',(-1.23735370701695E-16,1.,0.));
#3029=DIRECTION('',(1.,0.,0.));
#3030=DIRECTION('',(0.,0.,-1.));
#3031=DIRECTION('',(1.23735370701695E-16,-1.,0.));
#3032=DIRECTION('',(1.,1.23735370701695E-16,0.));
#3033=DIRECTION('',(-1.,0.,0.));
#3034=DIRECTION('',(0.,0.,1.));
#3035=DIRECTION('',(-1.,-1.23735370701695E-16,0.));
#3036=DIRECTION('',(1.23735370701695E-16,-1.,0.));
#3037=DIRECTION('',(1.,0.,0.));
#3038=DIRECTION('',(0.,0.,-1.));
#3039=DIRECTION('',(0.001730779802723,1.15293007458363E-18,-0.999998502199516));
#3040=DIRECTION('',(-6.66133815885649E-16,1.,-8.79863375394363E-25));
#3041=DIRECTION('',(-6.82190482053435E-25,-0.00173077980272218,0.999998502199516));
#3042=DIRECTION('',(1.,-1.74096064423198E-24,6.7917827980662E-25));
#3043=DIRECTION('',(-0.00173077721036798,-0.00173077721036712,0.999997004405761));
#3044=DIRECTION('',(0.999998502204002,-2.9955942388409E-6,0.00173077461800904));
#3045=CARTESIAN_POINT('',(0.,0.,0.));
#3046=CARTESIAN_POINT('',(-0.0414411254969543,-0.006,0.033));
#3047=CARTESIAN_POINT('',(-0.0349411254969543,0.,0.033));
#3048=CARTESIAN_POINT('',(-0.0309411254969543,0.,0.033));
#3049=CARTESIAN_POINT('',(-0.0259411254969543,-0.006,0.033));
#3050=CARTESIAN_POINT('',(-0.0259411254969543,-0.004,0.033));
#3051=CARTESIAN_POINT('',(-0.0259411254969543,0.004,0.033));
#3052=CARTESIAN_POINT('',(-0.0279411254969543,-0.004,0.033));
#3053=CARTESIAN_POINT('',(-0.0279411254969543,-0.006,0.033));
#3054=CARTESIAN_POINT('',(-0.0414411254969543,-0.006,0.033));
#3055=CARTESIAN_POINT('',(-0.0419411254969543,-0.006,0.033));
#3056=CARTESIAN_POINT('',(-0.0419411254969543,-0.004,0.033));
#3057=CARTESIAN_POINT('',(-0.0439411254969543,-0.004,0.033));
#3058=CARTESIAN_POINT('',(-0.0439411254969543,-0.006,0.033));
#3059=CARTESIAN_POINT('',(-0.0439411254969543,0.004,0.033));
#3060=CARTESIAN_POINT('',(-0.0419411254969543,0.004,0.033));
#3061=CARTESIAN_POINT('',(-0.0419411254969543,0.006,0.033));
#3062=CARTESIAN_POINT('',(-0.0414411254969543,0.006,0.033));
#3063=CARTESIAN_POINT('',(-0.0279411254969543,0.006,0.033));
#3064=CARTESIAN_POINT('',(-0.0279411254969543,0.004,0.033));
#3065=CARTESIAN_POINT('',(-0.0259411254969543,-0.006,0.0495));
#3066=CARTESIAN_POINT('',(-0.0259411254969543,-0.006,0.066));
#3067=CARTESIAN_POINT('',(-0.0259411254969543,-0.004,0.066));
#3068=CARTESIAN_POINT('',(-0.0259411254969543,0.004,0.066));
#3069=CARTESIAN_POINT('',(-0.0259411254969543,-0.004,0.0495));
#3070=CARTESIAN_POINT('',(-0.0259411254969543,0.004,0.066));
#3071=CARTESIAN_POINT('',(-0.0349411254969543,-0.006,0.066));
#3072=CARTESIAN_POINT('',(-0.0439411254969543,-0.006,0.066));
#3073=CARTESIAN_POINT('',(-0.0439411254969543,-0.004,0.066));
#3074=CARTESIAN_POINT('',(-0.0439411254969543,0.004,0.066));
#3075=CARTESIAN_POINT('',(-0.0349411254969543,-0.004,0.066));
#3076=CARTESIAN_POINT('',(-0.0349411254969543,0.004,0.066));
#3077=CARTESIAN_POINT('',(-0.0439411254969543,-0.006,0.0495));
#3078=CARTESIAN_POINT('',(-0.0439411254969543,-0.004,0.066));
#3079=CARTESIAN_POINT('',(-0.0439411254969543,0.004,0.0495));
#3080=CARTESIAN_POINT('',(-0.0349411254969543,-0.006,0.0495));
#3081=CARTESIAN_POINT('',(-0.0279411254969543,-0.006,0.0495));
#3082=CARTESIAN_POINT('',(-0.0279411254969543,-0.006,0.066));
#3083=CARTESIAN_POINT('',(-0.0349411254969543,-0.006,0.066));
#3084=CARTESIAN_POINT('',(-0.0419411254969543,-0.006,0.066));
#3085=CARTESIAN_POINT('',(-0.0419411254969543,-0.006,0.033));
#3086=CARTESIAN_POINT('',(-0.0349411254969543,-0.006,0.066));
#3087=CARTESIAN_POINT('',(-0.0349411254969543,-0.006,0.062));
#3088=CARTESIAN_POINT('',(-0.0349411254969543,0.006,0.0495));
#3089=CARTESIAN_POINT('',(-0.0419411254969543,0.006,0.0495));
#3090=CARTESIAN_POINT('',(-0.0419411254969543,0.006,0.066));
#3091=CARTESIAN_POINT('',(-0.0349411254969543,0.006,0.066));
#3092=CARTESIAN_POINT('',(-0.0279411254969543,0.006,0.066));
#3093=CARTESIAN_POINT('',(-0.0279411254969543,0.006,0.033));
#3094=CARTESIAN_POINT('',(-0.0349411254969543,0.006,0.066));
#3095=CARTESIAN_POINT('',(-0.0349411254969543,0.006,0.062));
#3096=CARTESIAN_POINT('',(-0.0349411254969543,0.012,0.0495));
#3097=CARTESIAN_POINT('',(-0.0349411254969543,0.012,0.066));
#3098=CARTESIAN_POINT('',(-0.0349411254969543,0.012,0.062));
#3099=CARTESIAN_POINT('',(-0.0349411254969543,-0.012,0.066));
#3100=CARTESIAN_POINT('',(-0.0349411254969543,-0.012,0.066));
#3101=CARTESIAN_POINT('',(-0.0349411254969543,-0.012,0.066));
#3102=CARTESIAN_POINT('',(-0.0349411254969543,-0.012,0.062));
#3103=CARTESIAN_POINT('',(-0.0349411254969543,-0.012,0.0495));
#3104=CARTESIAN_POINT('',(-0.0349411254969543,0.,0.0285));
#3105=CARTESIAN_POINT('',(-0.0349411254969543,0.,0.024));
#3106=CARTESIAN_POINT('',(-0.0309411254969543,0.,0.024));
#3107=CARTESIAN_POINT('',(-0.0369411254969543,0.,0.024));
#3108=CARTESIAN_POINT('',(-0.0419411254969543,-0.004,0.0495));
#3109=CARTESIAN_POINT('',(-0.0419411254969543,-0.004,0.066));
#3110=CARTESIAN_POINT('',(-0.0349411254969543,-0.004,0.066));
#3111=CARTESIAN_POINT('',(-0.0279411254969543,-0.004,0.066));
#3112=CARTESIAN_POINT('',(-0.0279411254969543,-0.004,0.0495));
#3113=CARTESIAN_POINT('',(-0.0279411254969543,0.004,0.0495));
#3114=CARTESIAN_POINT('',(-0.0279411254969543,0.004,0.066));
#3115=CARTESIAN_POINT('',(-0.0349411254969543,0.004,0.066));
#3116=CARTESIAN_POINT('',(-0.0419411254969543,0.004,0.066));
#3117=CARTESIAN_POINT('',(-0.0419411254969543,0.004,0.0495));
#3118=CARTESIAN_POINT('',(-0.0661235991464254,-0.112857754263689,0.12481321769714));
#3119=CARTESIAN_POINT('',(-0.0369411254969543,0.,0.024));
#3120=CARTESIAN_POINT('',(-0.0245416305603426,-0.0245416305603426,0.024));
#3121=CARTESIAN_POINT('',(-0.0118137084989847,-0.0118137084989848,0.024));
#3122=CARTESIAN_POINT('',(-0.0231274169979695,-0.0231274169979695,0.024));
#3123=CARTESIAN_POINT('',(-0.0405979797464467,-0.00565685424949239,0.024));
#3124=CARTESIAN_POINT('',(-0.0405979797464467,-0.00565685424949238,0.024));
#3125=CARTESIAN_POINT('',(-0.0349411254969543,8.67361737988404E-19,0.024));
#3126=CARTESIAN_POINT('',(-0.0292842712474619,0.00565685424949238,0.024));
#3127=CARTESIAN_POINT('',(-0.0118137084989847,-0.0118137084989848,0.024));
#3128=CARTESIAN_POINT('',(-0.0349411254969543,0.,0.024));
#3129=CARTESIAN_POINT('',(-0.0309411254969543,0.,0.024));
#3130=CARTESIAN_POINT('',(-0.0255489898732233,-0.00939213562373096,0.033));
#3131=CARTESIAN_POINT('',(-0.0349411254969543,8.67361737988404E-19,0.033));
#3132=CARTESIAN_POINT('',(-0.0292842712474619,0.00565685424949238,0.033));
#3133=CARTESIAN_POINT('',(-0.0405979797464467,-0.00565685424949238,0.033));
#3134=CARTESIAN_POINT('',(-0.0316126983722081,-0.014642135623731,0.033));
#3135=CARTESIAN_POINT('',(-0.0316126983722081,-0.014642135623731,0.033));
#3136=CARTESIAN_POINT('',(-0.0259558441227157,-0.00898528137423857,0.033));
#3137=CARTESIAN_POINT('',(-0.0202989898732233,-0.00332842712474619,0.033));
#3138=CARTESIAN_POINT('',(-0.0292842712474619,0.00565685424949238,0.033));
#3139=CARTESIAN_POINT('',(-0.0349411254969543,0.,0.033));
#3140=CARTESIAN_POINT('',(-0.0309411254969543,0.,0.033));
#3141=CARTESIAN_POINT('',(-0.0132279220613578,-0.0217132034355964,0.023998));
#3142=CARTESIAN_POINT('',(-0.0132279220613578,-0.0217132034355964,0.093));
#3143=CARTESIAN_POINT('',(-0.00757106781186546,-0.016056349186104,0.093));
#3144=CARTESIAN_POINT('',(-0.0188847763108502,-0.0273700576850888,0.093));
#3145=CARTESIAN_POINT('',(-0.0188847763108502,-0.0273700576850888,0.023998));
#3146=CARTESIAN_POINT('',(-0.0188847763108502,-0.0273700576850888,0.03));
#3147=CARTESIAN_POINT('',(-0.00615685424949237,-0.014642135623731,0.03));
#3148=CARTESIAN_POINT('',(-0.00757106781186546,-0.016056349186104,0.03));
#3149=CARTESIAN_POINT('',(-0.00757106781186546,-0.016056349186104,0.023998));
#3150=CARTESIAN_POINT('',(-0.00827817459305201,-0.0125208152801713,0.023998));
#3151=CARTESIAN_POINT('',(-0.0103994949366117,-0.0103994949366117,0.102));
#3152=CARTESIAN_POINT('',(-0.0132279220613579,-0.00757106781186547,0.102));
#3153=CARTESIAN_POINT('',(-0.0103994949366117,-0.0103994949366117,0.106));
#3154=CARTESIAN_POINT('',(0.0070710678118655,-0.0278700576850888,0.106));
#3155=CARTESIAN_POINT('',(0.00707106781186551,-0.0278700576850888,0.106));
#3156=CARTESIAN_POINT('',(0.00707106781186551,-0.0278700576850888,0.108002));
#3157=CARTESIAN_POINT('',(0.00707106781186551,-0.0278700576850888,0.101));
#3158=CARTESIAN_POINT('',(-0.00191421356237309,-0.0188847763108503,0.101));
#3159=CARTESIAN_POINT('',(-0.00191421356237308,-0.0188847763108503,0.101));
#3160=CARTESIAN_POINT('',(-0.00191421356237308,-0.0188847763108503,0.093));
#3161=CARTESIAN_POINT('',(-0.00757106781186546,-0.0132279220613579,0.093));
#3162=CARTESIAN_POINT('',(-0.00757106781186546,-0.0132279220613579,0.023998));
#3163=CARTESIAN_POINT('',(-0.00757106781186546,-0.0132279220613579,0.03));
#3164=CARTESIAN_POINT('',(-0.0103994949366116,-0.0103994949366117,0.03));
#3165=CARTESIAN_POINT('',(-0.0103994949366116,-0.0103994949366117,0.026));
#3166=CARTESIAN_POINT('',(-0.0278700576850888,0.00707106781186548,0.026));
#3167=CARTESIAN_POINT('',(-0.0278700576850888,0.00707106781186548,0.026));
#3168=CARTESIAN_POINT('',(-0.0278700576850888,0.00707106781186548,0.023998));
#3169=CARTESIAN_POINT('',(-0.0278700576850888,0.00707106781186548,0.031));
#3170=CARTESIAN_POINT('',(-0.0188847763108503,-0.0019142135623731,0.031));
#3171=CARTESIAN_POINT('',(-0.0188847763108503,-0.0019142135623731,0.031));
#3172=CARTESIAN_POINT('',(-0.0188847763108503,-0.0019142135623731,0.039));
#3173=CARTESIAN_POINT('',(-0.0132279220613579,-0.00757106781186547,0.039));
#3174=CARTESIAN_POINT('',(-0.0132279220613579,-0.00757106781186547,0.023998));
#3175=CARTESIAN_POINT('',(-0.0349411254969543,8.67361737988404E-19,0.023998));
#3176=CARTESIAN_POINT('',(-0.0420121933088198,-0.00707106781186548,0.023998));
#3177=CARTESIAN_POINT('',(-0.0420121933088198,-0.00707106781186548,0.026));
#3178=CARTESIAN_POINT('',(-0.0420121933088198,-0.00707106781186548,0.031));
#3179=CARTESIAN_POINT('',(-0.0349411254969543,8.67361737988404E-19,0.031));
#3180=CARTESIAN_POINT('',(-0.0349411254969543,8.67361737988404E-19,0.026));
#3181=CARTESIAN_POINT('',(-0.022420310216783,-0.0266629509039022,0.023998));
#3182=CARTESIAN_POINT('',(-0.00707106781186544,-0.0420121933088198,0.108002));
#3183=CARTESIAN_POINT('',(-0.00707106781186544,-0.0420121933088198,0.106));
#3184=CARTESIAN_POINT('',(-0.00707106781186544,-0.0420121933088198,0.101));
#3185=CARTESIAN_POINT('',(-0.0245416305603426,-0.0245416305603426,0.106));
#3186=CARTESIAN_POINT('',(-0.0245416305603426,-0.0245416305603426,0.106));
#3187=CARTESIAN_POINT('',(-0.0245416305603426,-0.0245416305603426,0.102));
#3188=CARTESIAN_POINT('',(-0.0273700576850888,-0.0217132034355964,0.102));
#3189=CARTESIAN_POINT('',(-0.0273700576850888,-0.0217132034355964,0.023998));
#3190=CARTESIAN_POINT('',(-0.0273700576850888,-0.0217132034355964,0.039));
#3191=CARTESIAN_POINT('',(-0.0330269119345812,-0.016056349186104,0.039));
#3192=CARTESIAN_POINT('',(-0.0330269119345812,-0.016056349186104,0.031));
#3193=CARTESIAN_POINT('',(-0.0420121933088198,-0.00707106781186548,0.031));
#3194=CARTESIAN_POINT('',(-0.0245416305603426,-0.0245416305603427,0.026));
#3195=CARTESIAN_POINT('',(-0.0245416305603426,-0.0245416305603427,0.026));
#3196=CARTESIAN_POINT('',(-0.0245416305603426,-0.0245416305603427,0.03));
#3197=CARTESIAN_POINT('',(-0.0217132034355964,-0.0273700576850888,0.03));
#3198=CARTESIAN_POINT('',(-0.0217132034355964,-0.0273700576850888,0.023998));
#3199=CARTESIAN_POINT('',(-0.0217132034355964,-0.0273700576850888,0.093));
#3200=CARTESIAN_POINT('',(-0.016056349186104,-0.0330269119345812,0.093));
#3201=CARTESIAN_POINT('',(-0.016056349186104,-0.0330269119345812,0.101));
#3202=CARTESIAN_POINT('',(-0.00707106781186544,-0.0420121933088198,0.101));
#3203=CARTESIAN_POINT('',(-0.0349411254969543,0.,0.0285));
#3204=CARTESIAN_POINT('',(-0.0252487373415292,-0.0167634559672906,0.066002));
#3205=CARTESIAN_POINT('',(-0.0252487373415292,-0.0167634559672906,0.039));
#3206=CARTESIAN_POINT('',(-0.016056349186104,-0.00757106781186548,0.039));
#3207=CARTESIAN_POINT('',(-0.0273700576850888,-0.0188847763108503,0.039));
#3208=CARTESIAN_POINT('',(-0.0273700576850888,-0.0188847763108503,0.066002));
#3209=CARTESIAN_POINT('',(-0.0273700576850888,-0.0188847763108503,0.102));
#3210=CARTESIAN_POINT('',(-0.0146421356237309,-0.00615685424949237,0.102));
#3211=CARTESIAN_POINT('',(-0.016056349186104,-0.00757106781186548,0.102));
#3212=CARTESIAN_POINT('',(-0.016056349186104,-0.00757106781186548,0.066002));
#3213=CARTESIAN_POINT('',(3.70390679784959E-17,-0.0369411254969543,0.108));
#3214=CARTESIAN_POINT('',(3.54847557440207E-17,-0.0349411254969543,0.108));
#3215=CARTESIAN_POINT('',(3.23761312750703E-17,-0.0309411254969543,0.108));
#3216=CARTESIAN_POINT('',(3.63521174820091E-17,-0.0349411254969543,0.108));
#3217=CARTESIAN_POINT('',(-0.00565685424949235,-0.0405979797464467,0.108));
#3218=CARTESIAN_POINT('',(0.00565685424949241,-0.0292842712474619,0.108));
#3219=CARTESIAN_POINT('',(-0.0118137084989848,-0.0118137084989847,0.108));
#3220=CARTESIAN_POINT('',(-0.0118137084989848,-0.0118137084989848,0.108));
#3221=CARTESIAN_POINT('',(-0.0245416305603426,-0.0245416305603426,0.108));
#3222=CARTESIAN_POINT('',(-0.0231274169979695,-0.0231274169979695,0.108));
#3223=CARTESIAN_POINT('',(-0.00565685424949235,-0.0405979797464467,0.108));
#3224=CARTESIAN_POINT('',(-0.00939213562373093,-0.0255489898732234,0.099));
#3225=CARTESIAN_POINT('',(3.55727570313971E-17,-0.0349411254969543,0.099));
#3226=CARTESIAN_POINT('',(0.00565685424949241,-0.0292842712474619,0.099));
#3227=CARTESIAN_POINT('',(-0.00565685424949235,-0.0405979797464467,0.099));
#3228=CARTESIAN_POINT('',(-0.0146421356237309,-0.0316126983722081,0.099));
#3229=CARTESIAN_POINT('',(-0.0146421356237309,-0.0316126983722081,0.099));
#3230=CARTESIAN_POINT('',(-0.00898528137423855,-0.0259558441227157,0.099));
#3231=CARTESIAN_POINT('',(-0.00332842712474617,-0.0202989898732233,0.099));
#3232=CARTESIAN_POINT('',(0.0056568542494924,-0.0292842712474619,0.099));
#3233=CARTESIAN_POINT('',(3.47053952934087E-17,-0.0349411254969543,0.099));
#3234=CARTESIAN_POINT('',(3.15967708244583E-17,-0.0309411254969543,0.099));
#3235=CARTESIAN_POINT('',(3.63522906732203E-17,-0.0349411254969543,0.108002));
#3236=CARTESIAN_POINT('',(3.6178926270762E-17,-0.0349411254969543,0.106));
#3237=CARTESIAN_POINT('',(3.57459482426442E-17,-0.0349411254969543,0.101));
#3238=CARTESIAN_POINT('',(3.50950755187147E-17,-0.0349411254969543,0.1035));
#3239=CARTESIAN_POINT('',(-0.00898528137423855,-0.0259558441227157,0.093));
#3240=CARTESIAN_POINT('',(-0.0146421356237309,-0.0316126983722081,0.093));
#3241=CARTESIAN_POINT('',(-0.00332842712474617,-0.0202989898732233,0.093));
#3242=CARTESIAN_POINT('',(-0.0184705627484772,-0.0184705627484772,0.03));
#3243=CARTESIAN_POINT('',(-0.0231274169979695,-0.0231274169979695,0.03));
#3244=CARTESIAN_POINT('',(-0.0118137084989847,-0.0118137084989848,0.03));
#3245=CARTESIAN_POINT('',(-0.0259558441227157,-0.00898528137423857,0.039));
#3246=CARTESIAN_POINT('',(-0.0316126983722081,-0.014642135623731,0.039));
#3247=CARTESIAN_POINT('',(-0.0202989898732233,-0.00332842712474619,0.039));
#3248=CARTESIAN_POINT('',(-0.0184705627484772,-0.0184705627484772,0.102));
#3249=CARTESIAN_POINT('',(-0.0118137084989848,-0.0118137084989848,0.102));
#3250=CARTESIAN_POINT('',(-0.0231274169979695,-0.0231274169979695,0.102));
#3251=CARTESIAN_POINT('',(-0.0316126983722081,-0.014642135623731,0.039));
#3252=CARTESIAN_POINT('',(-0.0259558441227157,-0.0202989898732233,0.039));
#3253=CARTESIAN_POINT('',(-0.0316126983722081,-0.014642135623731,0.031));
#3254=CARTESIAN_POINT('',(-0.0312058441227157,-0.0150489898732233,0.031));
#3255=CARTESIAN_POINT('',(-0.0405979797464467,-0.00565685424949239,0.031));
#3256=CARTESIAN_POINT('',(-0.0259558441227157,-0.0202989898732233,0.023998));
#3257=CARTESIAN_POINT('',(-0.0259558441227157,-0.0202989898732233,0.102));
#3258=CARTESIAN_POINT('',(-0.0349411254969543,8.67361737988404E-19,0.031));
#3259=CARTESIAN_POINT('',(-0.0292842712474619,0.00565685424949238,0.031));
#3260=CARTESIAN_POINT('',(-0.0231274169979695,-0.0231274169979695,0.102));
#3261=CARTESIAN_POINT('',(-0.0231274169979695,-0.0231274169979695,0.106));
#3262=CARTESIAN_POINT('',(-0.019892135623731,-0.00373528137423858,0.031));
#3263=CARTESIAN_POINT('',(-0.0202989898732233,-0.00332842712474619,0.031));
#3264=CARTESIAN_POINT('',(-0.00465685424949234,-0.0415979797464467,0.106));
#3265=CARTESIAN_POINT('',(-0.00565685424949235,-0.0405979797464467,0.106));
#3266=CARTESIAN_POINT('',(-0.0202989898732233,-0.00332842712474619,0.039));
#3267=CARTESIAN_POINT('',(-0.0146421356237309,-0.00898528137423857,0.039));
#3268=CARTESIAN_POINT('',(3.6178926270762E-17,-0.0349411254969543,0.106));
#3269=CARTESIAN_POINT('',(0.00565685424949241,-0.0292842712474619,0.106));
#3270=CARTESIAN_POINT('',(-0.0146421356237309,-0.00898528137423857,0.066002));
#3271=CARTESIAN_POINT('',(-0.0146421356237309,-0.00898528137423857,0.102));
#3272=CARTESIAN_POINT('',(0.00665685424949241,-0.0302842712474619,0.106));
#3273=CARTESIAN_POINT('',(-0.0118137084989848,-0.0118137084989847,0.106));
#3274=CARTESIAN_POINT('',(-0.0118137084989848,-0.0118137084989848,0.102));
#3275=CARTESIAN_POINT('',(-0.00373528137423856,-0.019892135623731,0.101));
#3276=CARTESIAN_POINT('',(-0.00332842712474617,-0.0202989898732233,0.101));
#3277=CARTESIAN_POINT('',(0.00565685424949241,-0.0292842712474619,0.101));
#3278=CARTESIAN_POINT('',(3.57459482426442E-17,-0.0349411254969543,0.101));
#3279=CARTESIAN_POINT('',(-0.00565685424949235,-0.0405979797464467,0.101));
#3280=CARTESIAN_POINT('',(-0.00332842712474617,-0.0202989898732233,0.093));
#3281=CARTESIAN_POINT('',(-0.00898528137423856,-0.0146421356237309,0.093));
#3282=CARTESIAN_POINT('',(-0.0150489898732233,-0.0312058441227157,0.101));
#3283=CARTESIAN_POINT('',(-0.0146421356237309,-0.0316126983722081,0.101));
#3284=CARTESIAN_POINT('',(-0.00898528137423856,-0.014642135623731,0.023998));
#3285=CARTESIAN_POINT('',(-0.00898528137423856,-0.014642135623731,0.03));
#3286=CARTESIAN_POINT('',(-0.0146421356237309,-0.0316126983722081,0.093));
#3287=CARTESIAN_POINT('',(-0.0202989898732233,-0.0259558441227157,0.093));
#3288=CARTESIAN_POINT('',(-0.0118137084989847,-0.0118137084989848,0.03));
#3289=CARTESIAN_POINT('',(-0.0118137084989847,-0.0118137084989848,0.026));
#3290=CARTESIAN_POINT('',(-0.0202989898732233,-0.0259558441227157,0.023998));
#3291=CARTESIAN_POINT('',(-0.0202989898732233,-0.0259558441227157,0.03));
#3292=CARTESIAN_POINT('',(-0.0302842712474619,0.00665685424949238,0.026));
#3293=CARTESIAN_POINT('',(-0.0292842712474619,0.00565685424949238,0.026));
#3294=CARTESIAN_POINT('',(-0.0231274169979695,-0.0231274169979695,0.03));
#3295=CARTESIAN_POINT('',(-0.0231274169979695,-0.0231274169979695,0.026));
#3296=CARTESIAN_POINT('',(-0.0349411254969543,8.67361737988404E-19,0.026));
#3297=CARTESIAN_POINT('',(-0.0405979797464467,-0.00565685424949238,0.026));
#3298=CARTESIAN_POINT('',(-0.0415979797464467,-0.00465685424949238,0.026));
#3299=CARTESIAN_POINT('',(-0.0658952935588082,-0.0427471453474069,-0.00706543636757127));
#3300=CARTESIAN_POINT('',(-0.037,3.46944695195361E-18,0.));
#3301=CARTESIAN_POINT('',(-0.05,-0.02,0.));
#3302=CARTESIAN_POINT('',(-0.074,-0.02,0.));
#3303=CARTESIAN_POINT('',(-0.05,-0.02,0.));
#3304=CARTESIAN_POINT('',(-0.05,-0.05,0.));
#3305=CARTESIAN_POINT('',(-0.02,-0.05,0.));
#3306=CARTESIAN_POINT('',(-0.02,-0.074,0.));
#3307=CARTESIAN_POINT('',(-0.02,-0.074,0.));
#3308=CARTESIAN_POINT('',(4.9293902293357E-17,-0.074,0.));
#3309=CARTESIAN_POINT('',(0.02,-0.074,0.));
#3310=CARTESIAN_POINT('',(0.02,4.77673456344974E-17,0.));
#3311=CARTESIAN_POINT('',(0.02,1.55431223447522E-17,0.));
#3312=CARTESIAN_POINT('',(-1.09851330790825E-17,-2.42861286636753E-17,0.));
#3313=CARTESIAN_POINT('',(-9.9864846173477E-19,0.02,0.));
#3314=CARTESIAN_POINT('',(-0.037,0.02,0.));
#3315=CARTESIAN_POINT('',(-0.074,0.02,0.));
#3316=CARTESIAN_POINT('',(-0.074,0.,0.));
#3317=CARTESIAN_POINT('',(-0.068,-0.000471825406947971,0.));
#3318=CARTESIAN_POINT('',(-0.068,-0.0145,0.));
#3319=CARTESIAN_POINT('',(-0.068,0.0145,0.));
#3320=CARTESIAN_POINT('',(-0.07,-0.0145,0.));
#3321=CARTESIAN_POINT('',(-0.07,-0.0165,2.02066721859313E-18));
#3322=CARTESIAN_POINT('',(-0.068,-0.0165,2.02066721859313E-18));
#3323=CARTESIAN_POINT('',(-0.078,-0.0165,2.02066721859313E-18));
#3324=CARTESIAN_POINT('',(-0.078,-0.0145,0.));
#3325=CARTESIAN_POINT('',(-0.08,-0.0145,0.));
#3326=CARTESIAN_POINT('',(-0.08,-0.000471825406947971,0.));
#3327=CARTESIAN_POINT('',(-0.08,0.0145,0.));
#3328=CARTESIAN_POINT('',(-0.078,0.0145,0.));
#3329=CARTESIAN_POINT('',(-0.078,0.0165,0.));
#3330=CARTESIAN_POINT('',(-0.068,0.0165,0.));
#3331=CARTESIAN_POINT('',(-0.07,0.0165,0.));
#3332=CARTESIAN_POINT('',(-0.07,0.0145,0.));
#3333=CARTESIAN_POINT('',(-0.0165,-0.068,2.02066721859313E-18));
#3334=CARTESIAN_POINT('',(-0.0165,-0.07,2.02066721859313E-18));
#3335=CARTESIAN_POINT('',(-0.0165,-0.078,2.02066721859313E-18));
#3336=CARTESIAN_POINT('',(-0.0145,-0.07,0.));
#3337=CARTESIAN_POINT('',(-0.0145,-0.068,0.));
#3338=CARTESIAN_POINT('',(-0.000471825406947925,-0.068,0.));
#3339=CARTESIAN_POINT('',(0.0145,-0.068,0.));
#3340=CARTESIAN_POINT('',(0.0145,-0.07,0.));
#3341=CARTESIAN_POINT('',(0.0165,-0.07,0.));
#3342=CARTESIAN_POINT('',(0.0165,-0.068,0.));
#3343=CARTESIAN_POINT('',(0.0165,-0.078,0.));
#3344=CARTESIAN_POINT('',(0.0145,-0.078,0.));
#3345=CARTESIAN_POINT('',(0.0145,-0.08,0.));
#3346=CARTESIAN_POINT('',(-0.000471825406947917,-0.08,0.));
#3347=CARTESIAN_POINT('',(-0.0145,-0.08,0.));
#3348=CARTESIAN_POINT('',(-0.0145,-0.078,0.));
#3349=CARTESIAN_POINT('',(-1.09851330790825E-17,-2.42861286636753E-17,-0.008));
#3350=CARTESIAN_POINT('',(0.,0.022,-0.008));
#3351=CARTESIAN_POINT('',(0.,0.022,-0.008));
#3352=CARTESIAN_POINT('',(0.,0.022,-0.002));
#3353=CARTESIAN_POINT('',(-1.09851330790825E-17,-2.42861286636753E-17,-0.002));
#3354=CARTESIAN_POINT('',(0.022,1.70974345792274E-17,-0.002));
#3355=CARTESIAN_POINT('',(0.022,1.70974345792274E-17,-0.008));
#3356=CARTESIAN_POINT('',(0.022,1.70974345792274E-17,-0.008));
#3357=CARTESIAN_POINT('',(-1.09851330790825E-17,-2.42861286636753E-17,-0.008));
#3358=CARTESIAN_POINT('',(-0.037,0.022,-0.008));
#3359=CARTESIAN_POINT('',(-0.074,0.022,-0.008));
#3360=CARTESIAN_POINT('',(-0.074,0.022,-0.008));
#3361=CARTESIAN_POINT('',(-0.074,0.022,-0.002));
#3362=CARTESIAN_POINT('',(-0.037,0.022,-0.002));
#3363=CARTESIAN_POINT('',(-0.037,0.022,-0.008));
#3364=CARTESIAN_POINT('',(-0.074,0.,-0.008));
#3365=CARTESIAN_POINT('',(-0.074,-0.022,-0.008));
#3366=CARTESIAN_POINT('',(-0.074,-0.022,-0.008));
#3367=CARTESIAN_POINT('',(-0.074,-0.022,-0.002));
#3368=CARTESIAN_POINT('',(-0.074,0.,-0.002));
#3369=CARTESIAN_POINT('',(-0.074,0.,-0.008));
#3370=CARTESIAN_POINT('',(-0.048,-0.022,-0.008));
#3371=CARTESIAN_POINT('',(-0.05,-0.022,0.));
#3372=CARTESIAN_POINT('',(-0.05,-0.022,-0.008));
#3373=CARTESIAN_POINT('',(-0.05,-0.022,-0.002));
#3374=CARTESIAN_POINT('',(-0.074,-0.022,-0.002));
#3375=CARTESIAN_POINT('',(-0.048,-0.022,-0.008));
#3376=CARTESIAN_POINT('',(-0.037,3.46944695195361E-18,-0.008));
#3377=CARTESIAN_POINT('',(0.022,-0.037,-0.008));
#3378=CARTESIAN_POINT('',(0.022,-0.074,-0.008));
#3379=CARTESIAN_POINT('',(4.9293902293357E-17,-0.074,-0.008));
#3380=CARTESIAN_POINT('',(-0.022,-0.074,-0.008));
#3381=CARTESIAN_POINT('',(-0.022,-0.048,-0.008));
#3382=CARTESIAN_POINT('',(-0.022,-0.05,-0.008));
#3383=CARTESIAN_POINT('',(-0.05,-0.05,-0.008));
#3384=CARTESIAN_POINT('',(-0.068,0.0165,0.033));
#3385=CARTESIAN_POINT('',(-0.078,0.0165,0.033));
#3386=CARTESIAN_POINT('',(-0.078,0.0165,0.066));
#3387=CARTESIAN_POINT('',(-0.068,0.0165,0.066));
#3388=CARTESIAN_POINT('',(-0.07,0.0165,0.066));
#3389=CARTESIAN_POINT('',(-0.07,0.0165,0.));
#3390=CARTESIAN_POINT('',(-0.068,0.,0.066));
#3391=CARTESIAN_POINT('',(-0.078,0.,0.066));
#3392=CARTESIAN_POINT('',(-0.078,-0.0165,0.066));
#3393=CARTESIAN_POINT('',(-0.068,-0.0165,0.066));
#3394=CARTESIAN_POINT('',(-0.07,-0.0165,0.066));
#3395=CARTESIAN_POINT('',(-0.07,0.,0.066));
#3396=CARTESIAN_POINT('',(-0.068,0.,0.066));
#3397=CARTESIAN_POINT('',(-0.068,0.,0.066));
#3398=CARTESIAN_POINT('',(-0.068,0.,0.059));
#3399=CARTESIAN_POINT('',(-0.08,0.,0.066));
#3400=CARTESIAN_POINT('',(-0.08,0.,0.059));
#3401=CARTESIAN_POINT('',(-0.068,-0.0165,0.033));
#3402=CARTESIAN_POINT('',(-0.078,-0.0165,0.));
#3403=CARTESIAN_POINT('',(-0.07,-0.0165,0.033));
#3404=CARTESIAN_POINT('',(-0.068,-3.46944695195361E-18,0.033));
#3405=CARTESIAN_POINT('',(-0.068,0.0145,0.066));
#3406=CARTESIAN_POINT('',(-0.068,0.0145,0.066));
#3407=CARTESIAN_POINT('',(-0.068,0.,0.066));
#3408=CARTESIAN_POINT('',(-0.068,-0.0145,0.066));
#3409=CARTESIAN_POINT('',(-0.068,-0.0145,0.033));
#3410=CARTESIAN_POINT('',(-0.08,-3.46944695195361E-18,0.033));
#3411=CARTESIAN_POINT('',(-0.08,0.,0.066));
#3412=CARTESIAN_POINT('',(-0.08,-0.0145,0.066));
#3413=CARTESIAN_POINT('',(-0.08,0.0145,0.066));
#3414=CARTESIAN_POINT('',(-0.08,0.0145,0.033));
#3415=CARTESIAN_POINT('',(-0.08,-0.0145,0.066));
#3416=CARTESIAN_POINT('',(0.022,-0.037,-0.008));
#3417=CARTESIAN_POINT('',(0.022,-0.037,-0.002));
#3418=CARTESIAN_POINT('',(0.022,-0.074,-0.002));
#3419=CARTESIAN_POINT('',(0.022,-0.074,-0.008));
#3420=CARTESIAN_POINT('',(4.9293902293357E-17,-0.074,-0.008));
#3421=CARTESIAN_POINT('',(4.9293902293357E-17,-0.074,-0.002));
#3422=CARTESIAN_POINT('',(-0.022,-0.074,-0.002));
#3423=CARTESIAN_POINT('',(-0.022,-0.074,-0.008));
#3424=CARTESIAN_POINT('',(-0.022,-0.048,-0.008));
#3425=CARTESIAN_POINT('',(-0.022,-0.05,-0.002));
#3426=CARTESIAN_POINT('',(-0.022,-0.05,-0.002));
#3427=CARTESIAN_POINT('',(-0.022,-0.05,-0.008));
#3428=CARTESIAN_POINT('',(0.0165,-0.068,0.033));
#3429=CARTESIAN_POINT('',(0.0165,-0.068,0.066));
#3430=CARTESIAN_POINT('',(0.0165,-0.07,0.066));
#3431=CARTESIAN_POINT('',(0.0165,-0.078,0.066));
#3432=CARTESIAN_POINT('',(0.0165,-0.078,0.033));
#3433=CARTESIAN_POINT('',(0.0165,-0.07,0.066));
#3434=CARTESIAN_POINT('',(4.52970994047064E-17,-0.068,0.066));
#3435=CARTESIAN_POINT('',(-0.0165,-0.068,0.066));
#3436=CARTESIAN_POINT('',(-0.0165,-0.07,0.066));
#3437=CARTESIAN_POINT('',(-0.0165,-0.078,0.066));
#3438=CARTESIAN_POINT('',(5.19584375524573E-17,-0.078,0.066));
#3439=CARTESIAN_POINT('',(4.66293670342566E-17,-0.07,0.066));
#3440=CARTESIAN_POINT('',(4.52970994047064E-17,-0.068,0.066));
#3441=CARTESIAN_POINT('',(4.52970994047064E-17,-0.068,0.066));
#3442=CARTESIAN_POINT('',(4.52970994047064E-17,-0.068,0.059));
#3443=CARTESIAN_POINT('',(5.32907051820075E-17,-0.08,0.066));
#3444=CARTESIAN_POINT('',(5.32907051820075E-17,-0.08,0.059));
#3445=CARTESIAN_POINT('',(-0.0165,-0.068,0.033));
#3446=CARTESIAN_POINT('',(-0.0165,-0.078,0.066));
#3447=CARTESIAN_POINT('',(-0.0165,-0.07,0.033));
#3448=CARTESIAN_POINT('',(4.18276524527528E-17,-0.068,0.033));
#3449=CARTESIAN_POINT('',(4.52970994047064E-17,-0.068,0.066));
#3450=CARTESIAN_POINT('',(-0.0145,-0.068,0.066));
#3451=CARTESIAN_POINT('',(0.0145,-0.068,0.066));
#3452=CARTESIAN_POINT('',(0.0145,-0.068,0.));
#3453=CARTESIAN_POINT('',(-0.0145,-0.068,0.033));
#3454=CARTESIAN_POINT('',(4.98212582300539E-17,-0.08,0.033));
#3455=CARTESIAN_POINT('',(0.0145,-0.08,0.033));
#3456=CARTESIAN_POINT('',(0.0145,-0.08,0.066));
#3457=CARTESIAN_POINT('',(5.32907051820075E-17,-0.08,0.066));
#3458=CARTESIAN_POINT('',(-0.0145,-0.08,0.066));
#3459=CARTESIAN_POINT('',(-0.0145,-0.08,0.));
#3460=CARTESIAN_POINT('',(-0.05,-0.05,-0.008));
#3461=CARTESIAN_POINT('',(-0.05,-0.05,-0.002));
#3462=CARTESIAN_POINT('',(-0.0145,-0.078,0.033));
#3463=CARTESIAN_POINT('',(-0.0145,-0.078,0.066));
#3464=CARTESIAN_POINT('',(5.19584375524573E-17,-0.078,0.066));
#3465=CARTESIAN_POINT('',(0.0145,-0.078,0.066));
#3466=CARTESIAN_POINT('',(0.0145,-0.078,0.033));
#3467=CARTESIAN_POINT('',(-0.0145,-0.07,0.033));
#3468=CARTESIAN_POINT('',(-0.0145,-0.07,0.066));
#3469=CARTESIAN_POINT('',(4.66293670342566E-17,-0.07,0.066));
#3470=CARTESIAN_POINT('',(0.0145,-0.07,0.066));
#3471=CARTESIAN_POINT('',(0.0145,-0.07,0.033));
#3472=CARTESIAN_POINT('',(-0.078,-0.0145,0.033));
#3473=CARTESIAN_POINT('',(-0.078,-0.0145,0.066));
#3474=CARTESIAN_POINT('',(-0.078,0.,0.066));
#3475=CARTESIAN_POINT('',(-0.078,0.0145,0.066));
#3476=CARTESIAN_POINT('',(-0.078,0.0145,0.033));
#3477=CARTESIAN_POINT('',(-0.07,-0.0145,0.033));
#3478=CARTESIAN_POINT('',(-0.07,-0.0145,0.066));
#3479=CARTESIAN_POINT('',(-0.07,0.,0.066));
#3480=CARTESIAN_POINT('',(-0.07,0.0145,0.066));
#3481=CARTESIAN_POINT('',(-0.07,0.0145,0.033));
#3482=CARTESIAN_POINT('',(-1.09851330790825E-17,-2.42861286636753E-17,-0.002));
#3483=CARTESIAN_POINT('',(0.02,1.33352924662363E-17,-0.002));
#3484=CARTESIAN_POINT('',(-9.9864846173477E-19,0.02,-0.002));
#3485=CARTESIAN_POINT('',(-0.037,0.02,-0.002));
#3486=CARTESIAN_POINT('',(-0.074,0.02,-0.002));
#3487=CARTESIAN_POINT('',(0.02,-0.037,-0.002));
#3488=CARTESIAN_POINT('',(0.02,-0.074,-0.002));
#3489=CARTESIAN_POINT('',(-0.074,0.,-0.002));
#3490=CARTESIAN_POINT('',(-0.074,-0.02,-0.002));
#3491=CARTESIAN_POINT('',(4.9293902293357E-17,-0.074,-0.002));
#3492=CARTESIAN_POINT('',(-0.02,-0.074,-0.002));
#3493=CARTESIAN_POINT('',(-0.048,-0.02,-0.002));
#3494=CARTESIAN_POINT('',(-0.05,-0.02,-0.002));
#3495=CARTESIAN_POINT('',(-0.02,1.6681100944993E-17,-0.002));
#3496=CARTESIAN_POINT('',(-0.02,-0.05,-0.002));
#3497=CARTESIAN_POINT('',(-0.05,-0.05,-0.002));
#3498=CARTESIAN_POINT('',(-0.0660094725199754,-0.042861324308574,-0.00712610938050576));
#3499=CARTESIAN_POINT('',(-0.0349411254969543,-0.012,0.066));
#3500=CARTESIAN_POINT('',(-0.0349411254969543,-1.16499323253203E-18,0.057));
#3501=CARTESIAN_POINT('',(-0.0349411254969543,-0.008,0.057));
#3502=CARTESIAN_POINT('',(-0.0349411254969543,-0.01,0.057));
#3503=CARTESIAN_POINT('',(-0.0349411254969543,-0.008,0.066));
#3504=CARTESIAN_POINT('',(-0.0349411254969543,-0.008,0.075));
#3505=CARTESIAN_POINT('',(-0.0349411254969543,-0.012,0.075));
#3506=CARTESIAN_POINT('',(-0.0349411254969543,-0.01,0.075));
#3507=CARTESIAN_POINT('',(-0.0349411254969543,-0.01,0.066));
#3508=CARTESIAN_POINT('',(-0.0349411254969543,-0.012,0.066));
#3509=CARTESIAN_POINT('',(-0.0349411254969543,-1.16499323253203E-18,0.057));
#3510=CARTESIAN_POINT('',(-0.0349411254969543,0.01,0.057));
#3511=CARTESIAN_POINT('',(-0.0349411254969543,0.008,0.057));
#3512=CARTESIAN_POINT('',(-0.0349411254969543,0.01,0.066));
#3513=CARTESIAN_POINT('',(-0.0349411254969543,0.01,0.075));
#3514=CARTESIAN_POINT('',(-0.0349411254969543,-0.012,0.075));
#3515=CARTESIAN_POINT('',(-0.0349411254969543,0.008,0.075));
#3516=CARTESIAN_POINT('',(-0.0349411254969543,0.008,0.066));
#3517=CARTESIAN_POINT('',(-0.078,0.,0.066));
#3518=CARTESIAN_POINT('',(-0.086,0.,0.066));
#3519=CARTESIAN_POINT('',(-0.086,0.,0.059));
#3520=CARTESIAN_POINT('',(-0.068,0.,0.066));
#3521=CARTESIAN_POINT('',(-0.068,0.,0.059));
#3522=CARTESIAN_POINT('',(-0.088,0.0035,0.066));
#3523=CARTESIAN_POINT('',(-0.088,0.,0.066));
#3524=CARTESIAN_POINT('',(-0.088,0.,0.061));
#3525=CARTESIAN_POINT('',(-0.0469705627484771,0.012,0.075));
#3526=CARTESIAN_POINT('',(-0.0349411254969543,0.012,0.066));
#3527=CARTESIAN_POINT('',(-0.0309411254969543,0.012,0.066));
#3528=CARTESIAN_POINT('',(-0.0349411254969543,0.012,0.066));
#3529=CARTESIAN_POINT('',(-0.0349411254969543,0.012,0.073));
#3530=CARTESIAN_POINT('',(-0.0349411254969543,0.012,0.059));
#3531=CARTESIAN_POINT('',(-0.0469705627484771,0.012,0.059));
#3532=CARTESIAN_POINT('',(-0.068,0.012,0.059));
#3533=CARTESIAN_POINT('',(-0.068,0.012,0.075));
#3534=CARTESIAN_POINT('',(-0.068,0.012,0.073));
#3535=CARTESIAN_POINT('',(-0.0349411254969543,0.012,0.073));
#3536=CARTESIAN_POINT('',(-0.068,0.0095,0.075));
#3537=CARTESIAN_POINT('',(-0.068,0.01,0.059));
#3538=CARTESIAN_POINT('',(-0.068,0.01,0.057));
#3539=CARTESIAN_POINT('',(-0.068,0.0095,0.057));
#3540=CARTESIAN_POINT('',(-0.068,-0.01,0.057));
#3541=CARTESIAN_POINT('',(-0.068,-0.01,0.059));
#3542=CARTESIAN_POINT('',(-0.068,-0.012,0.059));
#3543=CARTESIAN_POINT('',(-0.068,-0.012,0.075));
#3544=CARTESIAN_POINT('',(-0.068,-0.012,0.073));
#3545=CARTESIAN_POINT('',(-0.068,-0.01,0.073));
#3546=CARTESIAN_POINT('',(-0.068,-0.01,0.075));
#3547=CARTESIAN_POINT('',(-0.068,0.0095,0.075));
#3548=CARTESIAN_POINT('',(-0.068,0.01,0.075));
#3549=CARTESIAN_POINT('',(-0.068,0.01,0.073));
#3550=CARTESIAN_POINT('',(-0.0469705627484771,-0.012,0.075));
#3551=CARTESIAN_POINT('',(-0.0349411254969543,-0.012,0.066));
#3552=CARTESIAN_POINT('',(-0.0389411254969543,-0.012,0.066));
#3553=CARTESIAN_POINT('',(-0.0349411254969543,-0.012,0.066));
#3554=CARTESIAN_POINT('',(-0.0349411254969543,-0.012,0.059));
#3555=CARTESIAN_POINT('',(-0.0349411254969543,-0.012,0.073));
#3556=CARTESIAN_POINT('',(-0.0469705627484771,-0.012,0.073));
#3557=CARTESIAN_POINT('',(-0.0349411254969543,-0.012,0.059));
#3558=CARTESIAN_POINT('',(-0.0569705627484771,5.20417042793042E-18,0.075));
#3559=CARTESIAN_POINT('',(-0.068,0.01,0.075));
#3560=CARTESIAN_POINT('',(-0.0569705627484771,-0.01,0.075));
#3561=CARTESIAN_POINT('',(-0.0559705627484771,-0.008,0.075));
#3562=CARTESIAN_POINT('',(-0.0579705627484771,-0.008,0.075));
#3563=CARTESIAN_POINT('',(-0.0579705627484771,0.006,0.075));
#3564=CARTESIAN_POINT('',(-0.0579705627484771,0.008,0.075));
#3565=CARTESIAN_POINT('',(-0.0349411254969543,0.008,0.075));
#3566=CARTESIAN_POINT('',(-0.0569705627484771,5.20417042793042E-18,0.057));
#3567=CARTESIAN_POINT('',(-0.0569705627484771,0.01,0.057));
#3568=CARTESIAN_POINT('',(-0.0569705627484771,0.008,0.057));
#3569=CARTESIAN_POINT('',(-0.0559705627484771,0.008,0.057));
#3570=CARTESIAN_POINT('',(-0.0559705627484771,5.20417042793042E-18,0.057));
#3571=CARTESIAN_POINT('',(-0.0559705627484771,-0.008,0.057));
#3572=CARTESIAN_POINT('',(-0.0569705627484771,-0.008,0.057));
#3573=CARTESIAN_POINT('',(-0.068,-0.01,0.057));
#3574=CARTESIAN_POINT('',(-0.0559705627484771,0.006,0.051));
#3575=CARTESIAN_POINT('',(-0.0559705627484771,0.006,0.051));
#3576=CARTESIAN_POINT('',(-0.0559705627484771,0.006,0.059));
#3577=CARTESIAN_POINT('',(-0.0559705627484771,0.006,0.073));
#3578=CARTESIAN_POINT('',(-0.0559705627484771,-0.006,0.073));
#3579=CARTESIAN_POINT('',(-0.0559705627484771,-0.006,0.073));
#3580=CARTESIAN_POINT('',(-0.0559705627484771,-0.006,0.051));
#3581=CARTESIAN_POINT('',(-0.0559705627484771,-0.006,0.059));
#3582=CARTESIAN_POINT('',(-0.0559705627484771,-0.008,0.059));
#3583=CARTESIAN_POINT('',(-0.0559705627484771,0.008,0.059));
#3584=CARTESIAN_POINT('',(-0.0396742706222984,-0.006,0.051));
#3585=CARTESIAN_POINT('',(-0.0349411254969543,-0.006,0.066));
#3586=CARTESIAN_POINT('',(-0.0309411254969543,-0.006,0.066));
#3587=CARTESIAN_POINT('',(-0.0349411254969543,-0.006,0.066));
#3588=CARTESIAN_POINT('',(-0.0349411254969543,-0.006,0.073));
#3589=CARTESIAN_POINT('',(-0.0349411254969543,-0.006,0.059));
#3590=CARTESIAN_POINT('',(-0.0396742706222984,-0.006,0.059));
#3591=CARTESIAN_POINT('',(-0.0349411254969543,-0.006,0.073));
#3592=CARTESIAN_POINT('',(-0.0396742706222984,0.006,0.051));
#3593=CARTESIAN_POINT('',(-0.0349411254969543,0.006,0.066));
#3594=CARTESIAN_POINT('',(-0.0389411254969543,0.006,0.066));
#3595=CARTESIAN_POINT('',(-0.0396742706222984,0.006,0.059));
#3596=CARTESIAN_POINT('',(-0.0349411254969543,0.006,0.059));
#3597=CARTESIAN_POINT('',(-0.0349411254969543,0.006,0.066));
#3598=CARTESIAN_POINT('',(-0.0349411254969543,0.006,0.073));
#3599=CARTESIAN_POINT('',(-0.0559705627484771,0.006,0.073));
#3600=CARTESIAN_POINT('',(-0.0349411254969543,-0.012,0.066));
#3601=CARTESIAN_POINT('',(-0.0349411254969543,-0.012,0.066));
#3602=CARTESIAN_POINT('',(-0.0569705627484771,0.01,0.073));
#3603=CARTESIAN_POINT('',(-0.0349411254969543,0.01,0.073));
#3604=CARTESIAN_POINT('',(-0.0349411254969543,0.01,0.066));
#3605=CARTESIAN_POINT('',(-0.0349411254969543,0.01,0.059));
#3606=CARTESIAN_POINT('',(-0.0469705627484771,0.01,0.059));
#3607=CARTESIAN_POINT('',(-0.0569705627484771,0.008,0.059));
#3608=CARTESIAN_POINT('',(-0.0349411254969543,0.008,0.059));
#3609=CARTESIAN_POINT('',(-0.0349411254969543,0.008,0.066));
#3610=CARTESIAN_POINT('',(-0.0349411254969543,0.008,0.073));
#3611=CARTESIAN_POINT('',(-0.0396742706222984,0.008,0.073));
#3612=CARTESIAN_POINT('',(-0.0579705627484771,0.008,0.073));
#3613=CARTESIAN_POINT('',(-0.0579705627484771,0.006,0.073));
#3614=CARTESIAN_POINT('',(-0.0579705627484771,-0.008,0.073));
#3615=CARTESIAN_POINT('',(-0.0396742706222984,-0.008,0.073));
#3616=CARTESIAN_POINT('',(-0.0349411254969543,-0.008,0.073));
#3617=CARTESIAN_POINT('',(-0.0349411254969543,-0.008,0.066));
#3618=CARTESIAN_POINT('',(-0.0349411254969543,-0.008,0.059));
#3619=CARTESIAN_POINT('',(-0.0569705627484771,-0.008,0.059));
#3620=CARTESIAN_POINT('',(-0.0569705627484771,-0.01,0.059));
#3621=CARTESIAN_POINT('',(-0.0349411254969543,-0.01,0.059));
#3622=CARTESIAN_POINT('',(-0.0349411254969543,-0.01,0.066));
#3623=CARTESIAN_POINT('',(-0.0349411254969543,-0.01,0.073));
#3624=CARTESIAN_POINT('',(-0.0469705627484771,-0.01,0.073));
#3625=CARTESIAN_POINT('',(-0.086,0.,0.066));
#3626=CARTESIAN_POINT('',(-0.0661237039869551,-0.042861324308574,0.124873791764662));
#3627=CARTESIAN_POINT('',(-0.0660094725199754,-0.0427470928415943,-0.00712601052567378));
#3628=CARTESIAN_POINT('',(-0.065895293558769,-0.0427471976821239,-0.00706543645815121));
#3629=MECHANICAL_DESIGN_GEOMETRIC_PRESENTATION_REPRESENTATION('',(#2020,
#2021,#2022,#2023),#3630);
#3630=(
GEOMETRIC_REPRESENTATION_CONTEXT(3)
GLOBAL_UNCERTAINTY_ASSIGNED_CONTEXT((#3635))
GLOBAL_UNIT_ASSIGNED_CONTEXT((#3642,#3641,#3640))
REPRESENTATION_CONTEXT('Assembly 1','TOP_LEVEL_ASSEMBLY_PART')
);
#3631=(
GEOMETRIC_REPRESENTATION_CONTEXT(3)
GLOBAL_UNCERTAINTY_ASSIGNED_CONTEXT((#3636))
GLOBAL_UNIT_ASSIGNED_CONTEXT((#3642,#3641,#3640))
REPRESENTATION_CONTEXT('pin','COMPONENT_PART')
);
#3632=(
GEOMETRIC_REPRESENTATION_CONTEXT(3)
GLOBAL_UNCERTAINTY_ASSIGNED_CONTEXT((#3637))
GLOBAL_UNIT_ASSIGNED_CONTEXT((#3642,#3641,#3640))
REPRESENTATION_CONTEXT('Link','COMPONENT_PART')
);
#3633=(
GEOMETRIC_REPRESENTATION_CONTEXT(3)
GLOBAL_UNCERTAINTY_ASSIGNED_CONTEXT((#3638))
GLOBAL_UNIT_ASSIGNED_CONTEXT((#3642,#3641,#3640))
REPRESENTATION_CONTEXT('Base','COMPONENT_PART')
);
#3634=(
GEOMETRIC_REPRESENTATION_CONTEXT(3)
GLOBAL_UNCERTAINTY_ASSIGNED_CONTEXT((#3639))
GLOBAL_UNIT_ASSIGNED_CONTEXT((#3642,#3641,#3640))
REPRESENTATION_CONTEXT('shaft','COMPONENT_PART')
);
#3635=UNCERTAINTY_MEASURE_WITH_UNIT(LENGTH_MEASURE(1.E-8),#3642,
'DISTANCE_ACCURACY_VALUE','Maximum Tolerance applied to model');
#3636=UNCERTAINTY_MEASURE_WITH_UNIT(LENGTH_MEASURE(1.E-8),#3642,
'DISTANCE_ACCURACY_VALUE','Maximum Tolerance applied to model');
#3637=UNCERTAINTY_MEASURE_WITH_UNIT(LENGTH_MEASURE(1.E-8),#3642,
'DISTANCE_ACCURACY_VALUE','Maximum Tolerance applied to model');
#3638=UNCERTAINTY_MEASURE_WITH_UNIT(LENGTH_MEASURE(1.E-8),#3642,
'DISTANCE_ACCURACY_VALUE','Maximum Tolerance applied to model');
#3639=UNCERTAINTY_MEASURE_WITH_UNIT(LENGTH_MEASURE(1.E-8),#3642,
'DISTANCE_ACCURACY_VALUE','Maximum Tolerance applied to model');
#3640=(
NAMED_UNIT(*)
SI_UNIT($,.STERADIAN.)
SOLID_ANGLE_UNIT()
);
#3641=(
NAMED_UNIT(*)
PLANE_ANGLE_UNIT()
SI_UNIT($,.RADIAN.)
);
#3642=(
LENGTH_UNIT()
NAMED_UNIT(*)
SI_UNIT($,.METRE.)
);
#3643=PRODUCT_DEFINITION_SHAPE('','',#3654);
#3644=PRODUCT_DEFINITION_SHAPE('','',#3655);
#3645=PRODUCT_DEFINITION_SHAPE(' ','NAUO PRDDFN',#18);
#3646=PRODUCT_DEFINITION_SHAPE('','',#3656);
#3647=PRODUCT_DEFINITION_SHAPE(' ','NAUO PRDDFN',#19);
#3648=PRODUCT_DEFINITION_SHAPE('','',#3657);
#3649=PRODUCT_DEFINITION_SHAPE(' ','NAUO PRDDFN',#20);
#3650=PRODUCT_DEFINITION_SHAPE('','',#3658);
#3651=PRODUCT_DEFINITION_SHAPE(' ','NAUO PRDDFN',#21);
#3652=PRODUCT_DEFINITION_SHAPE(' ','NAUO PRDDFN',#22);
#3653=PRODUCT_DEFINITION_SHAPE(' ','NAUO PRDDFN',#23);
#3654=PRODUCT_DEFINITION('','',#3664,#3659);
#3655=PRODUCT_DEFINITION('','',#3665,#3660);
#3656=PRODUCT_DEFINITION('','',#3666,#3661);
#3657=PRODUCT_DEFINITION('','',#3667,#3662);
#3658=PRODUCT_DEFINITION('','',#3668,#3663);
#3659=PRODUCT_DEFINITION_CONTEXT('',#3690,'design');
#3660=PRODUCT_DEFINITION_CONTEXT('',#3690,'design');
#3661=PRODUCT_DEFINITION_CONTEXT('',#3690,'design');
#3662=PRODUCT_DEFINITION_CONTEXT('',#3690,'design');
#3663=PRODUCT_DEFINITION_CONTEXT('',#3690,'design');
#3664=PRODUCT_DEFINITION_FORMATION_WITH_SPECIFIED_SOURCE('','',#3674,
 .NOT_KNOWN.);
#3665=PRODUCT_DEFINITION_FORMATION_WITH_SPECIFIED_SOURCE('','',#3675,
 .NOT_KNOWN.);
#3666=PRODUCT_DEFINITION_FORMATION_WITH_SPECIFIED_SOURCE('','',#3676,
 .NOT_KNOWN.);
#3667=PRODUCT_DEFINITION_FORMATION_WITH_SPECIFIED_SOURCE('','',#3677,
 .NOT_KNOWN.);
#3668=PRODUCT_DEFINITION_FORMATION_WITH_SPECIFIED_SOURCE('','',#3678,
 .NOT_KNOWN.);
#3669=PRODUCT_RELATED_PRODUCT_CATEGORY('','',(#3674));
#3670=PRODUCT_RELATED_PRODUCT_CATEGORY('','',(#3675));
#3671=PRODUCT_RELATED_PRODUCT_CATEGORY('','',(#3676));
#3672=PRODUCT_RELATED_PRODUCT_CATEGORY('','',(#3677));
#3673=PRODUCT_RELATED_PRODUCT_CATEGORY('','',(#3678));
#3674=PRODUCT('Assembly 1','Assembly 1','Assembly 1',(#3684));
#3675=PRODUCT('pin','pin','pin',(#3685));
#3676=PRODUCT('Link','Link','Link',(#3686));
#3677=PRODUCT('Base','Base','Base',(#3687));
#3678=PRODUCT('shaft','shaft','shaft',(#3688));
#3679=PRODUCT_CATEGORY('','');
#3680=PRODUCT_CATEGORY('','');
#3681=PRODUCT_CATEGORY('','');
#3682=PRODUCT_CATEGORY('','');
#3683=PRODUCT_CATEGORY('','');
#3684=PRODUCT_CONTEXT('',#3690,'mechanical');
#3685=PRODUCT_CONTEXT('',#3690,'mechanical');
#3686=PRODUCT_CONTEXT('',#3690,'mechanical');
#3687=PRODUCT_CONTEXT('',#3690,'mechanical');
#3688=PRODUCT_CONTEXT('',#3690,'mechanical');
#3689=APPLICATION_PROTOCOL_DEFINITION('international standard',
'ap242_managed_model_based_3d_engineering',2020,#3690);
#3690=APPLICATION_CONTEXT('managed model based 3d engineering');
ENDSEC;
END-ISO-10303-21;
