ISO-10303-21;
HEADER;
/* Generated by software containing ST-Developer
 * from STEP Tools, Inc. (www.steptools.com) 
 */
/* OPTION: using custom renumber hook */

FILE_DESCRIPTION(
/* description */ ('STEP AP242 Edition 2',
'CAx-IF Rec.Pracs.---Representation and Presentation of Product Manufa
cturing Information (PMI)---4.0---2014-10-13',
'CAx-IF Rec.Pracs.---3D Tessellated Geometry---0.4---2014-09-14','2;1',
'CAx-IF Rec.Pracs.---User Defined Attributes---1.5---2016-08-15'),
/* implementation_level */ '2;1');

FILE_NAME(
/* name */ 'Part Studio 1',
/* time_stamp */ '2026-06-13T12:05:29Z',
/* author */ (''),
/* organization */ (''),
/* preprocessor_version */ 'ST-DEVELOPER v20',
/* originating_system */ 'ONSHAPE BY PTC INC, 1.216',
/* authorisation */ '  ');

FILE_SCHEMA (('AP242_MANAGED_MODEL_BASED_3D_ENGINEERING_MIM_LF { 1 0 10303 442 3 1 4 }'));
ENDSEC;

DATA;
#10=(
BOUNDED_SURFACE()
B_SPLINE_SURFACE(3,2,((#4996,#4997,#4998),(#4999,#5000,#5001),(#5002,#5003,
#5004),(#5005,#5006,#5007),(#5008,#5009,#5010),(#5011,#5012,#5013),(#5014,
#5015,#5016),(#5017,#5018,#5019),(#5020,#5021,#5022),(#5023,#5024,#5025),
(#5026,#5027,#5028),(#5029,#5030,#5031),(#5032,#5033,#5034),(#5035,#5036,
#5037),(#5038,#5039,#5040),(#5041,#5042,#5043),(#5044,#5045,#5046),(#5047,
#5048,#5049),(#5050,#5051,#5052),(#5053,#5054,#5055),(#5056,#5057,#5058),
(#5059,#5060,#5061),(#5062,#5063,#5064),(#5065,#5066,#5067)),
 .UNSPECIFIED.,.F.,.F.,.F.)
B_SPLINE_SURFACE_WITH_KNOTS((4,1,1,1,1,1,1,1,1,1,1,1,1,1,1,1,1,1,1,1,1,
4),(3,3),(-2.85626914481307E-10,0.00449545489183238,0.00899091006929167,
0.013486365246751,0.0179818204242103,0.0224772756016696,0.0269727307791289,
0.0292204583678585,0.0314681859565882,0.0337159135453178,0.0359636411340474,
0.0382113687227771,0.0404590963115067,0.044954551488966,0.0472022790776957,
0.0494500066664253,0.0539454618438846,0.0584409170213439,0.0629363721988032,
0.0651840997875329,0.0674318273762625,0.0719272825537218),(0.,1.),
 .UNSPECIFIED.)
GEOMETRIC_REPRESENTATION_ITEM()
RATIONAL_B_SPLINE_SURFACE(((1.,0.812960537891848,1.),(1.,0.814008760052275,
1.),(1.,0.813365984388837,1.),(1.,0.800826825762807,1.),(1.,0.774255296812203,
1.),(1.,0.732860625545573,1.),(1.,0.67731405183496,1.),(1.,0.621841977245854,
1.),(1.,0.579093904707418,1.),(1.,0.55067198372588,1.),(1.,0.530882166902792,
1.),(1.,0.523667316669982,1.),(1.,0.531035875150128,1.),(1.,0.558000618208676,
1.),(1.,0.600630849016782,1.),(1.,0.644806471850163,1.),(1.,0.686642382157785,
1.),(1.,0.733324853772221,1.),(1.,0.774209107040515,1.),(1.,0.796453974850884,
1.),(1.,0.807001767626928,1.),(1.,0.813512176786823,1.),(1.,0.814009700661754,
1.),(1.,0.812960537892758,1.)))
REPRESENTATION_ITEM('')
SURFACE()
);
#11=(
BOUNDED_SURFACE()
B_SPLINE_SURFACE(3,2,((#5078,#5079,#5080),(#5081,#5082,#5083),(#5084,#5085,
#5086),(#5087,#5088,#5089),(#5090,#5091,#5092),(#5093,#5094,#5095),(#5096,
#5097,#5098),(#5099,#5100,#5101),(#5102,#5103,#5104),(#5105,#5106,#5107),
(#5108,#5109,#5110),(#5111,#5112,#5113),(#5114,#5115,#5116),(#5117,#5118,
#5119),(#5120,#5121,#5122),(#5123,#5124,#5125)),.UNSPECIFIED.,.F.,.F.,.F.)
B_SPLINE_SURFACE_WITH_KNOTS((4,1,1,1,1,1,1,1,1,1,1,1,1,4),(3,3),(-1.73472347597681E-18,
0.00582279657224545,0.00873419485836817,0.0116455931444909,0.0145569914306136,
0.0174683897167363,0.0232911862889818,0.0262025845751045,0.0291139828612272,
0.03202538114735,0.0349367794334727,0.0378481777195954,0.0407595760057181,
0.0465823725779636),(0.,1.),.UNSPECIFIED.)
GEOMETRIC_REPRESENTATION_ITEM()
RATIONAL_B_SPLINE_SURFACE(((1.,0.812960617191146,1.),(1.,0.816963217422708,
1.),(1.,0.822189183041196,1.),(1.,0.827614806082403,1.),(1.,0.830816988324856,
1.),(1.,0.833272524946091,1.),(1.,0.835506612602032,1.),(1.,0.836396718467853,
1.),(1.,0.835951078078685,1.),(1.,0.83497426571144,1.),(1.,0.833270101095542,
1.),(1.,0.830867274748801,1.),(1.,0.82761587840681,1.),(1.,0.822271185713889,
1.),(1.,0.816963329222499,1.),(1.,0.812960617191169,1.)))
REPRESENTATION_ITEM('')
SURFACE()
);
#12=(
BOUNDED_SURFACE()
B_SPLINE_SURFACE(3,2,((#5126,#5127,#5128),(#5129,#5130,#5131),(#5132,#5133,
#5134),(#5135,#5136,#5137),(#5138,#5139,#5140),(#5141,#5142,#5143),(#5144,
#5145,#5146),(#5147,#5148,#5149),(#5150,#5151,#5152),(#5153,#5154,#5155),
(#5156,#5157,#5158),(#5159,#5160,#5161),(#5162,#5163,#5164),(#5165,#5166,
#5167),(#5168,#5169,#5170),(#5171,#5172,#5173),(#5174,#5175,#5176),(#5177,
#5178,#5179),(#5180,#5181,#5182)),.UNSPECIFIED.,.F.,.F.,.F.)
B_SPLINE_SURFACE_WITH_KNOTS((4,1,1,1,1,1,1,1,1,1,1,1,1,1,1,1,4),(3,3),(-8.5987544602012E-10,
0.00401285411833867,0.00802570909655279,0.0120385640747669,0.016051419052981,
0.0200642740311951,0.0240771290094092,0.0280899839876234,0.0321028389658375,
0.0361156939440516,0.0401285489222657,0.0441414039004798,0.0481542588786939,
0.0521671138569081,0.0561799688351222,0.0601928238133363,0.0642056787915504),
(0.,1.),.UNSPECIFIED.)
GEOMETRIC_REPRESENTATION_ITEM()
RATIONAL_B_SPLINE_SURFACE(((1.,0.56903309231692,1.),(1.,0.568828460895642,
1.),(1.,0.572521432924713,1.),(1.,0.593333418965642,1.),(1.,0.628784288802551,
1.),(1.,0.675676922386173,1.),(1.,0.72928251096112,1.),(1.,0.78128031913242,
1.),(1.,0.823802772801132,1.),(1.,0.841028044111149,1.),(1.,0.824255731107922,
1.),(1.,0.781902712776786,1.),(1.,0.729553412997196,1.),(1.,0.675863424301613,
1.),(1.,0.629030397823531,1.),(1.,0.593415810288284,1.),(1.,0.572709305609716,
1.),(1.,0.568827954732562,1.),(1.,0.569033092317242,1.)))
REPRESENTATION_ITEM('')
SURFACE()
);
#13=(
BOUNDED_SURFACE()
B_SPLINE_SURFACE(3,2,((#5197,#5198,#5199),(#5200,#5201,#5202),(#5203,#5204,
#5205),(#5206,#5207,#5208),(#5209,#5210,#5211),(#5212,#5213,#5214),(#5215,
#5216,#5217),(#5218,#5219,#5220),(#5221,#5222,#5223),(#5224,#5225,#5226),
(#5227,#5228,#5229),(#5230,#5231,#5232),(#5233,#5234,#5235),(#5236,#5237,
#5238),(#5239,#5240,#5241),(#5242,#5243,#5244),(#5245,#5246,#5247),(#5248,
#5249,#5250),(#5251,#5252,#5253)),.UNSPECIFIED.,.F.,.F.,.F.)
B_SPLINE_SURFACE_WITH_KNOTS((4,1,1,1,1,1,1,1,1,1,1,1,1,1,1,1,4),(3,3),(1.56125112837912E-17,
0.00337271732137262,0.00674543464274522,0.0101181519641178,0.0134908692854904,
0.016863586606863,0.0202363039282356,0.0236090212496082,0.0269817385709808,
0.0303544558923534,0.033727173213726,0.0370998905350987,0.0404726078564713,
0.0438453251778439,0.0472180424992165,0.0505907598205891,0.0539634771419617),
(0.,1.),.UNSPECIFIED.)
GEOMETRIC_REPRESENTATION_ITEM()
RATIONAL_B_SPLINE_SURFACE(((1.,0.569032982878131,1.),(1.,0.56512312318026,
1.),(1.,0.557710705843,1.),(1.,0.547799593844626,1.),(1.,0.539697680644255,
1.),(1.,0.533291571508282,1.),(1.,0.528696692836074,1.),(1.,0.525571827275643,
1.),(1.,0.523834573911821,1.),(1.,0.523258294664737,1.),(1.,0.523818199032911,
1.),(1.,0.525566643148824,1.),(1.,0.528657492389546,1.),(1.,0.533266187316965,
1.),(1.,0.539655938483797,1.),(1.,0.547741810908801,1.),(1.,0.557661997982996,
1.),(1.,0.565122977102446,1.),(1.,0.569032982878119,1.)))
REPRESENTATION_ITEM('')
SURFACE()
);
#14=SHAPE_REPRESENTATION_RELATIONSHIP('','',#244,#16);
#15=SHAPE_REPRESENTATION_RELATIONSHIP('','',#245,#17);
#16=ADVANCED_BREP_SHAPE_REPRESENTATION('',(#240),#5256);
#17=ADVANCED_BREP_SHAPE_REPRESENTATION('',(#241),#5257);
#18=PLANE('',#249);
#19=CIRCLE('',#247,0.0473192012062312);
#20=CIRCLE('',#248,0.0632100106329912);
#21=CIRCLE('',#251,0.0430710689681532);
#22=CIRCLE('',#252,0.0473192012062312);
#23=CIRCLE('',#253,0.0449289310318467);
#24=CIRCLE('',#254,0.0486807987937688);
#25=ORIENTED_EDGE('',*,*,#73,.T.);
#26=ORIENTED_EDGE('',*,*,#74,.F.);
#27=ORIENTED_EDGE('',*,*,#75,.T.);
#28=ORIENTED_EDGE('',*,*,#76,.F.);
#29=ORIENTED_EDGE('',*,*,#75,.F.);
#30=ORIENTED_EDGE('',*,*,#73,.F.);
#31=ORIENTED_EDGE('',*,*,#76,.T.);
#32=ORIENTED_EDGE('',*,*,#74,.T.);
#33=ORIENTED_EDGE('',*,*,#77,.F.);
#34=ORIENTED_EDGE('',*,*,#78,.T.);
#35=ORIENTED_EDGE('',*,*,#79,.T.);
#36=ORIENTED_EDGE('',*,*,#77,.T.);
#37=ORIENTED_EDGE('',*,*,#80,.T.);
#38=ORIENTED_EDGE('',*,*,#81,.F.);
#39=ORIENTED_EDGE('',*,*,#81,.T.);
#40=ORIENTED_EDGE('',*,*,#82,.T.);
#41=ORIENTED_EDGE('',*,*,#83,.T.);
#42=ORIENTED_EDGE('',*,*,#84,.T.);
#43=ORIENTED_EDGE('',*,*,#82,.F.);
#44=ORIENTED_EDGE('',*,*,#85,.T.);
#45=ORIENTED_EDGE('',*,*,#79,.F.);
#46=ORIENTED_EDGE('',*,*,#86,.F.);
#47=ORIENTED_EDGE('',*,*,#87,.T.);
#48=ORIENTED_EDGE('',*,*,#88,.T.);
#49=ORIENTED_EDGE('',*,*,#86,.T.);
#50=ORIENTED_EDGE('',*,*,#89,.T.);
#51=ORIENTED_EDGE('',*,*,#90,.T.);
#52=ORIENTED_EDGE('',*,*,#88,.F.);
#53=ORIENTED_EDGE('',*,*,#85,.F.);
#54=ORIENTED_EDGE('',*,*,#91,.T.);
#55=ORIENTED_EDGE('',*,*,#92,.T.);
#56=ORIENTED_EDGE('',*,*,#90,.F.);
#57=ORIENTED_EDGE('',*,*,#93,.F.);
#58=ORIENTED_EDGE('',*,*,#89,.F.);
#59=ORIENTED_EDGE('',*,*,#94,.F.);
#60=ORIENTED_EDGE('',*,*,#91,.F.);
#61=ORIENTED_EDGE('',*,*,#94,.T.);
#62=ORIENTED_EDGE('',*,*,#87,.F.);
#63=ORIENTED_EDGE('',*,*,#93,.T.);
#64=ORIENTED_EDGE('',*,*,#92,.F.);
#65=ORIENTED_EDGE('',*,*,#95,.F.);
#66=ORIENTED_EDGE('',*,*,#83,.F.);
#67=ORIENTED_EDGE('',*,*,#96,.F.);
#68=ORIENTED_EDGE('',*,*,#78,.F.);
#69=ORIENTED_EDGE('',*,*,#96,.T.);
#70=ORIENTED_EDGE('',*,*,#84,.F.);
#71=ORIENTED_EDGE('',*,*,#95,.T.);
#72=ORIENTED_EDGE('',*,*,#80,.F.);
#73=EDGE_CURVE('',#97,#97,#115,.T.);
#74=EDGE_CURVE('',#98,#98,#116,.T.);
#75=EDGE_CURVE('',#99,#99,#19,.T.);
#76=EDGE_CURVE('',#100,#100,#20,.T.);
#77=EDGE_CURVE('',#101,#102,#21,.T.);
#78=EDGE_CURVE('',#101,#102,#117,.T.);
#79=EDGE_CURVE('',#103,#103,#118,.T.);
#80=EDGE_CURVE('',#102,#101,#119,.T.);
#81=EDGE_CURVE('',#104,#104,#22,.T.);
#82=EDGE_CURVE('',#105,#105,#120,.T.);
#83=EDGE_CURVE('',#106,#107,#121,.T.);
#84=EDGE_CURVE('',#107,#106,#122,.T.);
#85=EDGE_CURVE('',#108,#108,#123,.T.);
#86=EDGE_CURVE('',#109,#110,#23,.T.);
#87=EDGE_CURVE('',#109,#110,#124,.T.);
#88=EDGE_CURVE('',#111,#111,#24,.T.);
#89=EDGE_CURVE('',#110,#109,#125,.T.);
#90=EDGE_CURVE('',#112,#112,#126,.T.);
#91=EDGE_CURVE('',#113,#114,#127,.T.);
#92=EDGE_CURVE('',#114,#113,#128,.T.);
#93=EDGE_CURVE('',#109,#113,#129,.F.);
#94=EDGE_CURVE('',#114,#110,#130,.F.);
#95=EDGE_CURVE('',#107,#101,#131,.F.);
#96=EDGE_CURVE('',#102,#106,#132,.F.);
#97=VERTEX_POINT('',#500);
#98=VERTEX_POINT('',#526);
#99=VERTEX_POINT('',#642);
#100=VERTEX_POINT('',#644);
#101=VERTEX_POINT('',#971);
#102=VERTEX_POINT('',#972);
#103=VERTEX_POINT('',#1016);
#104=VERTEX_POINT('',#1207);
#105=VERTEX_POINT('',#1467);
#106=VERTEX_POINT('',#1915);
#107=VERTEX_POINT('',#1916);
#108=VERTEX_POINT('',#3391);
#109=VERTEX_POINT('',#3564);
#110=VERTEX_POINT('',#3565);
#111=VERTEX_POINT('',#3583);
#112=VERTEX_POINT('',#3718);
#113=VERTEX_POINT('',#4981);
#114=VERTEX_POINT('',#4982);
#115=B_SPLINE_CURVE_WITH_KNOTS('',3,(#469,#470,#471,#472,#473,#474,#475,
#476,#477,#478,#479,#480,#481,#482,#483,#484,#485,#486,#487,#488,#489,#490,
#491,#492,#493,#494,#495,#496,#497,#498,#499),.UNSPECIFIED.,.T.,.F.,(1,
1,1,1,1,1,1,1,1,1,1,1,1,1,1,1,1,1,1,1,1,1,1,1,1,1,1,1,1,1,1,1,1,1,1),(-0.0625,
-0.03125,-0.015625,0.,0.015625,0.03125,0.0625,0.125,0.1875,0.21875,0.25,
0.28125,0.3125,0.375,0.4375,0.46875,0.484375,0.5,0.515625,0.53125,0.5625,
0.625,0.6875,0.71875,0.75,0.78125,0.8125,0.875,0.9375,0.96875,0.984375,
1.,1.015625,1.03125,1.0625),.UNSPECIFIED.);
#116=B_SPLINE_CURVE_WITH_KNOTS('',3,(#501,#502,#503,#504,#505,#506,#507,
#508,#509,#510,#511,#512,#513,#514,#515,#516,#517,#518,#519,#520,#521,#522,
#523,#524,#525),.UNSPECIFIED.,.T.,.F.,(1,1,1,1,1,1,1,1,1,1,1,1,1,1,1,1,
1,1,1,1,1,1,1,1,1,1,1,1,1),(-0.00875240039732723,-0.00583493359821816,-0.00291746679910908,
7.88305365973832E-18,0.0029174667991091,0.00583493359821818,0.0116698671964364,
0.0175048007946545,0.0233397343928727,0.0291746679910909,0.0350096015893091,
0.0408445351875272,0.0466794687857454,0.0525144023839636,0.0583493359821818,
0.0641842695803999,0.067101736379509,0.0700192031786181,0.0729366699777272,
0.0758541367768363,0.0787716035759454,0.0816890703750545,0.0846065371741636,
0.0875240039732726,0.0904414707723817,0.0933589375714908,0.0962764043705999,
0.099193871169709,0.105028804767927),.UNSPECIFIED.);
#117=B_SPLINE_CURVE_WITH_KNOTS('',3,(#973,#974,#975,#976,#977,#978,#979,
#980,#981,#982,#983,#984,#985,#986,#987,#988,#989,#990,#991,#992),
 .UNSPECIFIED.,.F.,.F.,(4,1,1,1,1,1,1,1,1,1,1,1,1,1,1,1,1,4),(-6.00000000061336E-8,
0.00415821717781803,0.00831649435563606,0.0124747715334541,0.0166330487112721,
0.0207913258890902,0.0249496030669082,0.0291078802447262,0.0332661574225442,
0.0374244346003623,0.0415827117781803,0.0457409889559983,0.0498992661338164,
0.0540575433116344,0.0561366819005434,0.0582158204894524,0.0623740976672705,
0.0665323748450885),.UNSPECIFIED.);
#118=B_SPLINE_CURVE_WITH_KNOTS('',3,(#993,#994,#995,#996,#997,#998,#999,
#1000,#1001,#1002,#1003,#1004,#1005,#1006,#1007,#1008,#1009,#1010,#1011,
#1012,#1013,#1014,#1015),.UNSPECIFIED.,.T.,.F.,(1,1,1,1,1,1,1,1,1,1,1,1,
1,1,1,1,1,1,1,1,1,1,1,1,1,1,1),(-0.125,-0.0625,-0.03125,0.,0.03125,0.0625,
0.125,0.1875,0.25,0.3125,0.375,0.4375,0.46875,0.5,0.53125,0.5625,0.625,
0.6875,0.75,0.8125,0.875,0.9375,0.96875,1.,1.03125,1.0625,1.125),
 .UNSPECIFIED.);
#119=B_SPLINE_CURVE_WITH_KNOTS('',3,(#1188,#1189,#1190,#1191,#1192,#1193,
#1194,#1195,#1196,#1197,#1198,#1199,#1200,#1201,#1202,#1203,#1204,#1205),
 .UNSPECIFIED.,.F.,.F.,(4,1,1,1,1,1,1,1,1,1,1,1,1,1,1,4),(-5.99798540233226E-8,
0.00725698353054039,0.0108855052857376,0.0145140270409348,0.018142548796132,
0.0217710705513292,0.0253995923065264,0.0290281140617236,0.0326566358169208,
0.0362851575721181,0.0399136793273153,0.0435422010825125,0.0471707228377097,
0.0507992445929069,0.0544277663481041,0.0580562881033013),.UNSPECIFIED.);
#120=B_SPLINE_CURVE_WITH_KNOTS('',3,(#1436,#1437,#1438,#1439,#1440,#1441,
#1442,#1443,#1444,#1445,#1446,#1447,#1448,#1449,#1450,#1451,#1452,#1453,
#1454,#1455,#1456,#1457,#1458,#1459,#1460,#1461,#1462,#1463,#1464,#1465,
#1466),.UNSPECIFIED.,.T.,.F.,(1,1,1,1,1,1,1,1,1,1,1,1,1,1,1,1,1,1,1,1,1,
1,1,1,1,1,1,1,1,1,1,1,1,1,1),(-0.0625,-0.03125,-0.015625,0.,0.015625,0.03125,
0.0625,0.125,0.1875,0.21875,0.25,0.28125,0.3125,0.375,0.4375,0.46875,0.484375,
0.5,0.515625,0.53125,0.5625,0.625,0.6875,0.71875,0.75,0.78125,0.8125,0.875,
0.9375,0.96875,0.984375,1.,1.015625,1.03125,1.0625),.UNSPECIFIED.);
#121=B_SPLINE_CURVE_WITH_KNOTS('',3,(#1897,#1898,#1899,#1900,#1901,#1902,
#1903,#1904,#1905,#1906,#1907,#1908,#1909,#1910,#1911,#1912,#1913,#1914),
 .UNSPECIFIED.,.F.,.F.,(4,1,1,1,1,1,1,1,1,1,1,1,1,1,1,4),(0.,0.00324344356066203,
0.00648688712132406,0.0129737742426481,0.0162172178033102,0.0194606613639722,
0.0227041049246342,0.0259475484852962,0.0291909920459583,0.0324344356066203,
0.0356778791672823,0.0389213227279444,0.0421647662886064,0.0454082098492684,
0.0486516534099305,0.0518950969705925),.UNSPECIFIED.);
#122=B_SPLINE_CURVE_WITH_KNOTS('',3,(#1917,#1918,#1919,#1920,#1921,#1922,
#1923,#1924,#1925,#1926,#1927,#1928),.UNSPECIFIED.,.F.,.F.,(4,1,1,1,1,1,
1,1,1,4),(0.,0.00264321098807862,0.00528642197615724,0.0105728439523145,
0.0158592659284717,0.021145687904629,0.0264321098807862,0.0317185318569434,
0.0370049538331007,0.0422913758092579),.UNSPECIFIED.);
#123=B_SPLINE_CURVE_WITH_KNOTS('',3,(#3372,#3373,#3374,#3375,#3376,#3377,
#3378,#3379,#3380,#3381,#3382,#3383,#3384,#3385,#3386,#3387,#3388,#3389,
#3390),.UNSPECIFIED.,.T.,.F.,(1,1,1,1,1,1,1,1,1,1,1,1,1,1,1,1,1,1,1,1,1,
1,1),(-0.1875,-0.125,-0.0625,0.,0.0625,0.125,0.1875,0.25,0.3125,0.375,0.4375,
0.5,0.5625,0.625,0.6875,0.75,0.8125,0.875,0.9375,1.,1.0625,1.125,1.1875),
 .UNSPECIFIED.);
#124=B_SPLINE_CURVE_WITH_KNOTS('',3,(#3566,#3567,#3568,#3569,#3570,#3571,
#3572,#3573,#3574,#3575,#3576,#3577,#3578,#3579,#3580,#3581),
 .UNSPECIFIED.,.F.,.F.,(4,1,1,1,1,1,1,1,1,1,1,1,1,4),(-5.99784697795989E-8,
0.00552222429946296,0.00828336643842932,0.0110445085773957,0.0138056507163621,
0.0165667928553284,0.0193279349942948,0.0220890771332612,0.0276113614111939,
0.0303725035501603,0.0331336456891266,0.035894787828093,0.0386559299670594,
0.0441782142449921),.UNSPECIFIED.);
#125=B_SPLINE_CURVE_WITH_KNOTS('',3,(#3679,#3680,#3681,#3682,#3683,#3684,
#3685,#3686,#3687,#3688,#3689,#3690,#3691,#3692,#3693,#3694,#3695,#3696,
#3697,#3698),.UNSPECIFIED.,.F.,.F.,(4,1,1,1,1,1,1,1,1,1,1,1,1,1,1,1,1,4),
(-6.00000000234711E-8,0.00445636054636933,0.00891278109273868,0.013369201639108,
0.0178256221854774,0.0222820427318467,0.0267384632782161,0.0311948838245854,
0.0334230940977701,0.0356513043709548,0.0378795146441395,0.0401077249173241,
0.0445641454636935,0.0490205660100628,0.0534769865564322,0.0579334071028016,
0.0623898276491709,0.0713026687419096),.UNSPECIFIED.);
#126=B_SPLINE_CURVE_WITH_KNOTS('',3,(#3699,#3700,#3701,#3702,#3703,#3704,
#3705,#3706,#3707,#3708,#3709,#3710,#3711,#3712,#3713,#3714,#3715,#3716,
#3717),.UNSPECIFIED.,.T.,.F.,(1,1,1,1,1,1,1,1,1,1,1,1,1,1,1,1,1,1,1,1,1,
1,1),(-0.1875,-0.125,-0.0625,0.,0.0625,0.125,0.1875,0.25,0.3125,0.375,0.4375,
0.5,0.5625,0.625,0.6875,0.75,0.8125,0.875,0.9375,1.,1.0625,1.125,1.1875),
 .UNSPECIFIED.);
#127=B_SPLINE_CURVE_WITH_KNOTS('',3,(#4961,#4962,#4963,#4964,#4965,#4966,
#4967,#4968,#4969,#4970,#4971,#4972,#4973,#4974,#4975,#4976,#4977,#4978,
#4979,#4980),.UNSPECIFIED.,.F.,.F.,(4,1,1,1,1,1,1,1,1,1,1,1,1,1,1,1,1,4),
(0.,0.00363844287705863,0.00727688575411726,0.0109153286311759,0.0145537715082345,
0.0181922143852932,0.0218306572623518,0.0254691001394104,0.0272883215779397,
0.029107543016469,0.0327459858935277,0.0363844287705863,0.0400228716476449,
0.0436613145247036,0.0472997574017622,0.0509382002788208,0.0545766431558795,
0.0582150860329381),.UNSPECIFIED.);
#128=B_SPLINE_CURVE_WITH_KNOTS('',3,(#4983,#4984,#4985,#4986,#4987,#4988,
#4989,#4990,#4991,#4992,#4993,#4994,#4995),.UNSPECIFIED.,.F.,.F.,(4,1,1,
1,1,1,1,1,1,1,4),(0.,0.00455752792300997,0.00683629188451496,0.00911505584601995,
0.0113938198075249,0.0136725837690299,0.0182301116920399,0.0227876396150499,
0.0273451675380598,0.0319026954610698,0.0364602233840798),.UNSPECIFIED.);
#129=B_SPLINE_CURVE_WITH_KNOTS('',3,(#5068,#5069,#5070,#5071,#5072),
 .UNSPECIFIED.,.F.,.F.,(4,1,4),(0.,0.5,1.),.UNSPECIFIED.);
#130=B_SPLINE_CURVE_WITH_KNOTS('',3,(#5073,#5074,#5075,#5076,#5077),
 .UNSPECIFIED.,.F.,.F.,(4,1,4),(0.,0.5,1.),.UNSPECIFIED.);
#131=B_SPLINE_CURVE_WITH_KNOTS('',3,(#5183,#5184,#5185,#5186,#5187,#5188,
#5189),.UNSPECIFIED.,.F.,.F.,(4,1,1,1,4),(0.,0.25,0.5,0.75,1.),
 .UNSPECIFIED.);
#132=B_SPLINE_CURVE_WITH_KNOTS('',3,(#5190,#5191,#5192,#5193,#5194,#5195,
#5196),.UNSPECIFIED.,.F.,.F.,(4,1,1,1,4),(0.,0.25,0.5,0.75,1.),
 .UNSPECIFIED.);
#133=EDGE_LOOP('',(#25));
#134=EDGE_LOOP('',(#26));
#135=EDGE_LOOP('',(#27));
#136=EDGE_LOOP('',(#28));
#137=EDGE_LOOP('',(#29));
#138=EDGE_LOOP('',(#30));
#139=EDGE_LOOP('',(#31));
#140=EDGE_LOOP('',(#32));
#141=EDGE_LOOP('',(#33,#34));
#142=EDGE_LOOP('',(#35));
#143=EDGE_LOOP('',(#36,#37));
#144=EDGE_LOOP('',(#38));
#145=EDGE_LOOP('',(#39));
#146=EDGE_LOOP('',(#40));
#147=EDGE_LOOP('',(#41,#42));
#148=EDGE_LOOP('',(#43));
#149=EDGE_LOOP('',(#44));
#150=EDGE_LOOP('',(#45));
#151=EDGE_LOOP('',(#46,#47));
#152=EDGE_LOOP('',(#48));
#153=EDGE_LOOP('',(#49,#50));
#154=EDGE_LOOP('',(#51));
#155=EDGE_LOOP('',(#52));
#156=EDGE_LOOP('',(#53));
#157=EDGE_LOOP('',(#54,#55));
#158=EDGE_LOOP('',(#56));
#159=EDGE_LOOP('',(#57,#58,#59,#60));
#160=EDGE_LOOP('',(#61,#62,#63,#64));
#161=EDGE_LOOP('',(#65,#66,#67,#68));
#162=EDGE_LOOP('',(#69,#70,#71,#72));
#163=FACE_BOUND('',#133,.T.);
#164=FACE_BOUND('',#134,.T.);
#165=FACE_BOUND('',#135,.T.);
#166=FACE_BOUND('',#136,.T.);
#167=FACE_BOUND('',#137,.T.);
#168=FACE_BOUND('',#138,.T.);
#169=FACE_BOUND('',#139,.T.);
#170=FACE_BOUND('',#140,.T.);
#171=FACE_BOUND('',#141,.T.);
#172=FACE_BOUND('',#142,.T.);
#173=FACE_BOUND('',#143,.T.);
#174=FACE_BOUND('',#144,.T.);
#175=FACE_BOUND('',#145,.T.);
#176=FACE_BOUND('',#146,.T.);
#177=FACE_BOUND('',#147,.T.);
#178=FACE_BOUND('',#148,.T.);
#179=FACE_BOUND('',#149,.T.);
#180=FACE_BOUND('',#150,.T.);
#181=FACE_BOUND('',#151,.T.);
#182=FACE_BOUND('',#152,.T.);
#183=FACE_BOUND('',#153,.T.);
#184=FACE_BOUND('',#154,.T.);
#185=FACE_BOUND('',#155,.T.);
#186=FACE_BOUND('',#156,.T.);
#187=FACE_BOUND('',#157,.T.);
#188=FACE_BOUND('',#158,.T.);
#189=FACE_BOUND('',#159,.T.);
#190=FACE_BOUND('',#160,.T.);
#191=FACE_BOUND('',#161,.T.);
#192=FACE_BOUND('',#162,.T.);
#193=B_SPLINE_SURFACE_WITH_KNOTS('',3,3,((#274,#275,#276,#277,#278),(#279,
#280,#281,#282,#283),(#284,#285,#286,#287,#288),(#289,#290,#291,#292,#293),
(#294,#295,#296,#297,#298),(#299,#300,#301,#302,#303),(#304,#305,#306,#307,
#308),(#309,#310,#311,#312,#313),(#314,#315,#316,#317,#318),(#319,#320,
#321,#322,#323),(#324,#325,#326,#327,#328),(#329,#330,#331,#332,#333),(#334,
#335,#336,#337,#338),(#339,#340,#341,#342,#343),(#344,#345,#346,#347,#348),
(#349,#350,#351,#352,#353),(#354,#355,#356,#357,#358),(#359,#360,#361,#362,
#363),(#364,#365,#366,#367,#368),(#369,#370,#371,#372,#373),(#374,#375,
#376,#377,#378),(#379,#380,#381,#382,#383),(#384,#385,#386,#387,#388),(#389,
#390,#391,#392,#393),(#394,#395,#396,#397,#398),(#399,#400,#401,#402,#403),
(#404,#405,#406,#407,#408),(#409,#410,#411,#412,#413),(#414,#415,#416,#417,
#418),(#419,#420,#421,#422,#423),(#424,#425,#426,#427,#428),(#429,#430,
#431,#432,#433),(#434,#435,#436,#437,#438),(#439,#440,#441,#442,#443),(#444,
#445,#446,#447,#448),(#449,#450,#451,#452,#453),(#454,#455,#456,#457,#458),
(#459,#460,#461,#462,#463),(#464,#465,#466,#467,#468)),.UNSPECIFIED.,.T.,
 .F.,.F.,(1,1,1,1,1,1,1,1,1,1,1,1,1,1,1,1,1,1,1,1,1,1,1,1,1,1,1,1,1,1,1,
1,1,1,1,1,1,1,1,1,1,1,1),(4,1,4),(-0.0625,-0.03125,-0.015625,0.,0.015625,
0.03125,0.0625,0.09375,0.125,0.15625,0.1875,0.21875,0.25,0.28125,0.3125,
0.34375,0.375,0.40625,0.4375,0.46875,0.484375,0.5,0.515625,0.53125,0.5625,
0.59375,0.625,0.65625,0.6875,0.71875,0.75,0.78125,0.8125,0.84375,0.875,
0.90625,0.9375,0.96875,0.984375,1.,1.015625,1.03125,1.0625),(0.889159497580332,
0.944579748789574,0.999999999998815),.UNSPECIFIED.);
#194=B_SPLINE_SURFACE_WITH_KNOTS('',3,3,((#527,#528,#529,#530,#531,#532,
#533,#534,#535,#536,#537,#538,#539,#540,#541,#542,#543,#544,#545),(#546,
#547,#548,#549,#550,#551,#552,#553,#554,#555,#556,#557,#558,#559,#560,#561,
#562,#563,#564),(#565,#566,#567,#568,#569,#570,#571,#572,#573,#574,#575,
#576,#577,#578,#579,#580,#581,#582,#583),(#584,#585,#586,#587,#588,#589,
#590,#591,#592,#593,#594,#595,#596,#597,#598,#599,#600,#601,#602),(#603,
#604,#605,#606,#607,#608,#609,#610,#611,#612,#613,#614,#615,#616,#617,#618,
#619,#620,#621),(#622,#623,#624,#625,#626,#627,#628,#629,#630,#631,#632,
#633,#634,#635,#636,#637,#638,#639,#640)),.UNSPECIFIED.,.F.,.T.,.F.,(4,
1,1,4),(1,1,1,1,1,1,1,1,1,1,1,1,1,1,1,1,1,1,1,1,1,1,1),(-1.05678982876114E-16,
0.174172232604296,0.298580970178794,0.597161940357588),(-1.17809724509617,
-0.785398163397448,-0.392699081698725,0.,0.392699081698724,0.785398163397448,
1.17809724509617,1.5707963267949,1.96349540849362,2.35619449019234,2.74889357189107,
3.14159265358979,3.53429173528852,3.92699081698724,4.31968989868597,4.71238898038469,
5.10508806208341,5.49778714378214,5.89048622548086,6.28318530717959,6.67588438887831,
7.06858347057703,7.46128255227576),.UNSPECIFIED.);
#195=B_SPLINE_SURFACE_WITH_KNOTS('',3,3,((#645,#646,#647,#648,#649,#650,
#651,#652,#653,#654,#655,#656),(#657,#658,#659,#660,#661,#662,#663,#664,
#665,#666,#667,#668),(#669,#670,#671,#672,#673,#674,#675,#676,#677,#678,
#679,#680),(#681,#682,#683,#684,#685,#686,#687,#688,#689,#690,#691,#692),
(#693,#694,#695,#696,#697,#698,#699,#700,#701,#702,#703,#704),(#705,#706,
#707,#708,#709,#710,#711,#712,#713,#714,#715,#716),(#717,#718,#719,#720,
#721,#722,#723,#724,#725,#726,#727,#728),(#729,#730,#731,#732,#733,#734,
#735,#736,#737,#738,#739,#740),(#741,#742,#743,#744,#745,#746,#747,#748,
#749,#750,#751,#752),(#753,#754,#755,#756,#757,#758,#759,#760,#761,#762,
#763,#764),(#765,#766,#767,#768,#769,#770,#771,#772,#773,#774,#775,#776),
(#777,#778,#779,#780,#781,#782,#783,#784,#785,#786,#787,#788),(#789,#790,
#791,#792,#793,#794,#795,#796,#797,#798,#799,#800),(#801,#802,#803,#804,
#805,#806,#807,#808,#809,#810,#811,#812),(#813,#814,#815,#816,#817,#818,
#819,#820,#821,#822,#823,#824),(#825,#826,#827,#828,#829,#830,#831,#832,
#833,#834,#835,#836),(#837,#838,#839,#840,#841,#842,#843,#844,#845,#846,
#847,#848),(#849,#850,#851,#852,#853,#854,#855,#856,#857,#858,#859,#860),
(#861,#862,#863,#864,#865,#866,#867,#868,#869,#870,#871,#872)),
 .UNSPECIFIED.,.T.,.F.,.F.,(1,1,1,1,1,1,1,1,1,1,1,1,1,1,1,1,1,1,1,1,1,1,
1),(4,1,1,1,1,1,1,1,1,4),(-0.1875,-0.125,-0.0625,0.,0.0625,0.125,0.1875,
0.25,0.3125,0.375,0.4375,0.5,0.5625,0.625,0.6875,0.75,0.8125,0.875,0.9375,
1.,1.0625,1.125,1.1875),(3.66778281241866E-12,0.145833333336466,0.250000000002751,
0.375000000002292,0.500000000001834,0.625000000001375,0.72916666666766,
0.812500000000688,0.875000000000458,1.),.UNSPECIFIED.);
#196=B_SPLINE_SURFACE_WITH_KNOTS('',3,3,((#875,#876,#877,#878,#879),(#880,
#881,#882,#883,#884),(#885,#886,#887,#888,#889),(#890,#891,#892,#893,#894),
(#895,#896,#897,#898,#899),(#900,#901,#902,#903,#904),(#905,#906,#907,#908,
#909),(#910,#911,#912,#913,#914),(#915,#916,#917,#918,#919),(#920,#921,
#922,#923,#924),(#925,#926,#927,#928,#929),(#930,#931,#932,#933,#934),(#935,
#936,#937,#938,#939),(#940,#941,#942,#943,#944),(#945,#946,#947,#948,#949),
(#950,#951,#952,#953,#954),(#955,#956,#957,#958,#959),(#960,#961,#962,#963,
#964),(#965,#966,#967,#968,#969)),.UNSPECIFIED.,.T.,.F.,.F.,(1,1,1,1,1,
1,1,1,1,1,1,1,1,1,1,1,1,1,1,1,1,1,1),(4,1,4),(-0.1875,-0.125,-0.0625,0.,
0.0625,0.125,0.1875,0.25,0.3125,0.375,0.4375,0.5,0.5625,0.625,0.6875,0.75,
0.8125,0.875,0.9375,1.,1.0625,1.125,1.1875),(-2.30607092308264E-14,0.499999999999988,
1.),.UNSPECIFIED.);
#197=B_SPLINE_SURFACE_WITH_KNOTS('',3,3,((#1017,#1018,#1019,#1020,#1021,
#1022,#1023,#1024,#1025,#1026,#1027,#1028,#1029,#1030,#1031,#1032,#1033,
#1034,#1035),(#1036,#1037,#1038,#1039,#1040,#1041,#1042,#1043,#1044,#1045,
#1046,#1047,#1048,#1049,#1050,#1051,#1052,#1053,#1054),(#1055,#1056,#1057,
#1058,#1059,#1060,#1061,#1062,#1063,#1064,#1065,#1066,#1067,#1068,#1069,
#1070,#1071,#1072,#1073),(#1074,#1075,#1076,#1077,#1078,#1079,#1080,#1081,
#1082,#1083,#1084,#1085,#1086,#1087,#1088,#1089,#1090,#1091,#1092),(#1093,
#1094,#1095,#1096,#1097,#1098,#1099,#1100,#1101,#1102,#1103,#1104,#1105,
#1106,#1107,#1108,#1109,#1110,#1111),(#1112,#1113,#1114,#1115,#1116,#1117,
#1118,#1119,#1120,#1121,#1122,#1123,#1124,#1125,#1126,#1127,#1128,#1129,
#1130),(#1131,#1132,#1133,#1134,#1135,#1136,#1137,#1138,#1139,#1140,#1141,
#1142,#1143,#1144,#1145,#1146,#1147,#1148,#1149),(#1150,#1151,#1152,#1153,
#1154,#1155,#1156,#1157,#1158,#1159,#1160,#1161,#1162,#1163,#1164,#1165,
#1166,#1167,#1168),(#1169,#1170,#1171,#1172,#1173,#1174,#1175,#1176,#1177,
#1178,#1179,#1180,#1181,#1182,#1183,#1184,#1185,#1186,#1187)),
 .UNSPECIFIED.,.F.,.T.,.F.,(4,1,1,1,1,1,4),(1,1,1,1,1,1,1,1,1,1,1,1,1,1,
1,1,1,1,1,1,1,1,1),(-1.05678982876114E-16,0.145833333333333,0.25,0.375,
0.541666666666667,0.708333333333333,1.),(-1.17809724509617,-0.785398163397448,
-0.392699081698725,0.,0.392699081698724,0.785398163397448,1.17809724509617,
1.5707963267949,1.96349540849362,2.35619449019234,2.74889357189107,3.14159265358979,
3.53429173528852,3.92699081698724,4.31968989868597,4.71238898038469,5.10508806208341,
5.49778714378214,5.89048622548086,6.28318530717959,6.67588438887831,7.06858347057703,
7.46128255227576),.UNSPECIFIED.);
#198=B_SPLINE_SURFACE_WITH_KNOTS('',3,3,((#1208,#1209,#1210,#1211,#1212,
#1213,#1214,#1215,#1216,#1217,#1218,#1219),(#1220,#1221,#1222,#1223,#1224,
#1225,#1226,#1227,#1228,#1229,#1230,#1231),(#1232,#1233,#1234,#1235,#1236,
#1237,#1238,#1239,#1240,#1241,#1242,#1243),(#1244,#1245,#1246,#1247,#1248,
#1249,#1250,#1251,#1252,#1253,#1254,#1255),(#1256,#1257,#1258,#1259,#1260,
#1261,#1262,#1263,#1264,#1265,#1266,#1267),(#1268,#1269,#1270,#1271,#1272,
#1273,#1274,#1275,#1276,#1277,#1278,#1279),(#1280,#1281,#1282,#1283,#1284,
#1285,#1286,#1287,#1288,#1289,#1290,#1291),(#1292,#1293,#1294,#1295,#1296,
#1297,#1298,#1299,#1300,#1301,#1302,#1303),(#1304,#1305,#1306,#1307,#1308,
#1309,#1310,#1311,#1312,#1313,#1314,#1315),(#1316,#1317,#1318,#1319,#1320,
#1321,#1322,#1323,#1324,#1325,#1326,#1327),(#1328,#1329,#1330,#1331,#1332,
#1333,#1334,#1335,#1336,#1337,#1338,#1339),(#1340,#1341,#1342,#1343,#1344,
#1345,#1346,#1347,#1348,#1349,#1350,#1351),(#1352,#1353,#1354,#1355,#1356,
#1357,#1358,#1359,#1360,#1361,#1362,#1363),(#1364,#1365,#1366,#1367,#1368,
#1369,#1370,#1371,#1372,#1373,#1374,#1375),(#1376,#1377,#1378,#1379,#1380,
#1381,#1382,#1383,#1384,#1385,#1386,#1387),(#1388,#1389,#1390,#1391,#1392,
#1393,#1394,#1395,#1396,#1397,#1398,#1399),(#1400,#1401,#1402,#1403,#1404,
#1405,#1406,#1407,#1408,#1409,#1410,#1411),(#1412,#1413,#1414,#1415,#1416,
#1417,#1418,#1419,#1420,#1421,#1422,#1423),(#1424,#1425,#1426,#1427,#1428,
#1429,#1430,#1431,#1432,#1433,#1434,#1435)),.UNSPECIFIED.,.T.,.F.,.F.,(1,
1,1,1,1,1,1,1,1,1,1,1,1,1,1,1,1,1,1,1,1,1,1),(4,1,1,1,1,1,1,1,1,4),(-0.1875,
-0.125,-0.0625,0.,0.0625,0.125,0.1875,0.25,0.3125,0.375,0.4375,0.5,0.5625,
0.625,0.6875,0.75,0.8125,0.875,0.9375,1.,1.0625,1.125,1.1875),(3.66778281241866E-12,
0.145833333336466,0.250000000002751,0.375000000002292,0.500000000001834,
0.625000000001375,0.72916666666766,0.812500000000688,0.875000000000458,
1.),.UNSPECIFIED.);
#199=B_SPLINE_SURFACE_WITH_KNOTS('',3,3,((#1468,#1469,#1470,#1471,#1472,
#1473,#1474,#1475,#1476,#1477,#1478),(#1479,#1480,#1481,#1482,#1483,#1484,
#1485,#1486,#1487,#1488,#1489),(#1490,#1491,#1492,#1493,#1494,#1495,#1496,
#1497,#1498,#1499,#1500),(#1501,#1502,#1503,#1504,#1505,#1506,#1507,#1508,
#1509,#1510,#1511),(#1512,#1513,#1514,#1515,#1516,#1517,#1518,#1519,#1520,
#1521,#1522),(#1523,#1524,#1525,#1526,#1527,#1528,#1529,#1530,#1531,#1532,
#1533),(#1534,#1535,#1536,#1537,#1538,#1539,#1540,#1541,#1542,#1543,#1544),
(#1545,#1546,#1547,#1548,#1549,#1550,#1551,#1552,#1553,#1554,#1555),(#1556,
#1557,#1558,#1559,#1560,#1561,#1562,#1563,#1564,#1565,#1566),(#1567,#1568,
#1569,#1570,#1571,#1572,#1573,#1574,#1575,#1576,#1577),(#1578,#1579,#1580,
#1581,#1582,#1583,#1584,#1585,#1586,#1587,#1588),(#1589,#1590,#1591,#1592,
#1593,#1594,#1595,#1596,#1597,#1598,#1599),(#1600,#1601,#1602,#1603,#1604,
#1605,#1606,#1607,#1608,#1609,#1610),(#1611,#1612,#1613,#1614,#1615,#1616,
#1617,#1618,#1619,#1620,#1621),(#1622,#1623,#1624,#1625,#1626,#1627,#1628,
#1629,#1630,#1631,#1632),(#1633,#1634,#1635,#1636,#1637,#1638,#1639,#1640,
#1641,#1642,#1643),(#1644,#1645,#1646,#1647,#1648,#1649,#1650,#1651,#1652,
#1653,#1654),(#1655,#1656,#1657,#1658,#1659,#1660,#1661,#1662,#1663,#1664,
#1665),(#1666,#1667,#1668,#1669,#1670,#1671,#1672,#1673,#1674,#1675,#1676),
(#1677,#1678,#1679,#1680,#1681,#1682,#1683,#1684,#1685,#1686,#1687),(#1688,
#1689,#1690,#1691,#1692,#1693,#1694,#1695,#1696,#1697,#1698),(#1699,#1700,
#1701,#1702,#1703,#1704,#1705,#1706,#1707,#1708,#1709),(#1710,#1711,#1712,
#1713,#1714,#1715,#1716,#1717,#1718,#1719,#1720),(#1721,#1722,#1723,#1724,
#1725,#1726,#1727,#1728,#1729,#1730,#1731),(#1732,#1733,#1734,#1735,#1736,
#1737,#1738,#1739,#1740,#1741,#1742),(#1743,#1744,#1745,#1746,#1747,#1748,
#1749,#1750,#1751,#1752,#1753),(#1754,#1755,#1756,#1757,#1758,#1759,#1760,
#1761,#1762,#1763,#1764),(#1765,#1766,#1767,#1768,#1769,#1770,#1771,#1772,
#1773,#1774,#1775),(#1776,#1777,#1778,#1779,#1780,#1781,#1782,#1783,#1784,
#1785,#1786),(#1787,#1788,#1789,#1790,#1791,#1792,#1793,#1794,#1795,#1796,
#1797),(#1798,#1799,#1800,#1801,#1802,#1803,#1804,#1805,#1806,#1807,#1808),
(#1809,#1810,#1811,#1812,#1813,#1814,#1815,#1816,#1817,#1818,#1819),(#1820,
#1821,#1822,#1823,#1824,#1825,#1826,#1827,#1828,#1829,#1830),(#1831,#1832,
#1833,#1834,#1835,#1836,#1837,#1838,#1839,#1840,#1841),(#1842,#1843,#1844,
#1845,#1846,#1847,#1848,#1849,#1850,#1851,#1852),(#1853,#1854,#1855,#1856,
#1857,#1858,#1859,#1860,#1861,#1862,#1863),(#1864,#1865,#1866,#1867,#1868,
#1869,#1870,#1871,#1872,#1873,#1874),(#1875,#1876,#1877,#1878,#1879,#1880,
#1881,#1882,#1883,#1884,#1885),(#1886,#1887,#1888,#1889,#1890,#1891,#1892,
#1893,#1894,#1895,#1896)),.UNSPECIFIED.,.T.,.F.,.F.,(1,1,1,1,1,1,1,1,1,
1,1,1,1,1,1,1,1,1,1,1,1,1,1,1,1,1,1,1,1,1,1,1,1,1,1,1,1,1,1,1,1,1,1),(4,
1,1,1,1,1,1,1,4),(-0.0625,-0.03125,-0.015625,0.,0.015625,0.03125,0.0625,
0.09375,0.125,0.15625,0.1875,0.21875,0.25,0.28125,0.3125,0.34375,0.375,
0.40625,0.4375,0.46875,0.484375,0.5,0.515625,0.53125,0.5625,0.59375,0.625,
0.65625,0.6875,0.71875,0.75,0.78125,0.8125,0.84375,0.875,0.90625,0.9375,
0.96875,0.984375,1.,1.015625,1.03125,1.0625),(0.728951228299936,0.796713421224656,
0.830594517687016,0.864475614149376,0.898356710611735,0.926590957663702,
0.949178355305275,0.966118903536455,0.999999999998815),.UNSPECIFIED.);
#200=B_SPLINE_SURFACE_WITH_KNOTS('',3,3,((#1929,#1930,#1931,#1932,#1933,
#1934,#1935,#1936,#1937,#1938,#1939,#1940,#1941,#1942,#1943,#1944,#1945,
#1946,#1947,#1948,#1949,#1950,#1951,#1952,#1953,#1954,#1955,#1956,#1957,
#1958,#1959,#1960,#1961,#1962,#1963,#1964,#1965),(#1966,#1967,#1968,#1969,
#1970,#1971,#1972,#1973,#1974,#1975,#1976,#1977,#1978,#1979,#1980,#1981,
#1982,#1983,#1984,#1985,#1986,#1987,#1988,#1989,#1990,#1991,#1992,#1993,
#1994,#1995,#1996,#1997,#1998,#1999,#2000,#2001,#2002),(#2003,#2004,#2005,
#2006,#2007,#2008,#2009,#2010,#2011,#2012,#2013,#2014,#2015,#2016,#2017,
#2018,#2019,#2020,#2021,#2022,#2023,#2024,#2025,#2026,#2027,#2028,#2029,
#2030,#2031,#2032,#2033,#2034,#2035,#2036,#2037,#2038,#2039),(#2040,#2041,
#2042,#2043,#2044,#2045,#2046,#2047,#2048,#2049,#2050,#2051,#2052,#2053,
#2054,#2055,#2056,#2057,#2058,#2059,#2060,#2061,#2062,#2063,#2064,#2065,
#2066,#2067,#2068,#2069,#2070,#2071,#2072,#2073,#2074,#2075,#2076),(#2077,
#2078,#2079,#2080,#2081,#2082,#2083,#2084,#2085,#2086,#2087,#2088,#2089,
#2090,#2091,#2092,#2093,#2094,#2095,#2096,#2097,#2098,#2099,#2100,#2101,
#2102,#2103,#2104,#2105,#2106,#2107,#2108,#2109,#2110,#2111,#2112,#2113),
(#2114,#2115,#2116,#2117,#2118,#2119,#2120,#2121,#2122,#2123,#2124,#2125,
#2126,#2127,#2128,#2129,#2130,#2131,#2132,#2133,#2134,#2135,#2136,#2137,
#2138,#2139,#2140,#2141,#2142,#2143,#2144,#2145,#2146,#2147,#2148,#2149,
#2150),(#2151,#2152,#2153,#2154,#2155,#2156,#2157,#2158,#2159,#2160,#2161,
#2162,#2163,#2164,#2165,#2166,#2167,#2168,#2169,#2170,#2171,#2172,#2173,
#2174,#2175,#2176,#2177,#2178,#2179,#2180,#2181,#2182,#2183,#2184,#2185,
#2186,#2187),(#2188,#2189,#2190,#2191,#2192,#2193,#2194,#2195,#2196,#2197,
#2198,#2199,#2200,#2201,#2202,#2203,#2204,#2205,#2206,#2207,#2208,#2209,
#2210,#2211,#2212,#2213,#2214,#2215,#2216,#2217,#2218,#2219,#2220,#2221,
#2222,#2223,#2224),(#2225,#2226,#2227,#2228,#2229,#2230,#2231,#2232,#2233,
#2234,#2235,#2236,#2237,#2238,#2239,#2240,#2241,#2242,#2243,#2244,#2245,
#2246,#2247,#2248,#2249,#2250,#2251,#2252,#2253,#2254,#2255,#2256,#2257,
#2258,#2259,#2260,#2261),(#2262,#2263,#2264,#2265,#2266,#2267,#2268,#2269,
#2270,#2271,#2272,#2273,#2274,#2275,#2276,#2277,#2278,#2279,#2280,#2281,
#2282,#2283,#2284,#2285,#2286,#2287,#2288,#2289,#2290,#2291,#2292,#2293,
#2294,#2295,#2296,#2297,#2298),(#2299,#2300,#2301,#2302,#2303,#2304,#2305,
#2306,#2307,#2308,#2309,#2310,#2311,#2312,#2313,#2314,#2315,#2316,#2317,
#2318,#2319,#2320,#2321,#2322,#2323,#2324,#2325,#2326,#2327,#2328,#2329,
#2330,#2331,#2332,#2333,#2334,#2335),(#2336,#2337,#2338,#2339,#2340,#2341,
#2342,#2343,#2344,#2345,#2346,#2347,#2348,#2349,#2350,#2351,#2352,#2353,
#2354,#2355,#2356,#2357,#2358,#2359,#2360,#2361,#2362,#2363,#2364,#2365,
#2366,#2367,#2368,#2369,#2370,#2371,#2372),(#2373,#2374,#2375,#2376,#2377,
#2378,#2379,#2380,#2381,#2382,#2383,#2384,#2385,#2386,#2387,#2388,#2389,
#2390,#2391,#2392,#2393,#2394,#2395,#2396,#2397,#2398,#2399,#2400,#2401,
#2402,#2403,#2404,#2405,#2406,#2407,#2408,#2409),(#2410,#2411,#2412,#2413,
#2414,#2415,#2416,#2417,#2418,#2419,#2420,#2421,#2422,#2423,#2424,#2425,
#2426,#2427,#2428,#2429,#2430,#2431,#2432,#2433,#2434,#2435,#2436,#2437,
#2438,#2439,#2440,#2441,#2442,#2443,#2444,#2445,#2446),(#2447,#2448,#2449,
#2450,#2451,#2452,#2453,#2454,#2455,#2456,#2457,#2458,#2459,#2460,#2461,
#2462,#2463,#2464,#2465,#2466,#2467,#2468,#2469,#2470,#2471,#2472,#2473,
#2474,#2475,#2476,#2477,#2478,#2479,#2480,#2481,#2482,#2483),(#2484,#2485,
#2486,#2487,#2488,#2489,#2490,#2491,#2492,#2493,#2494,#2495,#2496,#2497,
#2498,#2499,#2500,#2501,#2502,#2503,#2504,#2505,#2506,#2507,#2508,#2509,
#2510,#2511,#2512,#2513,#2514,#2515,#2516,#2517,#2518,#2519,#2520),(#2521,
#2522,#2523,#2524,#2525,#2526,#2527,#2528,#2529,#2530,#2531,#2532,#2533,
#2534,#2535,#2536,#2537,#2538,#2539,#2540,#2541,#2542,#2543,#2544,#2545,
#2546,#2547,#2548,#2549,#2550,#2551,#2552,#2553,#2554,#2555,#2556,#2557),
(#2558,#2559,#2560,#2561,#2562,#2563,#2564,#2565,#2566,#2567,#2568,#2569,
#2570,#2571,#2572,#2573,#2574,#2575,#2576,#2577,#2578,#2579,#2580,#2581,
#2582,#2583,#2584,#2585,#2586,#2587,#2588,#2589,#2590,#2591,#2592,#2593,
#2594),(#2595,#2596,#2597,#2598,#2599,#2600,#2601,#2602,#2603,#2604,#2605,
#2606,#2607,#2608,#2609,#2610,#2611,#2612,#2613,#2614,#2615,#2616,#2617,
#2618,#2619,#2620,#2621,#2622,#2623,#2624,#2625,#2626,#2627,#2628,#2629,
#2630,#2631),(#2632,#2633,#2634,#2635,#2636,#2637,#2638,#2639,#2640,#2641,
#2642,#2643,#2644,#2645,#2646,#2647,#2648,#2649,#2650,#2651,#2652,#2653,
#2654,#2655,#2656,#2657,#2658,#2659,#2660,#2661,#2662,#2663,#2664,#2665,
#2666,#2667,#2668),(#2669,#2670,#2671,#2672,#2673,#2674,#2675,#2676,#2677,
#2678,#2679,#2680,#2681,#2682,#2683,#2684,#2685,#2686,#2687,#2688,#2689,
#2690,#2691,#2692,#2693,#2694,#2695,#2696,#2697,#2698,#2699,#2700,#2701,
#2702,#2703,#2704,#2705),(#2706,#2707,#2708,#2709,#2710,#2711,#2712,#2713,
#2714,#2715,#2716,#2717,#2718,#2719,#2720,#2721,#2722,#2723,#2724,#2725,
#2726,#2727,#2728,#2729,#2730,#2731,#2732,#2733,#2734,#2735,#2736,#2737,
#2738,#2739,#2740,#2741,#2742),(#2743,#2744,#2745,#2746,#2747,#2748,#2749,
#2750,#2751,#2752,#2753,#2754,#2755,#2756,#2757,#2758,#2759,#2760,#2761,
#2762,#2763,#2764,#2765,#2766,#2767,#2768,#2769,#2770,#2771,#2772,#2773,
#2774,#2775,#2776,#2777,#2778,#2779),(#2780,#2781,#2782,#2783,#2784,#2785,
#2786,#2787,#2788,#2789,#2790,#2791,#2792,#2793,#2794,#2795,#2796,#2797,
#2798,#2799,#2800,#2801,#2802,#2803,#2804,#2805,#2806,#2807,#2808,#2809,
#2810,#2811,#2812,#2813,#2814,#2815,#2816),(#2817,#2818,#2819,#2820,#2821,
#2822,#2823,#2824,#2825,#2826,#2827,#2828,#2829,#2830,#2831,#2832,#2833,
#2834,#2835,#2836,#2837,#2838,#2839,#2840,#2841,#2842,#2843,#2844,#2845,
#2846,#2847,#2848,#2849,#2850,#2851,#2852,#2853),(#2854,#2855,#2856,#2857,
#2858,#2859,#2860,#2861,#2862,#2863,#2864,#2865,#2866,#2867,#2868,#2869,
#2870,#2871,#2872,#2873,#2874,#2875,#2876,#2877,#2878,#2879,#2880,#2881,
#2882,#2883,#2884,#2885,#2886,#2887,#2888,#2889,#2890),(#2891,#2892,#2893,
#2894,#2895,#2896,#2897,#2898,#2899,#2900,#2901,#2902,#2903,#2904,#2905,
#2906,#2907,#2908,#2909,#2910,#2911,#2912,#2913,#2914,#2915,#2916,#2917,
#2918,#2919,#2920,#2921,#2922,#2923,#2924,#2925,#2926,#2927),(#2928,#2929,
#2930,#2931,#2932,#2933,#2934,#2935,#2936,#2937,#2938,#2939,#2940,#2941,
#2942,#2943,#2944,#2945,#2946,#2947,#2948,#2949,#2950,#2951,#2952,#2953,
#2954,#2955,#2956,#2957,#2958,#2959,#2960,#2961,#2962,#2963,#2964),(#2965,
#2966,#2967,#2968,#2969,#2970,#2971,#2972,#2973,#2974,#2975,#2976,#2977,
#2978,#2979,#2980,#2981,#2982,#2983,#2984,#2985,#2986,#2987,#2988,#2989,
#2990,#2991,#2992,#2993,#2994,#2995,#2996,#2997,#2998,#2999,#3000,#3001),
(#3002,#3003,#3004,#3005,#3006,#3007,#3008,#3009,#3010,#3011,#3012,#3013,
#3014,#3015,#3016,#3017,#3018,#3019,#3020,#3021,#3022,#3023,#3024,#3025,
#3026,#3027,#3028,#3029,#3030,#3031,#3032,#3033,#3034,#3035,#3036,#3037,
#3038),(#3039,#3040,#3041,#3042,#3043,#3044,#3045,#3046,#3047,#3048,#3049,
#3050,#3051,#3052,#3053,#3054,#3055,#3056,#3057,#3058,#3059,#3060,#3061,
#3062,#3063,#3064,#3065,#3066,#3067,#3068,#3069,#3070,#3071,#3072,#3073,
#3074,#3075),(#3076,#3077,#3078,#3079,#3080,#3081,#3082,#3083,#3084,#3085,
#3086,#3087,#3088,#3089,#3090,#3091,#3092,#3093,#3094,#3095,#3096,#3097,
#3098,#3099,#3100,#3101,#3102,#3103,#3104,#3105,#3106,#3107,#3108,#3109,
#3110,#3111,#3112),(#3113,#3114,#3115,#3116,#3117,#3118,#3119,#3120,#3121,
#3122,#3123,#3124,#3125,#3126,#3127,#3128,#3129,#3130,#3131,#3132,#3133,
#3134,#3135,#3136,#3137,#3138,#3139,#3140,#3141,#3142,#3143,#3144,#3145,
#3146,#3147,#3148,#3149),(#3150,#3151,#3152,#3153,#3154,#3155,#3156,#3157,
#3158,#3159,#3160,#3161,#3162,#3163,#3164,#3165,#3166,#3167,#3168,#3169,
#3170,#3171,#3172,#3173,#3174,#3175,#3176,#3177,#3178,#3179,#3180,#3181,
#3182,#3183,#3184,#3185,#3186),(#3187,#3188,#3189,#3190,#3191,#3192,#3193,
#3194,#3195,#3196,#3197,#3198,#3199,#3200,#3201,#3202,#3203,#3204,#3205,
#3206,#3207,#3208,#3209,#3210,#3211,#3212,#3213,#3214,#3215,#3216,#3217,
#3218,#3219,#3220,#3221,#3222,#3223),(#3224,#3225,#3226,#3227,#3228,#3229,
#3230,#3231,#3232,#3233,#3234,#3235,#3236,#3237,#3238,#3239,#3240,#3241,
#3242,#3243,#3244,#3245,#3246,#3247,#3248,#3249,#3250,#3251,#3252,#3253,
#3254,#3255,#3256,#3257,#3258,#3259,#3260),(#3261,#3262,#3263,#3264,#3265,
#3266,#3267,#3268,#3269,#3270,#3271,#3272,#3273,#3274,#3275,#3276,#3277,
#3278,#3279,#3280,#3281,#3282,#3283,#3284,#3285,#3286,#3287,#3288,#3289,
#3290,#3291,#3292,#3293,#3294,#3295,#3296,#3297),(#3298,#3299,#3300,#3301,
#3302,#3303,#3304,#3305,#3306,#3307,#3308,#3309,#3310,#3311,#3312,#3313,
#3314,#3315,#3316,#3317,#3318,#3319,#3320,#3321,#3322,#3323,#3324,#3325,
#3326,#3327,#3328,#3329,#3330,#3331,#3332,#3333,#3334),(#3335,#3336,#3337,
#3338,#3339,#3340,#3341,#3342,#3343,#3344,#3345,#3346,#3347,#3348,#3349,
#3350,#3351,#3352,#3353,#3354,#3355,#3356,#3357,#3358,#3359,#3360,#3361,
#3362,#3363,#3364,#3365,#3366,#3367,#3368,#3369,#3370,#3371)),
 .UNSPECIFIED.,.T.,.F.,.F.,(1,1,1,1,1,1,1,1,1,1,1,1,1,1,1,1,1,1,1,1,1,1,
1,1,1,1,1,1,1,1,1,1,1,1,1,1,1,1,1,1,1,1,1),(4,1,1,1,1,1,1,1,1,1,1,1,1,1,
1,1,1,1,1,1,1,1,1,1,1,1,1,1,1,1,1,1,1,1,4),(-0.0625,-0.03125,-0.015625,
0.,0.015625,0.03125,0.0625,0.09375,0.125,0.15625,0.1875,0.21875,0.25,0.28125,
0.3125,0.34375,0.375,0.40625,0.4375,0.46875,0.484375,0.5,0.515625,0.53125,
0.5625,0.59375,0.625,0.65625,0.6875,0.71875,0.75,0.78125,0.8125,0.84375,
0.875,0.90625,0.9375,0.96875,0.984375,1.,1.015625,1.03125,1.0625),(-4.36256724582936E-13,
0.0729166666662839,0.114583333332981,0.156249999999678,0.187499999999701,
0.218749999999724,0.24479166666641,0.265624999999759,0.28124999999977,0.296874999999782,
0.31770833333313,0.343749999999816,0.374999999999839,0.406249999999862,
0.437499999999885,0.468749999999908,0.494791666666593,0.515624999999942,
0.528645833333285,0.539062499999959,0.549479166666634,0.562499999999976,
0.578124999999988,0.598958333333336,0.625000000000022,0.656250000000045,
0.697916666666742,0.750000000000114,0.81250000000016,0.864583333333531,
0.906250000000229,0.932291666666914,0.953125000000263,0.968750000000274,
1.0000000000003),.UNSPECIFIED.);
#201=B_SPLINE_SURFACE_WITH_KNOTS('',3,3,((#3392,#3393,#3394,#3395,#3396,
#3397,#3398,#3399,#3400,#3401,#3402,#3403,#3404,#3405,#3406,#3407,#3408,
#3409,#3410),(#3411,#3412,#3413,#3414,#3415,#3416,#3417,#3418,#3419,#3420,
#3421,#3422,#3423,#3424,#3425,#3426,#3427,#3428,#3429),(#3430,#3431,#3432,
#3433,#3434,#3435,#3436,#3437,#3438,#3439,#3440,#3441,#3442,#3443,#3444,
#3445,#3446,#3447,#3448),(#3449,#3450,#3451,#3452,#3453,#3454,#3455,#3456,
#3457,#3458,#3459,#3460,#3461,#3462,#3463,#3464,#3465,#3466,#3467),(#3468,
#3469,#3470,#3471,#3472,#3473,#3474,#3475,#3476,#3477,#3478,#3479,#3480,
#3481,#3482,#3483,#3484,#3485,#3486),(#3487,#3488,#3489,#3490,#3491,#3492,
#3493,#3494,#3495,#3496,#3497,#3498,#3499,#3500,#3501,#3502,#3503,#3504,
#3505),(#3506,#3507,#3508,#3509,#3510,#3511,#3512,#3513,#3514,#3515,#3516,
#3517,#3518,#3519,#3520,#3521,#3522,#3523,#3524),(#3525,#3526,#3527,#3528,
#3529,#3530,#3531,#3532,#3533,#3534,#3535,#3536,#3537,#3538,#3539,#3540,
#3541,#3542,#3543),(#3544,#3545,#3546,#3547,#3548,#3549,#3550,#3551,#3552,
#3553,#3554,#3555,#3556,#3557,#3558,#3559,#3560,#3561,#3562)),
 .UNSPECIFIED.,.F.,.T.,.F.,(4,1,1,1,1,1,4),(1,1,1,1,1,1,1,1,1,1,1,1,1,1,
1,1,1,1,1,1,1,1,1),(-4.72470949260525E-17,0.145833333333333,0.25,0.375,
0.541666666666667,0.708333333333333,1.),(-1.17809724509617,-0.785398163397448,
-0.392699081698725,0.,0.392699081698724,0.785398163397448,1.17809724509617,
1.5707963267949,1.96349540849362,2.35619449019234,2.74889357189107,3.14159265358979,
3.53429173528852,3.92699081698724,4.31968989868597,4.71238898038469,5.10508806208341,
5.49778714378214,5.89048622548086,6.28318530717959,6.67588438887831,7.06858347057703,
7.46128255227576),.UNSPECIFIED.);
#202=B_SPLINE_SURFACE_WITH_KNOTS('',3,3,((#3584,#3585,#3586,#3587,#3588),
(#3589,#3590,#3591,#3592,#3593),(#3594,#3595,#3596,#3597,#3598),(#3599,
#3600,#3601,#3602,#3603),(#3604,#3605,#3606,#3607,#3608),(#3609,#3610,#3611,
#3612,#3613),(#3614,#3615,#3616,#3617,#3618),(#3619,#3620,#3621,#3622,#3623),
(#3624,#3625,#3626,#3627,#3628),(#3629,#3630,#3631,#3632,#3633),(#3634,
#3635,#3636,#3637,#3638),(#3639,#3640,#3641,#3642,#3643),(#3644,#3645,#3646,
#3647,#3648),(#3649,#3650,#3651,#3652,#3653),(#3654,#3655,#3656,#3657,#3658),
(#3659,#3660,#3661,#3662,#3663),(#3664,#3665,#3666,#3667,#3668),(#3669,
#3670,#3671,#3672,#3673),(#3674,#3675,#3676,#3677,#3678)),.UNSPECIFIED.,
 .T.,.F.,.F.,(1,1,1,1,1,1,1,1,1,1,1,1,1,1,1,1,1,1,1,1,1,1,1),(4,1,4),(-0.1875,
-0.125,-0.0625,0.,0.0625,0.125,0.1875,0.25,0.3125,0.375,0.4375,0.5,0.5625,
0.625,0.6875,0.75,0.8125,0.875,0.9375,1.,1.0625,1.125,1.1875),(-1.63575126090973E-12,
0.499999999999182,1.),.UNSPECIFIED.);
#203=B_SPLINE_SURFACE_WITH_KNOTS('',3,3,((#3719,#3720,#3721,#3722,#3723,
#3724,#3725,#3726,#3727,#3728,#3729,#3730),(#3731,#3732,#3733,#3734,#3735,
#3736,#3737,#3738,#3739,#3740,#3741,#3742),(#3743,#3744,#3745,#3746,#3747,
#3748,#3749,#3750,#3751,#3752,#3753,#3754),(#3755,#3756,#3757,#3758,#3759,
#3760,#3761,#3762,#3763,#3764,#3765,#3766),(#3767,#3768,#3769,#3770,#3771,
#3772,#3773,#3774,#3775,#3776,#3777,#3778),(#3779,#3780,#3781,#3782,#3783,
#3784,#3785,#3786,#3787,#3788,#3789,#3790),(#3791,#3792,#3793,#3794,#3795,
#3796,#3797,#3798,#3799,#3800,#3801,#3802),(#3803,#3804,#3805,#3806,#3807,
#3808,#3809,#3810,#3811,#3812,#3813,#3814),(#3815,#3816,#3817,#3818,#3819,
#3820,#3821,#3822,#3823,#3824,#3825,#3826),(#3827,#3828,#3829,#3830,#3831,
#3832,#3833,#3834,#3835,#3836,#3837,#3838),(#3839,#3840,#3841,#3842,#3843,
#3844,#3845,#3846,#3847,#3848,#3849,#3850),(#3851,#3852,#3853,#3854,#3855,
#3856,#3857,#3858,#3859,#3860,#3861,#3862),(#3863,#3864,#3865,#3866,#3867,
#3868,#3869,#3870,#3871,#3872,#3873,#3874),(#3875,#3876,#3877,#3878,#3879,
#3880,#3881,#3882,#3883,#3884,#3885,#3886),(#3887,#3888,#3889,#3890,#3891,
#3892,#3893,#3894,#3895,#3896,#3897,#3898),(#3899,#3900,#3901,#3902,#3903,
#3904,#3905,#3906,#3907,#3908,#3909,#3910),(#3911,#3912,#3913,#3914,#3915,
#3916,#3917,#3918,#3919,#3920,#3921,#3922),(#3923,#3924,#3925,#3926,#3927,
#3928,#3929,#3930,#3931,#3932,#3933,#3934),(#3935,#3936,#3937,#3938,#3939,
#3940,#3941,#3942,#3943,#3944,#3945,#3946)),.UNSPECIFIED.,.T.,.F.,.F.,(1,
1,1,1,1,1,1,1,1,1,1,1,1,1,1,1,1,1,1,1,1,1,1),(4,1,1,1,1,1,1,1,1,4),(-0.1875,
-0.125,-0.0625,0.,0.0625,0.125,0.1875,0.25,0.3125,0.375,0.4375,0.5,0.5625,
0.625,0.6875,0.75,0.8125,0.875,0.9375,1.,1.0625,1.125,1.1875),(-2.44192723983373E-13,
0.145833333333125,0.249999999999817,0.374999999999847,0.499999999999878,
0.624999999999908,0.7291666666666,0.812499999999954,0.874999999999969,1.),
 .UNSPECIFIED.);
#204=B_SPLINE_SURFACE_WITH_KNOTS('',3,3,((#3947,#3948,#3949,#3950,#3951,
#3952,#3953,#3954,#3955,#3956,#3957,#3958,#3959,#3960,#3961,#3962,#3963,
#3964,#3965,#3966,#3967,#3968,#3969,#3970,#3971,#3972),(#3973,#3974,#3975,
#3976,#3977,#3978,#3979,#3980,#3981,#3982,#3983,#3984,#3985,#3986,#3987,
#3988,#3989,#3990,#3991,#3992,#3993,#3994,#3995,#3996,#3997,#3998),(#3999,
#4000,#4001,#4002,#4003,#4004,#4005,#4006,#4007,#4008,#4009,#4010,#4011,
#4012,#4013,#4014,#4015,#4016,#4017,#4018,#4019,#4020,#4021,#4022,#4023,
#4024),(#4025,#4026,#4027,#4028,#4029,#4030,#4031,#4032,#4033,#4034,#4035,
#4036,#4037,#4038,#4039,#4040,#4041,#4042,#4043,#4044,#4045,#4046,#4047,
#4048,#4049,#4050),(#4051,#4052,#4053,#4054,#4055,#4056,#4057,#4058,#4059,
#4060,#4061,#4062,#4063,#4064,#4065,#4066,#4067,#4068,#4069,#4070,#4071,
#4072,#4073,#4074,#4075,#4076),(#4077,#4078,#4079,#4080,#4081,#4082,#4083,
#4084,#4085,#4086,#4087,#4088,#4089,#4090,#4091,#4092,#4093,#4094,#4095,
#4096,#4097,#4098,#4099,#4100,#4101,#4102),(#4103,#4104,#4105,#4106,#4107,
#4108,#4109,#4110,#4111,#4112,#4113,#4114,#4115,#4116,#4117,#4118,#4119,
#4120,#4121,#4122,#4123,#4124,#4125,#4126,#4127,#4128),(#4129,#4130,#4131,
#4132,#4133,#4134,#4135,#4136,#4137,#4138,#4139,#4140,#4141,#4142,#4143,
#4144,#4145,#4146,#4147,#4148,#4149,#4150,#4151,#4152,#4153,#4154),(#4155,
#4156,#4157,#4158,#4159,#4160,#4161,#4162,#4163,#4164,#4165,#4166,#4167,
#4168,#4169,#4170,#4171,#4172,#4173,#4174,#4175,#4176,#4177,#4178,#4179,
#4180),(#4181,#4182,#4183,#4184,#4185,#4186,#4187,#4188,#4189,#4190,#4191,
#4192,#4193,#4194,#4195,#4196,#4197,#4198,#4199,#4200,#4201,#4202,#4203,
#4204,#4205,#4206),(#4207,#4208,#4209,#4210,#4211,#4212,#4213,#4214,#4215,
#4216,#4217,#4218,#4219,#4220,#4221,#4222,#4223,#4224,#4225,#4226,#4227,
#4228,#4229,#4230,#4231,#4232),(#4233,#4234,#4235,#4236,#4237,#4238,#4239,
#4240,#4241,#4242,#4243,#4244,#4245,#4246,#4247,#4248,#4249,#4250,#4251,
#4252,#4253,#4254,#4255,#4256,#4257,#4258),(#4259,#4260,#4261,#4262,#4263,
#4264,#4265,#4266,#4267,#4268,#4269,#4270,#4271,#4272,#4273,#4274,#4275,
#4276,#4277,#4278,#4279,#4280,#4281,#4282,#4283,#4284),(#4285,#4286,#4287,
#4288,#4289,#4290,#4291,#4292,#4293,#4294,#4295,#4296,#4297,#4298,#4299,
#4300,#4301,#4302,#4303,#4304,#4305,#4306,#4307,#4308,#4309,#4310),(#4311,
#4312,#4313,#4314,#4315,#4316,#4317,#4318,#4319,#4320,#4321,#4322,#4323,
#4324,#4325,#4326,#4327,#4328,#4329,#4330,#4331,#4332,#4333,#4334,#4335,
#4336),(#4337,#4338,#4339,#4340,#4341,#4342,#4343,#4344,#4345,#4346,#4347,
#4348,#4349,#4350,#4351,#4352,#4353,#4354,#4355,#4356,#4357,#4358,#4359,
#4360,#4361,#4362),(#4363,#4364,#4365,#4366,#4367,#4368,#4369,#4370,#4371,
#4372,#4373,#4374,#4375,#4376,#4377,#4378,#4379,#4380,#4381,#4382,#4383,
#4384,#4385,#4386,#4387,#4388),(#4389,#4390,#4391,#4392,#4393,#4394,#4395,
#4396,#4397,#4398,#4399,#4400,#4401,#4402,#4403,#4404,#4405,#4406,#4407,
#4408,#4409,#4410,#4411,#4412,#4413,#4414),(#4415,#4416,#4417,#4418,#4419,
#4420,#4421,#4422,#4423,#4424,#4425,#4426,#4427,#4428,#4429,#4430,#4431,
#4432,#4433,#4434,#4435,#4436,#4437,#4438,#4439,#4440),(#4441,#4442,#4443,
#4444,#4445,#4446,#4447,#4448,#4449,#4450,#4451,#4452,#4453,#4454,#4455,
#4456,#4457,#4458,#4459,#4460,#4461,#4462,#4463,#4464,#4465,#4466),(#4467,
#4468,#4469,#4470,#4471,#4472,#4473,#4474,#4475,#4476,#4477,#4478,#4479,
#4480,#4481,#4482,#4483,#4484,#4485,#4486,#4487,#4488,#4489,#4490,#4491,
#4492),(#4493,#4494,#4495,#4496,#4497,#4498,#4499,#4500,#4501,#4502,#4503,
#4504,#4505,#4506,#4507,#4508,#4509,#4510,#4511,#4512,#4513,#4514,#4515,
#4516,#4517,#4518),(#4519,#4520,#4521,#4522,#4523,#4524,#4525,#4526,#4527,
#4528,#4529,#4530,#4531,#4532,#4533,#4534,#4535,#4536,#4537,#4538,#4539,
#4540,#4541,#4542,#4543,#4544),(#4545,#4546,#4547,#4548,#4549,#4550,#4551,
#4552,#4553,#4554,#4555,#4556,#4557,#4558,#4559,#4560,#4561,#4562,#4563,
#4564,#4565,#4566,#4567,#4568,#4569,#4570),(#4571,#4572,#4573,#4574,#4575,
#4576,#4577,#4578,#4579,#4580,#4581,#4582,#4583,#4584,#4585,#4586,#4587,
#4588,#4589,#4590,#4591,#4592,#4593,#4594,#4595,#4596),(#4597,#4598,#4599,
#4600,#4601,#4602,#4603,#4604,#4605,#4606,#4607,#4608,#4609,#4610,#4611,
#4612,#4613,#4614,#4615,#4616,#4617,#4618,#4619,#4620,#4621,#4622),(#4623,
#4624,#4625,#4626,#4627,#4628,#4629,#4630,#4631,#4632,#4633,#4634,#4635,
#4636,#4637,#4638,#4639,#4640,#4641,#4642,#4643,#4644,#4645,#4646,#4647,
#4648),(#4649,#4650,#4651,#4652,#4653,#4654,#4655,#4656,#4657,#4658,#4659,
#4660,#4661,#4662,#4663,#4664,#4665,#4666,#4667,#4668,#4669,#4670,#4671,
#4672,#4673,#4674),(#4675,#4676,#4677,#4678,#4679,#4680,#4681,#4682,#4683,
#4684,#4685,#4686,#4687,#4688,#4689,#4690,#4691,#4692,#4693,#4694,#4695,
#4696,#4697,#4698,#4699,#4700),(#4701,#4702,#4703,#4704,#4705,#4706,#4707,
#4708,#4709,#4710,#4711,#4712,#4713,#4714,#4715,#4716,#4717,#4718,#4719,
#4720,#4721,#4722,#4723,#4724,#4725,#4726),(#4727,#4728,#4729,#4730,#4731,
#4732,#4733,#4734,#4735,#4736,#4737,#4738,#4739,#4740,#4741,#4742,#4743,
#4744,#4745,#4746,#4747,#4748,#4749,#4750,#4751,#4752),(#4753,#4754,#4755,
#4756,#4757,#4758,#4759,#4760,#4761,#4762,#4763,#4764,#4765,#4766,#4767,
#4768,#4769,#4770,#4771,#4772,#4773,#4774,#4775,#4776,#4777,#4778),(#4779,
#4780,#4781,#4782,#4783,#4784,#4785,#4786,#4787,#4788,#4789,#4790,#4791,
#4792,#4793,#4794,#4795,#4796,#4797,#4798,#4799,#4800,#4801,#4802,#4803,
#4804),(#4805,#4806,#4807,#4808,#4809,#4810,#4811,#4812,#4813,#4814,#4815,
#4816,#4817,#4818,#4819,#4820,#4821,#4822,#4823,#4824,#4825,#4826,#4827,
#4828,#4829,#4830),(#4831,#4832,#4833,#4834,#4835,#4836,#4837,#4838,#4839,
#4840,#4841,#4842,#4843,#4844,#4845,#4846,#4847,#4848,#4849,#4850,#4851,
#4852,#4853,#4854,#4855,#4856),(#4857,#4858,#4859,#4860,#4861,#4862,#4863,
#4864,#4865,#4866,#4867,#4868,#4869,#4870,#4871,#4872,#4873,#4874,#4875,
#4876,#4877,#4878,#4879,#4880,#4881,#4882),(#4883,#4884,#4885,#4886,#4887,
#4888,#4889,#4890,#4891,#4892,#4893,#4894,#4895,#4896,#4897,#4898,#4899,
#4900,#4901,#4902,#4903,#4904,#4905,#4906,#4907,#4908),(#4909,#4910,#4911,
#4912,#4913,#4914,#4915,#4916,#4917,#4918,#4919,#4920,#4921,#4922,#4923,
#4924,#4925,#4926,#4927,#4928,#4929,#4930,#4931,#4932,#4933,#4934),(#4935,
#4936,#4937,#4938,#4939,#4940,#4941,#4942,#4943,#4944,#4945,#4946,#4947,
#4948,#4949,#4950,#4951,#4952,#4953,#4954,#4955,#4956,#4957,#4958,#4959,
#4960)),.UNSPECIFIED.,.T.,.F.,.F.,(1,1,1,1,1,1,1,1,1,1,1,1,1,1,1,1,1,1,
1,1,1,1,1,1,1,1,1,1,1,1,1,1,1,1,1,1,1,1,1,1,1,1,1),(4,1,1,1,1,1,1,1,1,1,
1,1,1,1,1,1,1,1,1,1,1,1,1,4),(-0.0625,-0.03125,-0.015625,0.,0.015625,0.03125,
0.0625,0.09375,0.125,0.15625,0.1875,0.21875,0.25,0.28125,0.3125,0.34375,
0.375,0.40625,0.4375,0.46875,0.484375,0.5,0.515625,0.53125,0.5625,0.59375,
0.625,0.65625,0.6875,0.71875,0.75,0.78125,0.8125,0.84375,0.875,0.90625,
0.9375,0.96875,0.984375,1.,1.015625,1.03125,1.0625),(-7.23734684248193E-14,
0.0924063642252246,0.138609546337873,0.177112198098413,0.207914319506846,
0.23101591056317,0.25026723644344,0.265668297147656,0.281069357851873,0.300320683732143,
0.323422274788467,0.346523865844791,0.377325987253224,0.415828639013764,
0.454331290774304,0.485133412182737,0.508235003239061,0.531336594295385,
0.554438185351709,0.577539776408034,0.600641367464358,0.623742958520682,
0.654545079929115,0.739250913802303),.UNSPECIFIED.);
#205=ADVANCED_FACE('',(#163,#164),#193,.F.);
#206=ADVANCED_FACE('',(#165,#166),#194,.F.);
#207=ADVANCED_FACE('',(#167,#168),#195,.F.);
#208=ADVANCED_FACE('',(#169,#170),#18,.T.);
#209=ADVANCED_FACE('',(#171,#172),#196,.F.);
#210=ADVANCED_FACE('',(#173,#174),#197,.T.);
#211=ADVANCED_FACE('',(#175,#176),#198,.T.);
#212=ADVANCED_FACE('',(#177,#178),#199,.T.);
#213=ADVANCED_FACE('',(#179,#180),#200,.F.);
#214=ADVANCED_FACE('',(#181,#182),#201,.F.);
#215=ADVANCED_FACE('',(#183,#184),#202,.T.);
#216=ADVANCED_FACE('',(#185,#186),#203,.F.);
#217=ADVANCED_FACE('',(#187,#188),#204,.T.);
#218=ADVANCED_FACE('',(#189),#10,.F.);
#219=ADVANCED_FACE('',(#190),#11,.F.);
#220=ADVANCED_FACE('',(#191),#12,.F.);
#221=ADVANCED_FACE('',(#192),#13,.F.);
#222=CLOSED_SHELL('',(#205,#206,#207,#208));
#223=CLOSED_SHELL('',(#209,#210,#211,#212,#213,#214,#215,#216,#217,#218,
#219,#220,#221));
#224=STYLED_ITEM('',(#226),#240);
#225=STYLED_ITEM('',(#227),#241);
#226=PRESENTATION_STYLE_ASSIGNMENT((#228));
#227=PRESENTATION_STYLE_ASSIGNMENT((#229));
#228=SURFACE_STYLE_USAGE(.BOTH.,#230);
#229=SURFACE_STYLE_USAGE(.BOTH.,#231);
#230=SURFACE_SIDE_STYLE('',(#232));
#231=SURFACE_SIDE_STYLE('',(#233));
#232=SURFACE_STYLE_FILL_AREA(#234);
#233=SURFACE_STYLE_FILL_AREA(#235);
#234=FILL_AREA_STYLE('',(#236));
#235=FILL_AREA_STYLE('',(#237));
#236=FILL_AREA_STYLE_COLOUR('',#238);
#237=FILL_AREA_STYLE_COLOUR('',#239);
#238=COLOUR_RGB('',0.325490196078431,0.529411764705882,0.752941176470588);
#239=COLOUR_RGB('',0.768627450980392,0.886274509803922,0.952941176470588);
#240=MANIFOLD_SOLID_BREP('Water',#222);
#241=MANIFOLD_SOLID_BREP('Klein Bottle',#223);
#242=SHAPE_DEFINITION_REPRESENTATION(#5266,#244);
#243=SHAPE_DEFINITION_REPRESENTATION(#5267,#245);
#244=SHAPE_REPRESENTATION('Water',(#246),#5256);
#245=SHAPE_REPRESENTATION('Klein Bottle',(#250),#5257);
#246=AXIS2_PLACEMENT_3D('',#273,#255,#256);
#247=AXIS2_PLACEMENT_3D('',#641,#257,#258);
#248=AXIS2_PLACEMENT_3D('',#643,#259,#260);
#249=AXIS2_PLACEMENT_3D('',#873,#261,#262);
#250=AXIS2_PLACEMENT_3D('',#874,#263,#264);
#251=AXIS2_PLACEMENT_3D('',#970,#265,#266);
#252=AXIS2_PLACEMENT_3D('',#1206,#267,#268);
#253=AXIS2_PLACEMENT_3D('',#3563,#269,#270);
#254=AXIS2_PLACEMENT_3D('',#3582,#271,#272);
#255=DIRECTION('',(0.,0.,1.));
#256=DIRECTION('',(1.,0.,0.));
#257=DIRECTION('',(0.,0.,1.));
#258=DIRECTION('',(1.,0.,8.24850741654919E-17));
#259=DIRECTION('',(0.,0.,1.));
#260=DIRECTION('',(1.,0.,0.));
#261=DIRECTION('',(0.,0.,1.));
#262=DIRECTION('',(1.,0.,0.));
#263=DIRECTION('',(0.,0.,1.));
#264=DIRECTION('',(1.,0.,0.));
#265=DIRECTION('',(0.,0.,1.));
#266=DIRECTION('',(1.,0.,0.));
#267=DIRECTION('',(0.,0.,1.));
#268=DIRECTION('',(1.,0.,8.24850741654919E-17));
#269=DIRECTION('',(0.,0.,1.));
#270=DIRECTION('',(1.,0.,0.));
#271=DIRECTION('',(0.,0.,1.));
#272=DIRECTION('',(1.,0.,-8.01779740197571E-17));
#273=CARTESIAN_POINT('',(0.,0.,0.));
#274=CARTESIAN_POINT('',(-0.0219384734699494,-0.000906801432254493,0.0621877273686683));
#275=CARTESIAN_POINT('',(-0.0193948878429355,-0.00090683473130717,0.0571732695346225));
#276=CARTESIAN_POINT('',(-0.0153929115109041,-0.0009067544493642,0.0477892597945491));
#277=CARTESIAN_POINT('',(-0.0142288687867424,-0.000906860831786196,0.0407217014745734));
#278=CARTESIAN_POINT('',(-0.0142314896903727,-0.000906800707601116,0.0380000000004181));
#279=CARTESIAN_POINT('',(-0.0219632341342369,-7.04731412115578E-19,0.062175163697487));
#280=CARTESIAN_POINT('',(-0.0194201431191887,3.0140820395097E-17,0.0571616712942343));
#281=CARTESIAN_POINT('',(-0.0154193758492966,-1.82823591335368E-17,0.0477802464127485));
#282=CARTESIAN_POINT('',(-0.0142566314163151,-1.13976753382539E-17,0.0407180068691858));
#283=CARTESIAN_POINT('',(-0.0142592551548137,-3.52365706057789E-19,0.0380000000004209));
#284=CARTESIAN_POINT('',(-0.0219384734699494,0.000906801432254492,0.0621877273686683));
#285=CARTESIAN_POINT('',(-0.0193948878429355,0.000906834731307043,0.0571732695346224));
#286=CARTESIAN_POINT('',(-0.0153929115109041,0.000906754449364275,0.0477892597945491));
#287=CARTESIAN_POINT('',(-0.0142288687867424,0.000906860831786243,0.0407217014745734));
#288=CARTESIAN_POINT('',(-0.0142314896903727,0.000906800707601116,0.0380000000004182));
#289=CARTESIAN_POINT('',(-0.021826158907417,0.00220865774314396,0.0622447163142625));
#290=CARTESIAN_POINT('',(-0.0192803298618318,0.00220873765194213,0.0572258791468137));
#291=CARTESIAN_POINT('',(-0.0152728689180825,0.00220854499295565,0.0478301451547377));
#292=CARTESIAN_POINT('',(-0.0141029374489982,0.00220880029424318,0.0407384594029892));
#293=CARTESIAN_POINT('',(-0.0141055453111305,0.00220865600412036,0.0380000000004058));
#294=CARTESIAN_POINT('',(-0.0215100282134736,0.0039619892254458,0.0624051226822992));
#295=CARTESIAN_POINT('',(-0.0189578852075897,0.003962126846028,0.0573739585292292));
#296=CARTESIAN_POINT('',(-0.014934985621327,0.00396179502598344,0.0479452270978926));
#297=CARTESIAN_POINT('',(-0.0137484803860735,0.00396223476961435,0.0407856245161169));
#298=CARTESIAN_POINT('',(-0.0137510508276084,0.0039619862302209,0.0380000000003715));
#299=CARTESIAN_POINT('',(-0.0207505024835242,0.00623406928171626,0.0627905117970861));
#300=CARTESIAN_POINT('',(-0.0181831966722715,0.00623426044499897,0.0577297249535235));
#301=CARTESIAN_POINT('',(-0.0141231905297583,0.00623379945689203,0.0482217474988149));
#302=CARTESIAN_POINT('',(-0.0128968806662032,0.00623441050573997,0.040898902547575));
#303=CARTESIAN_POINT('',(-0.0128993524817316,0.00623406512021614,0.0380000000002968));
#304=CARTESIAN_POINT('',(-0.0195074731057291,0.0085680499798443,0.0634212395711404));
#305=CARTESIAN_POINT('',(-0.0169153715464486,0.00856825919423432,0.058311955298311));
#306=CARTESIAN_POINT('',(-0.0127945973409025,0.00856775456548533,0.0486743755768604));
#307=CARTESIAN_POINT('',(-0.011503186124881,0.00856842365904578,0.0410841823133111));
#308=CARTESIAN_POINT('',(-0.0115054718297349,0.00856804542374603,0.0380000000001949));
#309=CARTESIAN_POINT('',(-0.0177001057230716,0.0107937570544918,0.0643383306619231));
#310=CARTESIAN_POINT('',(-0.0150719907977719,0.0107939346664054,0.0591584964539972));
#311=CARTESIAN_POINT('',(-0.0108627781156929,0.0107935061540884,0.0493326575452076));
#312=CARTESIAN_POINT('',(-0.00947679548995746,0.010794074519418,0.041353358766263));
#313=CARTESIAN_POINT('',(-0.00947876019932892,0.0107937531847998,0.0380000000000862));
#314=CARTESIAN_POINT('',(-0.0153100783129948,0.0126747523059433,0.0655510946614276));
#315=CARTESIAN_POINT('',(-0.0126344013584316,0.0126748555134388,0.0602779139408664));
#316=CARTESIAN_POINT('',(-0.00830811387775975,0.012674606450654,0.0502034106879541));
#317=CARTESIAN_POINT('',(-0.00679720168556548,0.0126749369081711,0.0417089655754137));
#318=CARTESIAN_POINT('',(-0.00679866545514125,0.012674750056233,0.0380000000000008));
#319=CARTESIAN_POINT('',(-0.0124236175514274,0.0139484235670362,0.0670157924739671));
#320=CARTESIAN_POINT('',(-0.00969056829898368,0.0139484467800855,0.0616298155588817));
#321=CARTESIAN_POINT('',(-0.00522275107760374,0.0139483907488822,0.0512553487094274));
#322=CARTESIAN_POINT('',(-0.00356109223099518,0.0139484651137808,0.0421380027177635));
#323=CARTESIAN_POINT('',(-0.00356187209775315,0.0139484230608565,0.0379999999999658));
#324=CARTESIAN_POINT('',(-0.00924727841596501,0.0144007882164837,0.0686276217566325));
#325=CARTESIAN_POINT('',(-0.00645114252259808,0.0144007766099353,0.063117471000395));
#326=CARTESIAN_POINT('',(-0.00182749831732418,0.0144008046256326,0.052413252100604));
#327=CARTESIAN_POINT('',(-7.49115434220205E-9,0.0144007674430213,0.0426096945125304));
#328=CARTESIAN_POINT('',(-1.94552880072472E-19,0.0144007884695718,0.0379999999999917));
#329=CARTESIAN_POINT('',(-0.00607095376062168,0.013948423567029,0.0702394795740875));
#330=CARTESIAN_POINT('',(-0.00321173367165034,0.0139484467801732,0.0646051312351329));
#331=CARTESIAN_POINT('',(0.00156771477651383,0.0139483907485876,0.0535714101809846));
#332=CARTESIAN_POINT('',(0.00356112219058526,0.0139484651141341,0.0430810352712489));
#333=CARTESIAN_POINT('',(0.00356187209775315,0.0139484230608565,0.0380000000000676));
#334=CARTESIAN_POINT('',(-0.00318453125347959,0.0126747523061283,0.0717042527716623));
#335=CARTESIAN_POINT('',(-0.000267945044196143,0.0126748555412211,0.0659570432275759));
#336=CARTESIAN_POINT('',(0.00465297089843239,0.0126746063386165,0.054624033497122));
#337=CARTESIAN_POINT('',(0.0067973529385935,0.0126749371043864,0.0435091253676721));
#338=CARTESIAN_POINT('',(0.00679866545514125,0.012674750056233,0.0380000000001695));
#339=CARTESIAN_POINT('',(-0.000794553553676299,0.0107937570554713,0.0729171147326335));
#340=CARTESIAN_POINT('',(0.00216958730029491,0.0107939347546219,0.0670764690974247));
#341=CARTESIAN_POINT('',(0.00720749229494228,0.010793505794078,0.0554957047848876));
#342=CARTESIAN_POINT('',(0.0094771101578417,0.0107940751588692,0.0438634577177275));
#343=CARTESIAN_POINT('',(0.00947876019932891,0.0107937531847998,0.0380000000002726));
#344=CARTESIAN_POINT('',(0.00101276544581031,0.00856804998193505,0.0738343011722644));
#345=CARTESIAN_POINT('',(0.00401291321904562,0.00856825934439951,0.0679230126942242));
#346=CARTESIAN_POINT('',(0.00913916773396553,0.00856775394648774,0.0561549112510622));
#347=CARTESIAN_POINT('',(0.011503666481165,0.00856842476893605,0.0441313445792476));
#348=CARTESIAN_POINT('',(0.0115054718297349,0.00856804542374603,0.0380000000003599));
#349=CARTESIAN_POINT('',(0.0022557562011718,0.0062340692843885,0.0744651050623));
#350=CARTESIAN_POINT('',(0.00528069512840472,0.00623426061742066,0.0685052408312307));
#351=CARTESIAN_POINT('',(0.0104676426623154,0.00623379874099711,0.0566082996717412));
#352=CARTESIAN_POINT('',(0.0128974982058908,0.00623441179661481,0.0443155591628624));
#353=CARTESIAN_POINT('',(0.0128993524817316,0.00623406512021613,0.038000000000424));
#354=CARTESIAN_POINT('',(0.00301525621660883,0.00396198922775081,0.0748505448560739));
#355=CARTESIAN_POINT('',(0.00605535517092392,0.0039621269874642,0.068861003715657));
#356=CARTESIAN_POINT('',(0.011279357273286,0.00396179443613987,0.056885337402526));
#357=CARTESIAN_POINT('',(0.0137491917510043,0.00396223583641979,0.0444281101919084));
#358=CARTESIAN_POINT('',(0.0137510508276084,0.00396198623022091,0.0380000000004646));
#359=CARTESIAN_POINT('',(0.00333137572212607,0.0022086577445644,0.0750109732750645));
#360=CARTESIAN_POINT('',(0.00637778750170484,0.00220873773777691,0.0690090810196912));
#361=CARTESIAN_POINT('',(0.011617205097692,0.00220854463443708,0.0570006473175152));
#362=CARTESIAN_POINT('',(0.014103690291394,0.00220880094330954,0.0444749543524218));
#363=CARTESIAN_POINT('',(0.0141055453111305,0.00220865600412036,0.0380000000004819));
#364=CARTESIAN_POINT('',(0.00344368627649413,0.000906801432858498,0.0750679701202707));
#365=CARTESIAN_POINT('',(0.00649234107342575,0.000906834767622338,0.0690616898482127));
#366=CARTESIAN_POINT('',(0.0117372349496842,0.0009067542976046,0.0570416145559273));
#367=CARTESIAN_POINT('',(0.0142296365358957,0.000906861106623206,0.0444915969654269));
#368=CARTESIAN_POINT('',(0.0142314896903727,0.000906800707601117,0.038000000000488));
#369=CARTESIAN_POINT('',(0.00346844605182919,2.017753921903E-17,0.0750805355434758));
#370=CARTESIAN_POINT('',(0.0065175953725563,9.28152251853528E-16,0.0690732879088794));
#371=CARTESIAN_POINT('',(0.0117636964573385,-5.41574049408527E-16,0.0570506461287721));
#372=CARTESIAN_POINT('',(0.014257402478778,-3.34171499232287E-16,0.0444952659446126));
#373=CARTESIAN_POINT('',(0.0142592551548137,1.89265252124524E-18,0.0380000000004894));
#374=CARTESIAN_POINT('',(0.00344368627649412,-0.000906801432858465,0.0750679701202707));
#375=CARTESIAN_POINT('',(0.00649234107342635,-0.000906834767620686,0.0690616898482144));
#376=CARTESIAN_POINT('',(0.0117372349496841,-0.000906754297605569,0.0570416145559256));
#377=CARTESIAN_POINT('',(0.0142296365358952,-0.000906861106623804,0.0444915969654266));
#378=CARTESIAN_POINT('',(0.0142314896903727,-0.000906800707601114,0.038000000000488));
#379=CARTESIAN_POINT('',(0.00333137572212605,-0.00220865774456437,0.0750109732750646));
#380=CARTESIAN_POINT('',(0.00637778750170623,-0.00220873773777542,0.0690090810196954));
#381=CARTESIAN_POINT('',(0.0116172050976918,-0.00220854463443795,0.0570006473175113));
#382=CARTESIAN_POINT('',(0.0141036902913929,-0.00220880094331008,0.0444749543524209));
#383=CARTESIAN_POINT('',(0.0141055453111305,-0.00220865600412036,0.0380000000004819));
#384=CARTESIAN_POINT('',(0.00301525621660881,-0.00396198922775079,0.0748505448560741));
#385=CARTESIAN_POINT('',(0.00605535517092626,-0.00396212698746299,0.0688610037156639));
#386=CARTESIAN_POINT('',(0.0112793572732857,-0.00396179443614057,0.0568853374025194));
#387=CARTESIAN_POINT('',(0.0137491917510023,-0.00396223583642023,0.0444281101919069));
#388=CARTESIAN_POINT('',(0.0137510508276084,-0.0039619862302209,0.0380000000004646));
#389=CARTESIAN_POINT('',(0.00225575620117178,-0.00623406928438848,0.0744651050623004));
#390=CARTESIAN_POINT('',(0.00528069512840807,-0.00623426061741982,0.0685052408312407));
#391=CARTESIAN_POINT('',(0.0104676426623149,-0.00623379874099761,0.0566082996717319));
#392=CARTESIAN_POINT('',(0.0128974982058879,-0.00623441179661512,0.04431555916286));
#393=CARTESIAN_POINT('',(0.0128993524817316,-0.00623406512021614,0.038000000000424));
#394=CARTESIAN_POINT('',(0.00101276544581029,-0.00856804998193504,0.0738343011722648));
#395=CARTESIAN_POINT('',(0.0040129132190498,-0.00856825934439904,0.0679230126942363));
#396=CARTESIAN_POINT('',(0.00913916773396479,-0.00856775394648801,0.0561549112510511));
#397=CARTESIAN_POINT('',(0.0115036664811615,-0.0085684247689362,0.0441313445792444));
#398=CARTESIAN_POINT('',(0.0115054718297349,-0.00856804542374603,0.0380000000003599));
#399=CARTESIAN_POINT('',(-0.000794553553676302,-0.0107937570554713,0.072917114732634));
#400=CARTESIAN_POINT('',(0.00216958730029972,-0.0107939347546218,0.0670764690974381));
#401=CARTESIAN_POINT('',(0.00720749229494119,-0.0107935057940781,0.0554957047848759));
#402=CARTESIAN_POINT('',(0.00947711015783785,-0.0107940751588693,0.0438634577177234));
#403=CARTESIAN_POINT('',(0.00947876019932892,-0.0107937531847998,0.0380000000002726));
#404=CARTESIAN_POINT('',(-0.00318453125347956,-0.0126747523061283,0.0717042527716627));
#405=CARTESIAN_POINT('',(-0.000267945044190945,-0.0126748555412211,0.0659570432275895));
#406=CARTESIAN_POINT('',(0.00465297089843082,-0.0126746063386165,0.0546240334971114));
#407=CARTESIAN_POINT('',(0.00679735293858961,-0.0126749371043864,0.0435091253676671));
#408=CARTESIAN_POINT('',(0.00679866545514125,-0.012674750056233,0.0380000000001695));
#409=CARTESIAN_POINT('',(-0.00607095376062162,-0.013948423567029,0.0702394795740878));
#410=CARTESIAN_POINT('',(-0.00321173367164498,-0.0139484467801732,0.0646051312351454));
#411=CARTESIAN_POINT('',(0.00156771477651166,-0.0139483907485876,0.0535714101809762));
#412=CARTESIAN_POINT('',(0.00356112219058165,-0.0139484651141341,0.0430810352712431));
#413=CARTESIAN_POINT('',(0.00356187209775315,-0.0139484230608565,0.0380000000000676));
#414=CARTESIAN_POINT('',(-0.00924727841596491,-0.0144007882164837,0.0686276217566327));
#415=CARTESIAN_POINT('',(-0.00645114252259278,-0.0144007766099353,0.0631174710004056));
#416=CARTESIAN_POINT('',(-0.00182749831732691,-0.0144008046256326,0.0524132521005986));
#417=CARTESIAN_POINT('',(-7.49115745821818E-9,-0.0144007674430213,0.0426096945125242));
#418=CARTESIAN_POINT('',(4.79129480570315E-19,-0.0144007884695718,0.0379999999999917));
#419=CARTESIAN_POINT('',(-0.0124236175514272,-0.0139484235670362,0.0670157924739672));
#420=CARTESIAN_POINT('',(-0.00969056829897872,-0.0139484467800855,0.0616298155588898));
#421=CARTESIAN_POINT('',(-0.0052227510776068,-0.0139483907488822,0.0512553487094251));
#422=CARTESIAN_POINT('',(-0.00356109223099768,-0.0139484651137808,0.0421380027177572));
#423=CARTESIAN_POINT('',(-0.00356187209775315,-0.0139484230608565,0.0379999999999658));
#424=CARTESIAN_POINT('',(-0.0153100783129946,-0.0126747523059433,0.0655510946614276));
#425=CARTESIAN_POINT('',(-0.0126344013584273,-0.0126748555134389,0.0602779139408721));
#426=CARTESIAN_POINT('',(-0.00830811387776275,-0.0126746064506539,0.0502034106879539));
#427=CARTESIAN_POINT('',(-0.00679720168556734,-0.0126749369081711,0.0417089655754082));
#428=CARTESIAN_POINT('',(-0.00679866545514125,-0.012674750056233,0.0380000000000008));
#429=CARTESIAN_POINT('',(-0.0177001057230715,-0.0107937570544918,0.0643383306619231));
#430=CARTESIAN_POINT('',(-0.0150719907977686,-0.0107939346664057,0.059158496454001));
#431=CARTESIAN_POINT('',(-0.0108627781156954,-0.0107935061540882,0.0493326575452084));
#432=CARTESIAN_POINT('',(-0.00947679548995873,-0.0107940745194178,0.0413533587662586));
#433=CARTESIAN_POINT('',(-0.00947876019932892,-0.0107937531847998,0.0380000000000862));
#434=CARTESIAN_POINT('',(-0.019507473105729,-0.0085680499798443,0.0634212395711404));
#435=CARTESIAN_POINT('',(-0.0169153715464463,-0.00856825919423479,0.0583119552983131));
#436=CARTESIAN_POINT('',(-0.0127945973409044,-0.00856775456548507,0.0486743755768616));
#437=CARTESIAN_POINT('',(-0.0115031861248817,-0.00856842365904561,0.041084182313308));
#438=CARTESIAN_POINT('',(-0.0115054718297349,-0.00856804542374603,0.0380000000001949));
#439=CARTESIAN_POINT('',(-0.0207505024835241,-0.00623406928171627,0.062790511797086));
#440=CARTESIAN_POINT('',(-0.0181831966722702,-0.00623426044499944,0.0577297249535247));
#441=CARTESIAN_POINT('',(-0.0141231905297594,-0.00623379945689175,0.0482217474988156));
#442=CARTESIAN_POINT('',(-0.0128968806662036,-0.00623441050573979,0.0408989025475733));
#443=CARTESIAN_POINT('',(-0.0128993524817316,-0.00623406512021614,0.0380000000002968));
#444=CARTESIAN_POINT('',(-0.0215100282134736,-0.0039619892254458,0.0624051226822992));
#445=CARTESIAN_POINT('',(-0.0189578852075892,-0.00396212684602839,0.0573739585292296));
#446=CARTESIAN_POINT('',(-0.0149349856213275,-0.00396179502598322,0.0479452270978929));
#447=CARTESIAN_POINT('',(-0.0137484803860736,-0.00396223476961421,0.0407856245161162));
#448=CARTESIAN_POINT('',(-0.0137510508276084,-0.0039619862302209,0.0380000000003715));
#449=CARTESIAN_POINT('',(-0.0218261589074169,-0.00220865774314397,0.0622447163142625));
#450=CARTESIAN_POINT('',(-0.0192803298618317,-0.00220873765194237,0.0572258791468138));
#451=CARTESIAN_POINT('',(-0.0152728689180827,-0.0022085449929555,0.0478301451547378));
#452=CARTESIAN_POINT('',(-0.0141029374489982,-0.00220880029424309,0.0407384594029889));
#453=CARTESIAN_POINT('',(-0.0141055453111305,-0.00220865600412036,0.0380000000004058));
#454=CARTESIAN_POINT('',(-0.0219384734699494,-0.000906801432254493,0.0621877273686683));
#455=CARTESIAN_POINT('',(-0.0193948878429355,-0.00090683473130717,0.0571732695346225));
#456=CARTESIAN_POINT('',(-0.0153929115109041,-0.0009067544493642,0.0477892597945491));
#457=CARTESIAN_POINT('',(-0.0142288687867424,-0.000906860831786196,0.0407217014745734));
#458=CARTESIAN_POINT('',(-0.0142314896903727,-0.000906800707601116,0.0380000000004181));
#459=CARTESIAN_POINT('',(-0.0219632341342369,-7.04731412115578E-19,0.062175163697487));
#460=CARTESIAN_POINT('',(-0.0194201431191887,3.0140820395097E-17,0.0571616712942343));
#461=CARTESIAN_POINT('',(-0.0154193758492966,-1.82823591335368E-17,0.0477802464127485));
#462=CARTESIAN_POINT('',(-0.0142566314163151,-1.13976753382539E-17,0.0407180068691858));
#463=CARTESIAN_POINT('',(-0.0142592551548137,-3.52365706057789E-19,0.0380000000004209));
#464=CARTESIAN_POINT('',(-0.0219384734699494,0.000906801432254492,0.0621877273686683));
#465=CARTESIAN_POINT('',(-0.0193948878429355,0.000906834731307043,0.0571732695346224));
#466=CARTESIAN_POINT('',(-0.0153929115109041,0.000906754449364275,0.0477892597945491));
#467=CARTESIAN_POINT('',(-0.0142288687867424,0.000906860831786243,0.0407217014745734));
#468=CARTESIAN_POINT('',(-0.0142314896903727,0.000906800707601116,0.0380000000004182));
#469=CARTESIAN_POINT('',(-0.0142314864880748,-0.000906756201393333,0.0380000000004182));
#470=CARTESIAN_POINT('',(-0.0142592567559626,-2.03287907341032E-19,0.0380000000004209));
#471=CARTESIAN_POINT('',(-0.0142314864880748,0.000906756201393333,0.0380000000004182));
#472=CARTESIAN_POINT('',(-0.0141055613226199,0.00220890820596446,0.0380000000004057));
#473=CARTESIAN_POINT('',(-0.0136090673009217,0.00466035124014228,0.0380000000003585));
#474=CARTESIAN_POINT('',(-0.0118359490916773,0.00861332854759561,0.0380000000001994));
#475=CARTESIAN_POINT('',(-0.00788308542404645,0.0122496631170709,0.0380000000000121));
#476=CARTESIAN_POINT('',(-0.00356090347720447,0.0139485289150474,0.0379999999999659));
#477=CARTESIAN_POINT('',(7.24213169902427E-20,0.0144007355424763,0.0379999999999917));
#478=CARTESIAN_POINT('',(0.00356090347720447,0.0139485289150474,0.0380000000000675));
#479=CARTESIAN_POINT('',(0.00788308542404645,0.0122496631170709,0.0380000000002038));
#480=CARTESIAN_POINT('',(0.0118359490916773,0.00861332854759561,0.0380000000003728));
#481=CARTESIAN_POINT('',(0.0136090673009217,0.00466035124014228,0.0380000000004578));
#482=CARTESIAN_POINT('',(0.0141055613226199,0.00220890820596447,0.0380000000004819));
#483=CARTESIAN_POINT('',(0.0142314864880748,0.000906756201393334,0.038000000000488));
#484=CARTESIAN_POINT('',(0.0142592567559626,1.90092391337341E-18,0.0380000000004894));
#485=CARTESIAN_POINT('',(0.0142314864880748,-0.000906756201393331,0.038000000000488));
#486=CARTESIAN_POINT('',(0.0141055613226199,-0.00220890820596446,0.0380000000004819));
#487=CARTESIAN_POINT('',(0.0136090673009217,-0.00466035124014228,0.0380000000004578));
#488=CARTESIAN_POINT('',(0.0118359490916773,-0.00861332854759561,0.0380000000003728));
#489=CARTESIAN_POINT('',(0.00788308542404645,-0.0122496631170709,0.0380000000002039));
#490=CARTESIAN_POINT('',(0.00356090347720447,-0.0139485289150474,0.0380000000000675));
#491=CARTESIAN_POINT('',(6.23416249179165E-19,-0.0144007355424763,0.0379999999999917));
#492=CARTESIAN_POINT('',(-0.00356090347720447,-0.0139485289150474,0.0379999999999659));
#493=CARTESIAN_POINT('',(-0.00788308542404645,-0.0122496631170709,0.0380000000000121));
#494=CARTESIAN_POINT('',(-0.0118359490916773,-0.00861332854759561,0.0380000000001994));
#495=CARTESIAN_POINT('',(-0.0136090673009217,-0.00466035124014228,0.0380000000003585));
#496=CARTESIAN_POINT('',(-0.0141055613226199,-0.00220890820596446,0.0380000000004057));
#497=CARTESIAN_POINT('',(-0.0142314864880748,-0.000906756201393333,0.0380000000004182));
#498=CARTESIAN_POINT('',(-0.0142592567559626,-2.03287907341032E-19,0.0380000000004209));
#499=CARTESIAN_POINT('',(-0.0142314864880748,0.000906756201393333,0.0380000000004182));
#500=CARTESIAN_POINT('',(-0.01425,-1.66800334676886E-19,0.03800000000042));
#501=CARTESIAN_POINT('',(-0.0216291113036069,-0.00296820885310221,0.062));
#502=CARTESIAN_POINT('',(-0.0219794042621731,1.14613620427934E-5,0.062));
#503=CARTESIAN_POINT('',(-0.0216383407624613,0.00292236340493105,0.062));
#504=CARTESIAN_POINT('',(-0.0203124681051652,0.00664823001117681,0.062));
#505=CARTESIAN_POINT('',(-0.0172283693754389,0.0105549019741116,0.0619999999999999));
#506=CARTESIAN_POINT('',(-0.0120672305429762,0.0135357800866554,0.0620000000000003));
#507=CARTESIAN_POINT('',(-0.00621992948609767,0.0145858255690242,0.0619999999999999));
#508=CARTESIAN_POINT('',(-0.000361261362209893,0.0136182911027387,0.062));
#509=CARTESIAN_POINT('',(0.00479029580017826,0.0106371952368458,0.062));
#510=CARTESIAN_POINT('',(0.00841821210843156,0.00587442872505299,0.0620000000000001));
#511=CARTESIAN_POINT('',(0.00974221911823869,1.69217127107185E-5,0.0619999999999999));
#512=CARTESIAN_POINT('',(0.00843311968561295,-0.00584071048649732,0.0620000000000001));
#513=CARTESIAN_POINT('',(0.00481749002578546,-0.01061921675743,0.0619999999999998));
#514=CARTESIAN_POINT('',(0.000494598698753092,-0.0131218945579286,0.062));
#515=CARTESIAN_POINT('',(-0.0032841652470605,-0.0141023470365433,0.0620000000000001));
#516=CARTESIAN_POINT('',(-0.00623884755566259,-0.0143331568851221,0.0620000000000001));
#517=CARTESIAN_POINT('',(-0.00913964949827153,-0.0140618652015062,0.0619999999999999));
#518=CARTESIAN_POINT('',(-0.0120039507697269,-0.0132854417054074,0.062));
#519=CARTESIAN_POINT('',(-0.0146355326680258,-0.0120531875312023,0.0620000000000001));
#520=CARTESIAN_POINT('',(-0.0170567888927074,-0.0103308283172877,0.0619999999999999));
#521=CARTESIAN_POINT('',(-0.0190637522096265,-0.00823155279309415,0.0620000000000001));
#522=CARTESIAN_POINT('',(-0.0206445412115042,-0.00571142063715429,0.0619999999999999));
#523=CARTESIAN_POINT('',(-0.0216291113036069,-0.00296820885310221,0.062));
#524=CARTESIAN_POINT('',(-0.0219794042621731,1.14613620427934E-5,0.062));
#525=CARTESIAN_POINT('',(-0.0216383407624613,0.00292236340493105,0.062));
#526=CARTESIAN_POINT('',(-0.0218641781857935,6.01884984013403E-19,0.062));
#527=CARTESIAN_POINT('',(0.0448553789611902,-0.0185797063111097,0.00104833820993178));
#528=CARTESIAN_POINT('',(0.0485511123287517,-3.55618312575245E-17,0.00104833820993178));
#529=CARTESIAN_POINT('',(0.0448553789611901,0.0185797063111098,0.00104833820993178));
#530=CARTESIAN_POINT('',(0.0343308207618102,0.0343308207618101,0.00104833820993178));
#531=CARTESIAN_POINT('',(0.0185797063111098,0.0448553789611901,0.00104833820993178));
#532=CARTESIAN_POINT('',(9.67650438943313E-18,0.0485511123287518,0.00104833820993178));
#533=CARTESIAN_POINT('',(-0.0185797063111097,0.0448553789611901,0.00104833820993178));
#534=CARTESIAN_POINT('',(-0.0343308207618102,0.0343308207618102,0.00104833820993178));
#535=CARTESIAN_POINT('',(-0.0448553789611902,0.0185797063111098,0.00104833820993178));
#536=CARTESIAN_POINT('',(-0.0485511123287518,6.3908900568133E-18,0.00104833820993178));
#537=CARTESIAN_POINT('',(-0.0448553789611902,-0.0185797063111097,0.00104833820993178));
#538=CARTESIAN_POINT('',(-0.0343308207618102,-0.0343308207618101,0.00104833820993178));
#539=CARTESIAN_POINT('',(-0.0185797063111098,-0.0448553789611901,0.00104833820993178));
#540=CARTESIAN_POINT('',(-1.89193279098721E-17,-0.0485511123287518,0.00104833820993178));
#541=CARTESIAN_POINT('',(0.0185797063111098,-0.0448553789611902,0.00104833820993178));
#542=CARTESIAN_POINT('',(0.0343308207618102,-0.0343308207618101,0.00104833820993178));
#543=CARTESIAN_POINT('',(0.0448553789611902,-0.0185797063111097,0.00104833820993178));
#544=CARTESIAN_POINT('',(0.0485511123287517,-3.55618312575245E-17,0.00104833820993178));
#545=CARTESIAN_POINT('',(0.0448553789611901,0.0185797063111098,0.00104833820993178));
#546=CARTESIAN_POINT('',(0.0482208128837619,-0.0199737146851093,0.00334738152659713));
#547=CARTESIAN_POINT('',(0.0521938317571427,-3.33934269125535E-17,0.00334738152659713));
#548=CARTESIAN_POINT('',(0.0482208128837618,0.0199737146851094,0.00334738152659713));
#549=CARTESIAN_POINT('',(0.0369066123715854,0.0369066123715854,0.00334738152659713));
#550=CARTESIAN_POINT('',(0.0199737146851094,0.0482208128837618,0.00334738152659713));
#551=CARTESIAN_POINT('',(4.83825219471656E-18,0.0521938317571427,0.00334738152659713));
#552=CARTESIAN_POINT('',(-0.0199737146851094,0.0482208128837618,0.00334738152659713));
#553=CARTESIAN_POINT('',(-0.0369066123715854,0.0369066123715854,0.00334738152659713));
#554=CARTESIAN_POINT('',(-0.0482208128837618,0.0199737146851094,0.00334738152659713));
#555=CARTESIAN_POINT('',(-0.0521938317571427,2.77652106154039E-18,0.00334738152659713));
#556=CARTESIAN_POINT('',(-0.0482208128837618,-0.0199737146851094,0.00334738152659713));
#557=CARTESIAN_POINT('',(-0.0369066123715854,-0.0369066123715854,0.00334738152659713));
#558=CARTESIAN_POINT('',(-0.0199737146851094,-0.0482208128837618,0.00334738152659713));
#559=CARTESIAN_POINT('',(-1.35796322103809E-17,-0.0521938317571427,0.00334738152659713));
#560=CARTESIAN_POINT('',(0.0199737146851094,-0.0482208128837618,0.00334738152659713));
#561=CARTESIAN_POINT('',(0.0369066123715854,-0.0369066123715854,0.00334738152659713));
#562=CARTESIAN_POINT('',(0.0482208128837619,-0.0199737146851093,0.00334738152659713));
#563=CARTESIAN_POINT('',(0.0521938317571427,-3.33934269125535E-17,0.00334738152659713));
#564=CARTESIAN_POINT('',(0.0482208128837618,0.0199737146851094,0.00334738152659713));
#565=CARTESIAN_POINT('',(0.0533107795618079,-0.0220820479151831,0.00992919072090927));
#566=CARTESIAN_POINT('',(0.057703171989208,-4.20670442924376E-17,0.00992919072090927));
#567=CARTESIAN_POINT('',(0.0533107795618079,0.0220820479151832,0.00992919072090927));
#568=CARTESIAN_POINT('',(0.0408023042095426,0.0408023042095426,0.00992919072090927));
#569=CARTESIAN_POINT('',(0.0220820479151832,0.0533107795618079,0.00992919072090927));
#570=CARTESIAN_POINT('',(1.30239785969821E-17,0.057703171989208,0.00992919072090927));
#571=CARTESIAN_POINT('',(-0.0220820479151832,0.0533107795618079,0.00992919072090927));
#572=CARTESIAN_POINT('',(-0.0408023042095427,0.0408023042095426,0.00992919072090927));
#573=CARTESIAN_POINT('',(-0.0533107795618079,0.0220820479151832,0.00992919072090927));
#574=CARTESIAN_POINT('',(-0.057703171989208,1.07782030862354E-17,0.00992919072090927));
#575=CARTESIAN_POINT('',(-0.0533107795618079,-0.0220820479151832,0.00992919072090927));
#576=CARTESIAN_POINT('',(-0.0408023042095427,-0.0408023042095426,0.00992919072090927));
#577=CARTESIAN_POINT('',(-0.0220820479151832,-0.0533107795618079,0.00992919072090927));
#578=CARTESIAN_POINT('',(-2.73218947466347E-17,-0.057703171989208,0.00992919072090927));
#579=CARTESIAN_POINT('',(0.0220820479151832,-0.0533107795618079,0.00992919072090927));
#580=CARTESIAN_POINT('',(0.0408023042095427,-0.0408023042095426,0.00992919072090927));
#581=CARTESIAN_POINT('',(0.0533107795618079,-0.0220820479151831,0.00992919072090927));
#582=CARTESIAN_POINT('',(0.057703171989208,-4.20670442924376E-17,0.00992919072090927));
#583=CARTESIAN_POINT('',(0.0533107795618079,0.0220820479151832,0.00992919072090927));
#584=CARTESIAN_POINT('',(0.0602288308922243,-0.0249475986014348,0.0297944984172425));
#585=CARTESIAN_POINT('',(0.0651912167904731,-5.11743425413158E-17,0.0297944984172424));
#586=CARTESIAN_POINT('',(0.0602288308922242,0.0249475986014349,0.0297944984172425));
#587=CARTESIAN_POINT('',(0.0460971514663458,0.0460971514663458,0.0297944984172425));
#588=CARTESIAN_POINT('',(0.0249475986014349,0.0602288308922242,0.0297944984172425));
#589=CARTESIAN_POINT('',(-5.93600689435814E-18,0.0651912167904731,0.0297944984172425));
#590=CARTESIAN_POINT('',(-0.0249475986014349,0.0602288308922242,0.0297944984172425));
#591=CARTESIAN_POINT('',(-0.0460971514663458,0.0460971514663459,0.0297944984172425));
#592=CARTESIAN_POINT('',(-0.0602288308922242,0.0249475986014349,0.0297944984172425));
#593=CARTESIAN_POINT('',(-0.0651912167904731,5.93092469667461E-18,0.0297944984172425));
#594=CARTESIAN_POINT('',(-0.0602288308922242,-0.0249475986014349,0.0297944984172425));
#595=CARTESIAN_POINT('',(-0.0460971514663459,-0.0460971514663458,0.0297944984172425));
#596=CARTESIAN_POINT('',(-0.0249475986014349,-0.0602288308922242,0.0297944984172425));
#597=CARTESIAN_POINT('',(-1.62088224786583E-17,-0.0651912167904731,0.0297944984172425));
#598=CARTESIAN_POINT('',(0.0249475986014349,-0.0602288308922242,0.0297944984172425));
#599=CARTESIAN_POINT('',(0.0460971514663459,-0.0460971514663458,0.0297944984172425));
#600=CARTESIAN_POINT('',(0.0602288308922243,-0.0249475986014348,0.0297944984172425));
#601=CARTESIAN_POINT('',(0.0651912167904731,-5.11743425413158E-17,0.0297944984172424));
#602=CARTESIAN_POINT('',(0.0602288308922242,0.0249475986014349,0.0297944984172425));
#603=CARTESIAN_POINT('',(0.0613802487670241,-0.0254245315011357,0.0486206214566515));
#604=CARTESIAN_POINT('',(0.0664375025174337,-5.03069808033274E-17,0.0486206214566514));
#605=CARTESIAN_POINT('',(0.0613802487670241,0.0254245315011358,0.0486206214566514));
#606=CARTESIAN_POINT('',(0.0469784085551757,0.0469784085551757,0.0486206214566514));
#607=CARTESIAN_POINT('',(0.0254245315011358,0.0613802487670241,0.0486206214566514));
#608=CARTESIAN_POINT('',(2.72405795836983E-17,0.0664375025174337,0.0486206214566514));
#609=CARTESIAN_POINT('',(-0.0254245315011358,0.0613802487670241,0.0486206214566514));
#610=CARTESIAN_POINT('',(-0.0469784085551757,0.0469784085551757,0.0486206214566514));
#611=CARTESIAN_POINT('',(-0.0613802487670241,0.0254245315011358,0.0486206214566514));
#612=CARTESIAN_POINT('',(-0.0664375025174337,1.31227638144557E-17,0.0486206214566514));
#613=CARTESIAN_POINT('',(-0.0613802487670241,-0.0254245315011358,0.0486206214566514));
#614=CARTESIAN_POINT('',(-0.0469784085551757,-0.0469784085551757,0.0486206214566514));
#615=CARTESIAN_POINT('',(-0.0254245315011358,-0.0613802487670241,0.0486206214566515));
#616=CARTESIAN_POINT('',(-1.46367293285543E-17,-0.0664375025174337,0.0486206214566514));
#617=CARTESIAN_POINT('',(0.0254245315011358,-0.0613802487670241,0.0486206214566515));
#618=CARTESIAN_POINT('',(0.0469784085551757,-0.0469784085551757,0.0486206214566514));
#619=CARTESIAN_POINT('',(0.0613802487670241,-0.0254245315011357,0.0486206214566515));
#620=CARTESIAN_POINT('',(0.0664375025174337,-5.03069808033274E-17,0.0486206214566514));
#621=CARTESIAN_POINT('',(0.0613802487670241,0.0254245315011358,0.0486206214566514));
#622=CARTESIAN_POINT('',(0.0599187836820525,-0.0248191728420057,0.062));
#623=CARTESIAN_POINT('',(0.0648556241084607,-4.90059381963448E-17,0.062));
#624=CARTESIAN_POINT('',(0.0599187836820524,0.0248191728420058,0.062));
#625=CARTESIAN_POINT('',(0.0458598516051783,0.0458598516051783,0.062));
#626=CARTESIAN_POINT('',(0.0248191728420058,0.0599187836820524,0.062));
#627=CARTESIAN_POINT('',(1.6154612370034E-17,0.0648556241084607,0.062));
#628=CARTESIAN_POINT('',(-0.0248191728420058,0.0599187836820524,0.062));
#629=CARTESIAN_POINT('',(-0.0458598516051783,0.0458598516051783,0.062));
#630=CARTESIAN_POINT('',(-0.0599187836820524,0.0248191728420058,0.062));
#631=CARTESIAN_POINT('',(-0.0648556241084607,9.10422775444444E-18,0.062));
#632=CARTESIAN_POINT('',(-0.0599187836820524,-0.0248191728420058,0.062));
#633=CARTESIAN_POINT('',(-0.0458598516051783,-0.0458598516051783,0.062));
#634=CARTESIAN_POINT('',(-0.0248191728420058,-0.0599187836820524,0.062));
#635=CARTESIAN_POINT('',(-1.458251921993E-17,-0.0648556241084607,0.062));
#636=CARTESIAN_POINT('',(0.0248191728420058,-0.0599187836820524,0.062));
#637=CARTESIAN_POINT('',(0.0458598516051783,-0.0458598516051783,0.062));
#638=CARTESIAN_POINT('',(0.0599187836820525,-0.0248191728420057,0.062));
#639=CARTESIAN_POINT('',(0.0648556241084607,-4.90059381963448E-17,0.062));
#640=CARTESIAN_POINT('',(0.0599187836820524,0.0248191728420058,0.062));
#641=CARTESIAN_POINT('',(0.,0.,0.00104833820993178));
#642=CARTESIAN_POINT('',(0.0365782371773682,0.0300189834570059,0.00104833820993178));
#643=CARTESIAN_POINT('',(0.,0.,0.062));
#644=CARTESIAN_POINT('',(0.0632100106329912,0.,0.062));
#645=CARTESIAN_POINT('',(-0.0135080291700441,-0.00559520888316372,0.0380000000007131));
#646=CARTESIAN_POINT('',(-0.0135056398141633,-0.00559421917927325,0.0362387888458287));
#647=CARTESIAN_POINT('',(-0.0140613657888703,-0.00582440842540147,0.0322407287608082));
#648=CARTESIAN_POINT('',(-0.0161915917951418,-0.00670677695853455,0.0249603301176475));
#649=CARTESIAN_POINT('',(-0.0191917081555171,-0.00794946587738808,0.0176173257799572));
#650=CARTESIAN_POINT('',(-0.0233220999424482,-0.00966033020494532,0.0101808288960919));
#651=CARTESIAN_POINT('',(-0.027927744513386,-0.0115680506665864,0.00429702408791534));
#652=CARTESIAN_POINT('',(-0.0323630722898025,-0.0134052235824562,0.000684150673840842));
#653=CARTESIAN_POINT('',(-0.0360145289946251,-0.0149177064546835,-0.00086128361697944));
#654=CARTESIAN_POINT('',(-0.0400014195509939,-0.0165691305615458,-0.00126123768433342));
#655=CARTESIAN_POINT('',(-0.0428586811589616,-0.0177526470339954,-0.000315043661561452));
#656=CARTESIAN_POINT('',(-0.0448553789606199,-0.0185797063109536,0.00104833820954837));
#657=CARTESIAN_POINT('',(-0.0146209854149779,1.22514845490862E-17,0.0380000000004243));
#658=CARTESIAN_POINT('',(-0.0146183991943924,1.5877674609116E-13,0.0362387888433199));
#659=CARTESIAN_POINT('',(-0.0152199126489774,5.3625136015728E-12,0.0322407287513543));
#660=CARTESIAN_POINT('',(-0.0175256526449406,1.98133998357414E-11,0.0249603300921985));
#661=CARTESIAN_POINT('',(-0.0207729551725684,3.5739857904768E-11,0.0176173257375413));
#662=CARTESIAN_POINT('',(-0.0252436590063267,5.0680070383391E-11,0.0101808288383549));
#663=CARTESIAN_POINT('',(-0.0302287727544789,5.87683517301596E-11,0.00429702402306674));
#664=CARTESIAN_POINT('',(-0.0350295369430447,5.76434804836629E-11,0.000684150612039894));
#665=CARTESIAN_POINT('',(-0.0389818452068141,4.95686013936292E-11,-0.000861283670220507));
#666=CARTESIAN_POINT('',(-0.0432972244689819,3.37283504077412E-11,-0.00126123772310105));
#667=CARTESIAN_POINT('',(-0.0463899021775545,1.58137739014741E-11,-0.000315043680499289));
#668=CARTESIAN_POINT('',(-0.0485511123290402,1.96891114523368E-15,0.00104833821012595));
#669=CARTESIAN_POINT('',(-0.0135080291700442,0.00559520888316367,0.0380000000001097));
#670=CARTESIAN_POINT('',(-0.0135056398132156,0.00559421917942666,0.0362387888454487));
#671=CARTESIAN_POINT('',(-0.0140613657923625,0.00582440840529795,0.032240728760616));
#672=CARTESIAN_POINT('',(-0.016191591814104,0.00670677688000233,0.024960330117576));
#673=CARTESIAN_POINT('',(-0.0191917081924328,0.00794946573411134,0.0176173257799307));
#674=CARTESIAN_POINT('',(-0.0233220999967342,0.00966033000096043,0.0101808288960761));
#675=CARTESIAN_POINT('',(-0.0279277445775429,0.0115680504297638,0.0042970240878869));
#676=CARTESIAN_POINT('',(-0.0323630723534106,0.0134052233501541,0.000684150673783545));
#677=CARTESIAN_POINT('',(-0.0360145290496625,0.0149177062550719,-0.000861283617056549));
#678=CARTESIAN_POINT('',(-0.0400014195886507,0.016569130425999,-0.00126123768439291));
#679=CARTESIAN_POINT('',(-0.0428586811766375,0.0177526469706022,-0.000315043661583763));
#680=CARTESIAN_POINT('',(-0.0448553789606065,0.0185797063109457,0.0010483382095385));
#681=CARTESIAN_POINT('',(-0.0103385979345605,0.0103385979345605,0.0380000000000055));
#682=CARTESIAN_POINT('',(-0.0103367691996571,0.0103367692003459,0.0362387888447556));
#683=CARTESIAN_POINT('',(-0.0107621034508786,0.010762103443093,0.0322407287580703));
#684=CARTESIAN_POINT('',(-0.0123925078653243,0.0123925078316696,0.0249603301107554));
#685=CARTESIAN_POINT('',(-0.0146886975349264,0.0146886974723227,0.0176173257685738));
#686=CARTESIAN_POINT('',(-0.0178499625631949,0.0178499624733631,0.0101808288806232));
#687=CARTESIAN_POINT('',(-0.0213749703173218,0.0213749702127334,0.00429702407053472));
#688=CARTESIAN_POINT('',(-0.0247696232301807,0.0247696231276496,0.000684150657248525));
#689=CARTESIAN_POINT('',(-0.0275643271910601,0.0275643271032165,-0.00086128363130306));
#690=CARTESIAN_POINT('',(-0.0306157610997243,0.03061576104032,-0.00126123769476879));
#691=CARTESIAN_POINT('',(-0.0328026144409753,0.0328026144131423,-0.000315043666647375));
#692=CARTESIAN_POINT('',(-0.0343308207615674,0.0343308207615159,0.00104833820970183));
#693=CARTESIAN_POINT('',(-0.00559520888316365,0.0135080291700442,0.0380000000000635));
#694=CARTESIAN_POINT('',(-0.00559421917849359,0.0135056398135464,0.0362387888449647));
#695=CARTESIAN_POINT('',(-0.00582440842034648,0.0140613657854296,0.0322407287587783));
#696=CARTESIAN_POINT('',(-0.00670677694341777,0.0161915917849848,0.024960330112629));
#697=CARTESIAN_POINT('',(-0.00794946585183629,0.0191917081382463,0.0176173257716882));
#698=CARTESIAN_POINT('',(-0.00966033017010023,0.0233220999186079,0.0101808288848591));
#699=CARTESIAN_POINT('',(-0.0115680506271667,0.0279277444859343,0.00429702407529118));
#700=CARTESIAN_POINT('',(-0.0134052235444467,0.0323630722624708,0.00068415066178207));
#701=CARTESIAN_POINT('',(-0.0149177064224168,0.0360145289704089,-0.00086128362739556));
#702=CARTESIAN_POINT('',(-0.0165691305399161,0.0400014195340503,-0.00126123769192248));
#703=CARTESIAN_POINT('',(-0.0177526470239219,0.0428586811513626,-0.000315043665259259));
#704=CARTESIAN_POINT('',(-0.018579706310935,0.0448553789608014,0.00104833820965636));
#705=CARTESIAN_POINT('',(-2.34797532978892E-18,0.0146209854149779,0.0380000000002422));
#706=CARTESIAN_POINT('',(8.66093414570107E-13,0.0146183991940718,0.0362387888450217));
#707=CARTESIAN_POINT('',(-5.65978023454004E-12,0.0152199126548922,0.0322407287586082));
#708=CARTESIAN_POINT('',(-2.65909093450311E-11,0.0175256526713942,0.0249603301120307));
#709=CARTESIAN_POINT('',(-5.03809228697186E-11,0.0207729552229144,0.0176173257706605));
#710=CARTESIAN_POINT('',(-7.30582040448392E-11,0.0252436590802371,0.0101808288834525));
#711=CARTESIAN_POINT('',(-8.56551339459364E-11,0.0302287728426988,0.00429702407371335));
#712=CARTESIAN_POINT('',(-8.44721618364517E-11,0.035029537033009,0.000684150660286868));
#713=CARTESIAN_POINT('',(-7.27835414821802E-11,0.0389818452879379,-0.000861283628674992));
#714=CARTESIAN_POINT('',(-4.95331529157088E-11,0.0432972245267761,-0.0012612376928525));
#715=CARTESIAN_POINT('',(-2.31970935651383E-11,0.0463899022035701,-0.000315043665716925));
#716=CARTESIAN_POINT('',(-2.95382750377382E-15,0.0485511123283355,0.001048338209671));
#717=CARTESIAN_POINT('',(0.00559520888316366,0.0135080291700442,0.0380000000004519));
#718=CARTESIAN_POINT('',(0.00559421918012514,0.0135056398134316,0.0362387888452093));
#719=CARTESIAN_POINT('',(0.00582440841009176,0.0140613657912115,0.0322407287588965));
#720=CARTESIAN_POINT('',(0.00670677689481444,0.0161915918078118,0.0249603301126544));
#721=CARTESIAN_POINT('',(0.00794946575957929,0.0191917081799433,0.0176173257716675));
#722=CARTESIAN_POINT('',(0.00966033003618325,0.0233220999779715,0.0101808288848155));
#723=CARTESIAN_POINT('',(0.0115680504700654,0.0279277445548332,0.004297024075247));
#724=CARTESIAN_POINT('',(0.0134052233894475,0.0323630723300149,0.000684150661758032));
#725=CARTESIAN_POINT('',(0.0149177062888185,0.036014529028386,-0.000861283627398176));
#726=CARTESIAN_POINT('',(0.0165691304489619,0.0400014195733377,-0.00126123769192127));
#727=CARTESIAN_POINT('',(0.0177526469813324,0.0428586811697095,-0.00031504366526516));
#728=CARTESIAN_POINT('',(0.0185797063109466,0.0448553789607934,0.00104833820965902));
#729=CARTESIAN_POINT('',(0.0103385979345605,0.0103385979345605,0.0380000000006022));
#730=CARTESIAN_POINT('',(0.010336769200983,0.010336769200143,0.0362387888451436));
#731=CARTESIAN_POINT('',(0.01076210344324,0.0107621034525244,0.0322407287582478));
#732=CARTESIAN_POINT('',(0.012392507828439,0.0123925078689936,0.0249603301107258));
#733=CARTESIAN_POINT('',(0.0146886974646928,0.0146886975404781,0.0176173257683963));
#734=CARTESIAN_POINT('',(0.0178499624611227,0.0178499625703142,0.0101808288803329));
#735=CARTESIAN_POINT('',(0.0213749701975295,0.0213749703251558,0.00429702407019552));
#736=CARTESIAN_POINT('',(0.0247696231119845,0.0247696232377627,0.00068415065693934));
#737=CARTESIAN_POINT('',(0.0275643270891735,0.027564327197657,-0.00086128363153942));
#738=CARTESIAN_POINT('',(0.0306157610303195,0.0306157611042511,-0.00126123769492655));
#739=CARTESIAN_POINT('',(0.032802614408432,0.0328026144429803,-0.000315043666755677));
#740=CARTESIAN_POINT('',(0.0343308207615129,0.0343308207615127,0.00104833820966632));
#741=CARTESIAN_POINT('',(0.0135080291700442,0.00559520888316363,0.0380000000006261));
#742=CARTESIAN_POINT('',(0.0135056398140585,0.00559421917919045,0.0362387888457474));
#743=CARTESIAN_POINT('',(0.014061365788522,0.00582440842188666,0.0322407287608264));
#744=CARTESIAN_POINT('',(0.016191591794379,0.00670677694540846,0.0249603301179263));
#745=CARTESIAN_POINT('',(0.0191917081543726,0.00794946585368797,0.017617325780526));
#746=CARTESIAN_POINT('',(0.0233220999409875,0.00966033017137396,0.0101808288969404));
#747=CARTESIAN_POINT('',(0.0279277445117862,0.0115680506277168,0.00429702408892577));
#748=CARTESIAN_POINT('',(0.0323630722882834,0.0134052235443861,0.000684150674838587));
#749=CARTESIAN_POINT('',(0.0360145289933745,0.0149177064219913,-0.000861283616130268));
#750=CARTESIAN_POINT('',(0.0400014195502608,0.0165691305393465,-0.00126123768374302));
#751=CARTESIAN_POINT('',(0.0428586811587425,0.0177526470236051,-0.000315043661211042));
#752=CARTESIAN_POINT('',(0.0448553789607918,0.0185797063109453,0.00104833820965849));
#753=CARTESIAN_POINT('',(0.0146209854149779,3.33118073471517E-17,0.0380000000005056));
#754=CARTESIAN_POINT('',(0.0146183991944854,-6.97485206717473E-14,0.0362387888434784));
#755=CARTESIAN_POINT('',(0.0152199126495974,7.35146511790528E-12,0.0322407287511836));
#756=CARTESIAN_POINT('',(0.0175256526469044,2.88209249264696E-11,0.0249603300909977));
#757=CARTESIAN_POINT('',(0.0207729551759943,5.26209434575552E-11,0.0176173257351533));
#758=CARTESIAN_POINT('',(0.0252436590111332,7.49361271306177E-11,0.0101808288348078));
#759=CARTESIAN_POINT('',(0.0302287727600566,8.70028620940931E-11,0.00429702401884157));
#760=CARTESIAN_POINT('',(0.0350295369485334,8.53388069626233E-11,0.000684150607856118));
#761=CARTESIAN_POINT('',(0.0389818452114294,7.3327448086542E-11,-0.000861283673794794));
#762=CARTESIAN_POINT('',(0.0432972244717363,4.9792801996487E-11,-0.00126123772559022));
#763=CARTESIAN_POINT('',(0.0463899021783614,2.32849902199999E-11,-0.000315043681967435));
#764=CARTESIAN_POINT('',(0.0485511123283348,-2.7114130799563E-16,0.00104833820966846));
#765=CARTESIAN_POINT('',(0.0135080291700441,-0.00559520888316375,0.038000000000285));
#766=CARTESIAN_POINT('',(0.0135056398135191,-0.00559421917931999,0.0362387888455322));
#767=CARTESIAN_POINT('',(0.0140613657930266,-0.0058244084082485,0.0322407287607246));
#768=CARTESIAN_POINT('',(0.0161915918148683,-0.00670677689207759,0.024960330117913));
#769=CARTESIAN_POINT('',(0.0191917081929867,-0.00794946575647643,0.0176173257805612));
#770=CARTESIAN_POINT('',(0.0233220999968546,-0.00966033003314379,0.0101808288970035));
#771=CARTESIAN_POINT('',(0.0279277445772113,-0.0115680504674197,0.00429702408899378));
#772=CARTESIAN_POINT('',(0.0323630723527789,-0.0134052233873251,0.000684150674888428));
#773=CARTESIAN_POINT('',(0.036014529048962,-0.0149177062871874,-0.000861283616103365));
#774=CARTESIAN_POINT('',(0.0400014195881283,-0.0165691304479637,-0.00126123768372679));
#775=CARTESIAN_POINT('',(0.0428586811764812,-0.0177526469809186,-0.000315043661196028));
#776=CARTESIAN_POINT('',(0.0448553789607927,-0.0185797063109442,0.00104833820965862));
#777=CARTESIAN_POINT('',(0.0103385979345605,-0.0103385979345605,0.0380000000001024));
#778=CARTESIAN_POINT('',(0.0103367691999602,-0.0103367692002392,0.0362387888448251));
#779=CARTESIAN_POINT('',(0.0107621034516175,-0.010762103441957,0.0322407287580946));
#780=CARTESIAN_POINT('',(0.0123925078665043,-0.0123925078278164,0.0249603301107054));
#781=CARTESIAN_POINT('',(0.0146886975363502,-0.0146886974655174,0.0176173257684514));
#782=CARTESIAN_POINT('',(0.0178499625646882,-0.0178499624638171,0.0101808288804344));
#783=CARTESIAN_POINT('',(0.0213749703187121,-0.0213749702017289,0.00429702407030874));
#784=CARTESIAN_POINT('',(0.0247696232313486,-0.0247696231168861,0.000684150657027592));
#785=CARTESIAN_POINT('',(0.0275643271919556,-0.0275643270939692,-0.000861283631487249));
#786=CARTESIAN_POINT('',(0.0306157611002361,-0.0306157610340313,-0.00126123769489508));
#787=CARTESIAN_POINT('',(0.0328026144411605,-0.0328026144102021,-0.000315043666726374));
#788=CARTESIAN_POINT('',(0.0343308207615202,-0.0343308207615211,0.00104833820967341));
#789=CARTESIAN_POINT('',(0.00559520888316373,-0.0135080291700441,0.0380000000000743));
#790=CARTESIAN_POINT('',(0.0055942191787304,-0.0135056398134802,0.0362387888449694));
#791=CARTESIAN_POINT('',(0.00582440842093072,-0.0140613657855156,0.0322407287587696));
#792=CARTESIAN_POINT('',(0.0067067769443631,-0.0161915917856859,0.0249603301125932));
#793=CARTESIAN_POINT('',(0.00794946585298245,-0.0191917081396881,0.0176173257716244));
#794=CARTESIAN_POINT('',(0.00966033017130036,-0.0233220999207869,0.0101808288847702));
#795=CARTESIAN_POINT('',(0.0115680506282741,-0.0279277444885506,0.00429702407519005));
#796=CARTESIAN_POINT('',(0.0134052235453615,-0.0323630722650896,0.000684150661685281));
#797=CARTESIAN_POINT('',(0.0149177064231121,-0.0360145289726845,-0.00086128362747827));
#798=CARTESIAN_POINT('',(0.0165691305403286,-0.0400014195356079,-0.00126123769198196));
#799=CARTESIAN_POINT('',(0.0177526470241027,-0.042858681152089,-0.000315043665289961));
#800=CARTESIAN_POINT('',(0.0185797063109422,-0.0448553789607873,0.00104833820965444));
#801=CARTESIAN_POINT('',(9.03953561309789E-18,-0.0146209854149779,0.0380000000002298));
#802=CARTESIAN_POINT('',(-7.43184532740315E-13,-0.0146183991940709,0.0362387888450143));
#803=CARTESIAN_POINT('',(5.91284176297818E-12,-0.0152199126547666,0.0322407287586026));
#804=CARTESIAN_POINT('',(2.68852698621664E-11,-0.0175256526709185,0.0249603301120206));
#805=CARTESIAN_POINT('',(5.06219180614574E-11,-0.0207729552220517,0.0176173257706433));
#806=CARTESIAN_POINT('',(7.3187131038161E-11,-0.0252436590790111,0.0101808288834277));
#807=CARTESIAN_POINT('',(8.56680211930869E-11,-0.0302287728412759,0.00429702407368387));
#808=CARTESIAN_POINT('',(8.44065100745386E-11,-0.0350295370316125,0.000684150660257183));
#809=CARTESIAN_POINT('',(7.2686735103078E-11,-0.0389818452867363,-0.000861283628700977));
#810=CARTESIAN_POINT('',(4.94386483249239E-11,-0.0432972245259568,-0.00126123769287081));
#811=CARTESIAN_POINT('',(2.31427501403043E-11,-0.0463899022031833,-0.000315043665727242));
#812=CARTESIAN_POINT('',(-1.00036623949806E-15,-0.0485511123283311,0.00104833820966807));
#813=CARTESIAN_POINT('',(-0.00559520888316375,-0.0135080291700441,0.0380000000004908));
#814=CARTESIAN_POINT('',(-0.00559421918012613,-0.0135056398135013,0.0362387888452344));
#815=CARTESIAN_POINT('',(-0.0058244084100861,-0.0140613657916307,0.0322407287589111));
#816=CARTESIAN_POINT('',(-0.00670677689480114,-0.0161915918090265,0.0249603301126648));
#817=CARTESIAN_POINT('',(-0.00794946575956042,-0.019191708181976,0.0176173257716787));
#818=CARTESIAN_POINT('',(-0.0096603300361589,-0.0233220999807308,0.0101808288848292));
#819=CARTESIAN_POINT('',(-0.0115680504700385,-0.0279277445579491,0.00429702407526302));
#820=CARTESIAN_POINT('',(-0.0134052233894243,-0.0323630723330193,0.000684150661775163));
#821=CARTESIAN_POINT('',(-0.014917706288801,-0.0360145290309412,-0.000861283627381621));
#822=CARTESIAN_POINT('',(-0.0165691304489477,-0.0400014195750589,-0.00126123769190895));
#823=CARTESIAN_POINT('',(-0.0177526469813186,-0.0428586811705178,-0.00031504366525969));
#824=CARTESIAN_POINT('',(-0.0185797063109382,-0.0448553789608047,0.0010483382096593));
#825=CARTESIAN_POINT('',(-0.0103385979345605,-0.0103385979345605,0.0380000000006991));
#826=CARTESIAN_POINT('',(-0.0103367692010736,-0.0103367692002459,0.0362387888451972));
#827=CARTESIAN_POINT('',(-0.0107621034434558,-0.0107621034518347,0.0322407287582818));
#828=CARTESIAN_POINT('',(-0.0123925078287391,-0.0123925078657353,0.0249603301107817));
#829=CARTESIAN_POINT('',(-0.0146886974649969,-0.0146886975342855,0.0176173257684942));
#830=CARTESIAN_POINT('',(-0.0178499624613669,-0.0178499625613105,0.0101808288804783));
#831=CARTESIAN_POINT('',(-0.0213749701976823,-0.0213749703145805,0.00429702407037331));
#832=CARTESIAN_POINT('',(-0.024769623112051,-0.0247696232273158,0.000684150657122107));
#833=CARTESIAN_POINT('',(-0.027564327089188,-0.0275643271886342,-0.000861283631378885));
#834=CARTESIAN_POINT('',(-0.0306157610303162,-0.0306157610980821,-0.00126123769481506));
#835=CARTESIAN_POINT('',(-0.0328026144084524,-0.0328026144400793,-0.000315043666689092));
#836=CARTESIAN_POINT('',(-0.0343308207615565,-0.0343308207615065,0.00104833820969245));
#837=CARTESIAN_POINT('',(-0.0135080291700441,-0.00559520888316372,0.0380000000007131));
#838=CARTESIAN_POINT('',(-0.0135056398141633,-0.00559421917927325,0.0362387888458287));
#839=CARTESIAN_POINT('',(-0.0140613657888703,-0.00582440842540147,0.0322407287608082));
#840=CARTESIAN_POINT('',(-0.0161915917951418,-0.00670677695853455,0.0249603301176475));
#841=CARTESIAN_POINT('',(-0.0191917081555171,-0.00794946587738808,0.0176173257799572));
#842=CARTESIAN_POINT('',(-0.0233220999424482,-0.00966033020494532,0.0101808288960919));
#843=CARTESIAN_POINT('',(-0.027927744513386,-0.0115680506665864,0.00429702408791534));
#844=CARTESIAN_POINT('',(-0.0323630722898025,-0.0134052235824562,0.000684150673840842));
#845=CARTESIAN_POINT('',(-0.0360145289946251,-0.0149177064546835,-0.00086128361697944));
#846=CARTESIAN_POINT('',(-0.0400014195509939,-0.0165691305615458,-0.00126123768433342));
#847=CARTESIAN_POINT('',(-0.0428586811589616,-0.0177526470339954,-0.000315043661561452));
#848=CARTESIAN_POINT('',(-0.0448553789606199,-0.0185797063109536,0.00104833820954837));
#849=CARTESIAN_POINT('',(-0.0146209854149779,1.22514845490862E-17,0.0380000000004243));
#850=CARTESIAN_POINT('',(-0.0146183991943924,1.5877674609116E-13,0.0362387888433199));
#851=CARTESIAN_POINT('',(-0.0152199126489774,5.3625136015728E-12,0.0322407287513543));
#852=CARTESIAN_POINT('',(-0.0175256526449406,1.98133998357414E-11,0.0249603300921985));
#853=CARTESIAN_POINT('',(-0.0207729551725684,3.5739857904768E-11,0.0176173257375413));
#854=CARTESIAN_POINT('',(-0.0252436590063267,5.0680070383391E-11,0.0101808288383549));
#855=CARTESIAN_POINT('',(-0.0302287727544789,5.87683517301596E-11,0.00429702402306674));
#856=CARTESIAN_POINT('',(-0.0350295369430447,5.76434804836629E-11,0.000684150612039894));
#857=CARTESIAN_POINT('',(-0.0389818452068141,4.95686013936292E-11,-0.000861283670220507));
#858=CARTESIAN_POINT('',(-0.0432972244689819,3.37283504077412E-11,-0.00126123772310105));
#859=CARTESIAN_POINT('',(-0.0463899021775545,1.58137739014741E-11,-0.000315043680499289));
#860=CARTESIAN_POINT('',(-0.0485511123290402,1.96891114523368E-15,0.00104833821012595));
#861=CARTESIAN_POINT('',(-0.0135080291700442,0.00559520888316367,0.0380000000001097));
#862=CARTESIAN_POINT('',(-0.0135056398132156,0.00559421917942666,0.0362387888454487));
#863=CARTESIAN_POINT('',(-0.0140613657923625,0.00582440840529795,0.032240728760616));
#864=CARTESIAN_POINT('',(-0.016191591814104,0.00670677688000233,0.024960330117576));
#865=CARTESIAN_POINT('',(-0.0191917081924328,0.00794946573411134,0.0176173257799307));
#866=CARTESIAN_POINT('',(-0.0233220999967342,0.00966033000096043,0.0101808288960761));
#867=CARTESIAN_POINT('',(-0.0279277445775429,0.0115680504297638,0.0042970240878869));
#868=CARTESIAN_POINT('',(-0.0323630723534106,0.0134052233501541,0.000684150673783545));
#869=CARTESIAN_POINT('',(-0.0360145290496625,0.0149177062550719,-0.000861283617056549));
#870=CARTESIAN_POINT('',(-0.0400014195886507,0.016569130425999,-0.00126123768439291));
#871=CARTESIAN_POINT('',(-0.0428586811766375,0.0177526469706022,-0.000315043661583763));
#872=CARTESIAN_POINT('',(-0.0448553789606065,0.0185797063109457,0.0010483382095385));
#873=CARTESIAN_POINT('',(0.,0.,0.062));
#874=CARTESIAN_POINT('',(0.,0.,0.));
#875=CARTESIAN_POINT('',(0.0111381994910891,0.00461359328962612,0.173999999999939));
#876=CARTESIAN_POINT('',(0.0111485979613649,0.00461790047611269,0.163222815746136));
#877=CARTESIAN_POINT('',(0.0188981310584494,0.00782786229488138,0.140204739141861));
#878=CARTESIAN_POINT('',(0.0336855670355544,0.0139530188341867,0.119533169138777));
#879=CARTESIAN_POINT('',(0.040828439017518,0.0169116931716475,0.111163586742631));
#880=CARTESIAN_POINT('',(0.0120559002544555,3.03576608295941E-17,0.173999999999961));
#881=CARTESIAN_POINT('',(0.0120671554768383,4.57045317391047E-13,0.163222815748101));
#882=CARTESIAN_POINT('',(0.0204551896325867,-4.99013989851971E-11,0.140204739185981));
#883=CARTESIAN_POINT('',(0.0364609949992692,-5.21574070825453E-11,0.119533169181828));
#884=CARTESIAN_POINT('',(0.0441923839434719,-4.21971485531358E-16,0.111163586741761));
#885=CARTESIAN_POINT('',(0.011138199491089,-0.00461359328962624,0.173999999999968));
#886=CARTESIAN_POINT('',(0.0111485979607584,-0.00461790047751581,0.163222815746141));
#887=CARTESIAN_POINT('',(0.018898131114393,-0.00782786209348736,0.140204739141889));
#888=CARTESIAN_POINT('',(0.0336855670938091,-0.0139530186249746,0.119533169138814));
#889=CARTESIAN_POINT('',(0.0408284390175139,-0.0169116931716458,0.111163586742635));
#890=CARTESIAN_POINT('',(0.00852480882323409,-0.00852480882323408,0.17399999999996));
#891=CARTESIAN_POINT('',(0.00853276746707629,-0.00853276746780716,0.163222815746667));
#892=CARTESIAN_POINT('',(0.0144640033784436,-0.0144640032871926,0.140204739153729));
#893=CARTESIAN_POINT('',(0.0257818168930829,-0.0257818167977701,0.119533169150361));
#894=CARTESIAN_POINT('',(0.0312487343628361,-0.0312487343627912,0.111163586742398));
#895=CARTESIAN_POINT('',(0.00461359328962612,-0.0111381994910891,0.173999999999957));
#896=CARTESIAN_POINT('',(0.00461790047656784,-0.0111485979610509,0.163222815746522));
#897=CARTESIAN_POINT('',(0.00782786226320526,-0.0188981310442623,0.140204739150434));
#898=CARTESIAN_POINT('',(0.013953018800832,-0.0336855670218449,0.119533169147144));
#899=CARTESIAN_POINT('',(0.0169116931716349,-0.0408284390176831,0.111163586742461));
#900=CARTESIAN_POINT('',(-1.81027881487189E-17,-0.0120559002544555,0.173999999999972));
#901=CARTESIAN_POINT('',(-3.70565970758078E-14,-0.0120671554769542,0.163222815746571));
#902=CARTESIAN_POINT('',(7.34923894879719E-11,-0.0204551896758774,0.140204739151602));
#903=CARTESIAN_POINT('',(7.59891681778027E-11,-0.0364609950416985,0.119533169148294));
#904=CARTESIAN_POINT('',(3.33931558620104E-15,-0.0441923839428509,0.111163586742447));
#905=CARTESIAN_POINT('',(-0.00461359328962615,-0.0111381994910891,0.17400000000001));
#906=CARTESIAN_POINT('',(-0.00461790047652697,-0.0111485979605653,0.163222815746541));
#907=CARTESIAN_POINT('',(-0.00782786212683228,-0.0188981311024431,0.1402047391504));
#908=CARTESIAN_POINT('',(-0.013953018659974,-0.0336855670824277,0.11953316914711));
#909=CARTESIAN_POINT('',(-0.0169116931716483,-0.040828439017682,0.111163586742449));
#910=CARTESIAN_POINT('',(-0.00852480882323414,-0.00852480882323406,0.174000000000063));
#911=CARTESIAN_POINT('',(-0.00853276746670965,-0.00853276746699447,0.163222815746661));
#912=CARTESIAN_POINT('',(-0.0144640032750498,-0.0144640033813437,0.140204739153921));
#913=CARTESIAN_POINT('',(-0.0257818167864868,-0.0257818168959897,0.11953316915062));
#914=CARTESIAN_POINT('',(-0.0312487343627858,-0.0312487343627867,0.111163586742455));
#915=CARTESIAN_POINT('',(-0.011138199491089,-0.00461359328962622,0.174000000000113));
#916=CARTESIAN_POINT('',(-0.0111485979598087,-0.0046179004762928,0.163222815746273));
#917=CARTESIAN_POINT('',(-0.0188981310545504,-0.00782786226178999,0.14020473914106));
#918=CARTESIAN_POINT('',(-0.0336855670332936,-0.0139530187997442,0.119533169137854));
#919=CARTESIAN_POINT('',(-0.0408284390176877,-0.01691169317165,0.111163586742441));
#920=CARTESIAN_POINT('',(-0.0120559002544555,3.47043228949929E-17,0.17400000000014));
#921=CARTESIAN_POINT('',(-0.0120671554753863,5.11052699862879E-13,0.163222815747781));
#922=CARTESIAN_POINT('',(-0.020455189640007,-7.30249591079506E-11,0.140204739188506));
#923=CARTESIAN_POINT('',(-0.0364609950076807,-7.59590600602379E-11,0.119533169184953));
#924=CARTESIAN_POINT('',(-0.0441923839428542,9.66308818164201E-16,0.111163586742447));
#925=CARTESIAN_POINT('',(-0.0111381994910891,0.0046135932896261,0.174000000000129));
#926=CARTESIAN_POINT('',(-0.011148597959269,0.00461790047727931,0.163222815746273));
#927=CARTESIAN_POINT('',(-0.0188981311103019,0.00782786212730715,0.140204739141125));
#928=CARTESIAN_POINT('',(-0.0336855670914329,0.0139530186597728,0.11953316913793));
#929=CARTESIAN_POINT('',(-0.04082843901768,0.0169116931716462,0.111163586742451));
#930=CARTESIAN_POINT('',(-0.00852480882323406,0.00852480882323414,0.174000000000087));
#931=CARTESIAN_POINT('',(-0.00853276746566526,0.00853276746777719,0.163222815746668));
#932=CARTESIAN_POINT('',(-0.0144640033775683,0.0144640032783406,0.140204739153882));
#933=CARTESIAN_POINT('',(-0.025781816893525,0.0257818167887181,0.119533169150583));
#934=CARTESIAN_POINT('',(-0.0312487343627894,0.0312487343627887,0.11116358674245));
#935=CARTESIAN_POINT('',(-0.00461359328962624,0.011138199491089,0.174000000000028));
#936=CARTESIAN_POINT('',(-0.00461790047513606,0.0111485979609889,0.163222815746546));
#937=CARTESIAN_POINT('',(-0.00782786226149036,0.0188981310467884,0.140204739150355));
#938=CARTESIAN_POINT('',(-0.0139530188005451,0.0336855670244847,0.119533169147066));
#939=CARTESIAN_POINT('',(-0.0169116931716491,0.0408284390176857,0.111163586742445));
#940=CARTESIAN_POINT('',(-2.42590236093632E-18,0.0120559002544555,0.173999999999972));
#941=CARTESIAN_POINT('',(1.51223888825765E-12,0.0120671554769632,0.163222815746572));
#942=CARTESIAN_POINT('',(-7.20167211997781E-11,0.0204551896746264,0.140204739151585));
#943=CARTESIAN_POINT('',(-7.5982601449847E-11,0.0364609950404003,0.119533169148276));
#944=CARTESIAN_POINT('',(3.40989714762985E-15,0.044192383942852,0.111163586742446));
#945=CARTESIAN_POINT('',(0.00461359328962617,0.011138199491089,0.173999999999936));
#946=CARTESIAN_POINT('',(0.00461790047803507,0.0111485979605909,0.163222815746521));
#947=CARTESIAN_POINT('',(0.00782786212873809,0.018898131104785,0.140204739150513));
#948=CARTESIAN_POINT('',(0.0139530186603744,0.0336855670848512,0.119533169147217));
#949=CARTESIAN_POINT('',(0.0169116931716355,0.0408284390176844,0.111163586742459));
#950=CARTESIAN_POINT('',(0.00852480882323408,0.0085248088232341,0.173999999999927));
#951=CARTESIAN_POINT('',(0.00853276746824563,0.00853276746713355,0.163222815746659));
#952=CARTESIAN_POINT('',(0.0144640032756396,0.0144640033726473,0.14020473915369));
#953=CARTESIAN_POINT('',(0.0257818167856144,0.0257818168868586,0.119533169150316));
#954=CARTESIAN_POINT('',(0.0312487343628364,0.0312487343627917,0.111163586742397));
#955=CARTESIAN_POINT('',(0.0111381994910891,0.00461359328962612,0.173999999999939));
#956=CARTESIAN_POINT('',(0.0111485979613649,0.00461790047611269,0.163222815746136));
#957=CARTESIAN_POINT('',(0.0188981310584494,0.00782786229488138,0.140204739141861));
#958=CARTESIAN_POINT('',(0.0336855670355544,0.0139530188341867,0.119533169138777));
#959=CARTESIAN_POINT('',(0.040828439017518,0.0169116931716475,0.111163586742631));
#960=CARTESIAN_POINT('',(0.0120559002544555,3.03576608295941E-17,0.173999999999961));
#961=CARTESIAN_POINT('',(0.0120671554768383,4.57045317391047E-13,0.163222815748101));
#962=CARTESIAN_POINT('',(0.0204551896325867,-4.99013989851971E-11,0.140204739185981));
#963=CARTESIAN_POINT('',(0.0364609949992692,-5.21574070825453E-11,0.119533169181828));
#964=CARTESIAN_POINT('',(0.0441923839434719,-4.21971485531358E-16,0.111163586741761));
#965=CARTESIAN_POINT('',(0.011138199491089,-0.00461359328962624,0.173999999999968));
#966=CARTESIAN_POINT('',(0.0111485979607584,-0.00461790047751581,0.163222815746141));
#967=CARTESIAN_POINT('',(0.018898131114393,-0.00782786209348736,0.140204739141889));
#968=CARTESIAN_POINT('',(0.0336855670938091,-0.0139530186249746,0.119533169138814));
#969=CARTESIAN_POINT('',(0.0408284390175139,-0.0169116931716458,0.111163586742635));
#970=CARTESIAN_POINT('',(0.,0.,0.111163586742051));
#971=CARTESIAN_POINT('',(-0.0383948519244937,-0.0195179993509739,0.111163586766823));
#972=CARTESIAN_POINT('',(-0.0383948519244914,0.019517999350977,0.111163586766823));
#973=CARTESIAN_POINT('',(-0.0383948516234493,-0.0195179991979383,0.111163586791594));
#974=CARTESIAN_POINT('',(-0.0373747286905542,-0.0196928084335374,0.112085564586213));
#975=CARTESIAN_POINT('',(-0.0353724158165657,-0.0197115978282854,0.114071822757262));
#976=CARTESIAN_POINT('',(-0.0328455862702093,-0.0187914008001554,0.117223934789854));
#977=CARTESIAN_POINT('',(-0.030860518144121,-0.0169864753536643,0.120500417107042));
#978=CARTESIAN_POINT('',(-0.0295373924890252,-0.0145471101136749,0.123543483343512));
#979=CARTESIAN_POINT('',(-0.0287176566264719,-0.0115046697967907,0.126308775143951));
#980=CARTESIAN_POINT('',(-0.0283052500042074,-0.00803167265746066,0.128517438282597));
#981=CARTESIAN_POINT('',(-0.0281375408280989,-0.00411101216342794,0.130015332515778));
#982=CARTESIAN_POINT('',(-0.0281007124103993,3.72139810477313E-5,0.130535925377717));
#983=CARTESIAN_POINT('',(-0.0281390827908551,0.00419242260174609,0.129995294132308));
#984=CARTESIAN_POINT('',(-0.0283111139355355,0.00810421062962233,0.128478324111611));
#985=CARTESIAN_POINT('',(-0.0287249661305659,0.011539481226095,0.126280161512625));
#986=CARTESIAN_POINT('',(-0.0295483493533795,0.0145787817518106,0.123511098899884));
#987=CARTESIAN_POINT('',(-0.0306615881234643,0.0166088543062018,0.12096567041717));
#988=CARTESIAN_POINT('',(-0.0318776563985185,0.0179148266215764,0.11881863589803));
#989=CARTESIAN_POINT('',(-0.0332715209091643,0.0189433996850723,0.11669514626841));
#990=CARTESIAN_POINT('',(-0.0354144468141272,0.0197191681391739,0.114024537345541));
#991=CARTESIAN_POINT('',(-0.0373747286903815,0.0196928084346848,0.11208556458581));
#992=CARTESIAN_POINT('',(-0.0383948516234465,0.0195179991979409,0.111163586791595));
#993=CARTESIAN_POINT('',(0.0116892737965827,-0.00152280059586124,0.173999999999959));
#994=CARTESIAN_POINT('',(0.0117803631017087,-1.46367293285543E-18,0.173999999999959));
#995=CARTESIAN_POINT('',(0.0116892737965827,0.00152280059586124,0.173999999999959));
#996=CARTESIAN_POINT('',(0.011221772610007,0.00384867272964765,0.173999999999959));
#997=CARTESIAN_POINT('',(0.0097576775270233,0.00709794245386494,0.173999999999961));
#998=CARTESIAN_POINT('',(0.00585469826530299,0.0107094113997361,0.173999999999969));
#999=CARTESIAN_POINT('',(-7.9180639909332E-18,0.012270294300132,0.173999999999996));
#1000=CARTESIAN_POINT('',(-0.005854698265303,0.0107094113997361,0.174000000000047));
#1001=CARTESIAN_POINT('',(-0.00975767752702331,0.00709794245386495,0.1740000000001));
#1002=CARTESIAN_POINT('',(-0.011221772610007,0.00384867272964765,0.174000000000124));
#1003=CARTESIAN_POINT('',(-0.0116892737965827,0.00152280059586125,0.174000000000132));
#1004=CARTESIAN_POINT('',(-0.0117803631017087,5.18559939599799E-19,0.174000000000134));
#1005=CARTESIAN_POINT('',(-0.0116892737965827,-0.00152280059586124,0.174000000000132));
#1006=CARTESIAN_POINT('',(-0.011221772610007,-0.00384867272964765,0.174000000000124));
#1007=CARTESIAN_POINT('',(-0.00975767752702331,-0.00709794245386494,0.1740000000001));
#1008=CARTESIAN_POINT('',(-0.005854698265303,-0.0107094113997361,0.174000000000047));
#1009=CARTESIAN_POINT('',(-7.9959910220806E-18,-0.012270294300132,0.173999999999996));
#1010=CARTESIAN_POINT('',(0.00585469826530299,-0.0107094113997361,0.173999999999969));
#1011=CARTESIAN_POINT('',(0.0097576775270233,-0.00709794245386494,0.173999999999961));
#1012=CARTESIAN_POINT('',(0.011221772610007,-0.00384867272964765,0.173999999999959));
#1013=CARTESIAN_POINT('',(0.0116892737965827,-0.00152280059586124,0.173999999999959));
#1014=CARTESIAN_POINT('',(0.0117803631017087,-1.46367293285543E-18,0.173999999999959));
#1015=CARTESIAN_POINT('',(0.0116892737965827,0.00152280059586124,0.173999999999959));
#1016=CARTESIAN_POINT('',(0.01175,-8.34001671231134E-19,0.173999999999959));
#1017=CARTESIAN_POINT('',(0.0448553789611902,-0.0185797063111097,0.00104833820993178));
#1018=CARTESIAN_POINT('',(0.0485511123287517,-3.55618312575245E-17,0.00104833820993178));
#1019=CARTESIAN_POINT('',(0.0448553789611901,0.0185797063111098,0.00104833820993178));
#1020=CARTESIAN_POINT('',(0.0343308207618102,0.0343308207618101,0.00104833820993178));
#1021=CARTESIAN_POINT('',(0.0185797063111098,0.0448553789611901,0.00104833820993178));
#1022=CARTESIAN_POINT('',(9.67650438943313E-18,0.0485511123287518,0.00104833820993178));
#1023=CARTESIAN_POINT('',(-0.0185797063111097,0.0448553789611901,0.00104833820993178));
#1024=CARTESIAN_POINT('',(-0.0343308207618102,0.0343308207618102,0.00104833820993178));
#1025=CARTESIAN_POINT('',(-0.0448553789611902,0.0185797063111098,0.00104833820993178));
#1026=CARTESIAN_POINT('',(-0.0485511123287518,6.3908900568133E-18,0.00104833820993178));
#1027=CARTESIAN_POINT('',(-0.0448553789611902,-0.0185797063111097,0.00104833820993178));
#1028=CARTESIAN_POINT('',(-0.0343308207618102,-0.0343308207618101,0.00104833820993178));
#1029=CARTESIAN_POINT('',(-0.0185797063111098,-0.0448553789611901,0.00104833820993178));
#1030=CARTESIAN_POINT('',(-1.89193279098721E-17,-0.0485511123287518,0.00104833820993178));
#1031=CARTESIAN_POINT('',(0.0185797063111098,-0.0448553789611902,0.00104833820993178));
#1032=CARTESIAN_POINT('',(0.0343308207618102,-0.0343308207618101,0.00104833820993178));
#1033=CARTESIAN_POINT('',(0.0448553789611902,-0.0185797063111097,0.00104833820993178));
#1034=CARTESIAN_POINT('',(0.0485511123287517,-3.55618312575245E-17,0.00104833820993178));
#1035=CARTESIAN_POINT('',(0.0448553789611901,0.0185797063111098,0.00104833820993178));
#1036=CARTESIAN_POINT('',(0.0476729244185118,-0.0197467718521349,0.00297537816858292));
#1037=CARTESIAN_POINT('',(0.0516008015557259,-4.33680868994202E-17,0.00297537816858292));
#1038=CARTESIAN_POINT('',(0.0476729244185118,0.0197467718521351,0.00297537816858292));
#1039=CARTESIAN_POINT('',(0.0364872766947152,0.0364872766947151,0.00297537816858292));
#1040=CARTESIAN_POINT('',(0.0197467718521351,0.0476729244185118,0.00297537816858292));
#1041=CARTESIAN_POINT('',(7.9959910220806E-18,0.0516008015557259,0.00297537816858292));
#1042=CARTESIAN_POINT('',(-0.0197467718521351,0.0476729244185118,0.00297537816858292));
#1043=CARTESIAN_POINT('',(-0.0364872766947152,0.0364872766947152,0.00297537816858292));
#1044=CARTESIAN_POINT('',(-0.0476729244185117,0.0197467718521351,0.00297537816858292));
#1045=CARTESIAN_POINT('',(-0.0516008015557259,6.04916520215539E-18,0.00297537816858292));
#1046=CARTESIAN_POINT('',(-0.0476729244185118,-0.0197467718521351,0.00297537816858292));
#1047=CARTESIAN_POINT('',(-0.0364872766947152,-0.0364872766947152,0.00297537816858292));
#1048=CARTESIAN_POINT('',(-0.0197467718521351,-0.0476729244185118,0.00297537816858292));
#1049=CARTESIAN_POINT('',(-1.90006430728085E-17,-0.0516008015557259,0.00297537816858292));
#1050=CARTESIAN_POINT('',(0.0197467718521351,-0.0476729244185118,0.00297537816858292));
#1051=CARTESIAN_POINT('',(0.0364872766947152,-0.0364872766947152,0.00297537816858292));
#1052=CARTESIAN_POINT('',(0.0476729244185118,-0.0197467718521349,0.00297537816858292));
#1053=CARTESIAN_POINT('',(0.0516008015557259,-4.33680868994202E-17,0.00297537816858292));
#1054=CARTESIAN_POINT('',(0.0476729244185118,0.0197467718521351,0.00297537816858292));
#1055=CARTESIAN_POINT('',(0.0520288671008344,-0.0215510623880728,0.00811990316453283));
#1056=CARTESIAN_POINT('',(0.0563156399399927,-4.11996825544492E-17,0.00811990316453282));
#1057=CARTESIAN_POINT('',(0.0520288671008344,0.0215510623880729,0.00811990316453282));
#1058=CARTESIAN_POINT('',(0.0398211708884288,0.0398211708884288,0.00811990316453282));
#1059=CARTESIAN_POINT('',(0.0215510623880729,0.0520288671008344,0.00811990316453282));
#1060=CARTESIAN_POINT('',(1.69000013636178E-17,0.0563156399399927,0.00811990316453282));
#1061=CARTESIAN_POINT('',(-0.0215510623880729,0.0520288671008344,0.00811990316453282));
#1062=CARTESIAN_POINT('',(-0.0398211708884288,0.0398211708884288,0.00811990316453282));
#1063=CARTESIAN_POINT('',(-0.0520288671008344,0.0215510623880729,0.00811990316453282));
#1064=CARTESIAN_POINT('',(-0.0563156399399927,1.1525127327036E-17,0.00811990316453282));
#1065=CARTESIAN_POINT('',(-0.0520288671008344,-0.0215510623880729,0.00811990316453282));
#1066=CARTESIAN_POINT('',(-0.0398211708884288,-0.0398211708884288,0.00811990316453282));
#1067=CARTESIAN_POINT('',(-0.0215510623880729,-0.0520288671008344,0.00811990316453282));
#1068=CARTESIAN_POINT('',(-2.07895766574095E-17,-0.0563156399399927,0.00811990316453282));
#1069=CARTESIAN_POINT('',(0.0215510623880729,-0.0520288671008344,0.00811990316453282));
#1070=CARTESIAN_POINT('',(0.0398211708884288,-0.0398211708884288,0.00811990316453282));
#1071=CARTESIAN_POINT('',(0.0520288671008344,-0.0215510623880728,0.00811990316453283));
#1072=CARTESIAN_POINT('',(0.0563156399399927,-4.11996825544492E-17,0.00811990316453282));
#1073=CARTESIAN_POINT('',(0.0520288671008344,0.0215510623880729,0.00811990316453282));
#1074=CARTESIAN_POINT('',(0.0569208286935059,-0.0235773792263656,0.0195830029271276));
#1075=CARTESIAN_POINT('',(0.0616106610120301,-4.55364912443912E-17,0.0195830029271276));
#1076=CARTESIAN_POINT('',(0.0569208286935058,0.0235773792263657,0.0195830029271276));
#1077=CARTESIAN_POINT('',(0.0435653161949922,0.0435653161949922,0.0195830029271276));
#1078=CARTESIAN_POINT('',(0.0235773792263657,0.0569208286935058,0.0195830029271276));
#1079=CARTESIAN_POINT('',(7.94178091345632E-18,0.0616106610120301,0.0195830029271276));
#1080=CARTESIAN_POINT('',(-0.0235773792263657,0.0569208286935058,0.0195830029271276));
#1081=CARTESIAN_POINT('',(-0.0435653161949921,0.0435653161949922,0.0195830029271276));
#1082=CARTESIAN_POINT('',(-0.0569208286935058,0.0235773792263657,0.0195830029271276));
#1083=CARTESIAN_POINT('',(-0.0616106610120301,7.50955588234021E-18,0.0195830029271276));
#1084=CARTESIAN_POINT('',(-0.0569208286935058,-0.0235773792263657,0.0195830029271276));
#1085=CARTESIAN_POINT('',(-0.0435653161949922,-0.0435653161949921,0.0195830029271276));
#1086=CARTESIAN_POINT('',(-0.0235773792263657,-0.0569208286935058,0.0195830029271276));
#1087=CARTESIAN_POINT('',(-2.18737788298951E-17,-0.0616106610120301,0.0195830029271276));
#1088=CARTESIAN_POINT('',(0.0235773792263657,-0.0569208286935058,0.0195830029271276));
#1089=CARTESIAN_POINT('',(0.0435653161949922,-0.0435653161949922,0.0195830029271276));
#1090=CARTESIAN_POINT('',(0.0569208286935059,-0.0235773792263656,0.0195830029271276));
#1091=CARTESIAN_POINT('',(0.0616106610120301,-4.55364912443912E-17,0.0195830029271276));
#1092=CARTESIAN_POINT('',(0.0569208286935058,0.0235773792263657,0.0195830029271276));
#1093=CARTESIAN_POINT('',(0.0602705725687817,-0.0249648885699811,0.0344789577119078));
#1094=CARTESIAN_POINT('',(0.065236397655606,-4.46691295064028E-17,0.0344789577119078));
#1095=CARTESIAN_POINT('',(0.0602705725687817,0.0249648885699812,0.0344789577119078));
#1096=CARTESIAN_POINT('',(0.0461290991624612,0.0461290991624612,0.0344789577119078));
#1097=CARTESIAN_POINT('',(0.0249648885699812,0.0602705725687816,0.0344789577119078));
#1098=CARTESIAN_POINT('',(1.68864488364617E-17,0.065236397655606,0.0344789577119078));
#1099=CARTESIAN_POINT('',(-0.0249648885699812,0.0602705725687816,0.0344789577119078));
#1100=CARTESIAN_POINT('',(-0.0461290991624612,0.0461290991624612,0.0344789577119078));
#1101=CARTESIAN_POINT('',(-0.0602705725687817,0.0249648885699812,0.0344789577119078));
#1102=CARTESIAN_POINT('',(-0.065236397655606,8.85064726586018E-18,0.0344789577119078));
#1103=CARTESIAN_POINT('',(-0.0602705725687817,-0.0249648885699812,0.0344789577119078));
#1104=CARTESIAN_POINT('',(-0.0461290991624612,-0.0461290991624612,0.0344789577119078));
#1105=CARTESIAN_POINT('',(-0.0249648885699812,-0.0602705725687816,0.0344789577119078));
#1106=CARTESIAN_POINT('',(-2.4231918555051E-17,-0.065236397655606,0.0344789577119078));
#1107=CARTESIAN_POINT('',(0.0249648885699812,-0.0602705725687817,0.0344789577119078));
#1108=CARTESIAN_POINT('',(0.0461290991624612,-0.0461290991624612,0.0344789577119078));
#1109=CARTESIAN_POINT('',(0.0602705725687817,-0.0249648885699811,0.0344789577119078));
#1110=CARTESIAN_POINT('',(0.065236397655606,-4.46691295064028E-17,0.0344789577119078));
#1111=CARTESIAN_POINT('',(0.0602705725687817,0.0249648885699812,0.0344789577119078));
#1112=CARTESIAN_POINT('',(0.0611843723635118,-0.025343396838252,0.054402863236472));
#1113=CARTESIAN_POINT('',(0.0662254874260505,-5.160802341031E-17,0.054402863236472));
#1114=CARTESIAN_POINT('',(0.0611843723635117,0.0253433968382521,0.054402863236472));
#1115=CARTESIAN_POINT('',(0.0468284912463448,0.0468284912463448,0.054402863236472));
#1116=CARTESIAN_POINT('',(0.0253433968382521,0.0611843723635117,0.054402863236472));
#1117=CARTESIAN_POINT('',(2.04643160056639E-17,0.0662254874260506,0.054402863236472));
#1118=CARTESIAN_POINT('',(-0.0253433968382521,0.0611843723635117,0.054402863236472));
#1119=CARTESIAN_POINT('',(-0.0468284912463448,0.0468284912463448,0.054402863236472));
#1120=CARTESIAN_POINT('',(-0.0611843723635117,0.0253433968382521,0.054402863236472));
#1121=CARTESIAN_POINT('',(-0.0662254874260506,1.08535625487614E-17,0.054402863236472));
#1122=CARTESIAN_POINT('',(-0.0611843723635117,-0.0253433968382521,0.054402863236472));
#1123=CARTESIAN_POINT('',(-0.0468284912463448,-0.0468284912463448,0.054402863236472));
#1124=CARTESIAN_POINT('',(-0.0253433968382522,-0.0611843723635117,0.054402863236472));
#1125=CARTESIAN_POINT('',(-1.04625509644851E-17,-0.0662254874260506,0.054402863236472));
#1126=CARTESIAN_POINT('',(0.0253433968382521,-0.0611843723635117,0.054402863236472));
#1127=CARTESIAN_POINT('',(0.0468284912463448,-0.0468284912463448,0.054402863236472));
#1128=CARTESIAN_POINT('',(0.0611843723635118,-0.025343396838252,0.054402863236472));
#1129=CARTESIAN_POINT('',(0.0662254874260505,-5.160802341031E-17,0.054402863236472));
#1130=CARTESIAN_POINT('',(0.0611843723635117,0.0253433968382521,0.054402863236472));
#1131=CARTESIAN_POINT('',(0.0572991602549789,-0.0237340892902015,0.0827776296129409));
#1132=CARTESIAN_POINT('',(0.062020164143293,-4.5102810375397E-17,0.0827776296129408));
#1133=CARTESIAN_POINT('',(0.0572991602549789,0.0237340892902017,0.0827776296129409));
#1134=CARTESIAN_POINT('',(0.0438548786360252,0.0438548786360253,0.0827776296129409));
#1135=CARTESIAN_POINT('',(0.0237340892902017,0.0572991602549789,0.0827776296129409));
#1136=CARTESIAN_POINT('',(-1.21972744404619E-18,0.062020164143293,0.0827776296129409));
#1137=CARTESIAN_POINT('',(-0.0237340892902017,0.0572991602549788,0.0827776296129409));
#1138=CARTESIAN_POINT('',(-0.0438548786360253,0.0438548786360253,0.0827776296129409));
#1139=CARTESIAN_POINT('',(-0.0572991602549789,0.0237340892902016,0.0827776296129409));
#1140=CARTESIAN_POINT('',(-0.062020164143293,8.01465221669979E-18,0.0827776296129409));
#1141=CARTESIAN_POINT('',(-0.0572991602549789,-0.0237340892902016,0.0827776296129409));
#1142=CARTESIAN_POINT('',(-0.0438548786360253,-0.0438548786360253,0.0827776296129409));
#1143=CARTESIAN_POINT('',(-0.0237340892902017,-0.0572991602549788,0.0827776296129409));
#1144=CARTESIAN_POINT('',(-1.22243794947741E-17,-0.062020164143293,0.0827776296129409));
#1145=CARTESIAN_POINT('',(0.0237340892902016,-0.0572991602549788,0.0827776296129409));
#1146=CARTESIAN_POINT('',(0.0438548786360253,-0.0438548786360253,0.0827776296129409));
#1147=CARTESIAN_POINT('',(0.0572991602549789,-0.0237340892902015,0.0827776296129409));
#1148=CARTESIAN_POINT('',(0.062020164143293,-4.5102810375397E-17,0.0827776296129408));
#1149=CARTESIAN_POINT('',(0.0572991602549789,0.0237340892902017,0.0827776296129409));
#1150=CARTESIAN_POINT('',(0.0488067626985994,-0.020216423045285,0.101821008358624));
#1151=CARTESIAN_POINT('',(0.0528280592664856,-3.81639164714898E-17,0.101821008358624));
#1152=CARTESIAN_POINT('',(0.0488067626985993,0.0202164230452851,0.101821008358624));
#1153=CARTESIAN_POINT('',(0.0373550789442569,0.0373550789442568,0.101821008358624));
#1154=CARTESIAN_POINT('',(0.0202164230452851,0.0488067626985993,0.101821008358624));
#1155=CARTESIAN_POINT('',(5.71916645986104E-18,0.0528280592664857,0.101821008358624));
#1156=CARTESIAN_POINT('',(-0.0202164230452851,0.0488067626985993,0.101821008358624));
#1157=CARTESIAN_POINT('',(-0.0373550789442569,0.0373550789442568,0.101821008358624));
#1158=CARTESIAN_POINT('',(-0.0488067626985993,0.0202164230452851,0.101821008358624));
#1159=CARTESIAN_POINT('',(-0.0528280592664857,7.70889979252059E-18,0.101821008358624));
#1160=CARTESIAN_POINT('',(-0.0488067626985994,-0.0202164230452851,0.101821008358624));
#1161=CARTESIAN_POINT('',(-0.0373550789442569,-0.0373550789442569,0.101821008358624));
#1162=CARTESIAN_POINT('',(-0.0202164230452851,-0.0488067626985993,0.101821008358624));
#1163=CARTESIAN_POINT('',(-2.2659825404947E-17,-0.0528280592664857,0.101821008358624));
#1164=CARTESIAN_POINT('',(0.0202164230452851,-0.0488067626985994,0.101821008358624));
#1165=CARTESIAN_POINT('',(0.0373550789442569,-0.0373550789442568,0.101821008358624));
#1166=CARTESIAN_POINT('',(0.0488067626985994,-0.020216423045285,0.101821008358624));
#1167=CARTESIAN_POINT('',(0.0528280592664856,-3.81639164714898E-17,0.101821008358624));
#1168=CARTESIAN_POINT('',(0.0488067626985993,0.0202164230452851,0.101821008358624));
#1169=CARTESIAN_POINT('',(0.0408284390180209,-0.016911693171787,0.111163586742051));
#1170=CARTESIAN_POINT('',(0.0441923839432194,-3.38271077815477E-17,0.111163586742051));
#1171=CARTESIAN_POINT('',(0.0408284390180209,0.0169116931717871,0.111163586742051));
#1172=CARTESIAN_POINT('',(0.03124873436305,0.03124873436305,0.111163586742051));
#1173=CARTESIAN_POINT('',(0.0169116931717871,0.0408284390180209,0.111163586742051));
#1174=CARTESIAN_POINT('',(7.49454751730605E-18,0.0441923839432194,0.111163586742051));
#1175=CARTESIAN_POINT('',(-0.0169116931717871,0.0408284390180209,0.111163586742051));
#1176=CARTESIAN_POINT('',(-0.03124873436305,0.03124873436305,0.111163586742051));
#1177=CARTESIAN_POINT('',(-0.0408284390180209,0.0169116931717871,0.111163586742051));
#1178=CARTESIAN_POINT('',(-0.0441923839432195,5.56079776850408E-18,0.111163586742051));
#1179=CARTESIAN_POINT('',(-0.0408284390180209,-0.0169116931717871,0.111163586742051));
#1180=CARTESIAN_POINT('',(-0.03124873436305,-0.03124873436305,0.111163586742051));
#1181=CARTESIAN_POINT('',(-0.0169116931717871,-0.0408284390180209,0.111163586742051));
#1182=CARTESIAN_POINT('',(-7.15573433840433E-18,-0.0441923839432195,0.111163586742051));
#1183=CARTESIAN_POINT('',(0.0169116931717871,-0.0408284390180209,0.111163586742051));
#1184=CARTESIAN_POINT('',(0.03124873436305,-0.03124873436305,0.111163586742051));
#1185=CARTESIAN_POINT('',(0.0408284390180209,-0.016911693171787,0.111163586742051));
#1186=CARTESIAN_POINT('',(0.0441923839432194,-3.38271077815477E-17,0.111163586742051));
#1187=CARTESIAN_POINT('',(0.0408284390180209,0.0169116931717871,0.111163586742051));
#1188=CARTESIAN_POINT('',(-0.0383948519003317,0.0195180001437394,0.111163586742051));
#1189=CARTESIAN_POINT('',(-0.040162203346484,0.0192924555653452,0.109527362528526));
#1190=CARTESIAN_POINT('',(-0.0427955339965232,0.0182722621545933,0.107102798229125));
#1191=CARTESIAN_POINT('',(-0.0458357293087812,0.015736887157446,0.104347106839015));
#1192=CARTESIAN_POINT('',(-0.0478526364851606,0.0132750985240948,0.102538944430508));
#1193=CARTESIAN_POINT('',(-0.0494896692094286,0.010376502555822,0.101086963814118));
#1194=CARTESIAN_POINT('',(-0.0507096955341576,0.00711860705293988,0.100014342293003));
#1195=CARTESIAN_POINT('',(-0.0514599048986112,0.00360209177802095,0.099358999754861));
#1196=CARTESIAN_POINT('',(-0.0517111103230285,-1.09849039822851E-6,0.099140277628185));
#1197=CARTESIAN_POINT('',(-0.0514528284298442,-0.00365464782203315,0.0993651772141984));
#1198=CARTESIAN_POINT('',(-0.0507072781105606,-0.0071241515425315,0.100016448814435));
#1199=CARTESIAN_POINT('',(-0.0494747706434068,-0.0104103410514677,0.101100113547375));
#1200=CARTESIAN_POINT('',(-0.0478442638487338,-0.0132855727085398,0.102546436243718));
#1201=CARTESIAN_POINT('',(-0.0458227005899621,-0.0157512379741362,0.104358787044549));
#1202=CARTESIAN_POINT('',(-0.0435406823073596,-0.017646893995262,0.106427652286786));
#1203=CARTESIAN_POINT('',(-0.0410255811463312,-0.0189625728212501,0.10873171554897));
#1204=CARTESIAN_POINT('',(-0.0392785276238536,-0.0194052278545174,0.110345474635774));
#1205=CARTESIAN_POINT('',(-0.0383948519003314,-0.0195180001437398,0.111163586742051));
#1206=CARTESIAN_POINT('',(0.,0.,0.00104833820993178));
#1207=CARTESIAN_POINT('',(0.0365782371770475,0.0300189834567428,0.00104833820966243));
#1208=CARTESIAN_POINT('',(-0.0135080291700441,-0.00559520888316372,0.0380000000007131));
#1209=CARTESIAN_POINT('',(-0.0135056398141633,-0.00559421917927325,0.0362387888458287));
#1210=CARTESIAN_POINT('',(-0.0140613657888703,-0.00582440842540147,0.0322407287608082));
#1211=CARTESIAN_POINT('',(-0.0161915917951418,-0.00670677695853455,0.0249603301176475));
#1212=CARTESIAN_POINT('',(-0.0191917081555171,-0.00794946587738808,0.0176173257799572));
#1213=CARTESIAN_POINT('',(-0.0233220999424482,-0.00966033020494532,0.0101808288960919));
#1214=CARTESIAN_POINT('',(-0.027927744513386,-0.0115680506665864,0.00429702408791534));
#1215=CARTESIAN_POINT('',(-0.0323630722898025,-0.0134052235824562,0.000684150673840842));
#1216=CARTESIAN_POINT('',(-0.0360145289946251,-0.0149177064546835,-0.00086128361697944));
#1217=CARTESIAN_POINT('',(-0.0400014195509939,-0.0165691305615458,-0.00126123768433342));
#1218=CARTESIAN_POINT('',(-0.0428586811589616,-0.0177526470339954,-0.000315043661561452));
#1219=CARTESIAN_POINT('',(-0.0448553789606199,-0.0185797063109536,0.00104833820954837));
#1220=CARTESIAN_POINT('',(-0.0146209854149779,1.22514845490862E-17,0.0380000000004243));
#1221=CARTESIAN_POINT('',(-0.0146183991943924,1.5877674609116E-13,0.0362387888433199));
#1222=CARTESIAN_POINT('',(-0.0152199126489774,5.3625136015728E-12,0.0322407287513543));
#1223=CARTESIAN_POINT('',(-0.0175256526449406,1.98133998357414E-11,0.0249603300921985));
#1224=CARTESIAN_POINT('',(-0.0207729551725684,3.5739857904768E-11,0.0176173257375413));
#1225=CARTESIAN_POINT('',(-0.0252436590063267,5.0680070383391E-11,0.0101808288383549));
#1226=CARTESIAN_POINT('',(-0.0302287727544789,5.87683517301596E-11,0.00429702402306674));
#1227=CARTESIAN_POINT('',(-0.0350295369430447,5.76434804836629E-11,0.000684150612039894));
#1228=CARTESIAN_POINT('',(-0.0389818452068141,4.95686013936292E-11,-0.000861283670220507));
#1229=CARTESIAN_POINT('',(-0.0432972244689819,3.37283504077412E-11,-0.00126123772310105));
#1230=CARTESIAN_POINT('',(-0.0463899021775545,1.58137739014741E-11,-0.000315043680499289));
#1231=CARTESIAN_POINT('',(-0.0485511123290402,1.96891114523368E-15,0.00104833821012595));
#1232=CARTESIAN_POINT('',(-0.0135080291700442,0.00559520888316367,0.0380000000001097));
#1233=CARTESIAN_POINT('',(-0.0135056398132156,0.00559421917942666,0.0362387888454487));
#1234=CARTESIAN_POINT('',(-0.0140613657923625,0.00582440840529795,0.032240728760616));
#1235=CARTESIAN_POINT('',(-0.016191591814104,0.00670677688000233,0.024960330117576));
#1236=CARTESIAN_POINT('',(-0.0191917081924328,0.00794946573411134,0.0176173257799307));
#1237=CARTESIAN_POINT('',(-0.0233220999967342,0.00966033000096043,0.0101808288960761));
#1238=CARTESIAN_POINT('',(-0.0279277445775429,0.0115680504297638,0.0042970240878869));
#1239=CARTESIAN_POINT('',(-0.0323630723534106,0.0134052233501541,0.000684150673783545));
#1240=CARTESIAN_POINT('',(-0.0360145290496625,0.0149177062550719,-0.000861283617056549));
#1241=CARTESIAN_POINT('',(-0.0400014195886507,0.016569130425999,-0.00126123768439291));
#1242=CARTESIAN_POINT('',(-0.0428586811766375,0.0177526469706022,-0.000315043661583763));
#1243=CARTESIAN_POINT('',(-0.0448553789606065,0.0185797063109457,0.0010483382095385));
#1244=CARTESIAN_POINT('',(-0.0103385979345605,0.0103385979345605,0.0380000000000055));
#1245=CARTESIAN_POINT('',(-0.0103367691996571,0.0103367692003459,0.0362387888447556));
#1246=CARTESIAN_POINT('',(-0.0107621034508786,0.010762103443093,0.0322407287580703));
#1247=CARTESIAN_POINT('',(-0.0123925078653243,0.0123925078316696,0.0249603301107554));
#1248=CARTESIAN_POINT('',(-0.0146886975349264,0.0146886974723227,0.0176173257685738));
#1249=CARTESIAN_POINT('',(-0.0178499625631949,0.0178499624733631,0.0101808288806232));
#1250=CARTESIAN_POINT('',(-0.0213749703173218,0.0213749702127334,0.00429702407053472));
#1251=CARTESIAN_POINT('',(-0.0247696232301807,0.0247696231276496,0.000684150657248525));
#1252=CARTESIAN_POINT('',(-0.0275643271910601,0.0275643271032165,-0.00086128363130306));
#1253=CARTESIAN_POINT('',(-0.0306157610997243,0.03061576104032,-0.00126123769476879));
#1254=CARTESIAN_POINT('',(-0.0328026144409753,0.0328026144131423,-0.000315043666647375));
#1255=CARTESIAN_POINT('',(-0.0343308207615674,0.0343308207615159,0.00104833820970183));
#1256=CARTESIAN_POINT('',(-0.00559520888316365,0.0135080291700442,0.0380000000000635));
#1257=CARTESIAN_POINT('',(-0.00559421917849359,0.0135056398135464,0.0362387888449647));
#1258=CARTESIAN_POINT('',(-0.00582440842034648,0.0140613657854296,0.0322407287587783));
#1259=CARTESIAN_POINT('',(-0.00670677694341777,0.0161915917849848,0.024960330112629));
#1260=CARTESIAN_POINT('',(-0.00794946585183629,0.0191917081382463,0.0176173257716882));
#1261=CARTESIAN_POINT('',(-0.00966033017010023,0.0233220999186079,0.0101808288848591));
#1262=CARTESIAN_POINT('',(-0.0115680506271667,0.0279277444859343,0.00429702407529118));
#1263=CARTESIAN_POINT('',(-0.0134052235444467,0.0323630722624708,0.00068415066178207));
#1264=CARTESIAN_POINT('',(-0.0149177064224168,0.0360145289704089,-0.00086128362739556));
#1265=CARTESIAN_POINT('',(-0.0165691305399161,0.0400014195340503,-0.00126123769192248));
#1266=CARTESIAN_POINT('',(-0.0177526470239219,0.0428586811513626,-0.000315043665259259));
#1267=CARTESIAN_POINT('',(-0.018579706310935,0.0448553789608014,0.00104833820965636));
#1268=CARTESIAN_POINT('',(-2.34797532978892E-18,0.0146209854149779,0.0380000000002422));
#1269=CARTESIAN_POINT('',(8.66093414570107E-13,0.0146183991940718,0.0362387888450217));
#1270=CARTESIAN_POINT('',(-5.65978023454004E-12,0.0152199126548922,0.0322407287586082));
#1271=CARTESIAN_POINT('',(-2.65909093450311E-11,0.0175256526713942,0.0249603301120307));
#1272=CARTESIAN_POINT('',(-5.03809228697186E-11,0.0207729552229144,0.0176173257706605));
#1273=CARTESIAN_POINT('',(-7.30582040448392E-11,0.0252436590802371,0.0101808288834525));
#1274=CARTESIAN_POINT('',(-8.56551339459364E-11,0.0302287728426988,0.00429702407371335));
#1275=CARTESIAN_POINT('',(-8.44721618364517E-11,0.035029537033009,0.000684150660286868));
#1276=CARTESIAN_POINT('',(-7.27835414821802E-11,0.0389818452879379,-0.000861283628674992));
#1277=CARTESIAN_POINT('',(-4.95331529157088E-11,0.0432972245267761,-0.0012612376928525));
#1278=CARTESIAN_POINT('',(-2.31970935651383E-11,0.0463899022035701,-0.000315043665716925));
#1279=CARTESIAN_POINT('',(-2.95382750377382E-15,0.0485511123283355,0.001048338209671));
#1280=CARTESIAN_POINT('',(0.00559520888316366,0.0135080291700442,0.0380000000004519));
#1281=CARTESIAN_POINT('',(0.00559421918012514,0.0135056398134316,0.0362387888452093));
#1282=CARTESIAN_POINT('',(0.00582440841009176,0.0140613657912115,0.0322407287588965));
#1283=CARTESIAN_POINT('',(0.00670677689481444,0.0161915918078118,0.0249603301126544));
#1284=CARTESIAN_POINT('',(0.00794946575957929,0.0191917081799433,0.0176173257716675));
#1285=CARTESIAN_POINT('',(0.00966033003618325,0.0233220999779715,0.0101808288848155));
#1286=CARTESIAN_POINT('',(0.0115680504700654,0.0279277445548332,0.004297024075247));
#1287=CARTESIAN_POINT('',(0.0134052233894475,0.0323630723300149,0.000684150661758032));
#1288=CARTESIAN_POINT('',(0.0149177062888185,0.036014529028386,-0.000861283627398176));
#1289=CARTESIAN_POINT('',(0.0165691304489619,0.0400014195733377,-0.00126123769192127));
#1290=CARTESIAN_POINT('',(0.0177526469813324,0.0428586811697095,-0.00031504366526516));
#1291=CARTESIAN_POINT('',(0.0185797063109466,0.0448553789607934,0.00104833820965902));
#1292=CARTESIAN_POINT('',(0.0103385979345605,0.0103385979345605,0.0380000000006022));
#1293=CARTESIAN_POINT('',(0.010336769200983,0.010336769200143,0.0362387888451436));
#1294=CARTESIAN_POINT('',(0.01076210344324,0.0107621034525244,0.0322407287582478));
#1295=CARTESIAN_POINT('',(0.012392507828439,0.0123925078689936,0.0249603301107258));
#1296=CARTESIAN_POINT('',(0.0146886974646928,0.0146886975404781,0.0176173257683963));
#1297=CARTESIAN_POINT('',(0.0178499624611227,0.0178499625703142,0.0101808288803329));
#1298=CARTESIAN_POINT('',(0.0213749701975295,0.0213749703251558,0.00429702407019552));
#1299=CARTESIAN_POINT('',(0.0247696231119845,0.0247696232377627,0.00068415065693934));
#1300=CARTESIAN_POINT('',(0.0275643270891735,0.027564327197657,-0.00086128363153942));
#1301=CARTESIAN_POINT('',(0.0306157610303195,0.0306157611042511,-0.00126123769492655));
#1302=CARTESIAN_POINT('',(0.032802614408432,0.0328026144429803,-0.000315043666755677));
#1303=CARTESIAN_POINT('',(0.0343308207615129,0.0343308207615127,0.00104833820966632));
#1304=CARTESIAN_POINT('',(0.0135080291700442,0.00559520888316363,0.0380000000006261));
#1305=CARTESIAN_POINT('',(0.0135056398140585,0.00559421917919045,0.0362387888457474));
#1306=CARTESIAN_POINT('',(0.014061365788522,0.00582440842188666,0.0322407287608264));
#1307=CARTESIAN_POINT('',(0.016191591794379,0.00670677694540846,0.0249603301179263));
#1308=CARTESIAN_POINT('',(0.0191917081543726,0.00794946585368797,0.017617325780526));
#1309=CARTESIAN_POINT('',(0.0233220999409875,0.00966033017137396,0.0101808288969404));
#1310=CARTESIAN_POINT('',(0.0279277445117862,0.0115680506277168,0.00429702408892577));
#1311=CARTESIAN_POINT('',(0.0323630722882834,0.0134052235443861,0.000684150674838587));
#1312=CARTESIAN_POINT('',(0.0360145289933745,0.0149177064219913,-0.000861283616130268));
#1313=CARTESIAN_POINT('',(0.0400014195502608,0.0165691305393465,-0.00126123768374302));
#1314=CARTESIAN_POINT('',(0.0428586811587425,0.0177526470236051,-0.000315043661211042));
#1315=CARTESIAN_POINT('',(0.0448553789607918,0.0185797063109453,0.00104833820965849));
#1316=CARTESIAN_POINT('',(0.0146209854149779,3.33118073471517E-17,0.0380000000005056));
#1317=CARTESIAN_POINT('',(0.0146183991944854,-6.97485206717473E-14,0.0362387888434784));
#1318=CARTESIAN_POINT('',(0.0152199126495974,7.35146511790528E-12,0.0322407287511836));
#1319=CARTESIAN_POINT('',(0.0175256526469044,2.88209249264696E-11,0.0249603300909977));
#1320=CARTESIAN_POINT('',(0.0207729551759943,5.26209434575552E-11,0.0176173257351533));
#1321=CARTESIAN_POINT('',(0.0252436590111332,7.49361271306177E-11,0.0101808288348078));
#1322=CARTESIAN_POINT('',(0.0302287727600566,8.70028620940931E-11,0.00429702401884157));
#1323=CARTESIAN_POINT('',(0.0350295369485334,8.53388069626233E-11,0.000684150607856118));
#1324=CARTESIAN_POINT('',(0.0389818452114294,7.3327448086542E-11,-0.000861283673794794));
#1325=CARTESIAN_POINT('',(0.0432972244717363,4.9792801996487E-11,-0.00126123772559022));
#1326=CARTESIAN_POINT('',(0.0463899021783614,2.32849902199999E-11,-0.000315043681967435));
#1327=CARTESIAN_POINT('',(0.0485511123283348,-2.7114130799563E-16,0.00104833820966846));
#1328=CARTESIAN_POINT('',(0.0135080291700441,-0.00559520888316375,0.038000000000285));
#1329=CARTESIAN_POINT('',(0.0135056398135191,-0.00559421917931999,0.0362387888455322));
#1330=CARTESIAN_POINT('',(0.0140613657930266,-0.0058244084082485,0.0322407287607246));
#1331=CARTESIAN_POINT('',(0.0161915918148683,-0.00670677689207759,0.024960330117913));
#1332=CARTESIAN_POINT('',(0.0191917081929867,-0.00794946575647643,0.0176173257805612));
#1333=CARTESIAN_POINT('',(0.0233220999968546,-0.00966033003314379,0.0101808288970035));
#1334=CARTESIAN_POINT('',(0.0279277445772113,-0.0115680504674197,0.00429702408899378));
#1335=CARTESIAN_POINT('',(0.0323630723527789,-0.0134052233873251,0.000684150674888428));
#1336=CARTESIAN_POINT('',(0.036014529048962,-0.0149177062871874,-0.000861283616103365));
#1337=CARTESIAN_POINT('',(0.0400014195881283,-0.0165691304479637,-0.00126123768372679));
#1338=CARTESIAN_POINT('',(0.0428586811764812,-0.0177526469809186,-0.000315043661196028));
#1339=CARTESIAN_POINT('',(0.0448553789607927,-0.0185797063109442,0.00104833820965862));
#1340=CARTESIAN_POINT('',(0.0103385979345605,-0.0103385979345605,0.0380000000001024));
#1341=CARTESIAN_POINT('',(0.0103367691999602,-0.0103367692002392,0.0362387888448251));
#1342=CARTESIAN_POINT('',(0.0107621034516175,-0.010762103441957,0.0322407287580946));
#1343=CARTESIAN_POINT('',(0.0123925078665043,-0.0123925078278164,0.0249603301107054));
#1344=CARTESIAN_POINT('',(0.0146886975363502,-0.0146886974655174,0.0176173257684514));
#1345=CARTESIAN_POINT('',(0.0178499625646882,-0.0178499624638171,0.0101808288804344));
#1346=CARTESIAN_POINT('',(0.0213749703187121,-0.0213749702017289,0.00429702407030874));
#1347=CARTESIAN_POINT('',(0.0247696232313486,-0.0247696231168861,0.000684150657027592));
#1348=CARTESIAN_POINT('',(0.0275643271919556,-0.0275643270939692,-0.000861283631487249));
#1349=CARTESIAN_POINT('',(0.0306157611002361,-0.0306157610340313,-0.00126123769489508));
#1350=CARTESIAN_POINT('',(0.0328026144411605,-0.0328026144102021,-0.000315043666726374));
#1351=CARTESIAN_POINT('',(0.0343308207615202,-0.0343308207615211,0.00104833820967341));
#1352=CARTESIAN_POINT('',(0.00559520888316373,-0.0135080291700441,0.0380000000000743));
#1353=CARTESIAN_POINT('',(0.0055942191787304,-0.0135056398134802,0.0362387888449694));
#1354=CARTESIAN_POINT('',(0.00582440842093072,-0.0140613657855156,0.0322407287587696));
#1355=CARTESIAN_POINT('',(0.0067067769443631,-0.0161915917856859,0.0249603301125932));
#1356=CARTESIAN_POINT('',(0.00794946585298245,-0.0191917081396881,0.0176173257716244));
#1357=CARTESIAN_POINT('',(0.00966033017130036,-0.0233220999207869,0.0101808288847702));
#1358=CARTESIAN_POINT('',(0.0115680506282741,-0.0279277444885506,0.00429702407519005));
#1359=CARTESIAN_POINT('',(0.0134052235453615,-0.0323630722650896,0.000684150661685281));
#1360=CARTESIAN_POINT('',(0.0149177064231121,-0.0360145289726845,-0.00086128362747827));
#1361=CARTESIAN_POINT('',(0.0165691305403286,-0.0400014195356079,-0.00126123769198196));
#1362=CARTESIAN_POINT('',(0.0177526470241027,-0.042858681152089,-0.000315043665289961));
#1363=CARTESIAN_POINT('',(0.0185797063109422,-0.0448553789607873,0.00104833820965444));
#1364=CARTESIAN_POINT('',(9.03953561309789E-18,-0.0146209854149779,0.0380000000002298));
#1365=CARTESIAN_POINT('',(-7.43184532740315E-13,-0.0146183991940709,0.0362387888450143));
#1366=CARTESIAN_POINT('',(5.91284176297818E-12,-0.0152199126547666,0.0322407287586026));
#1367=CARTESIAN_POINT('',(2.68852698621664E-11,-0.0175256526709185,0.0249603301120206));
#1368=CARTESIAN_POINT('',(5.06219180614574E-11,-0.0207729552220517,0.0176173257706433));
#1369=CARTESIAN_POINT('',(7.3187131038161E-11,-0.0252436590790111,0.0101808288834277));
#1370=CARTESIAN_POINT('',(8.56680211930869E-11,-0.0302287728412759,0.00429702407368387));
#1371=CARTESIAN_POINT('',(8.44065100745386E-11,-0.0350295370316125,0.000684150660257183));
#1372=CARTESIAN_POINT('',(7.2686735103078E-11,-0.0389818452867363,-0.000861283628700977));
#1373=CARTESIAN_POINT('',(4.94386483249239E-11,-0.0432972245259568,-0.00126123769287081));
#1374=CARTESIAN_POINT('',(2.31427501403043E-11,-0.0463899022031833,-0.000315043665727242));
#1375=CARTESIAN_POINT('',(-1.00036623949806E-15,-0.0485511123283311,0.00104833820966807));
#1376=CARTESIAN_POINT('',(-0.00559520888316375,-0.0135080291700441,0.0380000000004908));
#1377=CARTESIAN_POINT('',(-0.00559421918012613,-0.0135056398135013,0.0362387888452344));
#1378=CARTESIAN_POINT('',(-0.0058244084100861,-0.0140613657916307,0.0322407287589111));
#1379=CARTESIAN_POINT('',(-0.00670677689480114,-0.0161915918090265,0.0249603301126648));
#1380=CARTESIAN_POINT('',(-0.00794946575956042,-0.019191708181976,0.0176173257716787));
#1381=CARTESIAN_POINT('',(-0.0096603300361589,-0.0233220999807308,0.0101808288848292));
#1382=CARTESIAN_POINT('',(-0.0115680504700385,-0.0279277445579491,0.00429702407526302));
#1383=CARTESIAN_POINT('',(-0.0134052233894243,-0.0323630723330193,0.000684150661775163));
#1384=CARTESIAN_POINT('',(-0.014917706288801,-0.0360145290309412,-0.000861283627381621));
#1385=CARTESIAN_POINT('',(-0.0165691304489477,-0.0400014195750589,-0.00126123769190895));
#1386=CARTESIAN_POINT('',(-0.0177526469813186,-0.0428586811705178,-0.00031504366525969));
#1387=CARTESIAN_POINT('',(-0.0185797063109382,-0.0448553789608047,0.0010483382096593));
#1388=CARTESIAN_POINT('',(-0.0103385979345605,-0.0103385979345605,0.0380000000006991));
#1389=CARTESIAN_POINT('',(-0.0103367692010736,-0.0103367692002459,0.0362387888451972));
#1390=CARTESIAN_POINT('',(-0.0107621034434558,-0.0107621034518347,0.0322407287582818));
#1391=CARTESIAN_POINT('',(-0.0123925078287391,-0.0123925078657353,0.0249603301107817));
#1392=CARTESIAN_POINT('',(-0.0146886974649969,-0.0146886975342855,0.0176173257684942));
#1393=CARTESIAN_POINT('',(-0.0178499624613669,-0.0178499625613105,0.0101808288804783));
#1394=CARTESIAN_POINT('',(-0.0213749701976823,-0.0213749703145805,0.00429702407037331));
#1395=CARTESIAN_POINT('',(-0.024769623112051,-0.0247696232273158,0.000684150657122107));
#1396=CARTESIAN_POINT('',(-0.027564327089188,-0.0275643271886342,-0.000861283631378885));
#1397=CARTESIAN_POINT('',(-0.0306157610303162,-0.0306157610980821,-0.00126123769481506));
#1398=CARTESIAN_POINT('',(-0.0328026144084524,-0.0328026144400793,-0.000315043666689092));
#1399=CARTESIAN_POINT('',(-0.0343308207615565,-0.0343308207615065,0.00104833820969245));
#1400=CARTESIAN_POINT('',(-0.0135080291700441,-0.00559520888316372,0.0380000000007131));
#1401=CARTESIAN_POINT('',(-0.0135056398141633,-0.00559421917927325,0.0362387888458287));
#1402=CARTESIAN_POINT('',(-0.0140613657888703,-0.00582440842540147,0.0322407287608082));
#1403=CARTESIAN_POINT('',(-0.0161915917951418,-0.00670677695853455,0.0249603301176475));
#1404=CARTESIAN_POINT('',(-0.0191917081555171,-0.00794946587738808,0.0176173257799572));
#1405=CARTESIAN_POINT('',(-0.0233220999424482,-0.00966033020494532,0.0101808288960919));
#1406=CARTESIAN_POINT('',(-0.027927744513386,-0.0115680506665864,0.00429702408791534));
#1407=CARTESIAN_POINT('',(-0.0323630722898025,-0.0134052235824562,0.000684150673840842));
#1408=CARTESIAN_POINT('',(-0.0360145289946251,-0.0149177064546835,-0.00086128361697944));
#1409=CARTESIAN_POINT('',(-0.0400014195509939,-0.0165691305615458,-0.00126123768433342));
#1410=CARTESIAN_POINT('',(-0.0428586811589616,-0.0177526470339954,-0.000315043661561452));
#1411=CARTESIAN_POINT('',(-0.0448553789606199,-0.0185797063109536,0.00104833820954837));
#1412=CARTESIAN_POINT('',(-0.0146209854149779,1.22514845490862E-17,0.0380000000004243));
#1413=CARTESIAN_POINT('',(-0.0146183991943924,1.5877674609116E-13,0.0362387888433199));
#1414=CARTESIAN_POINT('',(-0.0152199126489774,5.3625136015728E-12,0.0322407287513543));
#1415=CARTESIAN_POINT('',(-0.0175256526449406,1.98133998357414E-11,0.0249603300921985));
#1416=CARTESIAN_POINT('',(-0.0207729551725684,3.5739857904768E-11,0.0176173257375413));
#1417=CARTESIAN_POINT('',(-0.0252436590063267,5.0680070383391E-11,0.0101808288383549));
#1418=CARTESIAN_POINT('',(-0.0302287727544789,5.87683517301596E-11,0.00429702402306674));
#1419=CARTESIAN_POINT('',(-0.0350295369430447,5.76434804836629E-11,0.000684150612039894));
#1420=CARTESIAN_POINT('',(-0.0389818452068141,4.95686013936292E-11,-0.000861283670220507));
#1421=CARTESIAN_POINT('',(-0.0432972244689819,3.37283504077412E-11,-0.00126123772310105));
#1422=CARTESIAN_POINT('',(-0.0463899021775545,1.58137739014741E-11,-0.000315043680499289));
#1423=CARTESIAN_POINT('',(-0.0485511123290402,1.96891114523368E-15,0.00104833821012595));
#1424=CARTESIAN_POINT('',(-0.0135080291700442,0.00559520888316367,0.0380000000001097));
#1425=CARTESIAN_POINT('',(-0.0135056398132156,0.00559421917942666,0.0362387888454487));
#1426=CARTESIAN_POINT('',(-0.0140613657923625,0.00582440840529795,0.032240728760616));
#1427=CARTESIAN_POINT('',(-0.016191591814104,0.00670677688000233,0.024960330117576));
#1428=CARTESIAN_POINT('',(-0.0191917081924328,0.00794946573411134,0.0176173257799307));
#1429=CARTESIAN_POINT('',(-0.0233220999967342,0.00966033000096043,0.0101808288960761));
#1430=CARTESIAN_POINT('',(-0.0279277445775429,0.0115680504297638,0.0042970240878869));
#1431=CARTESIAN_POINT('',(-0.0323630723534106,0.0134052233501541,0.000684150673783545));
#1432=CARTESIAN_POINT('',(-0.0360145290496625,0.0149177062550719,-0.000861283617056549));
#1433=CARTESIAN_POINT('',(-0.0400014195886507,0.016569130425999,-0.00126123768439291));
#1434=CARTESIAN_POINT('',(-0.0428586811766375,0.0177526469706022,-0.000315043661583763));
#1435=CARTESIAN_POINT('',(-0.0448553789606065,0.0185797063109457,0.0010483382095385));
#1436=CARTESIAN_POINT('',(-0.0142314864880748,-0.000906756201393333,0.0380000000004182));
#1437=CARTESIAN_POINT('',(-0.0142592567559626,-2.03287907341032E-19,0.0380000000004209));
#1438=CARTESIAN_POINT('',(-0.0142314864880748,0.000906756201393333,0.0380000000004182));
#1439=CARTESIAN_POINT('',(-0.0141055613226199,0.00220890820596446,0.0380000000004057));
#1440=CARTESIAN_POINT('',(-0.0136090673009217,0.00466035124014228,0.0380000000003585));
#1441=CARTESIAN_POINT('',(-0.0118359490916773,0.00861332854759561,0.0380000000001994));
#1442=CARTESIAN_POINT('',(-0.00788308542404645,0.0122496631170709,0.0380000000000121));
#1443=CARTESIAN_POINT('',(-0.00356090347720447,0.0139485289150474,0.0379999999999659));
#1444=CARTESIAN_POINT('',(7.24213169902427E-20,0.0144007355424763,0.0379999999999917));
#1445=CARTESIAN_POINT('',(0.00356090347720447,0.0139485289150474,0.0380000000000675));
#1446=CARTESIAN_POINT('',(0.00788308542404645,0.0122496631170709,0.0380000000002038));
#1447=CARTESIAN_POINT('',(0.0118359490916773,0.00861332854759561,0.0380000000003728));
#1448=CARTESIAN_POINT('',(0.0136090673009217,0.00466035124014228,0.0380000000004578));
#1449=CARTESIAN_POINT('',(0.0141055613226199,0.00220890820596447,0.0380000000004819));
#1450=CARTESIAN_POINT('',(0.0142314864880748,0.000906756201393334,0.038000000000488));
#1451=CARTESIAN_POINT('',(0.0142592567559626,1.90092391337341E-18,0.0380000000004894));
#1452=CARTESIAN_POINT('',(0.0142314864880748,-0.000906756201393331,0.038000000000488));
#1453=CARTESIAN_POINT('',(0.0141055613226199,-0.00220890820596446,0.0380000000004819));
#1454=CARTESIAN_POINT('',(0.0136090673009217,-0.00466035124014228,0.0380000000004578));
#1455=CARTESIAN_POINT('',(0.0118359490916773,-0.00861332854759561,0.0380000000003728));
#1456=CARTESIAN_POINT('',(0.00788308542404645,-0.0122496631170709,0.0380000000002039));
#1457=CARTESIAN_POINT('',(0.00356090347720447,-0.0139485289150474,0.0380000000000675));
#1458=CARTESIAN_POINT('',(6.23416249179165E-19,-0.0144007355424763,0.0379999999999917));
#1459=CARTESIAN_POINT('',(-0.00356090347720447,-0.0139485289150474,0.0379999999999659));
#1460=CARTESIAN_POINT('',(-0.00788308542404645,-0.0122496631170709,0.0380000000000121));
#1461=CARTESIAN_POINT('',(-0.0118359490916773,-0.00861332854759561,0.0380000000001994));
#1462=CARTESIAN_POINT('',(-0.0136090673009217,-0.00466035124014228,0.0380000000003585));
#1463=CARTESIAN_POINT('',(-0.0141055613226199,-0.00220890820596446,0.0380000000004057));
#1464=CARTESIAN_POINT('',(-0.0142314864880748,-0.000906756201393333,0.0380000000004182));
#1465=CARTESIAN_POINT('',(-0.0142592567559626,-2.03287907341032E-19,0.0380000000004209));
#1466=CARTESIAN_POINT('',(-0.0142314864880748,0.000906756201393333,0.0380000000004182));
#1467=CARTESIAN_POINT('',(-0.01425,-1.66800334676886E-19,0.03800000000042));
#1468=CARTESIAN_POINT('',(-0.0523921821180237,-0.000906801462393734,0.111013589030193));
#1469=CARTESIAN_POINT('',(-0.0476580552984407,-0.000906801862550239,0.103713459625072));
#1470=CARTESIAN_POINT('',(-0.040369139652158,-0.000906802216520029,0.0928623697571175));
#1471=CARTESIAN_POINT('',(-0.0314559217967837,-0.000906799023956857,0.0789725698316352));
#1472=CARTESIAN_POINT('',(-0.025476036782216,-0.000906807152900572,0.0689770717378645));
#1473=CARTESIAN_POINT('',(-0.0207786041183619,-0.000906801305944246,0.0601041580865272));
#1474=CARTESIAN_POINT('',(-0.0176199514127911,-0.000906823209658644,0.0529008857963292));
#1475=CARTESIAN_POINT('',(-0.0158265751985648,-0.000906787929532587,0.047690550441808));
#1476=CARTESIAN_POINT('',(-0.0145544503481098,-0.000906862898366193,0.042616410625686));
#1477=CARTESIAN_POINT('',(-0.0142308799867902,-0.000906810029943376,0.0396628379264428));
#1478=CARTESIAN_POINT('',(-0.0142314896903727,-0.000906800707601116,0.0380000000004181));
#1479=CARTESIAN_POINT('',(-0.0524154790186236,-4.56720165159519E-18,0.110998483025935));
#1480=CARTESIAN_POINT('',(-0.0476811851906964,-4.450649918053E-17,0.103698098358492));
#1481=CARTESIAN_POINT('',(-0.040392249878567,5.35866923750961E-17,0.0928469761361734));
#1482=CARTESIAN_POINT('',(-0.0314794728874571,-1.00830802041152E-17,0.0789578571818575));
#1483=CARTESIAN_POINT('',(-0.0255001676253928,-9.89334482393023E-19,0.0689633094563061));
#1484=CARTESIAN_POINT('',(-0.020803532116463,-3.69983991360678E-18,0.0600918759491213));
#1485=CARTESIAN_POINT('',(-0.017645766403905,4.00612702733394E-17,0.0528905553220659));
#1486=CARTESIAN_POINT('',(-0.0158531556457117,-1.88109076926235E-17,0.0476824251709632));
#1487=CARTESIAN_POINT('',(-0.014581850275603,-2.36491598873401E-17,0.0426113571834792));
#1488=CARTESIAN_POINT('',(-0.0142586437316945,1.72117094882074E-18,0.0396605685385633));
#1489=CARTESIAN_POINT('',(-0.0142592551548137,-3.52365706057789E-19,0.0380000000004209));
#1490=CARTESIAN_POINT('',(-0.0523921821180237,0.000906801462393754,0.111013589030193));
#1491=CARTESIAN_POINT('',(-0.0476580552984407,0.000906801862550414,0.103713459625073));
#1492=CARTESIAN_POINT('',(-0.040369139652158,0.000906802216519827,0.0928623697571175));
#1493=CARTESIAN_POINT('',(-0.0314559217967837,0.000906799023956896,0.0789725698316352));
#1494=CARTESIAN_POINT('',(-0.025476036782216,0.00090680715290056,0.0689770717378645));
#1495=CARTESIAN_POINT('',(-0.0207786041183619,0.000906801305944265,0.0601041580865272));
#1496=CARTESIAN_POINT('',(-0.0176199514127912,0.000906823209658474,0.0529008857963292));
#1497=CARTESIAN_POINT('',(-0.0158265751985648,0.00090678792953266,0.047690550441808));
#1498=CARTESIAN_POINT('',(-0.0145544503481097,0.000906862898366288,0.042616410625686));
#1499=CARTESIAN_POINT('',(-0.0142308799867902,0.000906810029943371,0.0396628379264428));
#1500=CARTESIAN_POINT('',(-0.0142314896903727,0.000906800707601116,0.0380000000004182));
#1501=CARTESIAN_POINT('',(-0.0522865071867776,0.00220865781539921,0.111082109993024));
#1502=CARTESIAN_POINT('',(-0.047553137912694,0.00220865877565602,0.10378313844805));
#1503=CARTESIAN_POINT('',(-0.0402643114813828,0.00220865962505661,0.0929321953506441));
#1504=CARTESIAN_POINT('',(-0.0313490938549593,0.00220865196394007,0.0790393065572309));
#1505=CARTESIAN_POINT('',(-0.0253665790725764,0.00220867147066955,0.0690394974864549));
#1506=CARTESIAN_POINT('',(-0.0206655305880586,0.00220865744077176,0.0601598701229587));
#1507=CARTESIAN_POINT('',(-0.0175028544209964,0.00220871000136306,0.0529477446979028));
#1508=CARTESIAN_POINT('',(-0.0157060060792068,0.0022086253441729,0.0477274068973221));
#1509=CARTESIAN_POINT('',(-0.0144301643537704,0.00220880523197256,0.0426393334689214));
#1510=CARTESIAN_POINT('',(-0.0141049433609387,0.00220867839551301,0.0396731306916232));
#1511=CARTESIAN_POINT('',(-0.0141055453111305,0.00220865600412036,0.0380000000004058));
#1512=CARTESIAN_POINT('',(-0.0519890649511548,0.00396198934953983,0.111274975319361));
#1513=CARTESIAN_POINT('',(-0.047257827911311,0.00396199100325626,0.103979262746723));
#1514=CARTESIAN_POINT('',(-0.0399692526332361,0.00396199246595929,0.0931287328049196));
#1515=CARTESIAN_POINT('',(-0.0310484062418814,0.00396197927269672,0.0792271498929732));
#1516=CARTESIAN_POINT('',(-0.0250584894558928,0.00396201286487992,0.069215206371067));
#1517=CARTESIAN_POINT('',(-0.0203472638666566,0.00396198870829307,0.060316682892467));
#1518=CARTESIAN_POINT('',(-0.0171732626941776,0.00396207921728675,0.0530796371757704));
#1519=CARTESIAN_POINT('',(-0.0153666413331924,0.00396193344647962,0.0478311470379352));
#1520=CARTESIAN_POINT('',(-0.0140803389134605,0.00396224316862795,0.0427038557173944));
#1521=CARTESIAN_POINT('',(-0.0137504705143526,0.00396202489195961,0.0397020969199421));
#1522=CARTESIAN_POINT('',(-0.0137510508276084,0.0039619862302209,0.0380000000003715));
#1523=CARTESIAN_POINT('',(-0.0512744389497229,0.00623406945275782,0.111738348107507));
#1524=CARTESIAN_POINT('',(-0.0465483244753779,0.00623407174964964,0.104450464873872));
#1525=CARTESIAN_POINT('',(-0.0392603531200751,0.00623407378086381,0.093600928097154));
#1526=CARTESIAN_POINT('',(-0.0303259828846333,0.00623405545790608,0.0796784580451933));
#1527=CARTESIAN_POINT('',(-0.0243182819667508,0.00623410210922076,0.0696373558856653));
#1528=CARTESIAN_POINT('',(-0.019582609057521,0.00623406857711262,0.0606934444102896));
#1529=CARTESIAN_POINT('',(-0.0163813961169429,0.00623419425451738,0.0533965078963353));
#1530=CARTESIAN_POINT('',(-0.0145512938404621,0.00623399187324723,0.0480803978169265));
#1531=CARTESIAN_POINT('',(-0.0132398728318509,0.0062344217814949,0.0428588932685273));
#1532=CARTESIAN_POINT('',(-0.0128988219957255,0.00623411918913298,0.0397716337142397));
#1533=CARTESIAN_POINT('',(-0.0128993524817316,0.00623406512021614,0.0380000000002968));
#1534=CARTESIAN_POINT('',(-0.050104890158924,0.0085680501648117,0.112496699358914));
#1535=CARTESIAN_POINT('',(-0.0453871583719018,0.00856805267822983,0.105221627829536));
#1536=CARTESIAN_POINT('',(-0.0381001769047219,0.00856805490035431,0.0943737180582347));
#1537=CARTESIAN_POINT('',(-0.029143672773728,0.00856803485245855,0.0804170674956859));
#1538=CARTESIAN_POINT('',(-0.0231068654768972,0.00856808589236509,0.0703282307857355));
#1539=CARTESIAN_POINT('',(-0.018331193902394,0.00856804923132236,0.0613100707372301));
#1540=CARTESIAN_POINT('',(-0.0150854382765283,0.00856818670377294,0.0539150650716573));
#1541=CARTESIAN_POINT('',(-0.0132169065492127,0.00856796537545345,0.0484883416828567));
#1542=CARTESIAN_POINT('',(-0.0118644153086898,0.0085684353846319,0.0431126754339953));
#1543=CARTESIAN_POINT('',(-0.0115050173411258,0.00856810516361942,0.0398852813845093));
#1544=CARTESIAN_POINT('',(-0.0115054718297349,0.00856804542374603,0.0380000000001949));
#1545=CARTESIAN_POINT('',(-0.0484043599922979,0.0107937572091519,0.113599347508158));
#1546=CARTESIAN_POINT('',(-0.0436988147036245,0.0107937593425128,0.106342900427063));
#1547=CARTESIAN_POINT('',(-0.0364132759514087,0.010793761228123,0.0954973600460851));
#1548=CARTESIAN_POINT('',(-0.0274245872415152,0.0107937442138331,0.0814910175094977));
#1549=CARTESIAN_POINT('',(-0.0213454559530917,0.0107937875269992,0.0713327444428995));
#1550=CARTESIAN_POINT('',(-0.0165116519839207,0.0107937564426844,0.0622066985686076));
#1551=CARTESIAN_POINT('',(-0.013201111124658,0.0107938730761544,0.0546689855585539));
#1552=CARTESIAN_POINT('',(-0.0112767038509306,0.0107936853412914,0.0490815447457682));
#1553=CARTESIAN_POINT('',(-0.00986457209583002,0.0107940838716345,0.0434817716147479));
#1554=CARTESIAN_POINT('',(-0.00947840622205871,0.0107938044388436,0.040050218233539));
#1555=CARTESIAN_POINT('',(-0.00947876019932892,0.0107937531847998,0.0380000000000862));
#1556=CARTESIAN_POINT('',(-0.0461556054474045,0.0126747523944212,0.115057474805068));
#1557=CARTESIAN_POINT('',(-0.0414661715675725,0.012674753633809,0.107825649331713));
#1558=CARTESIAN_POINT('',(-0.0341825469186181,0.0126747547290884,0.0969832493232054));
#1559=CARTESIAN_POINT('',(-0.0251512954139383,0.0126747448453774,0.0829112060546726));
#1560=CARTESIAN_POINT('',(-0.0190161876146346,0.012674770004065,0.0726610591568279));
#1561=CARTESIAN_POINT('',(-0.0141055577273926,0.012674751964273,0.0633924736577167));
#1562=CARTESIAN_POINT('',(-0.0107093049930501,0.0126748196963908,0.0556658473426888));
#1563=CARTESIAN_POINT('',(-0.00871101927207098,0.0126747106939921,0.0498660765927327));
#1564=CARTESIAN_POINT('',(-0.00722013001865459,0.0126749420153837,0.0439700009398714));
#1565=CARTESIAN_POINT('',(-0.00679843027525469,0.0126747801173555,0.0402678563431548));
#1566=CARTESIAN_POINT('',(-0.00679866545514125,0.012674750056233,0.0380000000000008));
#1567=CARTESIAN_POINT('',(-0.0434397518082218,0.0139484235866885,0.116818480433081));
#1568=CARTESIAN_POINT('',(-0.0387697696643084,0.0139484238653547,0.109616380015758));
#1569=CARTESIAN_POINT('',(-0.0314884662862545,0.0139484241116612,0.0987777841529835));
#1570=CARTESIAN_POINT('',(-0.0224058092155793,0.0139484218892828,0.0846264079292563));
#1571=CARTESIAN_POINT('',(-0.0162030811651074,0.0139484275457532,0.0742652299773368));
#1572=CARTESIAN_POINT('',(-0.0111997399912131,0.0139484234928576,0.064824680138964));
#1573=CARTESIAN_POINT('',(-0.00769989979522628,0.0139484387185542,0.0568696179107665));
#1574=CARTESIAN_POINT('',(-0.00561242463767317,0.0139484142177424,0.0508136948644399));
#1575=CARTESIAN_POINT('',(-0.00402652770592753,0.0139484662002502,0.0445598114743955));
#1576=CARTESIAN_POINT('',(-0.00356176245617955,0.0139484298692834,0.0405301262265475));
#1577=CARTESIAN_POINT('',(-0.00356187209775315,0.0139484230608565,0.0379999999999658));
#1578=CARTESIAN_POINT('',(-0.0404511419501486,0.0144007882066554,0.118756351044714));
#1579=CARTESIAN_POINT('',(-0.0358025565756015,0.0144007880673241,0.111586947310462));
#1580=CARTESIAN_POINT('',(-0.0285238196666889,0.0144007879441679,0.100752553029792));
#1581=CARTESIAN_POINT('',(-0.0193845948911856,0.0144007890553587,0.0865138915766752));
#1582=CARTESIAN_POINT('',(-0.0131074271422539,0.0144007862271243,0.0760304477571857));
#1583=CARTESIAN_POINT('',(-0.00800215591519464,0.014400788253581,0.0664008780831332));
#1584=CARTESIAN_POINT('',(-0.00438821751315991,0.0144007806407142,0.0581941130712367));
#1585=CARTESIAN_POINT('',(-0.00220267033204186,0.0144007928912648,0.0518566301632829));
#1586=CARTESIAN_POINT('',(-0.000512269725541367,0.014400766899592,0.0452090231892237));
#1587=CARTESIAN_POINT('',(-5.06164144684316E-9,0.0144007850658297,0.0408181710660013));
#1588=CARTESIAN_POINT('',(-1.94552880072472E-19,0.0144007884695718,0.0379999999999917));
#1589=CARTESIAN_POINT('',(-0.0374625346298307,0.0139484235866901,0.120694225570074));
#1590=CARTESIAN_POINT('',(-0.032835336406944,0.0139484238653487,0.113557504240758));
#1591=CARTESIAN_POINT('',(-0.0255591784410228,0.0139484241116672,0.102727328515874));
#1592=CARTESIAN_POINT('',(-0.0163633901314624,0.0139484218892826,0.0884013938208167));
#1593=CARTESIAN_POINT('',(-0.01001174453158,0.0139484275457495,0.0777956075022014));
#1594=CARTESIAN_POINT('',(-0.0048046410021184,0.0139484234928186,0.0679772245480134));
#1595=CARTESIAN_POINT('',(-0.00107647197557667,0.0139484387185891,0.0595184543577074));
#1596=CARTESIAN_POINT('',(0.00120703064840815,0.0139484142171986,0.0528996998589344));
#1597=CARTESIAN_POINT('',(0.00300199488340404,0.0139484662013818,0.0458583755857661));
#1598=CARTESIAN_POINT('',(0.00356178269985828,0.0139484298673979,0.0411057583588995));
#1599=CARTESIAN_POINT('',(0.00356187209775315,0.0139484230608565,0.0380000000000676));
#1600=CARTESIAN_POINT('',(-0.0347466876836823,0.0126747523945476,0.122455241520213));
#1601=CARTESIAN_POINT('',(-0.0301389158368194,0.0126747536333889,0.115348207599913));
#1602=CARTESIAN_POINT('',(-0.0228651120156169,0.0126747547293204,0.104521880741608));
#1603=CARTESIAN_POINT('',(-0.0136179292031346,0.0126747448460365,0.0901166448274266));
#1604=CARTESIAN_POINT('',(-0.00719856251958424,0.0126747700011329,0.0793996249406481));
#1605=CARTESIAN_POINT('',(-0.0018990061912655,0.0126747519705196,0.0694098237464069));
#1606=CARTESIAN_POINT('',(0.0019331008635836,0.0126748196879738,0.060721817601659));
#1607=CARTESIAN_POINT('',(0.00430548364820492,0.0126747107036931,0.0538476733641819));
#1608=CARTESIAN_POINT('',(0.00619561399408891,0.0126749419514258,0.0464485714071733));
#1609=CARTESIAN_POINT('',(0.00679853324831584,0.0126747802839414,0.0413667865156977));
#1610=CARTESIAN_POINT('',(0.00679866545514125,0.012674750056233,0.0380000000001695));
#1611=CARTESIAN_POINT('',(-0.0324979418121102,0.010793757209486,0.12391338219355));
#1612=CARTESIAN_POINT('',(-0.0279062485229614,0.010793759341441,0.116830921116164));
#1613=CARTESIAN_POINT('',(-0.0206344013532712,0.0107937612285662,0.106007792487268));
#1614=CARTESIAN_POINT('',(-0.011344670216403,0.010793744216034,0.0915368972216112));
#1615=CARTESIAN_POINT('',(-0.00486919591055538,0.0107937875174566,0.0807277402113929));
#1616=CARTESIAN_POINT('',(0.000506849921549367,0.010793756465547,0.0705961098798905));
#1617=CARTESIAN_POINT('',(0.00442512596689699,0.0107938730457135,0.061718148421532));
#1618=CARTESIAN_POINT('',(0.00687098259078579,0.0107936854045567,0.0546326669430881));
#1619=CARTESIAN_POINT('',(0.00884007616151453,0.0107940835892421,0.0469373322204799));
#1620=CARTESIAN_POINT('',(0.00947862253686597,0.0107938051129185,0.0415827368061479));
#1621=CARTESIAN_POINT('',(0.00947876019932891,0.0107937531847998,0.0380000000002726));
#1622=CARTESIAN_POINT('',(-0.03079742006204,0.00856805016529902,0.125016043323498));
#1623=CARTESIAN_POINT('',(-0.0262178814053512,0.00856805267672205,0.11795215939508));
#1624=CARTESIAN_POINT('',(-0.0189475181844805,0.00856805490076079,0.107131456200779));
#1625=CARTESIAN_POINT('',(-0.00962561665188298,0.00856803485631328,0.0926109093823491));
#1626=CARTESIAN_POINT('',(-0.00310769065554356,0.00856808587592707,0.0817320596204036));
#1627=CARTESIAN_POINT('',(0.00232615959265305,0.00856804927359569,0.0714932358509508));
#1628=CARTESIAN_POINT('',(0.00630966743553751,0.00856818664716924,0.0624715504660605));
#1629=CARTESIAN_POINT('',(0.00881100297270604,0.00856796552253831,0.0552263191431993));
#1630=CARTESIAN_POINT('',(0.0108399367540924,0.00856843480309014,0.0473069809769361));
#1631=CARTESIAN_POINT('',(0.0115053509180716,0.00856810649748881,0.0417459463632239));
#1632=CARTESIAN_POINT('',(0.0115054718297349,0.00856804542374603,0.0380000000003599));
#1633=CARTESIAN_POINT('',(-0.0296278779726839,0.00623406945325832,0.125774404910604));
#1634=CARTESIAN_POINT('',(-0.0250566966397005,0.00623407174814658,0.118723295040539));
#1635=CARTESIAN_POINT('',(-0.0177873561007891,0.00623407378108387,0.107904263407665));
#1636=CARTESIAN_POINT('',(-0.00844333206202961,0.00623405546239546,0.0933495684428894));
#1637=CARTESIAN_POINT('',(-0.00189619768972315,0.00623410209026371,0.0824227793759956));
#1638=CARTESIAN_POINT('',(0.00357738903926708,0.00623406862787074,0.072110260310745));
#1639=CARTESIAN_POINT('',(0.00760579717120276,0.00623419418585953,0.0629896927325903));
#1640=CARTESIAN_POINT('',(0.0101452436392889,0.00623399207068562,0.0556346210608942));
#1641=CARTESIAN_POINT('',(0.0122154064050144,0.00623442103737522,0.0475612304027152));
#1642=CARTESIAN_POINT('',(0.0128992545251544,0.00623412086323237,0.0418581528205282));
#1643=CARTESIAN_POINT('',(0.0128993524817316,0.00623406512021613,0.038000000000424));
#1644=CARTESIAN_POINT('',(-0.0289132564248963,0.00396198934992322,0.126237784567733));
#1645=CARTESIAN_POINT('',(-0.0243471808053825,0.00396199100212764,0.119194479024944));
#1646=CARTESIAN_POINT('',(-0.0170784659656081,0.00396199246602845,0.108376470136353));
#1647=CARTESIAN_POINT('',(-0.00772092569765556,0.00396197927640332,0.0938009096248273));
#1648=CARTESIAN_POINT('',(-0.00115593925634859,0.00396201284931106,0.0828448255591));
#1649=CARTESIAN_POINT('',(0.0043419200565935,0.00396198875087925,0.0724872871255666));
#1650=CARTESIAN_POINT('',(0.00839777858073036,0.00396207915921199,0.0633062867403503));
#1651=CARTESIAN_POINT('',(0.0109604930075026,0.00396193362158038,0.0558841098797631));
#1652=CARTESIAN_POINT('',(0.0130558796244115,0.00396224252190092,0.0477165922898312));
#1653=CARTESIAN_POINT('',(0.0137509717107789,0.0039620263334535,0.0419266986176914));
#1654=CARTESIAN_POINT('',(0.0137510508276084,0.00396198623022091,0.0380000000004646));
#1655=CARTESIAN_POINT('',(-0.0286158161250179,0.00220865781562631,0.126430652879645));
#1656=CARTESIAN_POINT('',(-0.02405186541617,0.0022086587749918,0.119390595439775));
#1657=CARTESIAN_POINT('',(-0.0167834111900963,0.00220865962507666,0.108573012555199));
#1658=CARTESIAN_POINT('',(-0.00742024547849283,0.00220865196619371,0.0939887673316935));
#1659=CARTESIAN_POINT('',(-0.000847827466932744,0.00220867146121967,0.0830204894749447));
#1660=CARTESIAN_POINT('',(0.00466013287866768,0.00220865746680109,0.0726442153810937));
#1661=CARTESIAN_POINT('',(0.00872742036829971,0.00220870996575407,0.0634380587071659));
#1662=CARTESIAN_POINT('',(0.0112998149351135,0.00220862545311053,0.0559879534829423));
#1663=CARTESIAN_POINT('',(0.0134057079152452,0.00220880483195853,0.0477812591350497));
#1664=CARTESIAN_POINT('',(0.0141054751798707,0.00220867928451943,0.041955225419218));
#1665=CARTESIAN_POINT('',(0.0141055453111305,0.00220865600412036,0.0380000000004819));
#1666=CARTESIAN_POINT('',(-0.0285101418870911,0.000906801462488969,0.126499174911812));
#1667=CARTESIAN_POINT('',(-0.0239469461007572,0.000906801862271658,0.119460271439149));
#1668=CARTESIAN_POINT('',(-0.016678584477757,0.000906802216525989,0.108642839926427));
#1669=CARTESIAN_POINT('',(-0.00731342018550013,0.0009067990249108,0.0940555092056145));
#1670=CARTESIAN_POINT('',(-0.000738361813603119,0.000906807148902386,0.0830828991132018));
#1671=CARTESIAN_POINT('',(0.00477318709730687,0.000906801316982616,0.0726999687933308));
#1672=CARTESIAN_POINT('',(0.00884453530088134,0.000906823194542415,0.063484874428782));
#1673=CARTESIAN_POINT('',(0.0114203687063472,0.000906787975997652,0.0560248469944452));
#1674=CARTESIAN_POINT('',(0.0135299949117549,0.000906862728069293,0.0478042340330606));
#1675=CARTESIAN_POINT('',(0.0142314228310146,0.000906810408059847,0.0419653601616726));
#1676=CARTESIAN_POINT('',(0.0142314896903727,0.000906800707601117,0.038000000000488));
#1677=CARTESIAN_POINT('',(-0.028486845140237,-1.47368023524288E-16,0.126514281153199));
#1678=CARTESIAN_POINT('',(-0.0239238157806037,-1.26954153161602E-15,0.119475632079605));
#1679=CARTESIAN_POINT('',(-0.0166554745747226,1.46488901263773E-15,0.108658233941515));
#1680=CARTESIAN_POINT('',(-0.00728986968230224,-2.81279521973746E-16,0.0940702229972134));
#1681=CARTESIAN_POINT('',(-0.000714229208557407,1.16552669518714E-16,0.0830966578216252));
#1682=CARTESIAN_POINT('',(0.00479811081195628,-1.57203205844366E-16,0.0727122601078806));
#1683=CARTESIAN_POINT('',(0.00887035427205714,1.26723214597479E-15,0.0634951953251485));
#1684=CARTESIAN_POINT('',(0.0114469457481577,-5.31758091114556E-16,0.0560329804825136));
#1685=CARTESIAN_POINT('',(0.0135573950586746,-6.86545577802264E-16,0.0478092990585922));
#1686=CARTESIAN_POINT('',(0.0142591890294266,3.68947315498068E-17,0.0419675944116168));
#1687=CARTESIAN_POINT('',(0.0142592551548137,1.89265252124524E-18,0.0380000000004894));
#1688=CARTESIAN_POINT('',(-0.0285101418870913,-0.000906801462489238,0.126499174911812));
#1689=CARTESIAN_POINT('',(-0.0239469461007592,-0.000906801862273921,0.119460271439149));
#1690=CARTESIAN_POINT('',(-0.0166785844777547,-0.000906802216523367,0.108642839926427));
#1691=CARTESIAN_POINT('',(-0.00731342018550058,-0.000906799024911309,0.0940555092056144));
#1692=CARTESIAN_POINT('',(-0.000738361813602939,-0.000906807148902175,0.0830828991132018));
#1693=CARTESIAN_POINT('',(0.00477318709730663,-0.000906801316982901,0.0726999687933307));
#1694=CARTESIAN_POINT('',(0.00884453530088244,-0.000906823194540157,0.063484874428784));
#1695=CARTESIAN_POINT('',(0.0114203687063469,-0.000906787975998603,0.056024846994444));
#1696=CARTESIAN_POINT('',(0.0135299949117541,-0.000906862728070519,0.0478042340330594));
#1697=CARTESIAN_POINT('',(0.0142314228310146,-0.000906810408059777,0.0419653601616726));
#1698=CARTESIAN_POINT('',(0.0142314896903727,-0.000906800707601114,0.038000000000488));
#1699=CARTESIAN_POINT('',(-0.0286158161250184,-0.00220865781562655,0.126430652879645));
#1700=CARTESIAN_POINT('',(-0.0240518654161747,-0.00220865877499385,0.119390595439774));
#1701=CARTESIAN_POINT('',(-0.016783411190091,-0.00220865962507429,0.108573012555199));
#1702=CARTESIAN_POINT('',(-0.00742024547849387,-0.00220865196619417,0.0939887673316934));
#1703=CARTESIAN_POINT('',(-0.000847827466932329,-0.00220867146121948,0.0830204894749448));
#1704=CARTESIAN_POINT('',(0.00466013287866712,-0.00220865746680135,0.0726442153810934));
#1705=CARTESIAN_POINT('',(0.00872742036830221,-0.00220870996575202,0.0634380587071707));
#1706=CARTESIAN_POINT('',(0.0112998149351127,-0.00220862545311139,0.0559879534829394));
#1707=CARTESIAN_POINT('',(0.0134057079152434,-0.00220880483195963,0.0477812591350472));
#1708=CARTESIAN_POINT('',(0.0141054751798708,-0.00220867928451937,0.0419552254192183));
#1709=CARTESIAN_POINT('',(0.0141055453111305,-0.00220865600412036,0.0380000000004819));
#1710=CARTESIAN_POINT('',(-0.028913256424897,-0.00396198934992342,0.126237784567732));
#1711=CARTESIAN_POINT('',(-0.0243471808053904,-0.00396199100212929,0.119194479024943));
#1712=CARTESIAN_POINT('',(-0.0170784659655992,-0.00396199246602654,0.108376470136354));
#1713=CARTESIAN_POINT('',(-0.00772092569765731,-0.00396197927640368,0.0938009096248272));
#1714=CARTESIAN_POINT('',(-0.0011559392563479,-0.00396201284931091,0.0828448255591002));
#1715=CARTESIAN_POINT('',(0.00434192005659258,-0.00396198875087945,0.0724872871255661));
#1716=CARTESIAN_POINT('',(0.00839777858073455,-0.00396207915921034,0.0633062867403583));
#1717=CARTESIAN_POINT('',(0.0109604930075013,-0.00396193362158108,0.0558841098797584));
#1718=CARTESIAN_POINT('',(0.0130558796244084,-0.00396224252190182,0.0477165922898268));
#1719=CARTESIAN_POINT('',(0.013750971710779,-0.00396202633345345,0.0419266986176918));
#1720=CARTESIAN_POINT('',(0.0137510508276084,-0.0039619862302209,0.0380000000004646));
#1721=CARTESIAN_POINT('',(-0.029627877972685,-0.00623406945325846,0.125774404910603));
#1722=CARTESIAN_POINT('',(-0.0250566966397119,-0.00623407174814773,0.118723295040539));
#1723=CARTESIAN_POINT('',(-0.0177873561007762,-0.00623407378108254,0.107904263407666));
#1724=CARTESIAN_POINT('',(-0.00844333206203212,-0.00623405546239572,0.0933495684428892));
#1725=CARTESIAN_POINT('',(-0.00189619768972215,-0.0062341020902636,0.0824227793759959));
#1726=CARTESIAN_POINT('',(0.00357738903926577,-0.00623406862787089,0.0721102603107443));
#1727=CARTESIAN_POINT('',(0.00760579717120875,-0.00623419418585839,0.0629896927326017));
#1728=CARTESIAN_POINT('',(0.0101452436392869,-0.00623399207068611,0.0556346210608875));
#1729=CARTESIAN_POINT('',(0.0122154064050099,-0.00623442103737584,0.0475612304027087));
#1730=CARTESIAN_POINT('',(0.0128992545251545,-0.00623412086323234,0.0418581528205286));
#1731=CARTESIAN_POINT('',(0.0128993524817316,-0.00623406512021614,0.038000000000424));
#1732=CARTESIAN_POINT('',(-0.0307974200620415,-0.00856805016529909,0.125016043323497));
#1733=CARTESIAN_POINT('',(-0.0262178814053655,-0.00856805267672268,0.11795215939508));
#1734=CARTESIAN_POINT('',(-0.0189475181844643,-0.00856805490076007,0.10713145620078));
#1735=CARTESIAN_POINT('',(-0.00962561665188612,-0.00856803485631342,0.0926109093823489));
#1736=CARTESIAN_POINT('',(-0.00310769065554234,-0.00856808587592701,0.0817320596204038));
#1737=CARTESIAN_POINT('',(0.00232615959265149,-0.00856804927359576,0.0714932358509499));
#1738=CARTESIAN_POINT('',(0.00630966743554488,-0.00856818664716862,0.0624715504660749));
#1739=CARTESIAN_POINT('',(0.00881100297270362,-0.00856796552253857,0.055226319143191));
#1740=CARTESIAN_POINT('',(0.0108399367540869,-0.00856843480309048,0.0473069809769278));
#1741=CARTESIAN_POINT('',(0.0115053509180717,-0.00856810649748879,0.0417459463632246));
#1742=CARTESIAN_POINT('',(0.0115054718297349,-0.00856804542374603,0.0380000000003599));
#1743=CARTESIAN_POINT('',(-0.0324979418121119,-0.0107937572094861,0.123913382193549));
#1744=CARTESIAN_POINT('',(-0.0279062485229777,-0.0107937593414413,0.116830921116164));
#1745=CARTESIAN_POINT('',(-0.0206344013532528,-0.010793761228566,0.106007792487269));
#1746=CARTESIAN_POINT('',(-0.0113446702164066,-0.010793744216034,0.091536897221611));
#1747=CARTESIAN_POINT('',(-0.00486919591055401,-0.0107937875174566,0.0807277402113933));
#1748=CARTESIAN_POINT('',(0.000506849921547675,-0.010793756465547,0.0705961098798893));
#1749=CARTESIAN_POINT('',(0.00442512596690523,-0.0107938730457133,0.0617181484215485));
#1750=CARTESIAN_POINT('',(0.006870982590783,-0.0107936854045568,0.0546326669430791));
#1751=CARTESIAN_POINT('',(0.00884007616150842,-0.0107940835892422,0.04693733222047));
#1752=CARTESIAN_POINT('',(0.00947862253686608,-0.0107938051129185,0.0415827368061485));
#1753=CARTESIAN_POINT('',(0.00947876019932892,-0.0107937531847998,0.0380000000002726));
#1754=CARTESIAN_POINT('',(-0.0347466876836841,-0.0126747523945476,0.122455241520213));
#1755=CARTESIAN_POINT('',(-0.0301389158368365,-0.0126747536333889,0.115348207599912));
#1756=CARTESIAN_POINT('',(-0.0228651120155975,-0.0126747547293204,0.104521880741608));
#1757=CARTESIAN_POINT('',(-0.0136179292031384,-0.0126747448460365,0.0901166448274264));
#1758=CARTESIAN_POINT('',(-0.00719856251958284,-0.0126747700011329,0.0793996249406486));
#1759=CARTESIAN_POINT('',(-0.00189900619126714,-0.0126747519705196,0.0694098237464054));
#1760=CARTESIAN_POINT('',(0.00193310086359213,-0.0126748196879738,0.0607218176016764));
#1761=CARTESIAN_POINT('',(0.00430548364820187,-0.0126747107036931,0.0538476733641729));
#1762=CARTESIAN_POINT('',(0.00619561399408263,-0.0126749419514258,0.0464485714071625));
#1763=CARTESIAN_POINT('',(0.00679853324831594,-0.0126747802839414,0.0413667865156983));
#1764=CARTESIAN_POINT('',(0.00679866545514125,-0.012674750056233,0.0380000000001695));
#1765=CARTESIAN_POINT('',(-0.0374625346298325,-0.0139484235866901,0.120694225570074));
#1766=CARTESIAN_POINT('',(-0.0328353364069607,-0.0139484238653487,0.113557504240758));
#1767=CARTESIAN_POINT('',(-0.0255591784410036,-0.0139484241116673,0.102727328515875));
#1768=CARTESIAN_POINT('',(-0.0163633901314661,-0.0139484218892826,0.0884013938208165));
#1769=CARTESIAN_POINT('',(-0.0100117445315786,-0.0139484275457495,0.0777956075022019));
#1770=CARTESIAN_POINT('',(-0.00480464100211985,-0.0139484234928186,0.0679772245480117));
#1771=CARTESIAN_POINT('',(-0.00107647197556833,-0.0139484387185891,0.0595184543577243));
#1772=CARTESIAN_POINT('',(0.00120703064840494,-0.0139484142171986,0.0528996998589264));
#1773=CARTESIAN_POINT('',(0.00300199488339805,-0.0139484662013818,0.045858375585755));
#1774=CARTESIAN_POINT('',(0.00356178269985837,-0.0139484298673979,0.0411057583588998));
#1775=CARTESIAN_POINT('',(0.00356187209775315,-0.0139484230608565,0.0380000000000676));
#1776=CARTESIAN_POINT('',(-0.0404511419501504,-0.0144007882066554,0.118756351044714));
#1777=CARTESIAN_POINT('',(-0.0358025565756169,-0.0144007880673241,0.111586947310462));
#1778=CARTESIAN_POINT('',(-0.0285238196666711,-0.0144007879441679,0.100752553029792));
#1779=CARTESIAN_POINT('',(-0.019384594891189,-0.0144007890553586,0.0865138915766751));
#1780=CARTESIAN_POINT('',(-0.0131074271422527,-0.0144007862271243,0.0760304477571863));
#1781=CARTESIAN_POINT('',(-0.00800215591519583,-0.014400788253581,0.0664008780831313));
#1782=CARTESIAN_POINT('',(-0.0043882175131522,-0.0144007806407142,0.0581941130712521));
#1783=CARTESIAN_POINT('',(-0.0022026703320451,-0.0144007928912648,0.0518566301632764));
#1784=CARTESIAN_POINT('',(-0.000512269725546729,-0.014400766899592,0.0452090231892129));
#1785=CARTESIAN_POINT('',(-5.06164138551624E-9,-0.0144007850658297,0.0408181710660014));
#1786=CARTESIAN_POINT('',(4.79129480570315E-19,-0.0144007884695718,0.0379999999999917));
#1787=CARTESIAN_POINT('',(-0.0434397518082234,-0.0139484235866885,0.116818480433081));
#1788=CARTESIAN_POINT('',(-0.0387697696643216,-0.0139484238653547,0.109616380015758));
#1789=CARTESIAN_POINT('',(-0.0314884662862392,-0.0139484241116612,0.0987777841529835));
#1790=CARTESIAN_POINT('',(-0.0224058092155822,-0.0139484218892828,0.0846264079292562));
#1791=CARTESIAN_POINT('',(-0.0162030811651065,-0.0139484275457532,0.0742652299773373));
#1792=CARTESIAN_POINT('',(-0.011199739991214,-0.0139484234928576,0.0648246801389621));
#1793=CARTESIAN_POINT('',(-0.00769989979521952,-0.0139484387185542,0.0568696179107794));
#1794=CARTESIAN_POINT('',(-0.00561242463767625,-0.0139484142177424,0.0508136948644353));
#1795=CARTESIAN_POINT('',(-0.00402652770593204,-0.0139484662002501,0.0445598114743859));
#1796=CARTESIAN_POINT('',(-0.00356176245617951,-0.0139484298692834,0.0405301262265474));
#1797=CARTESIAN_POINT('',(-0.00356187209775315,-0.0139484230608565,0.0379999999999658));
#1798=CARTESIAN_POINT('',(-0.0461556054474059,-0.0126747523944211,0.115057474805069));
#1799=CARTESIAN_POINT('',(-0.041466171567583,-0.0126747536338088,0.107825649331713));
#1800=CARTESIAN_POINT('',(-0.0341825469186059,-0.0126747547290887,0.0969832493232056));
#1801=CARTESIAN_POINT('',(-0.0251512954139406,-0.0126747448453774,0.0829112060546724));
#1802=CARTESIAN_POINT('',(-0.0190161876146339,-0.012674770004065,0.0726610591568284));
#1803=CARTESIAN_POINT('',(-0.0141055577273932,-0.0126747519642729,0.0633924736577151));
#1804=CARTESIAN_POINT('',(-0.0107093049930445,-0.0126748196963911,0.0556658473426987));
#1805=CARTESIAN_POINT('',(-0.00871101927207369,-0.012674710693992,0.0498660765927298));
#1806=CARTESIAN_POINT('',(-0.00722013001865813,-0.0126749420153836,0.0439700009398635));
#1807=CARTESIAN_POINT('',(-0.00679843027525466,-0.0126747801173555,0.0402678563431546));
#1808=CARTESIAN_POINT('',(-0.00679866545514125,-0.012674750056233,0.0380000000000008));
#1809=CARTESIAN_POINT('',(-0.0484043599922989,-0.0107937572091518,0.113599347508159));
#1810=CARTESIAN_POINT('',(-0.0436988147036322,-0.0107937593425124,0.106342900427063));
#1811=CARTESIAN_POINT('',(-0.0364132759513998,-0.0107937612281235,0.0954973600460852));
#1812=CARTESIAN_POINT('',(-0.0274245872415169,-0.010793744213833,0.0814910175094975));
#1813=CARTESIAN_POINT('',(-0.0213454559530912,-0.0107937875269992,0.0713327444428999));
#1814=CARTESIAN_POINT('',(-0.0165116519839211,-0.0107937564426843,0.0622066985686063));
#1815=CARTESIAN_POINT('',(-0.0132011111246539,-0.0107938730761548,0.0546689855585609));
#1816=CARTESIAN_POINT('',(-0.0112767038509327,-0.0107936853412912,0.0490815447457665));
#1817=CARTESIAN_POINT('',(-0.00986457209583257,-0.0107940838716342,0.0434817716147421));
#1818=CARTESIAN_POINT('',(-0.00947840622205867,-0.0107938044388436,0.0400502182335387));
#1819=CARTESIAN_POINT('',(-0.00947876019932892,-0.0107937531847998,0.0380000000000862));
#1820=CARTESIAN_POINT('',(-0.0501048901589247,-0.00856805016481163,0.112496699358914));
#1821=CARTESIAN_POINT('',(-0.0453871583719067,-0.00856805267822919,0.105221627829536));
#1822=CARTESIAN_POINT('',(-0.0381001769047162,-0.00856805490035504,0.0943737180582349));
#1823=CARTESIAN_POINT('',(-0.029143672773729,-0.00856803485245841,0.0804170674956858));
#1824=CARTESIAN_POINT('',(-0.0231068654768969,-0.00856808589236515,0.0703282307857357));
#1825=CARTESIAN_POINT('',(-0.0183311939023942,-0.00856804923132228,0.0613100707372293));
#1826=CARTESIAN_POINT('',(-0.0150854382765255,-0.00856818670377356,0.0539150650716618));
#1827=CARTESIAN_POINT('',(-0.0132169065492142,-0.00856796537545318,0.0484883416828558));
#1828=CARTESIAN_POINT('',(-0.0118644153086914,-0.00856843538463154,0.0431126754339915));
#1829=CARTESIAN_POINT('',(-0.0115050173411258,-0.00856810516361945,0.039885281384509));
#1830=CARTESIAN_POINT('',(-0.0115054718297349,-0.00856804542374603,0.0380000000001949));
#1831=CARTESIAN_POINT('',(-0.0512744389497233,-0.00623406945275775,0.111738348107507));
#1832=CARTESIAN_POINT('',(-0.0465483244753805,-0.00623407174964898,0.104450464873872));
#1833=CARTESIAN_POINT('',(-0.039260353120072,-0.00623407378086458,0.0936009280971541));
#1834=CARTESIAN_POINT('',(-0.0303259828846339,-0.00623405545790593,0.0796784580451933));
#1835=CARTESIAN_POINT('',(-0.0243182819667506,-0.00623410210922083,0.0696373558856655));
#1836=CARTESIAN_POINT('',(-0.0195826090575211,-0.00623406857711254,0.0606934444102891));
#1837=CARTESIAN_POINT('',(-0.0163813961169414,-0.00623419425451804,0.0533965078963377));
#1838=CARTESIAN_POINT('',(-0.0145512938404629,-0.00623399187324695,0.0480803978169261));
#1839=CARTESIAN_POINT('',(-0.0132398728318518,-0.00623442178149455,0.0428588932685253));
#1840=CARTESIAN_POINT('',(-0.0128988219957255,-0.006234119189133,0.0397716337142395));
#1841=CARTESIAN_POINT('',(-0.0128993524817316,-0.00623406512021614,0.0380000000002968));
#1842=CARTESIAN_POINT('',(-0.0519890649511549,-0.00396198934953977,0.111274975319361));
#1843=CARTESIAN_POINT('',(-0.0472578279113121,-0.00396199100325573,0.103979262746723));
#1844=CARTESIAN_POINT('',(-0.0399692526332348,-0.00396199246595992,0.0931287328049197));
#1845=CARTESIAN_POINT('',(-0.0310484062418816,-0.0039619792726966,0.0792271498929732));
#1846=CARTESIAN_POINT('',(-0.0250584894558927,-0.00396201286487996,0.0692152063710671));
#1847=CARTESIAN_POINT('',(-0.0203472638666567,-0.00396198870829301,0.0603166828924667));
#1848=CARTESIAN_POINT('',(-0.0171732626941769,-0.00396207921728729,0.0530796371757714));
#1849=CARTESIAN_POINT('',(-0.0153666413331928,-0.0039619334464794,0.0478311470379351));
#1850=CARTESIAN_POINT('',(-0.0140803389134609,-0.00396224316862765,0.0427038557173936));
#1851=CARTESIAN_POINT('',(-0.0137504705143526,-0.00396202489195962,0.039702096919942));
#1852=CARTESIAN_POINT('',(-0.0137510508276084,-0.0039619862302209,0.0380000000003715));
#1853=CARTESIAN_POINT('',(-0.0522865071867777,-0.00220865781539917,0.111082109993024));
#1854=CARTESIAN_POINT('',(-0.0475531379126944,-0.0022086587756557,0.10378313844805));
#1855=CARTESIAN_POINT('',(-0.0402643114813823,-0.00220865962505699,0.0929321953506441));
#1856=CARTESIAN_POINT('',(-0.0313490938549594,-0.00220865196394,0.0790393065572309));
#1857=CARTESIAN_POINT('',(-0.0253665790725764,-0.00220867147066958,0.0690394974864549));
#1858=CARTESIAN_POINT('',(-0.0206655305880586,-0.00220865744077172,0.0601598701229586));
#1859=CARTESIAN_POINT('',(-0.0175028544209962,-0.00220871000136339,0.0529477446979031));
#1860=CARTESIAN_POINT('',(-0.0157060060792068,-0.00220862534417276,0.047727406897322));
#1861=CARTESIAN_POINT('',(-0.0144301643537705,-0.00220880523197239,0.0426393334689211));
#1862=CARTESIAN_POINT('',(-0.0141049433609387,-0.00220867839551302,0.0396731306916233));
#1863=CARTESIAN_POINT('',(-0.0141055453111305,-0.00220865600412036,0.0380000000004058));
#1864=CARTESIAN_POINT('',(-0.0523921821180237,-0.000906801462393734,0.111013589030193));
#1865=CARTESIAN_POINT('',(-0.0476580552984407,-0.000906801862550239,0.103713459625072));
#1866=CARTESIAN_POINT('',(-0.040369139652158,-0.000906802216520029,0.0928623697571175));
#1867=CARTESIAN_POINT('',(-0.0314559217967837,-0.000906799023956857,0.0789725698316352));
#1868=CARTESIAN_POINT('',(-0.025476036782216,-0.000906807152900572,0.0689770717378645));
#1869=CARTESIAN_POINT('',(-0.0207786041183619,-0.000906801305944246,0.0601041580865272));
#1870=CARTESIAN_POINT('',(-0.0176199514127911,-0.000906823209658644,0.0529008857963292));
#1871=CARTESIAN_POINT('',(-0.0158265751985648,-0.000906787929532587,0.047690550441808));
#1872=CARTESIAN_POINT('',(-0.0145544503481098,-0.000906862898366193,0.042616410625686));
#1873=CARTESIAN_POINT('',(-0.0142308799867902,-0.000906810029943376,0.0396628379264428));
#1874=CARTESIAN_POINT('',(-0.0142314896903727,-0.000906800707601116,0.0380000000004181));
#1875=CARTESIAN_POINT('',(-0.0524154790186236,-4.56720165159519E-18,0.110998483025935));
#1876=CARTESIAN_POINT('',(-0.0476811851906964,-4.450649918053E-17,0.103698098358492));
#1877=CARTESIAN_POINT('',(-0.040392249878567,5.35866923750961E-17,0.0928469761361734));
#1878=CARTESIAN_POINT('',(-0.0314794728874571,-1.00830802041152E-17,0.0789578571818575));
#1879=CARTESIAN_POINT('',(-0.0255001676253928,-9.89334482393023E-19,0.0689633094563061));
#1880=CARTESIAN_POINT('',(-0.020803532116463,-3.69983991360678E-18,0.0600918759491213));
#1881=CARTESIAN_POINT('',(-0.017645766403905,4.00612702733394E-17,0.0528905553220659));
#1882=CARTESIAN_POINT('',(-0.0158531556457117,-1.88109076926235E-17,0.0476824251709632));
#1883=CARTESIAN_POINT('',(-0.014581850275603,-2.36491598873401E-17,0.0426113571834792));
#1884=CARTESIAN_POINT('',(-0.0142586437316945,1.72117094882074E-18,0.0396605685385633));
#1885=CARTESIAN_POINT('',(-0.0142592551548137,-3.52365706057789E-19,0.0380000000004209));
#1886=CARTESIAN_POINT('',(-0.0523921821180237,0.000906801462393754,0.111013589030193));
#1887=CARTESIAN_POINT('',(-0.0476580552984407,0.000906801862550414,0.103713459625073));
#1888=CARTESIAN_POINT('',(-0.040369139652158,0.000906802216519827,0.0928623697571175));
#1889=CARTESIAN_POINT('',(-0.0314559217967837,0.000906799023956896,0.0789725698316352));
#1890=CARTESIAN_POINT('',(-0.025476036782216,0.00090680715290056,0.0689770717378645));
#1891=CARTESIAN_POINT('',(-0.0207786041183619,0.000906801305944265,0.0601041580865272));
#1892=CARTESIAN_POINT('',(-0.0176199514127912,0.000906823209658474,0.0529008857963292));
#1893=CARTESIAN_POINT('',(-0.0158265751985648,0.00090678792953266,0.047690550441808));
#1894=CARTESIAN_POINT('',(-0.0145544503481097,0.000906862898366288,0.042616410625686));
#1895=CARTESIAN_POINT('',(-0.0142308799867902,0.000906810029943371,0.0396628379264428));
#1896=CARTESIAN_POINT('',(-0.0142314896903727,0.000906800707601116,0.0380000000004182));
#1897=CARTESIAN_POINT('',(-0.0354347077274189,0.0141882774042701,0.108692048874165));
#1898=CARTESIAN_POINT('',(-0.0346660904046519,0.0142882609889696,0.109471143255658));
#1899=CARTESIAN_POINT('',(-0.0332349310914788,0.0142446122408374,0.111093311205012));
#1900=CARTESIAN_POINT('',(-0.0308212909911337,0.0132781011327803,0.114653822545419));
#1901=CARTESIAN_POINT('',(-0.029342848360106,0.0112776377119024,0.118289480967748));
#1902=CARTESIAN_POINT('',(-0.0285751967888314,0.00853817332933488,0.121630665289067));
#1903=CARTESIAN_POINT('',(-0.0282745289818852,0.00615631028700066,0.123800237758569));
#1904=CARTESIAN_POINT('',(-0.0281538860190437,0.00330825883825813,0.125490411697352));
#1905=CARTESIAN_POINT('',(-0.028132128515615,4.55852506927258E-5,0.12618914569004));
#1906=CARTESIAN_POINT('',(-0.0281525630484859,-0.0032359927329158,0.125521825793086));
#1907=CARTESIAN_POINT('',(-0.0282699975500208,-0.00610095893504271,0.123843742565044));
#1908=CARTESIAN_POINT('',(-0.0285687826430327,-0.00850916454196602,0.121662581178717));
#1909=CARTESIAN_POINT('',(-0.0291441902318298,-0.0105755947446609,0.11915152383791));
#1910=CARTESIAN_POINT('',(-0.0300663265406394,-0.0122534329384877,0.116501506222973));
#1911=CARTESIAN_POINT('',(-0.0314189888225189,-0.0135157142910693,0.113776879475691));
#1912=CARTESIAN_POINT('',(-0.0331982028459304,-0.0142376543733457,0.111139413924798));
#1913=CARTESIAN_POINT('',(-0.0346629700342388,-0.0142886668942364,0.109474306159983));
#1914=CARTESIAN_POINT('',(-0.0354347077274195,-0.0141882774042704,0.108692048874164));
#1915=CARTESIAN_POINT('',(-0.0354347077274189,0.0141882774042701,0.108692048874165));
#1916=CARTESIAN_POINT('',(-0.0354347077274196,-0.0141882774042704,0.108692048874164));
#1917=CARTESIAN_POINT('',(-0.0354347080803379,-0.0141882773947569,0.108692049223558));
#1918=CARTESIAN_POINT('',(-0.0360595793333533,-0.0141069926531391,0.108058660629934));
#1919=CARTESIAN_POINT('',(-0.0372789478246754,-0.0137899919051284,0.106825518092439));
#1920=CARTESIAN_POINT('',(-0.0396384588628782,-0.0125349818834206,0.104459830422361));
#1921=CARTESIAN_POINT('',(-0.0422224325116031,-0.00987590229739424,0.101917738200055));
#1922=CARTESIAN_POINT('',(-0.0443187180621777,-0.0053156404678466,0.0999079719348327));
#1923=CARTESIAN_POINT('',(-0.0450600312317104,-6.82904429870398E-6,0.0992083251813563));
#1924=CARTESIAN_POINT('',(-0.0443221990025127,0.0053024707649037,0.0999046706167538));
#1925=CARTESIAN_POINT('',(-0.0422307976726865,0.00986459561380575,0.101909667562866));
#1926=CARTESIAN_POINT('',(-0.03912811557241,0.0130604571897158,0.104961592374766));
#1927=CARTESIAN_POINT('',(-0.0366845253631877,0.0140256981843738,0.107425196240243));
#1928=CARTESIAN_POINT('',(-0.0354347080803374,0.0141882773947566,0.108692049223558));
#1929=CARTESIAN_POINT('',(0.0117347371131143,-0.000747712864162322,0.173999999999959));
#1930=CARTESIAN_POINT('',(0.011734840028318,-0.000747714451056036,0.182267070010247));
#1931=CARTESIAN_POINT('',(0.00959636688962845,-0.000747713230607897,0.194335326517275));
#1932=CARTESIAN_POINT('',(0.00278810020287701,-0.000747709791659355,0.20799544634041));
#1933=CARTESIAN_POINT('',(-0.00405981684607172,-0.000747716556291922,0.216229450140513));
#1934=CARTESIAN_POINT('',(-0.0115681998360231,-0.000747710524074915,0.222027456513187));
#1935=CARTESIAN_POINT('',(-0.0187485248076631,-0.000747720707569621,0.225540728153955));
#1936=CARTESIAN_POINT('',(-0.0255906682232631,-0.000747755242226964,0.227336298789179));
#1937=CARTESIAN_POINT('',(-0.0312518735128856,-0.000747711350328723,0.227848209027066));
#1938=CARTESIAN_POINT('',(-0.0360300270069721,-0.000747710252053488,0.227631725619136));
#1939=CARTESIAN_POINT('',(-0.0406977639790931,-0.00074768518999768,0.226898355610798));
#1940=CARTESIAN_POINT('',(-0.0461402470051515,-0.000747697260454564,0.22534278190065));
#1941=CARTESIAN_POINT('',(-0.0525997105591703,-0.000747722197310632,0.222419546959881));
#1942=CARTESIAN_POINT('',(-0.0593362469431908,-0.000747680856914313,0.217903357668787));
#1943=CARTESIAN_POINT('',(-0.0656371586895371,-0.000747721610938656,0.211831571298317));
#1944=CARTESIAN_POINT('',(-0.070933224095861,-0.000747709461691635,0.204572921864192));
#1945=CARTESIAN_POINT('',(-0.0747489599753647,-0.000747708989448499,0.196698533179345));
#1946=CARTESIAN_POINT('',(-0.0769595837681041,-0.000747727503308437,0.189019496784191));
#1947=CARTESIAN_POINT('',(-0.0778220314525783,-0.000747742567916026,0.182753185964429));
#1948=CARTESIAN_POINT('',(-0.0779794750680168,-0.000747724625471895,0.177964524175106));
#1949=CARTESIAN_POINT('',(-0.0778330424716413,-0.0007477125706704,0.174232943718194));
#1950=CARTESIAN_POINT('',(-0.0774374559935478,-0.000747710512143934,0.170447908072108));
#1951=CARTESIAN_POINT('',(-0.0766926267071243,-0.0007476815235981,0.16612892553093));
#1952=CARTESIAN_POINT('',(-0.0753448279212125,-0.000747682083711835,0.160700484703293));
#1953=CARTESIAN_POINT('',(-0.0730786158233989,-0.000747726570349444,0.153897936902719));
#1954=CARTESIAN_POINT('',(-0.0695185518123339,-0.0007476910486538,0.145445897902884));
#1955=CARTESIAN_POINT('',(-0.0640783578517838,-0.000747719729668918,0.134767414631646));
#1956=CARTESIAN_POINT('',(-0.0561131977266811,-0.000747708545918126,0.1212665663287));
#1957=CARTESIAN_POINT('',(-0.0451506429699766,-0.000747712882011597,0.104437968770121));
#1958=CARTESIAN_POINT('',(-0.0333850095543355,-0.000747711853368498,0.0868215141618769));
#1959=CARTESIAN_POINT('',(-0.0237097747631924,-0.000747709491347254,0.0711098957319516));
#1960=CARTESIAN_POINT('',(-0.017897015099995,-0.000747702348959803,0.0599403416875763));
#1961=CARTESIAN_POINT('',(-0.0147589095231343,-0.000747702915391561,0.0523905885579498));
#1962=CARTESIAN_POINT('',(-0.0131769276887849,-0.000747714676499854,0.0474957625689724));
#1963=CARTESIAN_POINT('',(-0.0120401171447013,-0.000747653251087009,0.0426489069317402));
#1964=CARTESIAN_POINT('',(-0.0117349724137157,-0.0007477062665303,0.0397299061062893));
#1965=CARTESIAN_POINT('',(-0.0117347371131143,-0.000747712864162324,0.0379999999995819));
#1966=CARTESIAN_POINT('',(0.0117576314434429,-1.50433051432364E-18,0.173999999999959));
#1967=CARTESIAN_POINT('',(0.0117577346658554,1.01237377855834E-17,0.182269578958592));
#1968=CARTESIAN_POINT('',(0.00961860799194104,1.6357900277375E-17,0.19434207004567));
#1969=CARTESIAN_POINT('',(0.00280751957243237,-4.80301562411078E-17,0.208007957722931));
#1970=CARTESIAN_POINT('',(-0.00404363702742169,4.22432271454665E-17,0.216245913508208));
#1971=CARTESIAN_POINT('',(-0.0115559777143857,1.29291109068896E-17,0.222047001542761));
#1972=CARTESIAN_POINT('',(-0.0187403804986267,3.36102673470506E-18,0.225562285094501));
#1973=CARTESIAN_POINT('',(-0.025586639312815,3.11708124589583E-18,0.227358936443138));
#1974=CARTESIAN_POINT('',(-0.0312512983930545,-8.17217387510949E-18,0.227871165555465));
#1975=CARTESIAN_POINT('',(-0.0360323717505672,-4.09557370656399E-17,0.227654548012392));
#1976=CARTESIAN_POINT('',(-0.0407027948752209,1.95156391047391E-18,0.22692075546414));
#1977=CARTESIAN_POINT('',(-0.0461482415809971,1.0435445910173E-17,0.225364327920155));
#1978=CARTESIAN_POINT('',(-0.0526109917177116,-1.93936663603345E-17,0.2224395897696));
#1979=CARTESIAN_POINT('',(-0.0593507242373358,-1.4568966692774E-17,0.217921253436405));
#1980=CARTESIAN_POINT('',(-0.0656545055529902,-9.50032153640423E-18,0.211846687334681));
#1981=CARTESIAN_POINT('',(-0.0709529672693641,-2.58175642323111E-17,0.204584755307624));
#1982=CARTESIAN_POINT('',(-0.0747704259450584,5.16351284646221E-18,0.196706810082715));
#1983=CARTESIAN_POINT('',(-0.07698204482365,-1.19262238973405E-18,0.189024303901204));
#1984=CARTESIAN_POINT('',(-0.0778448723177616,3.08997619158369E-18,0.182755197058865));
#1985=CARTESIAN_POINT('',(-0.0780023859859153,6.45100292628875E-18,0.177964454292688));
#1986=CARTESIAN_POINT('',(-0.0778558931592104,2.98155597433514E-19,0.174231292285318));
#1987=CARTESIAN_POINT('',(-0.0774601413024217,-1.12621500666932E-17,0.170444687551051));
#1988=CARTESIAN_POINT('',(-0.0767150429386259,-6.32903018188413E-18,0.166124138150854));
#1989=CARTESIAN_POINT('',(-0.075366820772381,1.84449894594096E-17,0.160694012058613));
#1990=CARTESIAN_POINT('',(-0.0731000178488408,4.02510056535244E-18,0.153889748994874));
#1991=CARTESIAN_POINT('',(-0.0695392811508292,-4.99139575158014E-17,0.145436121282019));
#1992=CARTESIAN_POINT('',(-0.064098364514481,2.87449100980219E-17,0.134756257856904));
#1993=CARTESIAN_POINT('',(-0.0561325766738477,-5.78692909564138E-18,0.121254361072469));
#1994=CARTESIAN_POINT('',(-0.0451696628342856,3.02898981938138E-17,0.104425226797499));
#1995=CARTESIAN_POINT('',(-0.0334041704066814,-2.03965533698836E-17,0.0868089767622611));
#1996=CARTESIAN_POINT('',(-0.0237295819406624,7.79270311473956E-18,0.0710983774357259));
#1997=CARTESIAN_POINT('',(-0.0179176706286852,-3.80826013085533E-18,0.0599303931337533));
#1998=CARTESIAN_POINT('',(-0.014780360045281,-3.83807569059869E-17,0.0523825073222354));
#1999=CARTESIAN_POINT('',(-0.0131989576563456,2.74709725453515E-17,0.0474894410106136));
#2000=CARTESIAN_POINT('',(-0.0120627539883466,1.72930246511438E-17,0.0426450254579571));
#2001=CARTESIAN_POINT('',(-0.011757867644638,-5.6920614055489E-19,0.0397282246335345));
#2002=CARTESIAN_POINT('',(-0.0117576314434428,2.84603070277445E-19,0.0379999999995791));
#2003=CARTESIAN_POINT('',(0.0117347371131143,0.000747712864162323,0.173999999999959));
#2004=CARTESIAN_POINT('',(0.011734840028318,0.000747714451055997,0.182267070010247));
#2005=CARTESIAN_POINT('',(0.00959636688962843,0.000747713230607815,0.194335326517275));
#2006=CARTESIAN_POINT('',(0.00278810020287703,0.000747709791659528,0.20799544634041));
#2007=CARTESIAN_POINT('',(-0.00405981684607172,0.000747716556291784,0.216229450140513));
#2008=CARTESIAN_POINT('',(-0.0115681998360231,0.000747710524074893,0.222027456513187));
#2009=CARTESIAN_POINT('',(-0.0187485248076631,0.000747720707569624,0.225540728153955));
#2010=CARTESIAN_POINT('',(-0.0255906682232631,0.000747755242226879,0.227336298789179));
#2011=CARTESIAN_POINT('',(-0.0312518735128856,0.00074771135032867,0.227848209027065));
#2012=CARTESIAN_POINT('',(-0.0360300270069721,0.00074771025205359,0.227631725619136));
#2013=CARTESIAN_POINT('',(-0.0406977639790931,0.000747685189997717,0.226898355610798));
#2014=CARTESIAN_POINT('',(-0.0461402470051515,0.000747697260454473,0.225342781900649));
#2015=CARTESIAN_POINT('',(-0.0525997105591703,0.000747722197310713,0.222419546959881));
#2016=CARTESIAN_POINT('',(-0.0593362469431907,0.00074768085691435,0.217903357668787));
#2017=CARTESIAN_POINT('',(-0.0656371586895371,0.000747721610938636,0.211831571298317));
#2018=CARTESIAN_POINT('',(-0.0709332240958611,0.0007477094616917,0.204572921864192));
#2019=CARTESIAN_POINT('',(-0.0747489599753647,0.000747708989448456,0.196698533179345));
#2020=CARTESIAN_POINT('',(-0.0769595837681041,0.000747727503308473,0.189019496784191));
#2021=CARTESIAN_POINT('',(-0.0778220314525784,0.000747742567916016,0.182753185964429));
#2022=CARTESIAN_POINT('',(-0.0779794750680168,0.000747724625471871,0.177964524175106));
#2023=CARTESIAN_POINT('',(-0.0778330424716413,0.000747712570670387,0.174232943718194));
#2024=CARTESIAN_POINT('',(-0.0774374559935478,0.000747710512143962,0.170447908072108));
#2025=CARTESIAN_POINT('',(-0.0766926267071243,0.0007476815235981,0.16612892553093));
#2026=CARTESIAN_POINT('',(-0.0753448279212125,0.000747682083711774,0.160700484703293));
#2027=CARTESIAN_POINT('',(-0.0730786158233988,0.000747726570349433,0.153897936902719));
#2028=CARTESIAN_POINT('',(-0.0695185518123339,0.000747691048653971,0.145445897902884));
#2029=CARTESIAN_POINT('',(-0.0640783578517838,0.000747719729668835,0.134767414631646));
#2030=CARTESIAN_POINT('',(-0.0561131977266811,0.000747708545918148,0.1212665663287));
#2031=CARTESIAN_POINT('',(-0.0451506429699766,0.000747712882011468,0.104437968770121));
#2032=CARTESIAN_POINT('',(-0.0333850095543355,0.000747711853368592,0.086821514161877));
#2033=CARTESIAN_POINT('',(-0.0237097747631924,0.000747709491347226,0.0711098957319516));
#2034=CARTESIAN_POINT('',(-0.017897015099995,0.00074770234895982,0.0599403416875762));
#2035=CARTESIAN_POINT('',(-0.0147589095231343,0.000747702915391714,0.0523905885579498));
#2036=CARTESIAN_POINT('',(-0.0131769276887849,0.000747714676499744,0.0474957625689725));
#2037=CARTESIAN_POINT('',(-0.0120401171447013,0.000747653251086942,0.0426489069317403));
#2038=CARTESIAN_POINT('',(-0.0117349724137157,0.000747706266530301,0.0397299061062893));
#2039=CARTESIAN_POINT('',(-0.0117347371131143,0.000747712864162324,0.0379999999995819));
#2040=CARTESIAN_POINT('',(0.0116308882390023,0.00182117249462556,0.173999999999959));
#2041=CARTESIAN_POINT('',(0.0116309897688711,0.00182117630270181,0.182255689396355));
#2042=CARTESIAN_POINT('',(0.00949548106399021,0.00182117337397417,0.19430473782189));
#2043=CARTESIAN_POINT('',(0.00270001376688784,0.00182116512156246,0.207938694593408));
#2044=CARTESIAN_POINT('',(-0.00413320861236541,0.0018211813545512,0.21615477217073));
#2045=CARTESIAN_POINT('',(-0.0116236395165389,0.0018211668794364,0.221938800096911));
#2046=CARTESIAN_POINT('',(-0.0187854673467606,0.00182119131530649,0.225442945689553));
#2047=CARTESIAN_POINT('',(-0.0256089433926825,0.00182127419043658,0.227233614414703));
#2048=CARTESIAN_POINT('',(-0.0312544823021155,0.00182116886121614,0.227744078014893));
#2049=CARTESIAN_POINT('',(-0.0360193912687068,0.00182116622592381,0.227528203036613));
#2050=CARTESIAN_POINT('',(-0.0406749438033732,0.00182110608558084,0.226796749544779));
#2051=CARTESIAN_POINT('',(-0.0461039834432288,0.00182113504990272,0.225245048933491));
#2052=CARTESIAN_POINT('',(-0.0525485392109998,0.00182119489125911,0.22232863261564));
#2053=CARTESIAN_POINT('',(-0.0592705776972248,0.00182109568715602,0.217822182209301));
#2054=CARTESIAN_POINT('',(-0.0655584731992536,0.00182119348417619,0.211763004864534));
#2055=CARTESIAN_POINT('',(-0.0708436688815307,0.00182116432971467,0.204519245260457));
#2056=CARTESIAN_POINT('',(-0.0746515901408113,0.00182116319660328,0.196660989056548));
#2057=CARTESIAN_POINT('',(-0.0768577002849101,0.00182120762372336,0.188997691752167));
#2058=CARTESIAN_POINT('',(-0.077718425244547,0.00182124377556731,0.182744063621685));
#2059=CARTESIAN_POINT('',(-0.0778755510084146,0.00182120071770277,0.177964841106307));
#2060=CARTESIAN_POINT('',(-0.077729391559777,0.00182117179055019,0.174240434628672));
#2061=CARTESIAN_POINT('',(-0.0773345552235144,0.00182116684953688,0.17046251631424));
#2062=CARTESIAN_POINT('',(-0.0765909463265862,0.00182109728729284,0.166150641086755));
#2063=CARTESIAN_POINT('',(-0.0752450680502047,0.00182109863046359,0.160729844815238));
#2064=CARTESIAN_POINT('',(-0.072981536109218,0.001821205385435,0.153935077266254));
#2065=CARTESIAN_POINT('',(-0.0694245232650943,0.00182112014402129,0.145490244786797));
#2066=CARTESIAN_POINT('',(-0.0639876074874085,0.00182118896976146,0.134818021831983));
#2067=CARTESIAN_POINT('',(-0.0560252946499025,0.00182116213212618,0.121321929496335));
#2068=CARTESIAN_POINT('',(-0.0450643687085285,0.00182117253748068,0.104495766469613));
#2069=CARTESIAN_POINT('',(-0.0332980957574277,0.0018211700689429,0.0868783838983559));
#2070=CARTESIAN_POINT('',(-0.0236199292559275,0.00182116440113813,0.0711621428953025));
#2071=CARTESIAN_POINT('',(-0.0178033213220473,0.00182114726053289,0.0599854682451592));
#2072=CARTESIAN_POINT('',(-0.0146616098273541,0.00182114862140301,0.0524272453861374));
#2073=CARTESIAN_POINT('',(-0.0130769994690622,0.0018211768387429,0.0475244368966085));
#2074=CARTESIAN_POINT('',(-0.0119374359803031,0.00182102945157583,0.0426665131476631));
#2075=CARTESIAN_POINT('',(-0.0116311194958749,0.00182115664215316,0.0397375344220181));
#2076=CARTESIAN_POINT('',(-0.0116308882390023,0.00182117249462556,0.0379999999995943));
#2077=CARTESIAN_POINT('',(0.0113385857701332,0.00326690092667338,0.173999999999959));
#2078=CARTESIAN_POINT('',(0.0113386834326919,0.00326690748481077,0.182223656475125));
#2079=CARTESIAN_POINT('',(0.00921151866315657,0.00326690244099688,0.194218640125753));
#2080=CARTESIAN_POINT('',(0.00245207763637622,0.00326688822921594,0.207778955930813));
#2081=CARTESIAN_POINT('',(-0.00433978363773311,0.00326691618446943,0.215944576793844));
#2082=CARTESIAN_POINT('',(-0.0117796852063428,0.00326689125799388,0.221689259704076));
#2083=CARTESIAN_POINT('',(-0.0188894487305085,0.00326693333325067,0.225167718285805));
#2084=CARTESIAN_POINT('',(-0.0256603823320211,0.00326707606841021,0.226944590487316));
#2085=CARTESIAN_POINT('',(-0.0312618253934018,0.00326689466614817,0.227450981386934));
#2086=CARTESIAN_POINT('',(-0.0359894551002191,0.00326689012892525,0.227236818916984));
#2087=CARTESIAN_POINT('',(-0.0406107121053432,0.00326678656310276,0.226510759325552));
#2088=CARTESIAN_POINT('',(-0.0460019123486512,0.00326683643856522,0.224969960683561));
#2089=CARTESIAN_POINT('',(-0.0524045080025689,0.00326693949656982,0.222072736884873));
#2090=CARTESIAN_POINT('',(-0.0590857386138036,0.00326676865381401,0.217593697968395));
#2091=CARTESIAN_POINT('',(-0.0653369979830251,0.00326693707352036,0.211570011687508));
#2092=CARTESIAN_POINT('',(-0.0705915985906979,0.00326688686541383,0.20436816219744));
#2093=CARTESIAN_POINT('',(-0.07437752410093,0.00326688491465586,0.196555313884153));
#2094=CARTESIAN_POINT('',(-0.0765709299924193,0.00326696142220945,0.188936317679269));
#2095=CARTESIAN_POINT('',(-0.0774268063839642,0.00326702368767821,0.182718387042895));
#2096=CARTESIAN_POINT('',(-0.0775830371346407,0.00326694952859522,0.17796573295512));
#2097=CARTESIAN_POINT('',(-0.0774376462868707,0.00326689971520375,0.174261519214355));
#2098=CARTESIAN_POINT('',(-0.0770449213008196,0.00326689120032261,0.170503633737163));
#2099=CARTESIAN_POINT('',(-0.0763047468448961,0.00326677141093938,0.166211763509405));
#2100=CARTESIAN_POINT('',(-0.074964274412187,0.00326677371954053,0.160812484998309));
#2101=CARTESIAN_POINT('',(-0.0727082869387385,0.00326695757012569,0.154039615692203));
#2102=CARTESIAN_POINT('',(-0.069159861610489,0.00326681077111942,0.145615067746736));
#2103=CARTESIAN_POINT('',(-0.0637321733721434,0.00326692929932756,0.134960465361623));
#2104=CARTESIAN_POINT('',(-0.0557778746296191,0.00326688308079109,0.121477759783889));
#2105=CARTESIAN_POINT('',(-0.0448215333491161,0.00326690100058618,0.104658449141058));
#2106=CARTESIAN_POINT('',(-0.0330534602545027,0.00326689674887535,0.0870384545703056));
#2107=CARTESIAN_POINT('',(-0.0233670419948714,0.00326688698967871,0.071309202796838));
#2108=CARTESIAN_POINT('',(-0.017539601814617,0.00326685746592231,0.0601124849072908));
#2109=CARTESIAN_POINT('',(-0.0143877414728885,0.00326685981736939,0.0525304240939225));
#2110=CARTESIAN_POINT('',(-0.0127957320313109,0.0032669083837961,0.0476051450408313));
#2111=CARTESIAN_POINT('',(-0.0116484192632477,0.00326665463517511,0.0427160684730845));
#2112=CARTESIAN_POINT('',(-0.0113388058116652,0.00326687352808378,0.039759010277187));
#2113=CARTESIAN_POINT('',(-0.0113385857701332,0.00326690092667338,0.0379999999996285));
#2114=CARTESIAN_POINT('',(0.010636308186691,0.0051403694850905,0.17399999999996));
#2115=CARTESIAN_POINT('',(0.0106363969470638,0.00514037859396438,0.182146694935626));
#2116=CARTESIAN_POINT('',(0.00852927872435742,0.00514037158815588,0.194011784538134));
#2117=CARTESIAN_POINT('',(0.00185639272958471,0.00514035184976818,0.207395171840422));
#2118=CARTESIAN_POINT('',(-0.00483609362036855,0.00514039067543674,0.21543956754628));
#2119=CARTESIAN_POINT('',(-0.0121545978129219,0.00514035606232134,0.221089721156567));
#2120=CARTESIAN_POINT('',(-0.0191392658327801,0.0051404144727826,0.224506464642659));
#2121=CARTESIAN_POINT('',(-0.0257839680076793,0.00514061276526475,0.22625020002085));
#2122=CARTESIAN_POINT('',(-0.0312794696949729,0.00514036077668966,0.226746795441027));
#2123=CARTESIAN_POINT('',(-0.0359175331981895,0.00514035447952461,0.226536746986965));
#2124=CARTESIAN_POINT('',(-0.040456391447114,0.00514021065592627,0.225823640513005));
#2125=CARTESIAN_POINT('',(-0.0457566744406673,0.00514027990605634,0.224309039515844));
#2126=CARTESIAN_POINT('',(-0.0520584666814443,0.0051404230533099,0.221457929459388));
#2127=CARTESIAN_POINT('',(-0.0586416438247563,0.005140185774802,0.217044743128972));
#2128=CARTESIAN_POINT('',(-0.0648048892562917,0.00514041968848794,0.211106333388175));
#2129=CARTESIAN_POINT('',(-0.0699859810220592,0.00514034995508056,0.204005174096768));
#2130=CARTESIAN_POINT('',(-0.0737190600725584,0.00514034724820099,0.196301420761409));
#2131=CARTESIAN_POINT('',(-0.075881946355918,0.00514045349951845,0.188788866510093));
#2132=CARTESIAN_POINT('',(-0.0767261782625275,0.00514054000648256,0.182656697134842));
#2133=CARTESIAN_POINT('',(-0.0768802542953512,0.00514043697867273,0.177967872946618));
#2134=CARTESIAN_POINT('',(-0.0767367073266971,0.00514036780670143,0.174312176298286));
#2135=CARTESIAN_POINT('',(-0.0763490541751936,0.00514035595744964,0.170602417942967));
#2136=CARTESIAN_POINT('',(-0.0756171241631991,0.0051401896100772,0.166358612502342));
#2137=CARTESIAN_POINT('',(-0.0742896422220203,0.00514019279811065,0.161011040792728));
#2138=CARTESIAN_POINT('',(-0.0720517887558869,0.0051404481598305,0.154290774079257));
#2139=CARTESIAN_POINT('',(-0.0685239885739985,0.00514024426754317,0.145914966213011));
#2140=CARTESIAN_POINT('',(-0.0631184758394552,0.00514040889206832,0.135302695007325));
#2141=CARTESIAN_POINT('',(-0.055183429862915,0.00514034469841991,0.121852154307602));
#2142=CARTESIAN_POINT('',(-0.0442381041460264,0.00514036958816785,0.105049306130408));
#2143=CARTESIAN_POINT('',(-0.0324657054776253,0.00514036368096223,0.0874230351719746));
#2144=CARTESIAN_POINT('',(-0.0227594630250916,0.00514035013248638,0.0716625283401839));
#2145=CARTESIAN_POINT('',(-0.0169059907612333,0.00514030910748422,0.0604176435317296));
#2146=CARTESIAN_POINT('',(-0.0137297556952093,0.00514031240269982,0.0527783315335103));
#2147=CARTESIAN_POINT('',(-0.0121199619894257,0.00514037975237366,0.0477990370482402));
#2148=CARTESIAN_POINT('',(-0.0109540239603135,0.00514002759455718,0.042835120240565));
#2149=CARTESIAN_POINT('',(-0.0106365031988859,0.0051403310683899,0.0398106615046737));
#2150=CARTESIAN_POINT('',(-0.010636308186691,0.0051403694850905,0.0379999999997032));
#2151=CARTESIAN_POINT('',(0.00948696799995683,0.00706487955993094,0.173999999999962));
#2152=CARTESIAN_POINT('',(0.0094870432866942,0.00706488952774621,0.18202074000039));
#2153=CARTESIAN_POINT('',(0.00741273204047474,0.00706488186087113,0.19367324766946));
#2154=CARTESIAN_POINT('',(0.000881499231728777,0.0070648602629345,0.206767073277691));
#2155=CARTESIAN_POINT('',(-0.00564834553585429,0.00706490274514986,0.214613075018882));
#2156=CARTESIAN_POINT('',(-0.0127681810364474,0.00706486488316634,0.220108523040419));
#2157=CARTESIAN_POINT('',(-0.0195480966538497,0.00706492874777075,0.223424262885087));
#2158=CARTESIAN_POINT('',(-0.0259862274069999,0.00706514581209532,0.225113796600211));
#2159=CARTESIAN_POINT('',(-0.0313083523878647,0.00706487000680293,0.225594331087923));
#2160=CARTESIAN_POINT('',(-0.035799832501133,0.00706486312452848,0.225391014404361));
#2161=CARTESIAN_POINT('',(-0.0402038341166707,0.00706470578120931,0.224699089565659));
#2162=CARTESIAN_POINT('',(-0.0453553061195763,0.00706478151670835,0.223227377658981));
#2163=CARTESIAN_POINT('',(-0.0514921510161517,0.00706493817427204,0.220451742618522));
#2164=CARTESIAN_POINT('',(-0.057914826651503,0.00706467854192049,0.216146315200139));
#2165=CARTESIAN_POINT('',(-0.0639340493683964,0.00706493449306683,0.210347486832517));
#2166=CARTESIAN_POINT('',(-0.0689948316805947,0.00706485818876611,0.203411110995093));
#2167=CARTESIAN_POINT('',(-0.072641422580605,0.00706485523136452,0.195885898968303));
#2168=CARTESIAN_POINT('',(-0.0747543696795885,0.00706497147798152,0.188547562949427));
#2169=CARTESIAN_POINT('',(-0.0755795574174046,0.00706506618419304,0.18255573561498));
#2170=CARTESIAN_POINT('',(-0.0757300946589036,0.0070649533965827,0.177971366767157));
#2171=CARTESIAN_POINT('',(-0.0755895576912449,0.00706487773097491,0.174395080716808));
#2172=CARTESIAN_POINT('',(-0.0752102025904519,0.00706486472387925,0.170764076795741));
#2173=CARTESIAN_POINT('',(-0.0744917454651232,0.00706468274959661,0.166598937554129));
#2174=CARTESIAN_POINT('',(-0.0731855313904185,0.00706468620421655,0.161336015533794));
#2175=CARTESIAN_POINT('',(-0.0709773775291329,0.0070649656543381,0.154701809430625));
#2176=CARTESIAN_POINT('',(-0.0674833128096173,0.00706474254034754,0.14640578368605));
#2177=CARTESIAN_POINT('',(-0.0621141081466131,0.00706492268116812,0.135862781241917));
#2178=CARTESIAN_POINT('',(-0.0542105664862629,0.00706485243636874,0.122464887749875));
#2179=CARTESIAN_POINT('',(-0.0432832703051655,0.00706487967341217,0.105688979297171));
#2180=CARTESIAN_POINT('',(-0.0315037907319654,0.00706487320620691,0.0880524339347687));
#2181=CARTESIAN_POINT('',(-0.0217651078892189,0.00706485839076111,0.0722407877429045));
#2182=CARTESIAN_POINT('',(-0.0158690120209246,0.00706481346767325,0.0609170395654797));
#2183=CARTESIAN_POINT('',(-0.0126529105072917,0.00706481711968795,0.0531840925022218));
#2184=CARTESIAN_POINT('',(-0.0110139896084705,0.0070648906537194,0.0481163150146108));
#2185=CARTESIAN_POINT('',(-0.00981755055589846,0.0070645057323074,0.0430299374118581));
#2186=CARTESIAN_POINT('',(-0.00948712692538211,0.00706483696359781,0.0398953410980939));
#2187=CARTESIAN_POINT('',(-0.00948696799995683,0.00706487955993094,0.0379999999998051));
#2188=CARTESIAN_POINT('',(0.00781581981348172,0.00890011227518578,0.173999999999965));
#2189=CARTESIAN_POINT('',(0.00781587773972872,0.00890012073621317,0.181837599544092));
#2190=CARTESIAN_POINT('',(0.00578926604924712,0.00890011422777217,0.193181014677447));
#2191=CARTESIAN_POINT('',(-0.000536006031836346,0.00890009589678563,0.205853810679929));
#2192=CARTESIAN_POINT('',(-0.00682935643779398,0.0089001319516683,0.213411349572171));
#2193=CARTESIAN_POINT('',(-0.0136603473822578,0.00890009983132239,0.218681856166376));
#2194=CARTESIAN_POINT('',(-0.020142498017751,0.00890015397624993,0.221850730109366));
#2195=CARTESIAN_POINT('',(-0.0262803168604039,0.00890033831333668,0.22346151771036));
#2196=CARTESIAN_POINT('',(-0.0313503631488047,0.00890010413690536,0.223918638358201));
#2197=CARTESIAN_POINT('',(-0.0356287097170646,0.00890009830586609,0.223725107138681));
#2198=CARTESIAN_POINT('',(-0.0398366211868992,0.00889996479996295,0.223063944899081));
#2199=CARTESIAN_POINT('',(-0.0447716802264002,0.00890002902888976,0.221654625451895));
#2200=CARTESIAN_POINT('',(-0.0506687521329773,0.00890016202376835,0.218988739727647));
#2201=CARTESIAN_POINT('',(-0.0568579953557734,0.0088999416616955,0.214839967262961));
#2202=CARTESIAN_POINT('',(-0.06266785006436,0.00890015889946343,0.209244128152834));
#2203=CARTESIAN_POINT('',(-0.0675536899099177,0.00890009413518684,0.202547338704841));
#2204=CARTESIAN_POINT('',(-0.0710745264972689,0.0089000916305216,0.195281720561718));
#2205=CARTESIAN_POINT('',(-0.0731148785211226,0.00890019027594828,0.188196737710002));
#2206=CARTESIAN_POINT('',(-0.0739124036883599,0.00890027071423926,0.182408935130359));
#2207=CARTESIAN_POINT('',(-0.0740577699942397,0.00890017492368216,0.177976426411767));
#2208=CARTESIAN_POINT('',(-0.0739215941170147,0.00890011073202398,0.174515623221017));
#2209=CARTESIAN_POINT('',(-0.0735542989729628,0.0089000996425968,0.170999104848647));
#2210=CARTESIAN_POINT('',(-0.0728553908004262,0.00889994524727863,0.166948355037761));
#2211=CARTESIAN_POINT('',(-0.0715801183799202,0.00889994813651486,0.161808577094541));
#2212=CARTESIAN_POINT('',(-0.0694151899776578,0.00890018535697199,0.155299440008775));
#2213=CARTESIAN_POINT('',(-0.0659701380468962,0.00889999597437171,0.147119449566332));
#2214=CARTESIAN_POINT('',(-0.0606537574111896,0.00890014887610118,0.136677143337334));
#2215=CARTESIAN_POINT('',(-0.0527960145163538,0.00890008925229681,0.123355813335135));
#2216=CARTESIAN_POINT('',(-0.0418949363078644,0.00890011237222719,0.106619069739631));
#2217=CARTESIAN_POINT('',(-0.030105157448288,0.00890010687960101,0.0889675798408968));
#2218=CARTESIAN_POINT('',(-0.0203193142575976,0.00890009431474668,0.0730816034143928));
#2219=CARTESIAN_POINT('',(-0.0143612009732112,0.00890005615232179,0.0616431132847359));
#2220=CARTESIAN_POINT('',(-0.0110871873717676,0.00890005929721553,0.0537741537901505));
#2221=CARTESIAN_POINT('',(-0.00940586819520523,0.00890012155567288,0.0485775452791117));
#2222=CARTESIAN_POINT('',(-0.0081650445035895,0.00889979524684266,0.0433131646098225));
#2223=CARTESIAN_POINT('',(-0.0078159348474361,0.00890007559206672,0.0400187566964232));
#2224=CARTESIAN_POINT('',(-0.00781581981348173,0.00890011227518578,0.0379999999999138));
#2225=CARTESIAN_POINT('',(0.00560591712967786,0.0104511096954904,0.173999999999971));
#2226=CARTESIAN_POINT('',(0.00560595555034188,0.0104511146114767,0.181595414866953));
#2227=CARTESIAN_POINT('',(0.00364241804284033,0.0104511108295949,0.192530096040287));
#2228=CARTESIAN_POINT('',(-0.0024105009661839,0.0104511001804968,0.20464612002638));
#2229=CARTESIAN_POINT('',(-0.00839109205033425,0.0104511211252101,0.211822203114482));
#2230=CARTESIAN_POINT('',(-0.014840160539131,0.0104511024755781,0.216795257107091));
#2231=CARTESIAN_POINT('',(-0.0209284415044214,0.0104511338878237,0.21976989805892));
#2232=CARTESIAN_POINT('',(-0.0266692284146009,0.0104512410468775,0.221276660916552));
#2233=CARTESIAN_POINT('',(-0.0314059492513475,0.0104511049447818,0.221702722874703));
#2234=CARTESIAN_POINT('',(-0.0354024512242881,0.0104511015655524,0.221522127278696));
#2235=CARTESIAN_POINT('',(-0.0393510431177661,0.0104510240370351,0.220901588495394));
#2236=CARTESIAN_POINT('',(-0.0439998358572865,0.0104510613062891,0.219574832246484));
#2237=CARTESIAN_POINT('',(-0.0495799554055702,0.0104511385978064,0.217054078613774));
#2238=CARTESIAN_POINT('',(-0.0554603993995326,0.0104510105776618,0.213112431312358));
#2239=CARTESIAN_POINT('',(-0.0609934580074768,0.0104511367817225,0.207785076481344));
#2240=CARTESIAN_POINT('',(-0.0656479374848415,0.0104510991564204,0.201405099047675));
#2241=CARTESIAN_POINT('',(-0.0690024796775774,0.0104510977049769,0.194482749630434));
#2242=CARTESIAN_POINT('',(-0.0709468550247009,0.0104511549995681,0.187732874158885));
#2243=CARTESIAN_POINT('',(-0.0717078463095655,0.0104512017672215,0.182214802816956));
#2244=CARTESIAN_POINT('',(-0.0718463343190564,0.0104511460750315,0.177983075575252));
#2245=CARTESIAN_POINT('',(-0.0717159019836557,0.0104511088056213,0.174675024712932));
#2246=CARTESIAN_POINT('',(-0.071364544869897,0.0104511023280992,0.171309851521569));
#2247=CARTESIAN_POINT('',(-0.0706914241711238,0.0104510126729644,0.167410382864074));
#2248=CARTESIAN_POINT('',(-0.0694571034686749,0.0104510143168588,0.16243357172174));
#2249=CARTESIAN_POINT('',(-0.0673493943889236,0.0104511521595373,0.156089706282135));
#2250=CARTESIAN_POINT('',(-0.0639690986066349,0.0104510421266685,0.148063213847414));
#2251=CARTESIAN_POINT('',(-0.0587226196228035,0.010451130960019,0.137754032304776));
#2252=CARTESIAN_POINT('',(-0.0509254285990792,0.010451096319251,0.124533973263397));
#2253=CARTESIAN_POINT('',(-0.0400590242425625,0.0104511097522942,0.107849010603923));
#2254=CARTESIAN_POINT('',(-0.028255619813601,0.0104511065592819,0.0901777487253564));
#2255=CARTESIAN_POINT('',(-0.0184074273480286,0.0104510992652715,0.0741935254699091));
#2256=CARTESIAN_POINT('',(-0.0123672306143333,0.010451077075413,0.0626031714855585));
#2257=CARTESIAN_POINT('',(-0.00901672854883491,0.0104510789260731,0.0545545835630095));
#2258=CARTESIAN_POINT('',(-0.00727925943664329,0.0104511150193128,0.0491873081572656));
#2259=CARTESIAN_POINT('',(-0.00597969528760844,0.0104509256454848,0.0436876512112378));
#2260=CARTESIAN_POINT('',(-0.00560598572161834,0.0104510881144134,0.0401824034377355));
#2261=CARTESIAN_POINT('',(-0.00560591712967787,0.0104511096954904,0.0379999999999993));
#2262=CARTESIAN_POINT('',(0.00293698225604206,0.011501331295794,0.173999999999982));
#2263=CARTESIAN_POINT('',(0.00293700102809243,0.011501332401353,0.181302920494815));
#2264=CARTESIAN_POINT('',(0.0010496359942202,0.0115013315507636,0.191743976067592));
#2265=CARTESIAN_POINT('',(-0.00467436630933009,0.0115013291561926,0.203187566238556));
#2266=CARTESIAN_POINT('',(-0.0102771983964466,0.0115013338658991,0.209902958248319));
#2267=CARTESIAN_POINT('',(-0.0162650845811137,0.0115013296741523,0.214516793612029));
#2268=CARTESIAN_POINT('',(-0.0218774859677648,0.0115013367288901,0.217256805578332));
#2269=CARTESIAN_POINT('',(-0.0271389564507435,0.0115013608374023,0.218638085517643));
#2270=CARTESIAN_POINT('',(-0.0314731402740225,0.0115013302210129,0.219026522456503));
#2271=CARTESIAN_POINT('',(-0.0351292559996286,0.0115013294642683,0.218861542701411));
#2272=CARTESIAN_POINT('',(-0.0387646463779473,0.011501312041762,0.218289997431764));
#2273=CARTESIAN_POINT('',(-0.0430675558021138,0.0115013204041259,0.217063038650533));
#2274=CARTESIAN_POINT('',(-0.0482650899060244,0.01150133779622,0.214717533946688));
#2275=CARTESIAN_POINT('',(-0.0537724245076556,0.0115013090073465,0.211026021378704));
#2276=CARTESIAN_POINT('',(-0.0589712819764284,0.0115013373865307,0.206022972465209));
#2277=CARTESIAN_POINT('',(-0.0633463202444532,0.0115013289259972,0.200025602708293));
#2278=CARTESIAN_POINT('',(-0.0665000309368488,0.0115013286000554,0.193517795457866));
#2279=CARTESIAN_POINT('',(-0.0683285081354628,0.0115013414813091,0.187172766105963));
#2280=CARTESIAN_POINT('',(-0.0690454396536897,0.011501352004709,0.181980332807495));
#2281=CARTESIAN_POINT('',(-0.069175572690881,0.0115013394713997,0.177991032149105));
#2282=CARTESIAN_POINT('',(-0.0690520513670029,0.011501331097396,0.174867532455203));
#2283=CARTESIAN_POINT('',(-0.0687199279551145,0.0115013296323889,0.171685054815327));
#2284=CARTESIAN_POINT('',(-0.068077876855802,0.0115013094837344,0.167968311231228));
#2285=CARTESIAN_POINT('',(-0.0668930717177366,0.011501309840828,0.163188522143793));
#2286=CARTESIAN_POINT('',(-0.0648545173076893,0.0115013408468984,0.157044075032273));
#2287=CARTESIAN_POINT('',(-0.0615523691726017,0.0115013161008026,0.149203041052045));
#2288=CARTESIAN_POINT('',(-0.0563903623831548,0.0115013360777848,0.139054591979643));
#2289=CARTESIAN_POINT('',(-0.0486662917621177,0.0115013282877287,0.125956873890393));
#2290=CARTESIAN_POINT('',(-0.03784176534234,0.0115013313086539,0.10933443315687));
#2291=CARTESIAN_POINT('',(-0.0260218974154926,0.0115013305902734,0.0916392788156449));
#2292=CARTESIAN_POINT('',(-0.0160984273076802,0.0115013289511124,0.075536466842308));
#2293=CARTESIAN_POINT('',(-0.00995899735318096,0.0115013239578618,0.0637625152117673));
#2294=CARTESIAN_POINT('',(-0.00651625142461598,0.0115013243774857,0.0554973173537231));
#2295=CARTESIAN_POINT('',(-0.00471084802958938,0.0115013324849492,0.0499235037850949));
#2296=CARTESIAN_POINT('',(-0.00334031094633439,0.0115012899262358,0.0441398778862607));
#2297=CARTESIAN_POINT('',(-0.00293700850027219,0.0115013263990132,0.0403805788245011));
#2298=CARTESIAN_POINT('',(-0.00293698225604207,0.011501331295794,0.0380000000000342));
#2299=CARTESIAN_POINT('',(-9.1176479327025E-18,0.011874334352103,0.173999999999999));
#2300=CARTESIAN_POINT('',(-7.25368738044569E-11,0.0118743337993213,0.180981044190707));
#2301=CARTESIAN_POINT('',(-0.00180354418141855,0.0118743342246241,0.190878910281672));
#2302=CARTESIAN_POINT('',(-0.00716560484802203,0.011874335421889,0.201582520541273));
#2303=CARTESIAN_POINT('',(-0.0123526923745181,0.011874333067095,0.207790941609419));
#2304=CARTESIAN_POINT('',(-0.017833188662608,0.0118743351627409,0.212009523691654));
#2305=CARTESIAN_POINT('',(-0.0229216006319192,0.0118743316362138,0.21449123787505));
#2306=CARTESIAN_POINT('',(-0.0276559320771304,0.0118743195811925,0.215734604748738));
#2307=CARTESIAN_POINT('',(-0.0315471774316269,0.0118743348898514,0.216081541819383));
#2308=CARTESIAN_POINT('',(-0.0348287263115787,0.0118743352681216,0.215933737455652));
#2309=CARTESIAN_POINT('',(-0.0381194396016569,0.0118743439789129,0.215416047835982));
#2310=CARTESIAN_POINT('',(-0.0420414786355721,0.0118743397983073,0.214299019110942));
#2311=CARTESIAN_POINT('',(-0.0468183056472672,0.0118743311018631,0.212146271331788));
#2312=CARTESIAN_POINT('',(-0.0519148421507598,0.0118743454963343,0.208730060510205));
#2313=CARTESIAN_POINT('',(-0.0567460255115114,0.011874331306735,0.204083907641406));
#2314=CARTESIAN_POINT('',(-0.0608135356431081,0.0118743355370041,0.198507573207721));
#2315=CARTESIAN_POINT('',(-0.0637462561585082,0.0118743356999276,0.19245589222708));
#2316=CARTESIAN_POINT('',(-0.0654471817250895,0.011874329259498,0.186556565060173));
#2317=CARTESIAN_POINT('',(-0.0661156960147669,0.0118743239975825,0.181722288469251));
#2318=CARTESIAN_POINT('',(-0.0662365954397163,0.0118743302645115,0.177999674669771));
#2319=CARTESIAN_POINT('',(-0.066120663198575,0.0118743344512436,0.17507936789478));
#2320=CARTESIAN_POINT('',(-0.0658096861707269,0.0118743351840264,0.172097802476898));
#2321=CARTESIAN_POINT('',(-0.0652017672241381,0.0118743452580015,0.168582161478472));
#2322=CARTESIAN_POINT('',(-0.0640715313259393,0.011874345079811,0.164019471476085));
#2323=CARTESIAN_POINT('',(-0.0621090769569846,0.0118743295764819,0.158094231597947));
#2324=CARTESIAN_POINT('',(-0.0588928953841221,0.0118743419496208,0.150457368950193));
#2325=CARTESIAN_POINT('',(-0.0538238736158245,0.0118743319611016,0.14048575201367));
#2326=CARTESIAN_POINT('',(-0.0461802696445668,0.0118743358561358,0.127522700698582));
#2327=CARTESIAN_POINT('',(-0.035401823500312,0.0118743343456729,0.110969043622725));
#2328=CARTESIAN_POINT('',(-0.0235638309975261,0.0118743347048611,0.0932475815658972));
#2329=CARTESIAN_POINT('',(-0.0135575515075203,0.0118743355244488,0.077014345929948));
#2330=CARTESIAN_POINT('',(-0.00730881237232313,0.0118743380210482,0.0650381323835931));
#2331=CARTESIAN_POINT('',(-0.00376471136461694,0.0118743378113134,0.0565349533126973));
#2332=CARTESIAN_POINT('',(-0.00188440329830427,0.0118743337571787,0.0507333833470326));
#2333=CARTESIAN_POINT('',(-0.000435790862044901,0.0118743550373708,0.0446374868324916));
#2334=CARTESIAN_POINT('',(3.53171129701352E-9,0.0118743367999239,0.0405991806658649));
#2335=CARTESIAN_POINT('',(5.36277734730379E-20,0.011874334352103,0.0380000000000084));
#2336=CARTESIAN_POINT('',(-0.00293698225604207,0.011501331295794,0.174000000000021));
#2337=CARTESIAN_POINT('',(-0.00293700087737252,0.0115013324013618,0.180659160324228));
#2338=CARTESIAN_POINT('',(-0.00465672276764537,0.0115013315507399,0.190013850792183));
#2339=CARTESIAN_POINT('',(-0.00965685014404797,0.0115013291562512,0.199977471318328));
#2340=CARTESIAN_POINT('',(-0.0144281366048124,0.0115013338657209,0.205678894389635));
#2341=CARTESIAN_POINT('',(-0.0194013947505452,0.0115013296748843,0.209502294632065));
#2342=CARTESIAN_POINT('',(-0.0239653647585217,0.0115013367262549,0.211725538036333));
#2343=CARTESIAN_POINT('',(-0.0281730291463494,0.0115013608378276,0.212831169191732));
#2344=CARTESIAN_POINT('',(-0.0316213605863665,0.0115013302195816,0.213136559872637));
#2345=CARTESIAN_POINT('',(-0.0345283507583782,0.0115013294632455,0.213005920013971));
#2346=CARTESIAN_POINT('',(-0.0374743628433251,0.0115013120425866,0.212542055653268));
#2347=CARTESIAN_POINT('',(-0.0410151817037027,0.0115013204026449,0.211535084582461));
#2348=CARTESIAN_POINT('',(-0.0453716997589179,0.0115013377963275,0.209574919159858));
#2349=CARTESIAN_POINT('',(-0.0500571900296373,0.0115013090073164,0.206434139977348));
#2350=CARTESIAN_POINT('',(-0.0545207739745874,0.0115013373865295,0.20214484425353));
#2351=CARTESIAN_POINT('',(-0.0582807411788515,0.0115013289259864,0.196989566456058));
#2352=CARTESIAN_POINT('',(-0.0609924903953113,0.0115013286002343,0.191393941484551));
#2353=CARTESIAN_POINT('',(-0.0625658098183979,0.0115013414806989,0.185940570539797));
#2354=CARTESIAN_POINT('',(-0.0631859665206987,0.011501352004961,0.181464203963067));
#2355=CARTESIAN_POINT('',(-0.0632976151444721,0.0115013394705543,0.178008168541004));
#2356=CARTESIAN_POINT('',(-0.0631892745558065,0.0115013310976298,0.175291194744109));
#2357=CARTESIAN_POINT('',(-0.0628994230767602,0.0115013296315056,0.172510370501226));
#2358=CARTESIAN_POINT('',(-0.0623256185111981,0.0115013094842596,0.169195863741805));
#2359=CARTESIAN_POINT('',(-0.0612500475245178,0.011501309839928,0.164850618564942));
#2360=CARTESIAN_POINT('',(-0.0593636172385082,0.0115013408471742,0.159144322196736));
#2361=CARTESIAN_POINT('',(-0.0562334253441785,0.0115013161007142,0.151711711436774));
#2362=CARTESIAN_POINT('',(-0.0512573773326339,0.011501336077809,0.141916896617852));
#2363=CARTESIAN_POINT('',(-0.0436942592782373,0.0115013282877283,0.129088547168684));
#2364=CARTESIAN_POINT('',(-0.032961882896433,0.0115013313086543,0.112603656911336));
#2365=CARTESIAN_POINT('',(-0.0211057602613529,0.0115013305902823,0.094855872255186));
#2366=CARTESIAN_POINT('',(-0.011016701518812,0.0115013289510924,0.0784922830388229));
#2367=CARTESIAN_POINT('',(-0.00465855710596134,0.0115013239579454,0.0663135872586594));
#2368=CARTESIAN_POINT('',(-0.00101324579006785,0.0115013243772606,0.0575727917521116));
#2369=CARTESIAN_POINT('',(0.000942118093834128,0.0115013324863362,0.0515430289394938));
#2370=CARTESIAN_POINT('',(0.00246870053574488,0.0115012899242813,0.0451350686506256));
#2371=CARTESIAN_POINT('',(0.00293699437090467,0.0115013264012911,0.0408182025422489));
#2372=CARTESIAN_POINT('',(0.00293698225604207,0.011501331295794,0.0379999999999324));
#2373=CARTESIAN_POINT('',(-0.00560591712967788,0.0104511096954904,0.174000000000047));
#2374=CARTESIAN_POINT('',(-0.00560595471318154,0.0104511146115217,0.180366645756581));
#2375=CARTESIAN_POINT('',(-0.00724950015066723,0.0104511108305599,0.189227747556964));
#2376=CARTESIAN_POINT('',(-0.0119207346819252,0.010451100177522,0.19851890843488));
#2377=CARTESIAN_POINT('',(-0.0163141049756821,0.0104511211393751,0.203759565005063));
#2378=CARTESIAN_POINT('',(-0.0208266038762533,0.0104511024445896,0.207223945230003));
#2379=CARTESIAN_POINT('',(-0.0249134287400068,0.0104511339948025,0.209212075910026));
#2380=CARTESIAN_POINT('',(-0.0286430970176129,0.0104512409840577,0.210192720471062));
#2381=CARTESIAN_POINT('',(-0.0316889642155982,0.0104511049463439,0.210460355993884));
#2382=CARTESIAN_POINT('',(-0.0342555879656284,0.0104511015941714,0.210345300840114));
#2383=CARTESIAN_POINT('',(-0.0368883251409991,0.0104510241254967,0.209930346856349));
#2384=CARTESIAN_POINT('',(-0.0400822963360666,0.0104510612180963,0.209023525092447));
#2385=CARTESIAN_POINT('',(-0.0440573233524789,0.0104511386262757,0.207238129104107));
#2386=CARTESIAN_POINT('',(-0.0483690241803552,0.0104510105715135,0.204347840325562));
#2387=CARTESIAN_POINT('',(-0.0524986117129724,0.0104511367816773,0.200382743959781));
#2388=CARTESIAN_POINT('',(-0.0559790970503245,0.0104510991631911,0.195610131926622));
#2389=CARTESIAN_POINT('',(-0.0584900661485089,0.0104510976938417,0.190428858336723));
#2390=CARTESIAN_POINT('',(-0.059947339425513,0.010451155037126,0.185381023127612));
#2391=CARTESIAN_POINT('',(-0.0605235982467731,0.0104512017539047,0.181229624654985));
#2392=CARTESIAN_POINT('',(-0.0606268452699201,0.0104511460642,0.178015723060314));
#2393=CARTESIAN_POINT('',(-0.0605254226480926,0.0104511088060063,0.17548367905404));
#2394=CARTESIAN_POINT('',(-0.0602547486547006,0.0104511023384172,0.172885089898608));
#2395=CARTESIAN_POINT('',(-0.0597119669181542,0.0104510127263318,0.169753397748199));
#2396=CARTESIAN_POINT('',(-0.0586861664856044,0.0104510142654315,0.165606095460268));
#2397=CARTESIAN_POINT('',(-0.0568686886015614,0.0104511521753688,0.16009851538796));
#2398=CARTESIAN_POINT('',(-0.0538167059160977,0.0104510421214313,0.152851577535215));
#2399=CARTESIAN_POINT('',(-0.048925100224836,0.0104511309614274,0.143217415455681));
#2400=CARTESIAN_POINT('',(-0.0414351534485639,0.0104510963193986,0.130511499693867));
#2401=CARTESIAN_POINT('',(-0.030744627275283,0.0104511097525608,0.114089086938838));
#2402=CARTESIAN_POINT('',(-0.0188720264054283,0.0104511065589419,0.0963173703765434));
#2403=CARTESIAN_POINT('',(-0.0087077697833243,0.0104510992671297,0.0798353779689077));
#2404=CARTESIAN_POINT('',(-0.00225013778476108,0.0104510770713992,0.0674725013354283));
#2405=CARTESIAN_POINT('',(0.0014870336350741,0.0104510789217092,0.0585160626772361));
#2406=CARTESIAN_POINT('',(0.00351073357380573,0.0104511150475974,0.0522786031595639));
#2407=CARTESIAN_POINT('',(0.00510800883339054,0.0104509256362419,0.0455872145429391));
#2408=CARTESIAN_POINT('',(0.00560591353483389,0.0104510879850992,0.041017519622442));
#2409=CARTESIAN_POINT('',(0.00560591712967787,0.0104511096954904,0.0379999999998306));
#2410=CARTESIAN_POINT('',(-0.00781581981348174,0.00890011227518578,0.174000000000074));
#2411=CARTESIAN_POINT('',(-0.00781587624817687,0.00890012073574925,0.180124434373709));
#2412=CARTESIAN_POINT('',(-0.00939634095525749,0.00890011423280299,0.188576850849107));
#2413=CARTESIAN_POINT('',(-0.0137952578126167,0.00890009588228623,0.197311206567954));
#2414=CARTESIAN_POINT('',(-0.0178756457396182,0.00890013201349892,0.202170299921078));
#2415=CARTESIAN_POINT('',(-0.022006825029187,0.00890009967160915,0.205337509263055));
#2416=CARTESIAN_POINT('',(-0.025697967011232,0.00890015453536945,0.207130713725492));
#2417=CARTESIAN_POINT('',(-0.0290324959985763,0.00890033806317959,0.208008045859703));
#2418=CARTESIAN_POINT('',(-0.0317451528504737,0.00890010424823649,0.208244435977349));
#2419=CARTESIAN_POINT('',(-0.0340299525009236,0.00890009847810058,0.208142270095413));
#2420=CARTESIAN_POINT('',(-0.0364032500130811,0.00889996504999824,0.207767825199138));
#2421=CARTESIAN_POINT('',(-0.0393096077554229,0.00890002882211913,0.20694405824023));
#2422=CARTESIAN_POINT('',(-0.0429692034308245,0.00890016211354111,0.20530312884091));
#2423=CARTESIAN_POINT('',(-0.0469711647793589,0.00889994164274211,0.20262045622372));
#2424=CARTESIAN_POINT('',(-0.0508242393168243,0.00890015889937543,0.198923696931439));
#2425=CARTESIAN_POINT('',(-0.0540733077823563,0.00890009415872173,0.194467976460756));
#2426=CARTESIAN_POINT('',(-0.0564180527057829,0.00890009158226435,0.189629712005669));
#2427=CARTESIAN_POINT('',(-0.0577791479201805,0.00890019043913663,0.184917922035233));
#2428=CARTESIAN_POINT('',(-0.0583190930490628,0.0089002706544561,0.18103534310409));
#2429=CARTESIAN_POINT('',(-0.0584153983819448,0.00890017493653694,0.178021828837609));
#2430=CARTESIAN_POINT('',(-0.058319728760494,0.00890011071997085,0.175643048419055));
#2431=CARTESIAN_POINT('',(-0.058064917086559,0.00890009972730649,0.173195187112121));
#2432=CARTESIAN_POINT('',(-0.0575478625422494,0.00889994539579302,0.170214905758557));
#2433=CARTESIAN_POINT('',(-0.056563350023393,0.00889994801431395,0.166231782940431));
#2434=CARTESIAN_POINT('',(-0.0548028251801272,0.00890018539465681,0.160888550750869));
#2435=CARTESIAN_POINT('',(-0.0518156797000626,0.00889999596175086,0.153795393122408));
#2436=CARTESIAN_POINT('',(-0.0469939365911944,0.00890014887947466,0.144294251195964));
#2437=CARTESIAN_POINT('',(-0.0395646077444776,0.00890008925280224,0.131689726966505));
#2438=CARTESIAN_POINT('',(-0.0289087194882042,0.0089001123730941,0.115319037552477));
#2439=CARTESIAN_POINT('',(-0.0170224737756721,0.00890010687798909,0.0975274974936233));
#2440=CARTESIAN_POINT('',(-0.00679597187883268,0.00890009432201046,0.0809475001517148));
#2441=CARTESIAN_POINT('',(-0.000255924844111741,0.00890005613443542,0.068431999334637));
#2442=CARTESIAN_POINT('',(0.00355723358238733,0.00890005929557667,0.0592971951405694));
#2443=CARTESIAN_POINT('',(0.00563761080888477,0.0089001215729415,0.0528875516162244));
#2444=CARTESIAN_POINT('',(0.0072932588301581,0.00889979533052536,0.0459615752427584));
#2445=CARTESIAN_POINT('',(0.00781578233938147,0.00890007502008296,0.0411827222598719));
#2446=CARTESIAN_POINT('',(0.00781581981348173,0.00890011227518578,0.0379999999997275));
#2447=CARTESIAN_POINT('',(-0.00948696799995683,0.00706487955993094,0.174000000000097));
#2448=CARTESIAN_POINT('',(-0.00948704146826038,0.00706488952605349,0.179941267438652));
#2449=CARTESIAN_POINT('',(-0.0110197984916444,0.00706488187247396,0.188084639318426));
#2450=CARTESIAN_POINT('',(-0.0152127946108314,0.00706486023038934,0.196397933937139));
#2451=CARTESIAN_POINT('',(-0.0190564479271832,0.00706490287692718,0.200968448326112));
#2452=CARTESIAN_POINT('',(-0.022899435328388,0.00706486451622408,0.203911019718931));
#2453=CARTESIAN_POINT('',(-0.0262908367886933,0.00706493003951909,0.205556602295539));
#2454=CARTESIAN_POINT('',(-0.0293271172027015,0.00706514530227572,0.206355966494316));
#2455=CARTESIAN_POINT('',(-0.0317878358424235,0.00706487036333994,0.206568738719517));
#2456=CARTESIAN_POINT('',(-0.0338595129914131,0.00706486354288905,0.206476305541022));
#2457=CARTESIAN_POINT('',(-0.0360365702220002,0.00706470616917606,0.20613250492193));
#2458=CARTESIAN_POINT('',(-0.0387250914385118,0.00706478126061287,0.205371650012064));
#2459=CARTESIAN_POINT('',(-0.042146511858476,0.00706493832668658,0.203839772017796));
#2460=CARTESIAN_POINT('',(-0.0459140591351307,0.00706467851033118,0.201314266060379));
#2461=CARTESIAN_POINT('',(-0.0495580612857993,0.00706493449297219,0.197820342495995));
#2462=CARTESIAN_POINT('',(-0.0526321279398472,0.00706485823155499,0.193604290550603));
#2463=CARTESIAN_POINT('',(-0.0548511909057064,0.00706485513261475,0.189025353975601));
#2464=CARTESIAN_POINT('',(-0.0561394845734352,0.00706497181231037,0.184567877631464));
#2465=CARTESIAN_POINT('',(-0.0566519927669102,0.00706506606017204,0.180888389094119));
#2466=CARTESIAN_POINT('',(-0.0567430621830619,0.00706495347737753,0.178026335951851));
#2467=CARTESIAN_POINT('',(-0.0566517634045762,0.00706487769422433,0.175763557722951));
#2468=CARTESIAN_POINT('',(-0.0564089349447299,0.00706486493118841,0.17342956004357));
#2469=CARTESIAN_POINT('',(-0.0559113713739354,0.00706468297610263,0.170563809390244));
#2470=CARTESIAN_POINT('',(-0.0549581329595509,0.00706468604535166,0.166705028270306));
#2471=CARTESIAN_POINT('',(-0.0532405707074925,0.0070649657034323,0.16148595358547));
#2472=CARTESIAN_POINT('',(-0.0503025180469251,0.00706474252366419,0.154509109765467));
#2473=CARTESIAN_POINT('',(-0.0455335606701501,0.00706492268559581,0.145108561309319));
#2474=CARTESIAN_POINT('',(-0.0381500948310094,0.00706485243726423,0.132580718000193));
#2475=CARTESIAN_POINT('',(-0.0275203896730916,0.00706487967490634,0.116249137522051));
#2476=CARTESIAN_POINT('',(-0.0156238257850022,0.00706487320284917,0.0984426025099424));
#2477=CARTESIAN_POINT('',(-0.00535026513687282,0.00706485840467325,0.0817885112265764));
#2478=CARTESIAN_POINT('',(0.00125212316230819,0.00706481343132025,0.0691575258103783));
#2479=CARTESIAN_POINT('',(0.00512270264867698,0.0070648171320177,0.0598879453178383));
#2480=CARTESIAN_POINT('',(0.00724599700205885,0.00706489059605019,0.0533479820396063));
#2481=CARTESIAN_POINT('',(0.00894566811899212,0.00706450601685812,0.0462446554870136));
#2482=CARTESIAN_POINT('',(0.00948689035620908,0.00706483578286919,0.041307734802836));
#2483=CARTESIAN_POINT('',(0.00948696799995683,0.00706487955993094,0.0379999999996401));
#2484=CARTESIAN_POINT('',(-0.010636308186691,0.0051403694850905,0.174000000000115));
#2485=CARTESIAN_POINT('',(-0.0106363951291674,0.00514037859122267,0.179815291038658));
#2486=CARTESIAN_POINT('',(-0.0121363372359434,0.00514037160424637,0.187746119597686));
#2487=CARTESIAN_POINT('',(-0.0161877166242597,0.00514035180520021,0.19576982817438));
#2488=CARTESIAN_POINT('',(-0.0198685180275351,0.00514039085123075,0.20014184665225));
#2489=CARTESIAN_POINT('',(-0.0235134109906552,0.00514035555414678,0.202929978331612));
#2490=CARTESIAN_POINT('',(-0.0266983117008167,0.00514041626641118,0.204473887258802));
#2491=CARTESIAN_POINT('',(-0.029529847759153,0.00514061209918946,0.205219740630384));
#2492=CARTESIAN_POINT('',(-0.0318173275184897,0.00514036134165305,0.205416270584222));
#2493=CARTESIAN_POINT('',(-0.0337424206745575,0.00514035507355615,0.205330520607173));
#2494=CARTESIAN_POINT('',(-0.0357844724048437,0.00514021107378177,0.205007802248207));
#2495=CARTESIAN_POINT('',(-0.0383229591069036,0.00514027968708203,0.204290283070327));
#2496=CARTESIAN_POINT('',(-0.0415807979193251,0.00514042322821353,0.202833284468895));
#2497=CARTESIAN_POINT('',(-0.0451870093221954,0.00514018573902923,0.200415971637619));
#2498=CARTESIAN_POINT('',(-0.0486872400539209,0.00514041968840425,0.197061499083041));
#2499=CARTESIAN_POINT('',(-0.051640946538641,0.00514035000637601,0.193010299698542));
#2500=CARTESIAN_POINT('',(-0.0537735821334204,0.00514034712209359,0.188609682205269));
#2501=CARTESIAN_POINT('',(-0.0550117639754825,0.00514045392671631,0.184327226042643));
#2502=CARTESIAN_POINT('',(-0.055505416573837,0.00514053984722189,0.180787298868193));
#2503=CARTESIAN_POINT('',(-0.0555928928412694,0.00514043711523014,0.178029371388073));
#2504=CARTESIAN_POINT('',(-0.055504612301024,0.00514036775266878,0.175846434199136));
#2505=CARTESIAN_POINT('',(-0.0552700183631203,0.00514035624118937,0.17359067933772));
#2506=CARTESIAN_POINT('',(-0.0547858819967278,0.00514018985047775,0.170803718737458));
#2507=CARTESIAN_POINT('',(-0.0538541804910124,0.00514019265079374,0.167030555426961));
#2508=CARTESIAN_POINT('',(-0.0521661054340439,0.00514044820544991,0.161896805040365));
#2509=CARTESIAN_POINT('',(-0.049261852913564,0.00514024425181873,0.154999968339284));
#2510=CARTESIAN_POINT('',(-0.044529172850781,0.00514040889621287,0.145668605924047));
#2511=CARTESIAN_POINT('',(-0.0371772625752396,0.00514034469946698,0.133193503622066));
#2512=CARTESIAN_POINT('',(-0.0265655591831801,0.00514036958989278,0.116888818319655));
#2513=CARTESIAN_POINT('',(-0.0146618992222557,0.00514036367668376,0.0990719684694627));
#2514=CARTESIAN_POINT('',(-0.00435597954133785,0.00514035014950926,0.0823669270366507));
#2515=CARTESIAN_POINT('',(0.00228929164505034,0.00514030906168892,0.0696564836313024));
#2516=CARTESIAN_POINT('',(0.00619934356753151,0.00514031242801003,0.0602942595850849));
#2517=CARTESIAN_POINT('',(0.00835218311678171,0.0051403796237611,0.0536646167426697));
#2518=CARTESIAN_POINT('',(0.010082064330333,0.00514002802781883,0.0464393369175457));
#2519=CARTESIAN_POINT('',(0.0106361949406307,0.00514032955447269,0.0413937503088802));
#2520=CARTESIAN_POINT('',(0.010636308186691,0.0051403694850905,0.037999999999576));
#2521=CARTESIAN_POINT('',(-0.0113385857701332,0.00326690092667338,0.174000000000126));
#2522=CARTESIAN_POINT('',(-0.0113386817618549,0.00326690748213426,0.179738315055909));
#2523=CARTESIAN_POINT('',(-0.012818571231703,0.00326690245570743,0.1875392754036));
#2524=CARTESIAN_POINT('',(-0.0167834223504348,0.00326688818871298,0.195386039770815));
#2525=CARTESIAN_POINT('',(-0.0203646987712598,0.00326691634215173,0.199636760221395));
#2526=CARTESIAN_POINT('',(-0.0238886056741365,0.00326689079361385,0.202330552462631));
#2527=CARTESIAN_POINT('',(-0.0269471531055078,0.00326693497439067,0.203812263588025));
#2528=CARTESIAN_POINT('',(-0.0296537726884285,0.00326707547643136,0.204525478494094));
#2529=CARTESIAN_POINT('',(-0.0318354181640036,0.00326689521635912,0.204712081988064));
#2530=CARTESIAN_POINT('',(-0.0336709384566592,0.00326689067816895,0.204630410055353));
#2531=CARTESIAN_POINT('',(-0.035630475544523,0.00326678689296541,0.20432057631555));
#2532=CARTESIAN_POINT('',(-0.0380771846142474,0.00326683629569946,0.203629568892329));
#2533=CARTESIAN_POINT('',(-0.0412351764733766,0.00326693964003606,0.202218267418502));
#2534=CARTESIAN_POINT('',(-0.0447427525958471,0.00326676862471142,0.199867109581738));
#2535=CARTESIAN_POINT('',(-0.0481551446344547,0.0032669370734555,0.196597822734152));
#2536=CARTESIAN_POINT('',(-0.0510353067685248,0.00326688690855597,0.192647361371784));
#2537=CARTESIAN_POINT('',(-0.053115137919244,0.00326688480510906,0.188355685898706));
#2538=CARTESIAN_POINT('',(-0.0543226812238136,0.00326696179341177,0.184180223432312));
#2539=CARTESIAN_POINT('',(-0.0548048191936425,0.00326702354902092,0.180725520147163));
#2540=CARTESIAN_POINT('',(-0.0548901032731437,0.00326694966114116,0.178031197512906));
#2541=CARTESIAN_POINT('',(-0.0548036723437536,0.00326689966541487,0.175897071947767));
#2542=CARTESIAN_POINT('',(-0.0545741067949966,0.00326689145406611,0.17368909609016));
#2543=CARTESIAN_POINT('',(-0.0540981847942922,0.00326677159886916,0.17095028830153));
#2544=CARTESIAN_POINT('',(-0.0531796546743543,0.00326677361465678,0.167229482199301));
#2545=CARTESIAN_POINT('',(-0.0515095709660633,0.00326695760265705,0.162147839977281));
#2546=CARTESIAN_POINT('',(-0.0486259870351327,0.00326681075978257,0.155299894449961));
#2547=CARTESIAN_POINT('',(-0.0439154619072665,0.00326692930230001,0.14601080779884));
#2548=CARTESIAN_POINT('',(-0.0365828385020038,0.00326688308165634,0.133567932856155));
#2549=CARTESIAN_POINT('',(-0.0259821322170516,0.00326690100200422,0.117279680401619));
#2550=CARTESIAN_POINT('',(-0.0140741365409901,0.00326689674517839,0.0994565271539069));
#2551=CARTESIAN_POINT('',(-0.00374844695666754,0.00326688700410038,0.0827203569162597));
#2552=CARTESIAN_POINT('',(0.00292302930751491,0.00326685742656809,0.0699613498470069));
#2553=CARTESIAN_POINT('',(0.00685719264843982,0.00326685984332931,0.0605425370073005));
#2554=CARTESIAN_POINT('',(0.0090280965822749,0.00326690824983467,0.053858078255821));
#2555=CARTESIAN_POINT('',(0.0107764083404186,0.00326665504087496,0.0465582888523337));
#2556=CARTESIAN_POINT('',(0.0113384474116898,0.00326687221051996,0.0414463218714402));
#2557=CARTESIAN_POINT('',(0.0113385857701332,0.00326690092667338,0.0379999999995354));
#2558=CARTESIAN_POINT('',(-0.0116308882390023,0.00182117249462556,0.174000000000131));
#2559=CARTESIAN_POINT('',(-0.0116309882032527,0.00182117630098257,0.179706275812833));
#2560=CARTESIAN_POINT('',(-0.0131025308638623,0.00182117338324123,0.187453182652825));
#2561=CARTESIAN_POINT('',(-0.0170313680481535,0.00182116509609484,0.19522629937115));
#2562=CARTESIAN_POINT('',(-0.0205712153204609,0.00182118145328369,0.199426530030708));
#2563=CARTESIAN_POINT('',(-0.0240447798517744,0.00182116658693215,0.202081063409392));
#2564=CARTESIAN_POINT('',(-0.0270506897549807,0.00182119234944578,0.203536867311966));
#2565=CARTESIAN_POINT('',(-0.0297053663208638,0.00182127382075406,0.204236513226702));
#2566=CARTESIAN_POINT('',(-0.0318429670426916,0.00182116921487655,0.204418984161717));
#2567=CARTESIAN_POINT('',(-0.0336412032213567,0.0018211665731452,0.204339008060356));
#2568=CARTESIAN_POINT('',(-0.0355663895468626,0.00182110628311254,0.204034537837786));
#2569=CARTESIAN_POINT('',(-0.0379748725399338,0.00182113497095914,0.203354573561929));
#2570=CARTESIAN_POINT('',(-0.041091333095977,0.00182119497832658,0.201962277966842));
#2571=CARTESIAN_POINT('',(-0.0445578411753681,0.00182109566954558,0.199638666747271));
#2572=CARTESIAN_POINT('',(-0.0479336754480348,0.00182119348413653,0.196404830365298));
#2573=CARTESIAN_POINT('',(-0.0507832265906487,0.0018211643561215,0.192496300404973));
#2574=CARTESIAN_POINT('',(-0.0528410806840543,0.00182116312885116,0.188249964956746));
#2575=CARTESIAN_POINT('',(-0.0540358669375917,0.00182120785332385,0.184119048329033));
#2576=CARTESIAN_POINT('',(-0.0545132139756985,0.00182124368975806,0.180699804104203));
#2577=CARTESIAN_POINT('',(-0.0545975863989178,0.00182120080236086,0.178031950532638));
#2578=CARTESIAN_POINT('',(-0.0545119266324324,0.00182117175922099,0.17591814792798));
#2579=CARTESIAN_POINT('',(-0.054284453228988,0.00182116700779019,0.173730051504581));
#2580=CARTESIAN_POINT('',(-0.0538119526759894,0.00182109739943333,0.17101128846873));
#2581=CARTESIAN_POINT('',(-0.0528989075577896,0.00182109857003386,0.167312284607253));
#2582=CARTESIAN_POINT('',(-0.0512363059312634,0.00182120540419037,0.162252324431562));
#2583=CARTESIAN_POINT('',(-0.048361328515365,0.00182112013745626,0.155424729509391));
#2584=CARTESIAN_POINT('',(-0.0436600219541581,0.00182118897147927,0.146153239229745));
#2585=CARTESIAN_POINT('',(-0.0363354274788149,0.00182116213265225,0.133723778238692));
#2586=CARTESIAN_POINT('',(-0.0257392978324393,0.00182117253834205,0.117442365291881));
#2587=CARTESIAN_POINT('',(-0.0138294975895982,0.00182117006666183,0.0996165882702353));
#2588=CARTESIAN_POINT('',(-0.00349557989951214,0.00182116440998061,0.08286746226543));
#2589=CARTESIAN_POINT('',(0.00318680397353791,0.00182114723629498,0.0700882391178579));
#2590=CARTESIAN_POINT('',(0.00713100134969407,0.00182114863822172,0.0606458770973335));
#2591=CARTESIAN_POINT('',(0.00930942670565778,0.00182117675168841,0.0539385985432487));
#2592=CARTESIAN_POINT('',(0.0110654027795264,0.00182102970816705,0.0466077982340332));
#2593=CARTESIAN_POINT('',(0.011630738629961,0.00182115582680656,0.0414682062759992));
#2594=CARTESIAN_POINT('',(0.0116308882390023,0.00182117249462556,0.0379999999995181));
#2595=CARTESIAN_POINT('',(-0.0117347371131143,0.000747712864162327,0.174000000000133));
#2596=CARTESIAN_POINT('',(-0.0117348385035206,0.000747714450315412,0.179694892931545));
#2597=CARTESIAN_POINT('',(-0.0132034156838455,0.000747713234576565,0.187422595727955));
#2598=CARTESIAN_POINT('',(-0.0171194579498364,0.000747709780759322,0.195169547012625));
#2599=CARTESIAN_POINT('',(-0.020644585970164,0.000747716598491302,0.19935183949725));
#2600=CARTESIAN_POINT('',(-0.0241002659951982,0.000747710398819958,0.201992425559512));
#2601=CARTESIAN_POINT('',(-0.0270874714501808,0.000747721150460957,0.203439023756116));
#2602=CARTESIAN_POINT('',(-0.0297236974412513,0.000747755084356264,0.204133850080211));
#2603=CARTESIAN_POINT('',(-0.0318456504368856,0.000747711502733633,0.204314852716428));
#2604=CARTESIAN_POINT('',(-0.0336306401919051,0.000747710400910222,0.204235478992317));
#2605=CARTESIAN_POINT('',(-0.0355436219241802,0.000747685273195223,0.203932914360947));
#2606=CARTESIAN_POINT('',(-0.037938522092645,0.000747697228147348,0.203256874093946));
#2607=CARTESIAN_POINT('',(-0.0410402294161389,0.000747722234146812,0.201871329862586));
#2608=CARTESIAN_POINT('',(-0.0444921458768991,0.000747680849470868,0.199557506197556));
#2609=CARTESIAN_POINT('',(-0.0478549921356948,0.000747721610921914,0.196336264217947));
#2610=CARTESIAN_POINT('',(-0.0506936678176739,0.000747709472895266,0.192442631749173));
#2611=CARTESIAN_POINT('',(-0.0527437140171825,0.000747708960605405,0.188212404373514));
#2612=CARTESIAN_POINT('',(-0.0539339676303808,0.000747727601055961,0.184097314853936));
#2613=CARTESIAN_POINT('',(-0.0544096126745982,0.0007477425313783,0.180690667563639));
#2614=CARTESIAN_POINT('',(-0.054493661259011,0.000747724661882638,0.178032217564469));
#2615=CARTESIAN_POINT('',(-0.0544082755631981,0.000747712557259054,0.175925635741519));
#2616=CARTESIAN_POINT('',(-0.0541815453995329,0.000747710579697159,0.173744601554082));
#2617=CARTESIAN_POINT('',(-0.0537102605883474,0.000747681570773485,0.171032960179024));
#2618=CARTESIAN_POINT('',(-0.0527991643698183,0.000747682058598986,0.167341702893325));
#2619=CARTESIAN_POINT('',(-0.0511392205283175,0.000747726578145533,0.162289445441611));
#2620=CARTESIAN_POINT('',(-0.0482673010926171,0.000747691045920173,0.155469080732981));
#2621=CARTESIAN_POINT('',(-0.0435692694982218,0.00074771973038376,0.146203842094684));
#2622=CARTESIAN_POINT('',(-0.0362475276246984,0.000747708546140776,0.13377914681345));
#2623=CARTESIAN_POINT('',(-0.0256530239203128,0.000747712882376496,0.117500163786461));
#2624=CARTESIAN_POINT('',(-0.0137425825566428,0.000747711852397899,0.0996734545821043));
#2625=CARTESIAN_POINT('',(-0.00340574163168352,0.000747709495101084,0.0829197257136578));
#2626=CARTESIAN_POINT('',(0.00328051751667446,0.000747702338655313,0.0701333200268378));
#2627=CARTESIAN_POINT('',(0.00722827966256871,0.000747702922656531,0.0606825917680993));
#2628=CARTESIAN_POINT('',(0.00940937740209903,0.000747714638859189,0.053967205533962));
#2629=CARTESIAN_POINT('',(0.0111680759664412,0.000747653361106102,0.0466253878069534));
#2630=CARTESIAN_POINT('',(0.0117345834514858,0.000747705919359468,0.0414759815437404));
#2631=CARTESIAN_POINT('',(0.0117347371131143,0.000747712864162325,0.037999999999512));
#2632=CARTESIAN_POINT('',(-0.0117576314434429,4.25605751782758E-19,0.174000000000134));
#2633=CARTESIAN_POINT('',(-0.0117577331505745,2.78418842406858E-16,0.179692383479917));
#2634=CARTESIAN_POINT('',(-0.01322565656107,6.14709146346595E-16,0.187415852592084));
#2635=CARTESIAN_POINT('',(-0.0171388780937252,-1.21177763751561E-15,0.195157035496058));
#2636=CARTESIAN_POINT('',(-0.0206607610804266,1.01663927151412E-15,0.199335373329399));
#2637=CARTESIAN_POINT('',(-0.0241124984860185,5.84692911130682E-17,0.201972884673592));
#2638=CARTESIAN_POINT('',(-0.0270955798602908,-4.3344515497606E-17,0.203417453178175));
#2639=CARTESIAN_POINT('',(-0.0297277388400712,7.70631492225029E-16,0.20411121716597));
#2640=CARTESIAN_POINT('',(-0.0318462422334307,5.58032000842894E-16,0.204291896091433));
#2641=CARTESIAN_POINT('',(-0.033628311681872,-6.04236165705351E-16,0.204212655148597));
#2642=CARTESIAN_POINT('',(-0.0355386027370194,-2.94832621840433E-16,0.203910510627797));
#2643=CARTESIAN_POINT('',(-0.0379305081635381,8.43860535337143E-16,0.203235335535772));
#2644=CARTESIAN_POINT('',(-0.0410289633224038,-6.05867614210764E-16,0.201851279537567));
#2645=CARTESIAN_POINT('',(-0.0444776627839055,-2.32601419132019E-16,0.19953961374817));
#2646=CARTESIAN_POINT('',(-0.0478376457579431,2.02616247570175E-16,0.196321148244653));
#2647=CARTESIAN_POINT('',(-0.0506739238524044,-4.05377915258527E-16,0.192430800073323));
#2648=CARTESIAN_POINT('',(-0.0527222487520621,3.1256942658389E-16,0.188204123809826));
#2649=CARTESIAN_POINT('',(-0.0539115030557134,-2.73472962305518E-16,0.184092523649095));
#2650=CARTESIAN_POINT('',(-0.0543867729006483,1.03981074566533E-16,0.180688653311274));
#2651=CARTESIAN_POINT('',(-0.054470750100707,1.81390674077159E-16,0.178032276355009));
#2652=CARTESIAN_POINT('',(-0.0543854248406779,1.10493897834944E-16,0.175927286485414));
#2653=CARTESIAN_POINT('',(-0.0541588585216072,-1.47580794269769E-16,0.173747809145487));
#2654=CARTESIAN_POINT('',(-0.0536878417580559,2.4014716458921E-17,0.171037737827421));
#2655=CARTESIAN_POINT('',(-0.0527771752213058,4.69363146513555E-16,0.167348188449053));
#2656=CARTESIAN_POINT('',(-0.0511178172403534,9.95420947248158E-17,0.16229762905431));
#2657=CARTESIAN_POINT('',(-0.0482465720037399,-1.19398596726504E-15,0.155478858317105));
#2658=CARTESIAN_POINT('',(-0.0435492623716165,5.66000674863389E-16,0.146214997907726));
#2659=CARTESIAN_POINT('',(-0.0362281493921985,-1.48787725318665E-16,0.133791353268819));
#2660=CARTESIAN_POINT('',(-0.025634004133495,9.47489665376414E-16,0.117512905935453));
#2661=CARTESIAN_POINT('',(-0.0137234214300584,-6.88744314540991E-16,0.0996859912219801));
#2662=CARTESIAN_POINT('',(-0.00338593606005134,1.98501893166006E-16,0.0829312476221847));
#2663=CARTESIAN_POINT('',(0.00330117742976725,-1.19260956317344E-16,0.0701432584546817));
#2664=CARTESIAN_POINT('',(0.00724972544037635,-1.11626165102058E-15,0.0606906858368334));
#2665=CARTESIAN_POINT('',(0.00943141235773575,7.85019860615314E-16,0.0539735121520332));
#2666=CARTESIAN_POINT('',(0.0111907110412733,5.19054163202189E-16,0.0466292655618666));
#2667=CARTESIAN_POINT('',(0.011757476879559,-1.26912072745988E-17,0.0414776956976902));
#2668=CARTESIAN_POINT('',(0.0117576314434429,1.33925602325621E-18,0.0379999999995106));
#2669=CARTESIAN_POINT('',(-0.0117347371131143,-0.000747712864162323,0.174000000000133));
#2670=CARTESIAN_POINT('',(-0.0117348385035201,-0.000747714450314913,0.179694892931544));
#2671=CARTESIAN_POINT('',(-0.0132034156838453,-0.000747713234575485,0.187422595727957));
#2672=CARTESIAN_POINT('',(-0.0171194579498366,-0.00074770978076147,0.195169547012623));
#2673=CARTESIAN_POINT('',(-0.0206445859701637,-0.000747716598489467,0.199351839497252));
#2674=CARTESIAN_POINT('',(-0.0241002659951987,-0.000747710398819878,0.201992425559512));
#2675=CARTESIAN_POINT('',(-0.0270874714501804,-0.000747721150461003,0.203439023756116));
#2676=CARTESIAN_POINT('',(-0.0297236974412509,-0.000747755084354869,0.204133850080212));
#2677=CARTESIAN_POINT('',(-0.0318456504368866,-0.000747711502732598,0.204314852716429));
#2678=CARTESIAN_POINT('',(-0.0336306401919055,-0.000747710400911316,0.204235478992316));
#2679=CARTESIAN_POINT('',(-0.0355436219241796,-0.000747685273195733,0.203932914360947));
#2680=CARTESIAN_POINT('',(-0.0379385220926448,-0.00074769722814588,0.203256874093947));
#2681=CARTESIAN_POINT('',(-0.0410402294161396,-0.00074772223414793,0.201871329862585));
#2682=CARTESIAN_POINT('',(-0.0444921458768991,-0.00074768084947129,0.199557506197556));
#2683=CARTESIAN_POINT('',(-0.0478549921356953,-0.00074772161092155,0.196336264217946));
#2684=CARTESIAN_POINT('',(-0.0506936678176731,-0.000747709472895963,0.192442631749173));
#2685=CARTESIAN_POINT('',(-0.052743714017183,-0.000747708960604844,0.188212404373514));
#2686=CARTESIAN_POINT('',(-0.0539339676303804,-0.000747727601056456,0.184097314853936));
#2687=CARTESIAN_POINT('',(-0.0544096126745983,-0.000747742531378115,0.180690667563639));
#2688=CARTESIAN_POINT('',(-0.0544936612590112,-0.000747724661882318,0.178032217564469));
#2689=CARTESIAN_POINT('',(-0.0544082755631982,-0.000747712557258867,0.175925635741519));
#2690=CARTESIAN_POINT('',(-0.0541815453995326,-0.000747710579697438,0.173744601554082));
#2691=CARTESIAN_POINT('',(-0.0537102605883474,-0.000747681570773449,0.171032960179024));
#2692=CARTESIAN_POINT('',(-0.052799164369819,-0.000747682058598155,0.167341702893325));
#2693=CARTESIAN_POINT('',(-0.0511392205283172,-0.000747726578145332,0.16228944544161));
#2694=CARTESIAN_POINT('',(-0.0482673010926164,-0.000747691045922315,0.155469080732982));
#2695=CARTESIAN_POINT('',(-0.0435692694982223,-0.000747719730382772,0.146203842094684));
#2696=CARTESIAN_POINT('',(-0.0362475276246979,-0.000747708546141053,0.133779146813449));
#2697=CARTESIAN_POINT('',(-0.0256530239203142,-0.000747712882374791,0.117500163786461));
#2698=CARTESIAN_POINT('',(-0.0137425825566419,-0.000747711852399132,0.0996734545821042));
#2699=CARTESIAN_POINT('',(-0.00340574163168378,-0.000747709495100738,0.0829197257136578));
#2700=CARTESIAN_POINT('',(0.00328051751667464,-0.000747702338655513,0.0701333200268377));
#2701=CARTESIAN_POINT('',(0.00722827966256939,-0.000747702922658525,0.0606825917681011));
#2702=CARTESIAN_POINT('',(0.00940937740209843,-0.000747714638857784,0.053967205533961));
#2703=CARTESIAN_POINT('',(0.0111680759664407,-0.00074765336110518,0.0466253878069521));
#2704=CARTESIAN_POINT('',(0.0117345834514858,-0.000747705919359489,0.0414759815437403));
#2705=CARTESIAN_POINT('',(0.0117347371131143,-0.000747712864162322,0.037999999999512));
#2706=CARTESIAN_POINT('',(-0.0116308882390023,-0.00182117249462556,0.174000000000131));
#2707=CARTESIAN_POINT('',(-0.0116309882032515,-0.00182117630098211,0.179706275812832));
#2708=CARTESIAN_POINT('',(-0.013102530863862,-0.00182117338324025,0.187453182652828));
#2709=CARTESIAN_POINT('',(-0.0170313680481541,-0.00182116509609678,0.195226299371145));
#2710=CARTESIAN_POINT('',(-0.0205712153204602,-0.00182118145328204,0.199426530030711));
#2711=CARTESIAN_POINT('',(-0.0240447798517756,-0.00182116658693206,0.202081063409393));
#2712=CARTESIAN_POINT('',(-0.0270506897549798,-0.00182119234944584,0.203536867311966));
#2713=CARTESIAN_POINT('',(-0.029705366320863,-0.00182127382075278,0.204236513226704));
#2714=CARTESIAN_POINT('',(-0.0318429670426937,-0.00182116921487565,0.204418984161719));
#2715=CARTESIAN_POINT('',(-0.0336412032213574,-0.00182116657314615,0.204339008060354));
#2716=CARTESIAN_POINT('',(-0.0355663895468611,-0.00182110628311301,0.204034537837785));
#2717=CARTESIAN_POINT('',(-0.0379748725399331,-0.00182113497095779,0.203354573561932));
#2718=CARTESIAN_POINT('',(-0.0410913330959788,-0.0018211949783276,0.201962277966839));
#2719=CARTESIAN_POINT('',(-0.0445578411753683,-0.00182109566954594,0.19963866674727));
#2720=CARTESIAN_POINT('',(-0.0479336754480359,-0.00182119348413621,0.196404830365297));
#2721=CARTESIAN_POINT('',(-0.050783226590647,-0.00182116435612214,0.192496300404974));
#2722=CARTESIAN_POINT('',(-0.0528410806840554,-0.00182116312885066,0.188249964956746));
#2723=CARTESIAN_POINT('',(-0.0540358669375908,-0.00182120785332429,0.184119048329033));
#2724=CARTESIAN_POINT('',(-0.0545132139756988,-0.00182124368975789,0.180699804104203));
#2725=CARTESIAN_POINT('',(-0.0545975863989183,-0.00182120080236057,0.178031950532638));
#2726=CARTESIAN_POINT('',(-0.0545119266324325,-0.00182117175922081,0.175918147927979));
#2727=CARTESIAN_POINT('',(-0.0542844532289876,-0.00182116700779044,0.173730051504581));
#2728=CARTESIAN_POINT('',(-0.0538119526759895,-0.0018210973994333,0.17101128846873));
#2729=CARTESIAN_POINT('',(-0.0528989075577912,-0.0018210985700331,0.167312284607254));
#2730=CARTESIAN_POINT('',(-0.0512363059312628,-0.00182120540419019,0.16225232443156));
#2731=CARTESIAN_POINT('',(-0.0483613285153634,-0.00182112013745819,0.155424729509395));
#2732=CARTESIAN_POINT('',(-0.0436600219541591,-0.00182118897147837,0.146153239229744));
#2733=CARTESIAN_POINT('',(-0.0363354274788137,-0.00182116213265249,0.133723778238691));
#2734=CARTESIAN_POINT('',(-0.0257392978324426,-0.00182117253834052,0.117442365291881));
#2735=CARTESIAN_POINT('',(-0.0138294975895961,-0.00182117006666295,0.0996165882702353));
#2736=CARTESIAN_POINT('',(-0.00349557989951276,-0.00182116440998029,0.0828674622654301));
#2737=CARTESIAN_POINT('',(0.00318680397353833,-0.00182114723629516,0.0700882391178575));
#2738=CARTESIAN_POINT('',(0.00713100134969567,-0.00182114863822352,0.0606458770973377));
#2739=CARTESIAN_POINT('',(0.0093094267056564,-0.00182117675168714,0.0539385985432465));
#2740=CARTESIAN_POINT('',(0.0110654027795254,-0.00182102970816621,0.0466077982340303));
#2741=CARTESIAN_POINT('',(0.0116307386299609,-0.00182115582680658,0.0414682062759989));
#2742=CARTESIAN_POINT('',(0.0116308882390023,-0.00182117249462556,0.0379999999995182));
#2743=CARTESIAN_POINT('',(-0.0113385857701332,-0.00326690092667338,0.174000000000126));
#2744=CARTESIAN_POINT('',(-0.0113386817618529,-0.00326690748213389,0.179738315055907));
#2745=CARTESIAN_POINT('',(-0.0128185712317024,-0.00326690245570663,0.187539275403605));
#2746=CARTESIAN_POINT('',(-0.0167834223504359,-0.00326688818871455,0.195386039770806));
#2747=CARTESIAN_POINT('',(-0.0203646987712587,-0.00326691634215041,0.199636760221401));
#2748=CARTESIAN_POINT('',(-0.0238886056741385,-0.0032668907936138,0.202330552462632));
#2749=CARTESIAN_POINT('',(-0.0269471531055064,-0.00326693497439071,0.203812263588024));
#2750=CARTESIAN_POINT('',(-0.0296537726884269,-0.00326707547643034,0.204525478494097));
#2751=CARTESIAN_POINT('',(-0.0318354181640072,-0.00326689521635836,0.204712081988066));
#2752=CARTESIAN_POINT('',(-0.0336709384566605,-0.00326689067816975,0.20463041005535));
#2753=CARTESIAN_POINT('',(-0.0356304755445206,-0.00326678689296578,0.204320576315549));
#2754=CARTESIAN_POINT('',(-0.0380771846142464,-0.00326683629569838,0.203629568892334));
#2755=CARTESIAN_POINT('',(-0.0412351764733794,-0.00326693964003687,0.202218267418498));
#2756=CARTESIAN_POINT('',(-0.0447427525958474,-0.00326676862471174,0.199867109581736));
#2757=CARTESIAN_POINT('',(-0.0481551446344566,-0.00326693707345524,0.196597822734151));
#2758=CARTESIAN_POINT('',(-0.0510353067685221,-0.00326688690855648,0.192647361371785));
#2759=CARTESIAN_POINT('',(-0.0531151379192458,-0.00326688480510865,0.188355685898706));
#2760=CARTESIAN_POINT('',(-0.0543226812238123,-0.00326696179341213,0.184180223432313));
#2761=CARTESIAN_POINT('',(-0.0548048191936429,-0.00326702354902078,0.180725520147163));
#2762=CARTESIAN_POINT('',(-0.0548901032731445,-0.00326694966114093,0.178031197512906));
#2763=CARTESIAN_POINT('',(-0.054803672343754,-0.00326689966541473,0.175897071947766));
#2764=CARTESIAN_POINT('',(-0.0545741067949959,-0.00326689145406632,0.17368909609016));
#2765=CARTESIAN_POINT('',(-0.0540981847942923,-0.00326677159886913,0.17095028830153));
#2766=CARTESIAN_POINT('',(-0.0531796546743569,-0.00326677361465618,0.167229482199302));
#2767=CARTESIAN_POINT('',(-0.0515095709660624,-0.00326695760265689,0.162147839977277));
#2768=CARTESIAN_POINT('',(-0.0486259870351298,-0.00326681075978414,0.155299894449968));
#2769=CARTESIAN_POINT('',(-0.0439154619072684,-0.00326692930229928,0.146010807798838));
#2770=CARTESIAN_POINT('',(-0.0365828385020016,-0.00326688308165654,0.133567932856153));
#2771=CARTESIAN_POINT('',(-0.0259821322170572,-0.00326690100200298,0.11727968040162));
#2772=CARTESIAN_POINT('',(-0.0140741365409864,-0.00326689674517929,0.099456527153907));
#2773=CARTESIAN_POINT('',(-0.0037484469566686,-0.00326688700410012,0.0827203569162599));
#2774=CARTESIAN_POINT('',(0.00292302930751563,-0.00326685742656823,0.0699613498470063));
#2775=CARTESIAN_POINT('',(0.00685719264844259,-0.00326685984333077,0.0605425370073078));
#2776=CARTESIAN_POINT('',(0.00902809658227251,-0.00326690824983364,0.053858078255817));
#2777=CARTESIAN_POINT('',(0.0107764083404169,-0.00326665504087428,0.0465582888523288));
#2778=CARTESIAN_POINT('',(0.0113384474116898,-0.00326687221051997,0.0414463218714399));
#2779=CARTESIAN_POINT('',(0.0113385857701332,-0.00326690092667338,0.0379999999995354));
#2780=CARTESIAN_POINT('',(-0.010636308186691,-0.0051403694850905,0.174000000000115));
#2781=CARTESIAN_POINT('',(-0.0106363951291645,-0.00514037859122242,0.179815291038655));
#2782=CARTESIAN_POINT('',(-0.0121363372359425,-0.00514037160424582,0.187746119597693));
#2783=CARTESIAN_POINT('',(-0.0161877166242614,-0.0051403518052013,0.195769828174367));
#2784=CARTESIAN_POINT('',(-0.0198685180275336,-0.00514039085122982,0.200141846652259));
#2785=CARTESIAN_POINT('',(-0.0235134109906578,-0.00514035555414673,0.202929978331613));
#2786=CARTESIAN_POINT('',(-0.0266983117008147,-0.00514041626641122,0.204473887258801));
#2787=CARTESIAN_POINT('',(-0.029529847759151,-0.00514061209918876,0.20521974063039));
#2788=CARTESIAN_POINT('',(-0.0318173275184944,-0.00514036134165255,0.205416270584226));
#2789=CARTESIAN_POINT('',(-0.0337424206745589,-0.00514035507355671,0.205330520607169));
#2790=CARTESIAN_POINT('',(-0.0357844724048406,-0.00514021107378202,0.205007802248205));
#2791=CARTESIAN_POINT('',(-0.0383229591069022,-0.00514027968708129,0.204290283070334));
#2792=CARTESIAN_POINT('',(-0.0415807979193287,-0.00514042322821409,0.202833284468888));
#2793=CARTESIAN_POINT('',(-0.0451870093221962,-0.00514018573902945,0.200415971637616));
#2794=CARTESIAN_POINT('',(-0.0486872400539234,-0.00514041968840406,0.19706149908304));
#2795=CARTESIAN_POINT('',(-0.0516409465386371,-0.00514035000637637,0.193010299698543));
#2796=CARTESIAN_POINT('',(-0.0537735821334232,-0.00514034712209331,0.188609682205269));
#2797=CARTESIAN_POINT('',(-0.0550117639754804,-0.00514045392671656,0.184327226042643));
#2798=CARTESIAN_POINT('',(-0.0555054165738377,-0.0051405398472218,0.180787298868194));
#2799=CARTESIAN_POINT('',(-0.0555928928412706,-0.00514043711522998,0.178029371388073));
#2800=CARTESIAN_POINT('',(-0.0555046123010246,-0.00514036775266869,0.175846434199135));
#2801=CARTESIAN_POINT('',(-0.0552700183631193,-0.00514035624118951,0.17359067933772));
#2802=CARTESIAN_POINT('',(-0.054785881996728,-0.00514018985047773,0.170803718737459));
#2803=CARTESIAN_POINT('',(-0.0538541804910161,-0.00514019265079331,0.167030555426963));
#2804=CARTESIAN_POINT('',(-0.0521661054340427,-0.00514044820544982,0.16189680504036));
#2805=CARTESIAN_POINT('',(-0.0492618529135597,-0.00514024425181981,0.154999968339294));
#2806=CARTESIAN_POINT('',(-0.0445291728507836,-0.00514040889621236,0.145668605924043));
#2807=CARTESIAN_POINT('',(-0.0371772625752365,-0.00514034469946712,0.133193503622063));
#2808=CARTESIAN_POINT('',(-0.0265655591831883,-0.00514036958989192,0.116888818319656));
#2809=CARTESIAN_POINT('',(-0.0146618992222503,-0.00514036367668439,0.0990719684694628));
#2810=CARTESIAN_POINT('',(-0.00435597954133941,-0.00514035014950909,0.0823669270366509));
#2811=CARTESIAN_POINT('',(0.00228929164505136,-0.00514030906168903,0.0696564836313015));
#2812=CARTESIAN_POINT('',(0.00619934356753568,-0.00514031242801104,0.0602942595850954));
#2813=CARTESIAN_POINT('',(0.00835218311677817,-0.00514037962376039,0.0536646167426638));
#2814=CARTESIAN_POINT('',(0.0100820643303305,-0.00514002802781837,0.0464393369175386));
#2815=CARTESIAN_POINT('',(0.0106361949406306,-0.0051403295544727,0.0413937503088797));
#2816=CARTESIAN_POINT('',(0.010636308186691,-0.0051403694850905,0.037999999999576));
#2817=CARTESIAN_POINT('',(-0.00948696799995683,-0.00706487955993094,0.174000000000097));
#2818=CARTESIAN_POINT('',(-0.00948704146825681,-0.00706488952605335,0.179941267438649));
#2819=CARTESIAN_POINT('',(-0.0110197984916429,-0.00706488187247366,0.188084639318435));
#2820=CARTESIAN_POINT('',(-0.0152127946108338,-0.00706486023038994,0.196397933937124));
#2821=CARTESIAN_POINT('',(-0.0190564479271815,-0.00706490287692668,0.200968448326124));
#2822=CARTESIAN_POINT('',(-0.0228994353283907,-0.00706486451622406,0.203911019718933));
#2823=CARTESIAN_POINT('',(-0.0262908367886913,-0.0070649300395191,0.205556602295538));
#2824=CARTESIAN_POINT('',(-0.0293271172026995,-0.00706514530227533,0.206355966494323));
#2825=CARTESIAN_POINT('',(-0.0317878358424282,-0.00706487036333966,0.206568738719522));
#2826=CARTESIAN_POINT('',(-0.0338595129914147,-0.00706486354288935,0.206476305541016));
#2827=CARTESIAN_POINT('',(-0.036036570221997,-0.0070647061691762,0.206132504921928));
#2828=CARTESIAN_POINT('',(-0.0387250914385103,-0.00706478126061245,0.205371650012073));
#2829=CARTESIAN_POINT('',(-0.0421465118584798,-0.00706493832668689,0.203839772017789));
#2830=CARTESIAN_POINT('',(-0.0459140591351322,-0.00706467851033128,0.201314266060375));
#2831=CARTESIAN_POINT('',(-0.0495580612858021,-0.0070649344929721,0.197820342495994));
#2832=CARTESIAN_POINT('',(-0.0526321279398425,-0.00706485823155519,0.193604290550605));
#2833=CARTESIAN_POINT('',(-0.0548511909057096,-0.00706485513261459,0.1890253539756));
#2834=CARTESIAN_POINT('',(-0.0561394845734326,-0.00706497181231051,0.184567877631464));
#2835=CARTESIAN_POINT('',(-0.0566519927669111,-0.00706506606017198,0.18088838909412));
#2836=CARTESIAN_POINT('',(-0.0567430621830634,-0.00706495347737744,0.178026335951851));
#2837=CARTESIAN_POINT('',(-0.0566517634045772,-0.00706487769422428,0.17576355772295));
#2838=CARTESIAN_POINT('',(-0.0564089349447284,-0.00706486493118848,0.17342956004357));
#2839=CARTESIAN_POINT('',(-0.0559113713739357,-0.00706468297610262,0.170563809390245));
#2840=CARTESIAN_POINT('',(-0.0549581329595558,-0.00706468604535143,0.166705028270308));
#2841=CARTESIAN_POINT('',(-0.0532405707074912,-0.00706496570343225,0.161485953585464));
#2842=CARTESIAN_POINT('',(-0.0503025180469195,-0.00706474252366478,0.15450910976548));
#2843=CARTESIAN_POINT('',(-0.0455335606701534,-0.00706492268559554,0.145108561309314));
#2844=CARTESIAN_POINT('',(-0.0381500948310056,-0.0070648524372643,0.132580718000189));
#2845=CARTESIAN_POINT('',(-0.0275203896731023,-0.00706487967490586,0.116249137522052));
#2846=CARTESIAN_POINT('',(-0.0156238257849951,-0.00706487320284951,0.0984426025099426));
#2847=CARTESIAN_POINT('',(-0.0053502651368748,-0.00706485840467314,0.0817885112265767));
#2848=CARTESIAN_POINT('',(0.00125212316230942,-0.00706481343132031,0.0691575258103773));
#2849=CARTESIAN_POINT('',(0.00512270264868249,-0.00706481713201825,0.0598879453178516));
#2850=CARTESIAN_POINT('',(0.00724599700205427,-0.0070648905960498,0.0533479820395987));
#2851=CARTESIAN_POINT('',(0.00894566811898879,-0.00706450601685786,0.0462446554870049));
#2852=CARTESIAN_POINT('',(0.00948689035620903,-0.00706483578286919,0.0413077348028355));
#2853=CARTESIAN_POINT('',(0.00948696799995683,-0.00706487955993094,0.0379999999996402));
#2854=CARTESIAN_POINT('',(-0.00781581981348174,-0.00890011227518578,0.174000000000074));
#2855=CARTESIAN_POINT('',(-0.0078158762481728,-0.0089001207357492,0.180124434373705));
#2856=CARTESIAN_POINT('',(-0.00939634095525537,-0.00890011423280288,0.188576850849117));
#2857=CARTESIAN_POINT('',(-0.0137952578126198,-0.00890009588228644,0.197311206567937));
#2858=CARTESIAN_POINT('',(-0.0178756457396163,-0.00890013201349873,0.202170299921092));
#2859=CARTESIAN_POINT('',(-0.0220068250291894,-0.00890009967160914,0.205337509263056));
#2860=CARTESIAN_POINT('',(-0.0256979670112303,-0.00890015453536945,0.207130713725491));
#2861=CARTESIAN_POINT('',(-0.0290324959985746,-0.00890033806317946,0.208008045859712));
#2862=CARTESIAN_POINT('',(-0.0317451528504777,-0.0089001042482364,0.208244435977355));
#2863=CARTESIAN_POINT('',(-0.0340299525009249,-0.00890009847810068,0.208142270095407));
#2864=CARTESIAN_POINT('',(-0.0364032500130784,-0.00889996504999829,0.207767825199135));
#2865=CARTESIAN_POINT('',(-0.0393096077554217,-0.00890002882211898,0.20694405824024));
#2866=CARTESIAN_POINT('',(-0.0429692034308274,-0.00890016211354123,0.205303128840901));
#2867=CARTESIAN_POINT('',(-0.0469711647793616,-0.00889994164274215,0.202620456223715));
#2868=CARTESIAN_POINT('',(-0.0508242393168268,-0.00890015889937539,0.198923696931439));
#2869=CARTESIAN_POINT('',(-0.0540733077823511,-0.00890009415872179,0.194467976460757));
#2870=CARTESIAN_POINT('',(-0.0564180527057867,-0.00890009158226429,0.189629712005668));
#2871=CARTESIAN_POINT('',(-0.0577791479201774,-0.00890019043913667,0.184917922035233));
#2872=CARTESIAN_POINT('',(-0.0583190930490639,-0.00890027065445609,0.18103534310409));
#2873=CARTESIAN_POINT('',(-0.0584153983819466,-0.00890017493653691,0.178021828837609));
#2874=CARTESIAN_POINT('',(-0.0583197287604949,-0.00890011071997083,0.175643048419054));
#2875=CARTESIAN_POINT('',(-0.0580649170865574,-0.00890009972730652,0.173195187112121));
#2876=CARTESIAN_POINT('',(-0.0575478625422497,-0.00889994539579302,0.170214905758558));
#2877=CARTESIAN_POINT('',(-0.0565633500233986,-0.00889994801431386,0.166231782940432));
#2878=CARTESIAN_POINT('',(-0.0548028251801259,-0.0089001853946568,0.160888550750863));
#2879=CARTESIAN_POINT('',(-0.0518156797000559,-0.00889999596175106,0.153795393122423));
#2880=CARTESIAN_POINT('',(-0.0469939365911981,-0.00890014887947455,0.144294251195959));
#2881=CARTESIAN_POINT('',(-0.0395646077444734,-0.00890008925280226,0.131689726966501));
#2882=CARTESIAN_POINT('',(-0.0289087194882165,-0.00890011237309393,0.115319037552478));
#2883=CARTESIAN_POINT('',(-0.0170224737756638,-0.00890010687798921,0.0975274974936235));
#2884=CARTESIAN_POINT('',(-0.00679597187883499,-0.00890009432201043,0.0809475001517149));
#2885=CARTESIAN_POINT('',(-0.000255924844110413,-0.00890005613443544,0.0684319993346363));
#2886=CARTESIAN_POINT('',(0.00355723358239399,-0.00890005929557686,0.0592971951405847));
#2887=CARTESIAN_POINT('',(0.00563761080887939,-0.00890012157294137,0.0528875516162154));
#2888=CARTESIAN_POINT('',(0.00729325883015411,-0.00889979533052527,0.0459615752427484));
#2889=CARTESIAN_POINT('',(0.00781578233938139,-0.00890007502008296,0.0411827222598714));
#2890=CARTESIAN_POINT('',(0.00781581981348173,-0.00890011227518578,0.0379999999997275));
#2891=CARTESIAN_POINT('',(-0.00560591712967788,-0.0104511096954904,0.174000000000047));
#2892=CARTESIAN_POINT('',(-0.00560595471317728,-0.0104511146115217,0.180366645756578));
#2893=CARTESIAN_POINT('',(-0.00724950015066453,-0.01045111083056,0.189227747556973));
#2894=CARTESIAN_POINT('',(-0.0119207346819289,-0.010451100177522,0.198518908434862));
#2895=CARTESIAN_POINT('',(-0.0163141049756804,-0.0104511211393751,0.203759565005078));
#2896=CARTESIAN_POINT('',(-0.020826603876255,-0.0104511024445896,0.207223945230003));
#2897=CARTESIAN_POINT('',(-0.0249134287400057,-0.0104511339948025,0.209212075910025));
#2898=CARTESIAN_POINT('',(-0.0286430970176118,-0.0104512409840577,0.21019272047107));
#2899=CARTESIAN_POINT('',(-0.0316889642156008,-0.0104511049463439,0.21046035599389));
#2900=CARTESIAN_POINT('',(-0.0342555879656293,-0.0104511015941714,0.210345300840107));
#2901=CARTESIAN_POINT('',(-0.0368883251409972,-0.0104510241254967,0.209930346856346));
#2902=CARTESIAN_POINT('',(-0.0400822963360659,-0.0104510612180963,0.209023525092457));
#2903=CARTESIAN_POINT('',(-0.0440573233524804,-0.0104511386262757,0.207238129104098));
#2904=CARTESIAN_POINT('',(-0.0483690241803591,-0.0104510105715135,0.204347840325555));
#2905=CARTESIAN_POINT('',(-0.0524986117129744,-0.0104511367816773,0.200382743959781));
#2906=CARTESIAN_POINT('',(-0.0559790970503193,-0.0104510991631911,0.195610131926623));
#2907=CARTESIAN_POINT('',(-0.0584900661485128,-0.0104510976938417,0.190428858336723));
#2908=CARTESIAN_POINT('',(-0.0599473394255097,-0.010451155037126,0.185381023127612));
#2909=CARTESIAN_POINT('',(-0.0605235982467742,-0.0104512017539047,0.181229624654985));
#2910=CARTESIAN_POINT('',(-0.0606268452699221,-0.0104511460642,0.178015723060314));
#2911=CARTESIAN_POINT('',(-0.0605254226480937,-0.0104511088060063,0.17548367905404));
#2912=CARTESIAN_POINT('',(-0.0602547486546988,-0.0104511023384172,0.172885089898608));
#2913=CARTESIAN_POINT('',(-0.0597119669181544,-0.0104510127263318,0.1697533977482));
#2914=CARTESIAN_POINT('',(-0.0586861664856104,-0.0104510142654315,0.165606095460269));
#2915=CARTESIAN_POINT('',(-0.0568686886015603,-0.0104511521753687,0.160098515387954));
#2916=CARTESIAN_POINT('',(-0.0538167059160904,-0.0104510421214313,0.152851577535232));
#2917=CARTESIAN_POINT('',(-0.0489251002248397,-0.0104511309614274,0.143217415455674));
#2918=CARTESIAN_POINT('',(-0.0414351534485595,-0.0104510963193986,0.130511499693863));
#2919=CARTESIAN_POINT('',(-0.0307446272752964,-0.0104511097525607,0.114089086938838));
#2920=CARTESIAN_POINT('',(-0.0188720264054193,-0.0104511065589419,0.0963173703765436));
#2921=CARTESIAN_POINT('',(-0.00870776978332676,-0.0104510992671297,0.0798353779689078));
#2922=CARTESIAN_POINT('',(-0.00225013778475981,-0.0104510770713992,0.0674725013354278));
#2923=CARTESIAN_POINT('',(0.00148703363508151,-0.0104510789217092,0.0585160626772523));
#2924=CARTESIAN_POINT('',(0.00351073357379992,-0.0104511150475974,0.0522786031595539));
#2925=CARTESIAN_POINT('',(0.00510800883338609,-0.0104509256362419,0.0455872145429289));
#2926=CARTESIAN_POINT('',(0.00560591353483382,-0.0104510879850992,0.0410175196224415));
#2927=CARTESIAN_POINT('',(0.00560591712967787,-0.0104511096954904,0.0379999999998306));
#2928=CARTESIAN_POINT('',(-0.00293698225604207,-0.011501331295794,0.174000000000021));
#2929=CARTESIAN_POINT('',(-0.00293700087736842,-0.0115013324013618,0.180659160324225));
#2930=CARTESIAN_POINT('',(-0.00465672276764229,-0.0115013315507399,0.190013850792191));
#2931=CARTESIAN_POINT('',(-0.00965685014405192,-0.0115013291562512,0.19997747131831));
#2932=CARTESIAN_POINT('',(-0.014428136604811,-0.0115013338657209,0.20567889438965));
#2933=CARTESIAN_POINT('',(-0.0194013947505462,-0.0115013296748843,0.209502294632066));
#2934=CARTESIAN_POINT('',(-0.0239653647585211,-0.0115013367262549,0.211725538036333));
#2935=CARTESIAN_POINT('',(-0.0281730291463489,-0.0115013608378276,0.21283116919174));
#2936=CARTESIAN_POINT('',(-0.0316213605863676,-0.0115013302195817,0.213136559872643));
#2937=CARTESIAN_POINT('',(-0.0345283507583787,-0.0115013294632455,0.213005920013964));
#2938=CARTESIAN_POINT('',(-0.0374743628433242,-0.0115013120425866,0.212542055653265));
#2939=CARTESIAN_POINT('',(-0.0410151817037026,-0.0115013204026449,0.211535084582471));
#2940=CARTESIAN_POINT('',(-0.0453716997589179,-0.0115013377963275,0.20957491915985));
#2941=CARTESIAN_POINT('',(-0.0500571900296421,-0.0115013090073164,0.20643413997734));
#2942=CARTESIAN_POINT('',(-0.0545207739745884,-0.0115013373865295,0.202144844253531));
#2943=CARTESIAN_POINT('',(-0.0582807411788467,-0.0115013289259864,0.196989566456058));
#2944=CARTESIAN_POINT('',(-0.060992490395315,-0.0115013286002343,0.191393941484551));
#2945=CARTESIAN_POINT('',(-0.0625658098183947,-0.0115013414806989,0.185940570539797));
#2946=CARTESIAN_POINT('',(-0.0631859665206998,-0.011501352004961,0.181464203963067));
#2947=CARTESIAN_POINT('',(-0.0632976151444742,-0.0115013394705543,0.178008168541004));
#2948=CARTESIAN_POINT('',(-0.0631892745558076,-0.0115013310976298,0.175291194744109));
#2949=CARTESIAN_POINT('',(-0.0628994230767585,-0.0115013296315056,0.172510370501226));
#2950=CARTESIAN_POINT('',(-0.0623256185111983,-0.0115013094842596,0.169195863741805));
#2951=CARTESIAN_POINT('',(-0.0612500475245236,-0.011501309839928,0.164850618564943));
#2952=CARTESIAN_POINT('',(-0.0593636172385075,-0.0115013408471742,0.159144322196731));
#2953=CARTESIAN_POINT('',(-0.0562334253441711,-0.0115013161007141,0.15171171143679));
#2954=CARTESIAN_POINT('',(-0.0512573773326371,-0.011501336077809,0.141916896617844));
#2955=CARTESIAN_POINT('',(-0.0436942592782332,-0.0115013282877283,0.129088547168681));
#2956=CARTESIAN_POINT('',(-0.0329618828964461,-0.0115013313086543,0.112603656911337));
#2957=CARTESIAN_POINT('',(-0.0211057602613438,-0.0115013305902823,0.0948558722551861));
#2958=CARTESIAN_POINT('',(-0.0110167015188144,-0.0115013289510924,0.0784922830388228));
#2959=CARTESIAN_POINT('',(-0.00465855710596029,-0.0115013239579454,0.0663135872586595));
#2960=CARTESIAN_POINT('',(-0.00101324579006029,-0.0115013243772605,0.0575727917521274));
#2961=CARTESIAN_POINT('',(0.000942118093828433,-0.0115013324863363,0.0515430289394834));
#2962=CARTESIAN_POINT('',(0.00246870053574033,-0.0115012899242813,0.0451350686506158));
#2963=CARTESIAN_POINT('',(0.00293699437090462,-0.0115013264012911,0.0408182025422486));
#2964=CARTESIAN_POINT('',(0.00293698225604207,-0.011501331295794,0.0379999999999324));
#2965=CARTESIAN_POINT('',(-8.76800861394369E-18,-0.011874334352103,0.173999999999999));
#2966=CARTESIAN_POINT('',(-7.25332661476286E-11,-0.0118743337993213,0.180981044190705));
#2967=CARTESIAN_POINT('',(-0.00180354418141544,-0.0118743342246241,0.190878910281678));
#2968=CARTESIAN_POINT('',(-0.00716560484802573,-0.011874335421889,0.201582520541257));
#2969=CARTESIAN_POINT('',(-0.0123526923745172,-0.011874333067095,0.207790941609433));
#2970=CARTESIAN_POINT('',(-0.0178331886626082,-0.0118743351627409,0.212009523691654));
#2971=CARTESIAN_POINT('',(-0.0229216006319192,-0.0118743316362138,0.21449123787505));
#2972=CARTESIAN_POINT('',(-0.0276559320771304,-0.0118743195811925,0.215734604748746));
#2973=CARTESIAN_POINT('',(-0.0315471774316268,-0.0118743348898514,0.216081541819389));
#2974=CARTESIAN_POINT('',(-0.0348287263115786,-0.0118743352681216,0.215933737455646));
#2975=CARTESIAN_POINT('',(-0.0381194396016569,-0.0118743439789129,0.215416047835979));
#2976=CARTESIAN_POINT('',(-0.0420414786355724,-0.0118743397983073,0.214299019110951));
#2977=CARTESIAN_POINT('',(-0.0468183056472659,-0.0118743311018631,0.212146271331782));
#2978=CARTESIAN_POINT('',(-0.0519148421507653,-0.0118743454963343,0.208730060510198));
#2979=CARTESIAN_POINT('',(-0.0567460255115117,-0.011874331306735,0.204083907641408));
#2980=CARTESIAN_POINT('',(-0.060813535643104,-0.0118743355370041,0.19850757320772));
#2981=CARTESIAN_POINT('',(-0.0637462561585115,-0.0118743356999276,0.19245589222708));
#2982=CARTESIAN_POINT('',(-0.0654471817250866,-0.011874329259498,0.186556565060173));
#2983=CARTESIAN_POINT('',(-0.0661156960147679,-0.0118743239975825,0.181722288469251));
#2984=CARTESIAN_POINT('',(-0.0662365954397181,-0.0118743302645115,0.177999674669771));
#2985=CARTESIAN_POINT('',(-0.066120663198576,-0.0118743344512436,0.17507936789478));
#2986=CARTESIAN_POINT('',(-0.0658096861707253,-0.0118743351840264,0.172097802476898));
#2987=CARTESIAN_POINT('',(-0.0652017672241382,-0.0118743452580015,0.168582161478472));
#2988=CARTESIAN_POINT('',(-0.0640715313259446,-0.011874345079811,0.164019471476086));
#2989=CARTESIAN_POINT('',(-0.0621090769569843,-0.0118743295764819,0.158094231597943));
#2990=CARTESIAN_POINT('',(-0.0588928953841155,-0.0118743419496208,0.150457368950208));
#2991=CARTESIAN_POINT('',(-0.053823873615827,-0.0118743319611015,0.140485752013663));
#2992=CARTESIAN_POINT('',(-0.0461802696445633,-0.0118743358561358,0.12752270069858));
#2993=CARTESIAN_POINT('',(-0.0354018235003241,-0.0118743343456729,0.110969043622726));
#2994=CARTESIAN_POINT('',(-0.0235638309975176,-0.0118743347048611,0.093247581565897));
#2995=CARTESIAN_POINT('',(-0.0135575515075224,-0.0118743355244488,0.0770143459299479));
#2996=CARTESIAN_POINT('',(-0.0073088123723224,-0.0118743380210482,0.0650381323835937));
#2997=CARTESIAN_POINT('',(-0.00376471136460995,-0.0118743378113135,0.0565349533127115));
#2998=CARTESIAN_POINT('',(-0.0018844032983093,-0.0118743337571787,0.0507333833470224));
#2999=CARTESIAN_POINT('',(-0.000435790862049157,-0.0118743550373707,0.0446374868324832));
#3000=CARTESIAN_POINT('',(3.53171126234296E-9,-0.0118743367999239,0.0405991806658649));
#3001=CARTESIAN_POINT('',(-2.96038015065378E-19,-0.011874334352103,0.0380000000000084));
#3002=CARTESIAN_POINT('',(0.00293698225604206,-0.011501331295794,0.173999999999982));
#3003=CARTESIAN_POINT('',(0.00293700102809533,-0.011501332401353,0.181302920494814));
#3004=CARTESIAN_POINT('',(0.00104963599422297,-0.0115013315507636,0.191743976067596));
#3005=CARTESIAN_POINT('',(-0.00467436630933316,-0.0115013291561926,0.203187566238543));
#3006=CARTESIAN_POINT('',(-0.0102771983964462,-0.0115013338658991,0.209902958248331));
#3007=CARTESIAN_POINT('',(-0.0162650845811134,-0.0115013296741523,0.214516793612029));
#3008=CARTESIAN_POINT('',(-0.0218774859677651,-0.0115013367288901,0.217256805578332));
#3009=CARTESIAN_POINT('',(-0.0271389564507439,-0.0115013608374023,0.21863808551765));
#3010=CARTESIAN_POINT('',(-0.0314731402740217,-0.0115013302210129,0.219026522456508));
#3011=CARTESIAN_POINT('',(-0.0351292559996283,-0.0115013294642682,0.218861542701406));
#3012=CARTESIAN_POINT('',(-0.0387646463779479,-0.011501312041762,0.218289997431761));
#3013=CARTESIAN_POINT('',(-0.0430675558021143,-0.0115013204041259,0.21706303865054));
#3014=CARTESIAN_POINT('',(-0.0482650899060225,-0.01150133779622,0.214717533946684));
#3015=CARTESIAN_POINT('',(-0.0537724245076608,-0.0115013090073465,0.211026021378697));
#3016=CARTESIAN_POINT('',(-0.058971281976428,-0.0115013373865307,0.206022972465212));
#3017=CARTESIAN_POINT('',(-0.0633463202444501,-0.0115013289259972,0.200025602708292));
#3018=CARTESIAN_POINT('',(-0.0665000309368515,-0.0115013286000554,0.193517795457866));
#3019=CARTESIAN_POINT('',(-0.0683285081354604,-0.0115013414813091,0.187172766105963));
#3020=CARTESIAN_POINT('',(-0.0690454396536906,-0.011501352004709,0.181980332807495));
#3021=CARTESIAN_POINT('',(-0.0691755726908824,-0.0115013394713997,0.177991032149105));
#3022=CARTESIAN_POINT('',(-0.0690520513670038,-0.011501331097396,0.174867532455203));
#3023=CARTESIAN_POINT('',(-0.0687199279551133,-0.0115013296323889,0.171685054815327));
#3024=CARTESIAN_POINT('',(-0.068077876855802,-0.0115013094837344,0.167968311231227));
#3025=CARTESIAN_POINT('',(-0.0668930717177409,-0.011501309840828,0.163188522143793));
#3026=CARTESIAN_POINT('',(-0.0648545173076892,-0.0115013408468984,0.15704407503227));
#3027=CARTESIAN_POINT('',(-0.0615523691725964,-0.0115013161008025,0.149203041052057));
#3028=CARTESIAN_POINT('',(-0.0563903623831566,-0.0115013360777849,0.139054591979636));
#3029=CARTESIAN_POINT('',(-0.048666291762115,-0.0115013282877286,0.125956873890391));
#3030=CARTESIAN_POINT('',(-0.03784176534235,-0.011501331308654,0.109334433156871));
#3031=CARTESIAN_POINT('',(-0.0260218974154855,-0.0115013305902734,0.0916392788156446));
#3032=CARTESIAN_POINT('',(-0.0160984273076819,-0.0115013289511124,0.0755364668423078));
#3033=CARTESIAN_POINT('',(-0.00995899735318056,-0.0115013239578618,0.0637625152117681));
#3034=CARTESIAN_POINT('',(-0.00651625142461015,-0.0115013243774857,0.0554973173537348));
#3035=CARTESIAN_POINT('',(-0.00471084802959336,-0.0115013324849492,0.0499235037850859));
#3036=CARTESIAN_POINT('',(-0.003340310946338,-0.0115012899262358,0.0441398778862541));
#3037=CARTESIAN_POINT('',(-0.00293700850027222,-0.0115013263990132,0.0403805788245012));
#3038=CARTESIAN_POINT('',(-0.00293698225604207,-0.011501331295794,0.0380000000000342));
#3039=CARTESIAN_POINT('',(0.00560591712967786,-0.0104511096954904,0.173999999999971));
#3040=CARTESIAN_POINT('',(0.005605955550344,-0.0104511146114767,0.181595414866952));
#3041=CARTESIAN_POINT('',(0.00364241804284251,-0.010451110829595,0.19253009604029));
#3042=CARTESIAN_POINT('',(-0.00241050096618612,-0.0104511001804966,0.204646120026371));
#3043=CARTESIAN_POINT('',(-0.0083910920503342,-0.0104511211252103,0.211822203114492));
#3044=CARTESIAN_POINT('',(-0.0148401605391305,-0.0104511024755781,0.216795257107091));
#3045=CARTESIAN_POINT('',(-0.0209284415044218,-0.0104511338878236,0.21976989805892));
#3046=CARTESIAN_POINT('',(-0.0266692284146014,-0.0104512410468776,0.221276660916557));
#3047=CARTESIAN_POINT('',(-0.0314059492513465,-0.0104511049447819,0.221702722874706));
#3048=CARTESIAN_POINT('',(-0.0354024512242878,-0.0104511015655523,0.221522127278692));
#3049=CARTESIAN_POINT('',(-0.0393510431177668,-0.010451024037035,0.220901588495392));
#3050=CARTESIAN_POINT('',(-0.043999835857287,-0.0104510613062893,0.219574832246489));
#3051=CARTESIAN_POINT('',(-0.0495799554055683,-0.0104511385978063,0.217054078613771));
#3052=CARTESIAN_POINT('',(-0.0554603993995372,-0.0104510105776617,0.213112431312353));
#3053=CARTESIAN_POINT('',(-0.0609934580074762,-0.0104511367817226,0.207785076481346));
#3054=CARTESIAN_POINT('',(-0.0656479374848393,-0.0104510991564203,0.201405099047674));
#3055=CARTESIAN_POINT('',(-0.0690024796775793,-0.0104510977049769,0.194482749630434));
#3056=CARTESIAN_POINT('',(-0.0709468550246992,-0.0104511549995681,0.187732874158885));
#3057=CARTESIAN_POINT('',(-0.0717078463095661,-0.0104512017672215,0.182214802816955));
#3058=CARTESIAN_POINT('',(-0.0718463343190576,-0.0104511460750315,0.177983075575252));
#3059=CARTESIAN_POINT('',(-0.0717159019836564,-0.0104511088056213,0.174675024712933));
#3060=CARTESIAN_POINT('',(-0.071364544869896,-0.0104511023280992,0.171309851521569));
#3061=CARTESIAN_POINT('',(-0.0706914241711238,-0.0104510126729644,0.167410382864074));
#3062=CARTESIAN_POINT('',(-0.0694571034686781,-0.0104510143168589,0.162433571721741));
#3063=CARTESIAN_POINT('',(-0.0673493943889237,-0.0104511521595373,0.156089706282134));
#3064=CARTESIAN_POINT('',(-0.063969098606631,-0.0104510421266683,0.148063213847423));
#3065=CARTESIAN_POINT('',(-0.0587226196228045,-0.0104511309600191,0.13775403230477));
#3066=CARTESIAN_POINT('',(-0.0509254285990773,-0.010451096319251,0.124533973263395));
#3067=CARTESIAN_POINT('',(-0.0400590242425701,-0.0104511097522943,0.107849010603923));
#3068=CARTESIAN_POINT('',(-0.0282556198135955,-0.0104511065592818,0.090177748725356));
#3069=CARTESIAN_POINT('',(-0.0184074273480299,-0.0104510992652715,0.0741935254699089));
#3070=CARTESIAN_POINT('',(-0.0123672306143332,-0.0104510770754129,0.0626031714855595));
#3071=CARTESIAN_POINT('',(-0.00901672854883054,-0.0104510789260729,0.0545545835630183));
#3072=CARTESIAN_POINT('',(-0.0072792594366461,-0.0104511150193129,0.0491873081572583));
#3073=CARTESIAN_POINT('',(-0.00597969528761121,-0.0104509256454849,0.0436876512112329));
#3074=CARTESIAN_POINT('',(-0.00560598572161835,-0.0104510881144134,0.0401824034377358));
#3075=CARTESIAN_POINT('',(-0.00560591712967787,-0.0104511096954904,0.0379999999999993));
#3076=CARTESIAN_POINT('',(0.00781581981348173,-0.00890011227518578,0.173999999999965));
#3077=CARTESIAN_POINT('',(0.00781587773973013,-0.00890012073621328,0.181837599544092));
#3078=CARTESIAN_POINT('',(0.00578926604924865,-0.00890011422777238,0.193181014677448));
#3079=CARTESIAN_POINT('',(-0.000536006031837785,-0.0089000958967852,0.205853810679923));
#3080=CARTESIAN_POINT('',(-0.00682935643779414,-0.00890013195166866,0.213411349572178));
#3081=CARTESIAN_POINT('',(-0.0136603473822573,-0.00890009983132241,0.218681856166375));
#3082=CARTESIAN_POINT('',(-0.0201424980177514,-0.00890015397624992,0.221850730109366));
#3083=CARTESIAN_POINT('',(-0.0262803168604044,-0.00890033831333695,0.223461517710364));
#3084=CARTESIAN_POINT('',(-0.0313503631488038,-0.00890010413690556,0.223918638358204));
#3085=CARTESIAN_POINT('',(-0.0356287097170642,-0.00890009830586588,0.223725107138679));
#3086=CARTESIAN_POINT('',(-0.0398366211868999,-0.00889996479996284,0.223063944899079));
#3087=CARTESIAN_POINT('',(-0.0447716802264005,-0.00890002902889006,0.221654625451899));
#3088=CARTESIAN_POINT('',(-0.0506687521329758,-0.00890016202376812,0.218988739727646));
#3089=CARTESIAN_POINT('',(-0.0568579953557768,-0.00889994166169541,0.214839967262956));
#3090=CARTESIAN_POINT('',(-0.0626678500643593,-0.0089001588994635,0.209244128152836));
#3091=CARTESIAN_POINT('',(-0.0675536899099163,-0.0089000941351867,0.202547338704841));
#3092=CARTESIAN_POINT('',(-0.0710745264972702,-0.0089000916305217,0.195281720561718));
#3093=CARTESIAN_POINT('',(-0.0731148785211214,-0.00890019027594818,0.188196737710002));
#3094=CARTESIAN_POINT('',(-0.0739124036883603,-0.00890027071423929,0.182408935130359));
#3095=CARTESIAN_POINT('',(-0.0740577699942404,-0.00890017492368222,0.177976426411767));
#3096=CARTESIAN_POINT('',(-0.0739215941170152,-0.00890011073202401,0.174515623221017));
#3097=CARTESIAN_POINT('',(-0.0735542989729621,-0.00890009964259674,0.170999104848647));
#3098=CARTESIAN_POINT('',(-0.0728553908004263,-0.00889994524727864,0.166948355037761));
#3099=CARTESIAN_POINT('',(-0.0715801183799223,-0.00889994813651502,0.161808577094542));
#3100=CARTESIAN_POINT('',(-0.069415189977658,-0.00890018535697203,0.155299440008775));
#3101=CARTESIAN_POINT('',(-0.0659701380468936,-0.00889999597437128,0.147119449566338));
#3102=CARTESIAN_POINT('',(-0.0606537574111901,-0.00890014887610138,0.136677143337329));
#3103=CARTESIAN_POINT('',(-0.0527960145163526,-0.00890008925229676,0.123355813335135));
#3104=CARTESIAN_POINT('',(-0.0418949363078696,-0.00890011237222753,0.106619069739632));
#3105=CARTESIAN_POINT('',(-0.0301051574482842,-0.00890010687960076,0.0889675798408963));
#3106=CARTESIAN_POINT('',(-0.0203193142575984,-0.00890009431474674,0.0730816034143927));
#3107=CARTESIAN_POINT('',(-0.0143612009732112,-0.00890005615232176,0.0616431132847368));
#3108=CARTESIAN_POINT('',(-0.0110871873717646,-0.00890005929721512,0.0537741537901566));
#3109=CARTESIAN_POINT('',(-0.00940586819520702,-0.00890012155567316,0.0485775452791063));
#3110=CARTESIAN_POINT('',(-0.00816504450359141,-0.00889979524684285,0.0433131646098194));
#3111=CARTESIAN_POINT('',(-0.00781593484743612,-0.00890007559206671,0.0400187566964236));
#3112=CARTESIAN_POINT('',(-0.00781581981348173,-0.00890011227518578,0.0379999999999138));
#3113=CARTESIAN_POINT('',(0.00948696799995682,-0.00706487955993094,0.173999999999962));
#3114=CARTESIAN_POINT('',(0.00948704328669504,-0.00706488952774635,0.18202074000039));
#3115=CARTESIAN_POINT('',(0.00741273204047568,-0.00706488186087143,0.193673247669461));
#3116=CARTESIAN_POINT('',(0.000881499231727979,-0.0070648602629339,0.206767073277686));
#3117=CARTESIAN_POINT('',(-0.00564834553585452,-0.00706490274515037,0.214613075018886));
#3118=CARTESIAN_POINT('',(-0.012768181036447,-0.00706486488316637,0.220108523040419));
#3119=CARTESIAN_POINT('',(-0.01954809665385,-0.00706492874777072,0.223424262885087));
#3120=CARTESIAN_POINT('',(-0.0259862274070002,-0.00706514581209572,0.225113796600213));
#3121=CARTESIAN_POINT('',(-0.0313083523878641,-0.00706487000680321,0.225594331087925));
#3122=CARTESIAN_POINT('',(-0.0357998325011328,-0.00706486312452817,0.225391014404359));
#3123=CARTESIAN_POINT('',(-0.0402038341166712,-0.00706470578120916,0.224699089565658));
#3124=CARTESIAN_POINT('',(-0.0453553061195765,-0.00706478151670877,0.223227377658983));
#3125=CARTESIAN_POINT('',(-0.0514921510161507,-0.00706493817427173,0.22045174261852));
#3126=CARTESIAN_POINT('',(-0.0579148266515052,-0.00706467854192038,0.216146315200136));
#3127=CARTESIAN_POINT('',(-0.063934049368396,-0.00706493449306693,0.210347486832518));
#3128=CARTESIAN_POINT('',(-0.0689948316805939,-0.00706485818876591,0.203411110995092));
#3129=CARTESIAN_POINT('',(-0.0726414225806057,-0.00706485523136468,0.195885898968303));
#3130=CARTESIAN_POINT('',(-0.0747543696795877,-0.00706497147798138,0.188547562949427));
#3131=CARTESIAN_POINT('',(-0.0755795574174049,-0.00706506618419309,0.18255573561498));
#3132=CARTESIAN_POINT('',(-0.075730094658904,-0.00706495339658279,0.177971366767157));
#3133=CARTESIAN_POINT('',(-0.0755895576912452,-0.00706487773097495,0.174395080716808));
#3134=CARTESIAN_POINT('',(-0.0752102025904515,-0.00706486472387917,0.170764076795741));
#3135=CARTESIAN_POINT('',(-0.0744917454651231,-0.00706468274959662,0.166598937554128));
#3136=CARTESIAN_POINT('',(-0.0731855313904198,-0.00706468620421677,0.161336015533794));
#3137=CARTESIAN_POINT('',(-0.0709773775291329,-0.00706496565433816,0.154701809430625));
#3138=CARTESIAN_POINT('',(-0.0674833128096159,-0.00706474254034694,0.146405783686054));
#3139=CARTESIAN_POINT('',(-0.0621141081466133,-0.00706492268116839,0.135862781241915));
#3140=CARTESIAN_POINT('',(-0.0542105664862622,-0.00706485243636866,0.122464887749875));
#3141=CARTESIAN_POINT('',(-0.0432832703051686,-0.00706487967341264,0.105688979297171));
#3142=CARTESIAN_POINT('',(-0.031503790731963,-0.00706487320620656,0.0880524339347685));
#3143=CARTESIAN_POINT('',(-0.0217651078892195,-0.00706485839076121,0.0722407877429043));
#3144=CARTESIAN_POINT('',(-0.0158690120209247,-0.00706481346767319,0.0609170395654804));
#3145=CARTESIAN_POINT('',(-0.0126529105072899,-0.00706481711968739,0.0531840925022254));
#3146=CARTESIAN_POINT('',(-0.0110139896084715,-0.0070648906537198,0.0481163150146073));
#3147=CARTESIAN_POINT('',(-0.00981755055589963,-0.00706450573230765,0.0430299374118562));
#3148=CARTESIAN_POINT('',(-0.00948712692538212,-0.00706483696359781,0.0398953410980941));
#3149=CARTESIAN_POINT('',(-0.00948696799995683,-0.00706487955993094,0.0379999999998051));
#3150=CARTESIAN_POINT('',(0.010636308186691,-0.0051403694850905,0.17399999999996));
#3151=CARTESIAN_POINT('',(0.0106363969470642,-0.00514037859396452,0.182146694935626));
#3152=CARTESIAN_POINT('',(0.0085292787243579,-0.00514037158815619,0.194011784538135));
#3153=CARTESIAN_POINT('',(0.00185639272958432,-0.00514035184976757,0.20739517184042));
#3154=CARTESIAN_POINT('',(-0.0048360936203687,-0.00514039067543726,0.215439567546282));
#3155=CARTESIAN_POINT('',(-0.0121545978129217,-0.00514035606232137,0.221089721156567));
#3156=CARTESIAN_POINT('',(-0.0191392658327803,-0.00514041447278259,0.224506464642659));
#3157=CARTESIAN_POINT('',(-0.0257839680076795,-0.00514061276526514,0.226250200020851));
#3158=CARTESIAN_POINT('',(-0.0312794696949725,-0.00514036077668996,0.226746795441028));
#3159=CARTESIAN_POINT('',(-0.0359175331981894,-0.0051403544795243,0.226536746986964));
#3160=CARTESIAN_POINT('',(-0.0404563914471143,-0.00514021065592612,0.225823640513005));
#3161=CARTESIAN_POINT('',(-0.0457566744406675,-0.00514027990605677,0.224309039515845));
#3162=CARTESIAN_POINT('',(-0.0520584666814436,-0.00514042305330958,0.221457929459388));
#3163=CARTESIAN_POINT('',(-0.0586416438247576,-0.00514018577480188,0.21704474312897));
#3164=CARTESIAN_POINT('',(-0.0648048892562914,-0.00514041968848804,0.211106333388175));
#3165=CARTESIAN_POINT('',(-0.0699859810220588,-0.00514034995508036,0.204005174096768));
#3166=CARTESIAN_POINT('',(-0.0737190600725587,-0.00514034724820115,0.196301420761409));
#3167=CARTESIAN_POINT('',(-0.0758819463559177,-0.00514045349951831,0.188788866510093));
#3168=CARTESIAN_POINT('',(-0.0767261782625276,-0.00514054000648261,0.182656697134842));
#3169=CARTESIAN_POINT('',(-0.0768802542953514,-0.00514043697867281,0.177967872946618));
#3170=CARTESIAN_POINT('',(-0.0767367073266972,-0.00514036780670149,0.174312176298286));
#3171=CARTESIAN_POINT('',(-0.0763490541751935,-0.00514035595744956,0.170602417942967));
#3172=CARTESIAN_POINT('',(-0.0756171241631991,-0.00514018961007721,0.166358612502342));
#3173=CARTESIAN_POINT('',(-0.0742896422220209,-0.00514019279811089,0.161011040792728));
#3174=CARTESIAN_POINT('',(-0.072051788755887,-0.00514044815983055,0.154290774079257));
#3175=CARTESIAN_POINT('',(-0.0685239885739978,-0.00514024426754255,0.145914966213013));
#3176=CARTESIAN_POINT('',(-0.0631184758394553,-0.0051404088920686,0.135302695007324));
#3177=CARTESIAN_POINT('',(-0.0551834298629146,-0.00514034469841984,0.121852154307602));
#3178=CARTESIAN_POINT('',(-0.0442381041460281,-0.00514036958816834,0.105049306130408));
#3179=CARTESIAN_POINT('',(-0.0324657054776241,-0.00514036368096187,0.0874230351719744));
#3180=CARTESIAN_POINT('',(-0.0227594630250918,-0.00514035013248648,0.0716625283401839));
#3181=CARTESIAN_POINT('',(-0.0169059907612333,-0.00514030910748416,0.06041764353173));
#3182=CARTESIAN_POINT('',(-0.0137297556952084,-0.00514031240269924,0.0527783315335123));
#3183=CARTESIAN_POINT('',(-0.0121199619894262,-0.00514037975237407,0.0477990370482382));
#3184=CARTESIAN_POINT('',(-0.0109540239603142,-0.00514002759455745,0.042835120240564));
#3185=CARTESIAN_POINT('',(-0.0106365031988859,-0.00514033106838988,0.0398106615046739));
#3186=CARTESIAN_POINT('',(-0.010636308186691,-0.0051403694850905,0.0379999999997033));
#3187=CARTESIAN_POINT('',(0.0113385857701332,-0.00326690092667338,0.173999999999959));
#3188=CARTESIAN_POINT('',(0.0113386834326921,-0.00326690748481089,0.182223656475125));
#3189=CARTESIAN_POINT('',(0.00921151866315677,-0.00326690244099714,0.194218640125753));
#3190=CARTESIAN_POINT('',(0.00245207763637608,-0.00326688822921542,0.207778955930812));
#3191=CARTESIAN_POINT('',(-0.00433978363773322,-0.00326691618446987,0.215944576793845));
#3192=CARTESIAN_POINT('',(-0.0117796852063427,-0.0032668912579939,0.221689259704075));
#3193=CARTESIAN_POINT('',(-0.0188894487305086,-0.00326693333325065,0.225167718285805));
#3194=CARTESIAN_POINT('',(-0.0256603823320211,-0.00326707606841056,0.226944590487317));
#3195=CARTESIAN_POINT('',(-0.0312618253934017,-0.0032668946661484,0.227450981386935));
#3196=CARTESIAN_POINT('',(-0.035989455100219,-0.00326689012892498,0.227236818916984));
#3197=CARTESIAN_POINT('',(-0.0406107121053433,-0.00326678656310264,0.226510759325552));
#3198=CARTESIAN_POINT('',(-0.0460019123486512,-0.00326683643856557,0.224969960683562));
#3199=CARTESIAN_POINT('',(-0.0524045080025687,-0.00326693949656957,0.222072736884873));
#3200=CARTESIAN_POINT('',(-0.0590857386138041,-0.0032667686538139,0.217593697968394));
#3201=CARTESIAN_POINT('',(-0.065336997983025,-0.00326693707352045,0.211570011687508));
#3202=CARTESIAN_POINT('',(-0.0705915985906977,-0.00326688686541367,0.20436816219744));
#3203=CARTESIAN_POINT('',(-0.0743775241009301,-0.00326688491465599,0.196555313884153));
#3204=CARTESIAN_POINT('',(-0.0765709299924191,-0.00326696142220934,0.188936317679269));
#3205=CARTESIAN_POINT('',(-0.0774268063839643,-0.00326702368767825,0.182718387042895));
#3206=CARTESIAN_POINT('',(-0.0775830371346408,-0.0032669495285953,0.17796573295512));
#3207=CARTESIAN_POINT('',(-0.0774376462868707,-0.00326689971520379,0.174261519214355));
#3208=CARTESIAN_POINT('',(-0.0770449213008195,-0.00326689120032254,0.170503633737163));
#3209=CARTESIAN_POINT('',(-0.0763047468448961,-0.00326677141093939,0.166211763509405));
#3210=CARTESIAN_POINT('',(-0.0749642744121873,-0.00326677371954073,0.160812484998309));
#3211=CARTESIAN_POINT('',(-0.0727082869387384,-0.00326695757012574,0.154039615692202));
#3212=CARTESIAN_POINT('',(-0.0691598616104888,-0.00326681077111891,0.145615067746737));
#3213=CARTESIAN_POINT('',(-0.0637321733721434,-0.00326692929932781,0.134960465361623));
#3214=CARTESIAN_POINT('',(-0.055777874629619,-0.00326688308079102,0.121477759783889));
#3215=CARTESIAN_POINT('',(-0.0448215333491168,-0.00326690100058658,0.104658449141058));
#3216=CARTESIAN_POINT('',(-0.0330534602545022,-0.00326689674887506,0.0870384545703054));
#3217=CARTESIAN_POINT('',(-0.0233670419948715,-0.00326688698967879,0.071309202796838));
#3218=CARTESIAN_POINT('',(-0.017539601814617,-0.00326685746592226,0.060112484907291));
#3219=CARTESIAN_POINT('',(-0.0143877414728882,-0.00326685981736891,0.0525304240939232));
#3220=CARTESIAN_POINT('',(-0.0127957320313111,-0.00326690838379644,0.0476051450408305));
#3221=CARTESIAN_POINT('',(-0.0116484192632479,-0.00326665463517532,0.0427160684730842));
#3222=CARTESIAN_POINT('',(-0.0113388058116652,-0.00326687352808378,0.0397590102771871));
#3223=CARTESIAN_POINT('',(-0.0113385857701332,-0.00326690092667338,0.0379999999996285));
#3224=CARTESIAN_POINT('',(0.0116308882390023,-0.00182117249462556,0.173999999999959));
#3225=CARTESIAN_POINT('',(0.0116309897688712,-0.00182117630270188,0.182255689396355));
#3226=CARTESIAN_POINT('',(0.00949548106399025,-0.00182117337397432,0.19430473782189));
#3227=CARTESIAN_POINT('',(0.00270001376688779,-0.00182116512156215,0.207938694593408));
#3228=CARTESIAN_POINT('',(-0.00413320861236542,-0.00182118135455147,0.21615477217073));
#3229=CARTESIAN_POINT('',(-0.0116236395165389,-0.0018211668794364,0.221938800096911));
#3230=CARTESIAN_POINT('',(-0.0187854673467606,-0.00182119131530649,0.225442945689553));
#3231=CARTESIAN_POINT('',(-0.0256089433926826,-0.00182127419043676,0.227233614414703));
#3232=CARTESIAN_POINT('',(-0.0312544823021154,-0.00182116886121631,0.227744078014893));
#3233=CARTESIAN_POINT('',(-0.0360193912687068,-0.00182116622592367,0.227528203036613));
#3234=CARTESIAN_POINT('',(-0.0406749438033732,-0.00182110608558075,0.226796749544779));
#3235=CARTESIAN_POINT('',(-0.0461039834432288,-0.00182113504990297,0.225245048933491));
#3236=CARTESIAN_POINT('',(-0.0525485392109997,-0.00182119489125893,0.22232863261564));
#3237=CARTESIAN_POINT('',(-0.0592705776972249,-0.00182109568715598,0.217822182209301));
#3238=CARTESIAN_POINT('',(-0.0655584731992536,-0.00182119348417624,0.211763004864534));
#3239=CARTESIAN_POINT('',(-0.0708436688815307,-0.00182116432971457,0.204519245260457));
#3240=CARTESIAN_POINT('',(-0.0746515901408113,-0.00182116319660336,0.196660989056548));
#3241=CARTESIAN_POINT('',(-0.07685770028491,-0.00182120762372329,0.188997691752167));
#3242=CARTESIAN_POINT('',(-0.077718425244547,-0.00182124377556734,0.182744063621685));
#3243=CARTESIAN_POINT('',(-0.0778755510084146,-0.00182120071770281,0.177964841106307));
#3244=CARTESIAN_POINT('',(-0.077729391559777,-0.00182117179055021,0.174240434628672));
#3245=CARTESIAN_POINT('',(-0.0773345552235144,-0.00182116684953684,0.17046251631424));
#3246=CARTESIAN_POINT('',(-0.0765909463265863,-0.00182109728729284,0.166150641086755));
#3247=CARTESIAN_POINT('',(-0.0752450680502047,-0.00182109863046371,0.160729844815238));
#3248=CARTESIAN_POINT('',(-0.0729815361092179,-0.00182120538543503,0.153935077266254));
#3249=CARTESIAN_POINT('',(-0.0694245232650942,-0.00182112014402099,0.145490244786797));
#3250=CARTESIAN_POINT('',(-0.0639876074874086,-0.0018211889697616,0.134818021831983));
#3251=CARTESIAN_POINT('',(-0.0560252946499024,-0.00182116213212614,0.121321929496335));
#3252=CARTESIAN_POINT('',(-0.0450643687085288,-0.00182117253748092,0.104495766469613));
#3253=CARTESIAN_POINT('',(-0.0332980957574276,-0.00182117006894272,0.0868783838983559));
#3254=CARTESIAN_POINT('',(-0.0236199292559275,-0.00182116440113818,0.0711621428953024));
#3255=CARTESIAN_POINT('',(-0.0178033213220473,-0.00182114726053286,0.0599854682451593));
#3256=CARTESIAN_POINT('',(-0.014661609827354,-0.00182114862140272,0.0524272453861377));
#3257=CARTESIAN_POINT('',(-0.0130769994690623,-0.00182117683874309,0.0475244368966082));
#3258=CARTESIAN_POINT('',(-0.0119374359803032,-0.00182102945157596,0.0426665131476629));
#3259=CARTESIAN_POINT('',(-0.0116311194958749,-0.00182115664215316,0.0397375344220181));
#3260=CARTESIAN_POINT('',(-0.0116308882390023,-0.00182117249462556,0.0379999999995943));
#3261=CARTESIAN_POINT('',(0.0117347371131143,-0.000747712864162322,0.173999999999959));
#3262=CARTESIAN_POINT('',(0.011734840028318,-0.000747714451056036,0.182267070010247));
#3263=CARTESIAN_POINT('',(0.00959636688962845,-0.000747713230607897,0.194335326517275));
#3264=CARTESIAN_POINT('',(0.00278810020287701,-0.000747709791659355,0.20799544634041));
#3265=CARTESIAN_POINT('',(-0.00405981684607172,-0.000747716556291922,0.216229450140513));
#3266=CARTESIAN_POINT('',(-0.0115681998360231,-0.000747710524074915,0.222027456513187));
#3267=CARTESIAN_POINT('',(-0.0187485248076631,-0.000747720707569621,0.225540728153955));
#3268=CARTESIAN_POINT('',(-0.0255906682232631,-0.000747755242226964,0.227336298789179));
#3269=CARTESIAN_POINT('',(-0.0312518735128856,-0.000747711350328723,0.227848209027066));
#3270=CARTESIAN_POINT('',(-0.0360300270069721,-0.000747710252053488,0.227631725619136));
#3271=CARTESIAN_POINT('',(-0.0406977639790931,-0.00074768518999768,0.226898355610798));
#3272=CARTESIAN_POINT('',(-0.0461402470051515,-0.000747697260454564,0.22534278190065));
#3273=CARTESIAN_POINT('',(-0.0525997105591703,-0.000747722197310632,0.222419546959881));
#3274=CARTESIAN_POINT('',(-0.0593362469431908,-0.000747680856914313,0.217903357668787));
#3275=CARTESIAN_POINT('',(-0.0656371586895371,-0.000747721610938656,0.211831571298317));
#3276=CARTESIAN_POINT('',(-0.070933224095861,-0.000747709461691635,0.204572921864192));
#3277=CARTESIAN_POINT('',(-0.0747489599753647,-0.000747708989448499,0.196698533179345));
#3278=CARTESIAN_POINT('',(-0.0769595837681041,-0.000747727503308437,0.189019496784191));
#3279=CARTESIAN_POINT('',(-0.0778220314525783,-0.000747742567916026,0.182753185964429));
#3280=CARTESIAN_POINT('',(-0.0779794750680168,-0.000747724625471895,0.177964524175106));
#3281=CARTESIAN_POINT('',(-0.0778330424716413,-0.0007477125706704,0.174232943718194));
#3282=CARTESIAN_POINT('',(-0.0774374559935478,-0.000747710512143934,0.170447908072108));
#3283=CARTESIAN_POINT('',(-0.0766926267071243,-0.0007476815235981,0.16612892553093));
#3284=CARTESIAN_POINT('',(-0.0753448279212125,-0.000747682083711835,0.160700484703293));
#3285=CARTESIAN_POINT('',(-0.0730786158233989,-0.000747726570349444,0.153897936902719));
#3286=CARTESIAN_POINT('',(-0.0695185518123339,-0.0007476910486538,0.145445897902884));
#3287=CARTESIAN_POINT('',(-0.0640783578517838,-0.000747719729668918,0.134767414631646));
#3288=CARTESIAN_POINT('',(-0.0561131977266811,-0.000747708545918126,0.1212665663287));
#3289=CARTESIAN_POINT('',(-0.0451506429699766,-0.000747712882011597,0.104437968770121));
#3290=CARTESIAN_POINT('',(-0.0333850095543355,-0.000747711853368498,0.0868215141618769));
#3291=CARTESIAN_POINT('',(-0.0237097747631924,-0.000747709491347254,0.0711098957319516));
#3292=CARTESIAN_POINT('',(-0.017897015099995,-0.000747702348959803,0.0599403416875763));
#3293=CARTESIAN_POINT('',(-0.0147589095231343,-0.000747702915391561,0.0523905885579498));
#3294=CARTESIAN_POINT('',(-0.0131769276887849,-0.000747714676499854,0.0474957625689724));
#3295=CARTESIAN_POINT('',(-0.0120401171447013,-0.000747653251087009,0.0426489069317402));
#3296=CARTESIAN_POINT('',(-0.0117349724137157,-0.0007477062665303,0.0397299061062893));
#3297=CARTESIAN_POINT('',(-0.0117347371131143,-0.000747712864162324,0.0379999999995819));
#3298=CARTESIAN_POINT('',(0.0117576314434429,-1.50433051432364E-18,0.173999999999959));
#3299=CARTESIAN_POINT('',(0.0117577346658554,1.01237377855834E-17,0.182269578958592));
#3300=CARTESIAN_POINT('',(0.00961860799194104,1.6357900277375E-17,0.19434207004567));
#3301=CARTESIAN_POINT('',(0.00280751957243237,-4.80301562411078E-17,0.208007957722931));
#3302=CARTESIAN_POINT('',(-0.00404363702742169,4.22432271454665E-17,0.216245913508208));
#3303=CARTESIAN_POINT('',(-0.0115559777143857,1.29291109068896E-17,0.222047001542761));
#3304=CARTESIAN_POINT('',(-0.0187403804986267,3.36102673470506E-18,0.225562285094501));
#3305=CARTESIAN_POINT('',(-0.025586639312815,3.11708124589583E-18,0.227358936443138));
#3306=CARTESIAN_POINT('',(-0.0312512983930545,-8.17217387510949E-18,0.227871165555465));
#3307=CARTESIAN_POINT('',(-0.0360323717505672,-4.09557370656399E-17,0.227654548012392));
#3308=CARTESIAN_POINT('',(-0.0407027948752209,1.95156391047391E-18,0.22692075546414));
#3309=CARTESIAN_POINT('',(-0.0461482415809971,1.0435445910173E-17,0.225364327920155));
#3310=CARTESIAN_POINT('',(-0.0526109917177116,-1.93936663603345E-17,0.2224395897696));
#3311=CARTESIAN_POINT('',(-0.0593507242373358,-1.4568966692774E-17,0.217921253436405));
#3312=CARTESIAN_POINT('',(-0.0656545055529902,-9.50032153640423E-18,0.211846687334681));
#3313=CARTESIAN_POINT('',(-0.0709529672693641,-2.58175642323111E-17,0.204584755307624));
#3314=CARTESIAN_POINT('',(-0.0747704259450584,5.16351284646221E-18,0.196706810082715));
#3315=CARTESIAN_POINT('',(-0.07698204482365,-1.19262238973405E-18,0.189024303901204));
#3316=CARTESIAN_POINT('',(-0.0778448723177616,3.08997619158369E-18,0.182755197058865));
#3317=CARTESIAN_POINT('',(-0.0780023859859153,6.45100292628875E-18,0.177964454292688));
#3318=CARTESIAN_POINT('',(-0.0778558931592104,2.98155597433514E-19,0.174231292285318));
#3319=CARTESIAN_POINT('',(-0.0774601413024217,-1.12621500666932E-17,0.170444687551051));
#3320=CARTESIAN_POINT('',(-0.0767150429386259,-6.32903018188413E-18,0.166124138150854));
#3321=CARTESIAN_POINT('',(-0.075366820772381,1.84449894594096E-17,0.160694012058613));
#3322=CARTESIAN_POINT('',(-0.0731000178488408,4.02510056535244E-18,0.153889748994874));
#3323=CARTESIAN_POINT('',(-0.0695392811508292,-4.99139575158014E-17,0.145436121282019));
#3324=CARTESIAN_POINT('',(-0.064098364514481,2.87449100980219E-17,0.134756257856904));
#3325=CARTESIAN_POINT('',(-0.0561325766738477,-5.78692909564138E-18,0.121254361072469));
#3326=CARTESIAN_POINT('',(-0.0451696628342856,3.02898981938138E-17,0.104425226797499));
#3327=CARTESIAN_POINT('',(-0.0334041704066814,-2.03965533698836E-17,0.0868089767622611));
#3328=CARTESIAN_POINT('',(-0.0237295819406624,7.79270311473956E-18,0.0710983774357259));
#3329=CARTESIAN_POINT('',(-0.0179176706286852,-3.80826013085533E-18,0.0599303931337533));
#3330=CARTESIAN_POINT('',(-0.014780360045281,-3.83807569059869E-17,0.0523825073222354));
#3331=CARTESIAN_POINT('',(-0.0131989576563456,2.74709725453515E-17,0.0474894410106136));
#3332=CARTESIAN_POINT('',(-0.0120627539883466,1.72930246511438E-17,0.0426450254579571));
#3333=CARTESIAN_POINT('',(-0.011757867644638,-5.6920614055489E-19,0.0397282246335345));
#3334=CARTESIAN_POINT('',(-0.0117576314434428,2.84603070277445E-19,0.0379999999995791));
#3335=CARTESIAN_POINT('',(0.0117347371131143,0.000747712864162323,0.173999999999959));
#3336=CARTESIAN_POINT('',(0.011734840028318,0.000747714451055997,0.182267070010247));
#3337=CARTESIAN_POINT('',(0.00959636688962843,0.000747713230607815,0.194335326517275));
#3338=CARTESIAN_POINT('',(0.00278810020287703,0.000747709791659528,0.20799544634041));
#3339=CARTESIAN_POINT('',(-0.00405981684607172,0.000747716556291784,0.216229450140513));
#3340=CARTESIAN_POINT('',(-0.0115681998360231,0.000747710524074893,0.222027456513187));
#3341=CARTESIAN_POINT('',(-0.0187485248076631,0.000747720707569624,0.225540728153955));
#3342=CARTESIAN_POINT('',(-0.0255906682232631,0.000747755242226879,0.227336298789179));
#3343=CARTESIAN_POINT('',(-0.0312518735128856,0.00074771135032867,0.227848209027065));
#3344=CARTESIAN_POINT('',(-0.0360300270069721,0.00074771025205359,0.227631725619136));
#3345=CARTESIAN_POINT('',(-0.0406977639790931,0.000747685189997717,0.226898355610798));
#3346=CARTESIAN_POINT('',(-0.0461402470051515,0.000747697260454473,0.225342781900649));
#3347=CARTESIAN_POINT('',(-0.0525997105591703,0.000747722197310713,0.222419546959881));
#3348=CARTESIAN_POINT('',(-0.0593362469431907,0.00074768085691435,0.217903357668787));
#3349=CARTESIAN_POINT('',(-0.0656371586895371,0.000747721610938636,0.211831571298317));
#3350=CARTESIAN_POINT('',(-0.0709332240958611,0.0007477094616917,0.204572921864192));
#3351=CARTESIAN_POINT('',(-0.0747489599753647,0.000747708989448456,0.196698533179345));
#3352=CARTESIAN_POINT('',(-0.0769595837681041,0.000747727503308473,0.189019496784191));
#3353=CARTESIAN_POINT('',(-0.0778220314525784,0.000747742567916016,0.182753185964429));
#3354=CARTESIAN_POINT('',(-0.0779794750680168,0.000747724625471871,0.177964524175106));
#3355=CARTESIAN_POINT('',(-0.0778330424716413,0.000747712570670387,0.174232943718194));
#3356=CARTESIAN_POINT('',(-0.0774374559935478,0.000747710512143962,0.170447908072108));
#3357=CARTESIAN_POINT('',(-0.0766926267071243,0.0007476815235981,0.16612892553093));
#3358=CARTESIAN_POINT('',(-0.0753448279212125,0.000747682083711774,0.160700484703293));
#3359=CARTESIAN_POINT('',(-0.0730786158233988,0.000747726570349433,0.153897936902719));
#3360=CARTESIAN_POINT('',(-0.0695185518123339,0.000747691048653971,0.145445897902884));
#3361=CARTESIAN_POINT('',(-0.0640783578517838,0.000747719729668835,0.134767414631646));
#3362=CARTESIAN_POINT('',(-0.0561131977266811,0.000747708545918148,0.1212665663287));
#3363=CARTESIAN_POINT('',(-0.0451506429699766,0.000747712882011468,0.104437968770121));
#3364=CARTESIAN_POINT('',(-0.0333850095543355,0.000747711853368592,0.086821514161877));
#3365=CARTESIAN_POINT('',(-0.0237097747631924,0.000747709491347226,0.0711098957319516));
#3366=CARTESIAN_POINT('',(-0.017897015099995,0.00074770234895982,0.0599403416875762));
#3367=CARTESIAN_POINT('',(-0.0147589095231343,0.000747702915391714,0.0523905885579498));
#3368=CARTESIAN_POINT('',(-0.0131769276887849,0.000747714676499744,0.0474957625689725));
#3369=CARTESIAN_POINT('',(-0.0120401171447013,0.000747653251086942,0.0426489069317403));
#3370=CARTESIAN_POINT('',(-0.0117349724137157,0.000747706266530301,0.0397299061062893));
#3371=CARTESIAN_POINT('',(-0.0117347371131143,0.000747712864162324,0.0379999999995819));
#3372=CARTESIAN_POINT('',(-0.011138199491089,-0.00461359328962616,0.0379999999992869));
#3373=CARTESIAN_POINT('',(-0.0120559002544555,-1.00830802041152E-17,0.0379999999995757));
#3374=CARTESIAN_POINT('',(-0.011138199491089,0.0046135932896262,0.0379999999998903));
#3375=CARTESIAN_POINT('',(-0.00852480882323407,0.00852480882323409,0.0379999999999945));
#3376=CARTESIAN_POINT('',(-0.00461359328962622,0.011138199491089,0.0379999999999365));
#3377=CARTESIAN_POINT('',(8.69733430240716E-18,0.0120559002544555,0.0379999999997578));
#3378=CARTESIAN_POINT('',(0.00461359328962618,0.011138199491089,0.0379999999995481));
#3379=CARTESIAN_POINT('',(0.0085248088232341,0.00852480882323407,0.0379999999993978));
#3380=CARTESIAN_POINT('',(0.011138199491089,0.0046135932896262,0.0379999999993739));
#3381=CARTESIAN_POINT('',(0.0120559002544555,-1.831836465124E-17,0.0379999999994944));
#3382=CARTESIAN_POINT('',(0.011138199491089,-0.00461359328962612,0.037999999999715));
#3383=CARTESIAN_POINT('',(0.00852480882323411,-0.00852480882323411,0.0379999999998976));
#3384=CARTESIAN_POINT('',(0.00461359328962613,-0.011138199491089,0.0379999999999257));
#3385=CARTESIAN_POINT('',(1.73472347597681E-18,-0.0120559002544555,0.0379999999997702));
#3386=CARTESIAN_POINT('',(-0.00461359328962612,-0.0111381994910891,0.0379999999995092));
#3387=CARTESIAN_POINT('',(-0.00852480882323413,-0.00852480882323408,0.0379999999993009));
#3388=CARTESIAN_POINT('',(-0.011138199491089,-0.00461359328962616,0.0379999999992869));
#3389=CARTESIAN_POINT('',(-0.0120559002544555,-1.00830802041152E-17,0.0379999999995757));
#3390=CARTESIAN_POINT('',(-0.011138199491089,0.0046135932896262,0.0379999999998903));
#3391=CARTESIAN_POINT('',(-0.01175,0.,0.03799999999958));
#3392=CARTESIAN_POINT('',(0.0461460807106863,-0.0191143324807296,-0.00104833820993178));
#3393=CARTESIAN_POINT('',(0.04994815783531,-3.90312782094782E-17,-0.00104833820993178));
#3394=CARTESIAN_POINT('',(0.0461460807106862,0.0191143324807297,-0.00104833820993178));
#3395=CARTESIAN_POINT('',(0.0353186811131237,0.0353186811131237,-0.00104833820993178));
#3396=CARTESIAN_POINT('',(0.0191143324807297,0.0461460807106862,-0.00104833820993178));
#3397=CARTESIAN_POINT('',(3.55076211489003E-18,0.0499481578353101,-0.00104833820993178));
#3398=CARTESIAN_POINT('',(-0.0191143324807297,0.0461460807106862,-0.00104833820993178));
#3399=CARTESIAN_POINT('',(-0.0353186811131237,0.0353186811131237,-0.00104833820993178));
#3400=CARTESIAN_POINT('',(-0.0461460807106862,0.0191143324807297,-0.00104833820993178));
#3401=CARTESIAN_POINT('',(-0.0499481578353101,7.45108413920006E-18,-0.00104833820993178));
#3402=CARTESIAN_POINT('',(-0.0461460807106863,-0.0191143324807297,-0.00104833820993178));
#3403=CARTESIAN_POINT('',(-0.0353186811131237,-0.0353186811131237,-0.00104833820993178));
#3404=CARTESIAN_POINT('',(-0.0191143324807297,-0.0461460807106862,-0.00104833820993178));
#3405=CARTESIAN_POINT('',(-1.81061762805079E-17,-0.0499481578353101,-0.00104833820993178));
#3406=CARTESIAN_POINT('',(0.0191143324807297,-0.0461460807106862,-0.00104833820993178));
#3407=CARTESIAN_POINT('',(0.0353186811131238,-0.0353186811131237,-0.00104833820993178));
#3408=CARTESIAN_POINT('',(0.0461460807106863,-0.0191143324807296,-0.00104833820993178));
#3409=CARTESIAN_POINT('',(0.04994815783531,-3.90312782094782E-17,-0.00104833820993178));
#3410=CARTESIAN_POINT('',(0.0461460807106862,0.0191143324807297,-0.00104833820993178));
#3411=CARTESIAN_POINT('',(0.0493573046751404,-0.020444464998624,0.00115480118028102));
#3412=CARTESIAN_POINT('',(0.0534239616078272,-4.46691295064028E-17,0.00115480118028102));
#3413=CARTESIAN_POINT('',(0.0493573046751403,0.0204444649986241,0.00115480118028102));
#3414=CARTESIAN_POINT('',(0.0377764455307444,0.0377764455307444,0.00115480118028102));
#3415=CARTESIAN_POINT('',(0.0204444649986241,0.0493573046751403,0.00115480118028102));
#3416=CARTESIAN_POINT('',(2.87313575708659E-18,0.0534239616078272,0.00115480118028102));
#3417=CARTESIAN_POINT('',(-0.0204444649986241,0.0493573046751403,0.00115480118028102));
#3418=CARTESIAN_POINT('',(-0.0377764455307444,0.0377764455307444,0.00115480118028102));
#3419=CARTESIAN_POINT('',(-0.0493573046751403,0.0204444649986241,0.00115480118028102));
#3420=CARTESIAN_POINT('',(-0.0534239616078272,7.19784775775063E-18,0.00115480118028102));
#3421=CARTESIAN_POINT('',(-0.0493573046751403,-0.0204444649986241,0.00115480118028102));
#3422=CARTESIAN_POINT('',(-0.0377764455307444,-0.0377764455307444,0.00115480118028102));
#3423=CARTESIAN_POINT('',(-0.0204444649986241,-0.0493573046751403,0.00115480118028102));
#3424=CARTESIAN_POINT('',(-1.58564567726005E-17,-0.0534239616078272,0.00115480118028102));
#3425=CARTESIAN_POINT('',(0.0204444649986241,-0.0493573046751403,0.00115480118028102));
#3426=CARTESIAN_POINT('',(0.0377764455307444,-0.0377764455307444,0.00115480118028102));
#3427=CARTESIAN_POINT('',(0.0493573046751404,-0.020444464998624,0.00115480118028102));
#3428=CARTESIAN_POINT('',(0.0534239616078272,-4.46691295064028E-17,0.00115480118028102));
#3429=CARTESIAN_POINT('',(0.0493573046751403,0.0204444649986241,0.00115480118028102));
#3430=CARTESIAN_POINT('',(0.0540805449287508,-0.022400895170016,0.00680790431668787));
#3431=CARTESIAN_POINT('',(0.0585363600184422,-3.94649590784724E-17,0.00680790431668786));
#3432=CARTESIAN_POINT('',(0.0540805449287508,0.0224008951700161,0.00680790431668787));
#3433=CARTESIAN_POINT('',(0.0413914571150176,0.0413914571150176,0.00680790431668786));
#3434=CARTESIAN_POINT('',(0.0224008951700161,0.0540805449287508,0.00680790431668787));
#3435=CARTESIAN_POINT('',(9.10729824887824E-18,0.0585363600184422,0.00680790431668787));
#3436=CARTESIAN_POINT('',(-0.0224008951700161,0.0540805449287508,0.00680790431668786));
#3437=CARTESIAN_POINT('',(-0.0413914571150176,0.0413914571150176,0.00680790431668787));
#3438=CARTESIAN_POINT('',(-0.0540805449287508,0.0224008951700161,0.00680790431668786));
#3439=CARTESIAN_POINT('',(-0.0585363600184422,5.40647895342619E-18,0.00680790431668786));
#3440=CARTESIAN_POINT('',(-0.0540805449287508,-0.0224008951700161,0.00680790431668786));
#3441=CARTESIAN_POINT('',(-0.0413914571150176,-0.0413914571150176,0.00680790431668786));
#3442=CARTESIAN_POINT('',(-0.0224008951700161,-0.0540805449287508,0.00680790431668786));
#3443=CARTESIAN_POINT('',(-1.80519661718836E-17,-0.0585363600184422,0.00680790431668787));
#3444=CARTESIAN_POINT('',(0.0224008951700161,-0.0540805449287508,0.00680790431668787));
#3445=CARTESIAN_POINT('',(0.0413914571150176,-0.0413914571150176,0.00680790431668786));
#3446=CARTESIAN_POINT('',(0.0540805449287508,-0.022400895170016,0.00680790431668787));
#3447=CARTESIAN_POINT('',(0.0585363600184422,-3.94649590784724E-17,0.00680790431668786));
#3448=CARTESIAN_POINT('',(0.0540805449287508,0.0224008951700161,0.00680790431668787));
#3449=CARTESIAN_POINT('',(0.0591915884516195,-0.0245179587150673,0.0188189726473686));
#3450=CARTESIAN_POINT('',(0.0640685136629502,-4.68375338513738E-17,0.0188189726473686));
#3451=CARTESIAN_POINT('',(0.0591915884516195,0.0245179587150675,0.0188189726473686));
#3452=CARTESIAN_POINT('',(0.0453032804716151,0.0453032804716151,0.0188189726473686));
#3453=CARTESIAN_POINT('',(0.0245179587150674,0.0591915884516194,0.0188189726473686));
#3454=CARTESIAN_POINT('',(5.33969569949111E-18,0.0640685136629503,0.0188189726473686));
#3455=CARTESIAN_POINT('',(-0.0245179587150674,0.0591915884516195,0.0188189726473686));
#3456=CARTESIAN_POINT('',(-0.0453032804716151,0.0453032804716151,0.0188189726473686));
#3457=CARTESIAN_POINT('',(-0.0591915884516195,0.0245179587150675,0.0188189726473686));
#3458=CARTESIAN_POINT('',(-0.0640685136629502,1.11510828714845E-17,0.0188189726473686));
#3459=CARTESIAN_POINT('',(-0.0591915884516195,-0.0245179587150674,0.0188189726473686));
#3460=CARTESIAN_POINT('',(-0.0453032804716151,-0.0453032804716151,0.0188189726473686));
#3461=CARTESIAN_POINT('',(-0.0245179587150675,-0.0591915884516194,0.0188189726473686));
#3462=CARTESIAN_POINT('',(-1.97866896478605E-17,-0.0640685136629503,0.0188189726473686));
#3463=CARTESIAN_POINT('',(0.0245179587150675,-0.0591915884516195,0.0188189726473686));
#3464=CARTESIAN_POINT('',(0.0453032804716151,-0.0453032804716151,0.0188189726473686));
#3465=CARTESIAN_POINT('',(0.0591915884516195,-0.0245179587150673,0.0188189726473686));
#3466=CARTESIAN_POINT('',(0.0640685136629502,-4.68375338513738E-17,0.0188189726473686));
#3467=CARTESIAN_POINT('',(0.0591915884516195,0.0245179587150675,0.0188189726473686));
#3468=CARTESIAN_POINT('',(0.0626348975590072,-0.0259442240467901,0.0341666270659834));
#3469=CARTESIAN_POINT('',(0.0677955245839824,-4.64038529823796E-17,0.0341666270659834));
#3470=CARTESIAN_POINT('',(0.0626348975590071,0.0259442240467902,0.0341666270659834));
#3471=CARTESIAN_POINT('',(0.0479386751674333,0.0479386751674332,0.0341666270659834));
#3472=CARTESIAN_POINT('',(0.0259442240467902,0.0626348975590071,0.0341666270659834));
#3473=CARTESIAN_POINT('',(2.05998412772246E-17,0.0677955245839824,0.0341666270659834));
#3474=CARTESIAN_POINT('',(-0.0259442240467902,0.0626348975590071,0.0341666270659834));
#3475=CARTESIAN_POINT('',(-0.0479386751674333,0.0479386751674333,0.0341666270659834));
#3476=CARTESIAN_POINT('',(-0.0626348975590071,0.0259442240467902,0.0341666270659834));
#3477=CARTESIAN_POINT('',(-0.0677955245839824,5.45219226279832E-18,0.0341666270659834));
#3478=CARTESIAN_POINT('',(-0.0626348975590071,-0.0259442240467902,0.0341666270659834));
#3479=CARTESIAN_POINT('',(-0.0479386751674333,-0.0479386751674333,0.0341666270659834));
#3480=CARTESIAN_POINT('',(-0.0259442240467902,-0.0626348975590071,0.0341666270659834));
#3481=CARTESIAN_POINT('',(-1.52872506320456E-17,-0.0677955245839824,0.0341666270659834));
#3482=CARTESIAN_POINT('',(0.0259442240467902,-0.0626348975590071,0.0341666270659834));
#3483=CARTESIAN_POINT('',(0.0479386751674333,-0.0479386751674332,0.0341666270659834));
#3484=CARTESIAN_POINT('',(0.0626348975590072,-0.0259442240467901,0.0341666270659834));
#3485=CARTESIAN_POINT('',(0.0677955245839824,-4.64038529823796E-17,0.0341666270659834));
#3486=CARTESIAN_POINT('',(0.0626348975590071,0.0259442240467902,0.0341666270659834));
#3487=CARTESIAN_POINT('',(0.0635650074971181,-0.0263294881976536,0.054527784697258));
#3488=CARTESIAN_POINT('',(0.0688022683264081,-5.42101086242752E-17,0.054527784697258));
#3489=CARTESIAN_POINT('',(0.063565007497118,0.0263294881976538,0.054527784697258));
#3490=CARTESIAN_POINT('',(0.0486505504946196,0.0486505504946196,0.054527784697258));
#3491=CARTESIAN_POINT('',(0.0263294881976538,0.0635650074971181,0.054527784697258));
#3492=CARTESIAN_POINT('',(1.97595845935483E-17,0.0688022683264081,0.054527784697258));
#3493=CARTESIAN_POINT('',(-0.0263294881976537,0.063565007497118,0.054527784697258));
#3494=CARTESIAN_POINT('',(-0.0486505504946196,0.0486505504946196,0.054527784697258));
#3495=CARTESIAN_POINT('',(-0.063565007497118,0.0263294881976538,0.054527784697258));
#3496=CARTESIAN_POINT('',(-0.0688022683264081,9.15647909937819E-18,0.054527784697258));
#3497=CARTESIAN_POINT('',(-0.0635650074971181,-0.0263294881976538,0.054527784697258));
#3498=CARTESIAN_POINT('',(-0.0486505504946196,-0.0486505504946196,0.054527784697258));
#3499=CARTESIAN_POINT('',(-0.0263294881976538,-0.063565007497118,0.054527784697258));
#3500=CARTESIAN_POINT('',(-2.16840434497101E-17,-0.0688022683264081,0.054527784697258));
#3501=CARTESIAN_POINT('',(0.0263294881976538,-0.0635650074971181,0.054527784697258));
#3502=CARTESIAN_POINT('',(0.0486505504946196,-0.0486505504946196,0.054527784697258));
#3503=CARTESIAN_POINT('',(0.0635650074971181,-0.0263294881976536,0.054527784697258));
#3504=CARTESIAN_POINT('',(0.0688022683264081,-5.42101086242752E-17,0.054527784697258));
#3505=CARTESIAN_POINT('',(0.063565007497118,0.0263294881976538,0.054527784697258));
#3506=CARTESIAN_POINT('',(0.0595986924057668,-0.0246865866941709,0.083500911508103));
#3507=CARTESIAN_POINT('',(0.0645091598076275,-4.81385764583564E-17,0.0835009115081029));
#3508=CARTESIAN_POINT('',(0.0595986924057668,0.024686586694171,0.083500911508103));
#3509=CARTESIAN_POINT('',(0.0456148643486201,0.0456148643486201,0.083500911508103));
#3510=CARTESIAN_POINT('',(0.024686586694171,0.0595986924057668,0.083500911508103));
#3511=CARTESIAN_POINT('',(5.14996031930615E-18,0.0645091598076275,0.083500911508103));
#3512=CARTESIAN_POINT('',(-0.024686586694171,0.0595986924057668,0.083500911508103));
#3513=CARTESIAN_POINT('',(-0.0456148643486201,0.0456148643486201,0.083500911508103));
#3514=CARTESIAN_POINT('',(-0.0595986924057668,0.024686586694171,0.083500911508103));
#3515=CARTESIAN_POINT('',(-0.0645091598076275,1.025820426596E-17,0.083500911508103));
#3516=CARTESIAN_POINT('',(-0.0595986924057668,-0.024686586694171,0.083500911508103));
#3517=CARTESIAN_POINT('',(-0.0456148643486201,-0.0456148643486201,0.083500911508103));
#3518=CARTESIAN_POINT('',(-0.024686586694171,-0.0595986924057667,0.083500911508103));
#3519=CARTESIAN_POINT('',(-6.15284732885524E-18,-0.0645091598076275,0.083500911508103));
#3520=CARTESIAN_POINT('',(0.024686586694171,-0.0595986924057668,0.083500911508103));
#3521=CARTESIAN_POINT('',(0.0456148643486201,-0.0456148643486201,0.083500911508103));
#3522=CARTESIAN_POINT('',(0.0595986924057668,-0.0246865866941709,0.083500911508103));
#3523=CARTESIAN_POINT('',(0.0645091598076275,-4.81385764583564E-17,0.0835009115081029));
#3524=CARTESIAN_POINT('',(0.0595986924057668,0.024686586694171,0.083500911508103));
#3525=CARTESIAN_POINT('',(0.0508913578530977,-0.0210798906303354,0.103104941120789));
#3526=CARTESIAN_POINT('',(0.0550844088024819,-4.5102810375397E-17,0.103104941120789));
#3527=CARTESIAN_POINT('',(0.0508913578530976,0.0210798906303356,0.103104941120789));
#3528=CARTESIAN_POINT('',(0.0389505590018869,0.0389505590018869,0.103104941120789));
#3529=CARTESIAN_POINT('',(0.0210798906303356,0.0508913578530976,0.103104941120789));
#3530=CARTESIAN_POINT('',(4.37746627141022E-18,0.0550844088024819,0.103104941120789));
#3531=CARTESIAN_POINT('',(-0.0210798906303355,0.0508913578530976,0.103104941120789));
#3532=CARTESIAN_POINT('',(-0.0389505590018869,0.0389505590018869,0.103104941120789));
#3533=CARTESIAN_POINT('',(-0.0508913578530976,0.0210798906303356,0.103104941120789));
#3534=CARTESIAN_POINT('',(-0.0550844088024819,5.83793636093385E-18,0.103104941120789));
#3535=CARTESIAN_POINT('',(-0.0508913578530976,-0.0210798906303355,0.103104941120789));
#3536=CARTESIAN_POINT('',(-0.0389505590018869,-0.0389505590018869,0.103104941120789));
#3537=CARTESIAN_POINT('',(-0.0210798906303356,-0.0508913578530976,0.103104941120789));
#3538=CARTESIAN_POINT('',(-2.82434665932474E-17,-0.0550844088024819,0.103104941120789));
#3539=CARTESIAN_POINT('',(0.0210798906303356,-0.0508913578530976,0.103104941120789));
#3540=CARTESIAN_POINT('',(0.038950559001887,-0.0389505590018869,0.103104941120789));
#3541=CARTESIAN_POINT('',(0.0508913578530977,-0.0210798906303354,0.103104941120789));
#3542=CARTESIAN_POINT('',(0.0550844088024819,-4.5102810375397E-17,0.103104941120789));
#3543=CARTESIAN_POINT('',(0.0508913578530976,0.0210798906303356,0.103104941120789));
#3544=CARTESIAN_POINT('',(0.0425895656811992,-0.0176411757207323,0.112836413257949));
#3545=CARTESIAN_POINT('',(0.0460986137071705,-3.64291929955129E-17,0.112836413257949));
#3546=CARTESIAN_POINT('',(0.0425895656811991,0.0176411757207324,0.112836413257949));
#3547=CARTESIAN_POINT('',(0.0325966423556394,0.0325966423556394,0.112836413257949));
#3548=CARTESIAN_POINT('',(0.0176411757207324,0.0425895656811991,0.112836413257949));
#3549=CARTESIAN_POINT('',(8.40256683676266E-18,0.0460986137071705,0.112836413257949));
#3550=CARTESIAN_POINT('',(-0.0176411757207324,0.0425895656811991,0.112836413257949));
#3551=CARTESIAN_POINT('',(-0.0325966423556394,0.0325966423556394,0.112836413257949));
#3552=CARTESIAN_POINT('',(-0.0425895656811991,0.0176411757207324,0.112836413257949));
#3553=CARTESIAN_POINT('',(-0.0460986137071706,5.38442962701798E-18,0.112836413257949));
#3554=CARTESIAN_POINT('',(-0.0425895656811991,-0.0176411757207324,0.112836413257949));
#3555=CARTESIAN_POINT('',(-0.0325966423556394,-0.0325966423556394,0.112836413257949));
#3556=CARTESIAN_POINT('',(-0.0176411757207324,-0.0425895656811991,0.112836413257949));
#3557=CARTESIAN_POINT('',(-9.83913471530595E-18,-0.0460986137071706,0.112836413257949));
#3558=CARTESIAN_POINT('',(0.0176411757207324,-0.0425895656811991,0.112836413257949));
#3559=CARTESIAN_POINT('',(0.0325966423556394,-0.0325966423556394,0.112836413257949));
#3560=CARTESIAN_POINT('',(0.0425895656811992,-0.0176411757207323,0.112836413257949));
#3561=CARTESIAN_POINT('',(0.0460986137071705,-3.64291929955129E-17,0.112836413257949));
#3562=CARTESIAN_POINT('',(0.0425895656811991,0.0176411757207324,0.112836413257949));
#3563=CARTESIAN_POINT('',(0.,0.,0.112836413257949));
#3564=CARTESIAN_POINT('',(-0.0418305537379436,-0.0163955357452078,0.112836413235665));
#3565=CARTESIAN_POINT('',(-0.0418305537379519,0.0163955357451937,0.112836413235663));
#3566=CARTESIAN_POINT('',(-0.0418305546068583,-0.0163955342989206,0.112836413257949));
#3567=CARTESIAN_POINT('',(-0.0431591526249199,-0.0158741111394674,0.111673938388303));
#3568=CARTESIAN_POINT('',(-0.0450719528033649,-0.0146585431020533,0.110003223195784));
#3569=CARTESIAN_POINT('',(-0.0472092105739299,-0.0123600150603296,0.108145624057719));
#3570=CARTESIAN_POINT('',(-0.0486132589429936,-0.0102820511305708,0.106929631401451));
#3571=CARTESIAN_POINT('',(-0.049727008878848,-0.00798210269875555,0.10596842634021));
#3572=CARTESIAN_POINT('',(-0.05056503500127,-0.00542172645184745,0.105247293995906));
#3573=CARTESIAN_POINT('',(-0.0510666529503944,-0.00277116603491186,0.104816578498957));
#3574=CARTESIAN_POINT('',(-0.0513018470520071,0.000921748078130542,0.104614892955977));
#3575=CARTESIAN_POINT('',(-0.0508275790453144,0.00463334652042346,0.105021404541227));
#3576=CARTESIAN_POINT('',(-0.0497279465436909,0.0079794012358229,0.105967601429598));
#3577=CARTESIAN_POINT('',(-0.0485910736812582,0.0103211429895738,0.106948818983342));
#3578=CARTESIAN_POINT('',(-0.0472088173431517,0.0123597460593008,0.108145963602702));
#3579=CARTESIAN_POINT('',(-0.0450407985601603,0.0146873223576932,0.110030351313678));
#3580=CARTESIAN_POINT('',(-0.0431591526249201,0.015874111139467,0.111673938388303));
#3581=CARTESIAN_POINT('',(-0.0418305546068585,0.0163955342989201,0.112836413257949));
#3582=CARTESIAN_POINT('',(0.,0.,-0.00104833820993178));
#3583=CARTESIAN_POINT('',(0.0486807987937688,0.,-0.00104833820993178));
#3584=CARTESIAN_POINT('',(0.0135080291700441,0.00559520888316375,0.174000000000061));
#3585=CARTESIAN_POINT('',(0.0134976307007274,0.00559090169690959,0.163866580676957));
#3586=CARTESIAN_POINT('',(0.0209537857021658,0.00867934234208043,0.141498411836532));
#3587=CARTESIAN_POINT('',(0.0355522377431456,0.0147262191624075,0.121080585416675));
#3588=CARTESIAN_POINT('',(0.042589565681702,0.017641175720872,0.11283641325737));
#3589=CARTESIAN_POINT('',(0.0146209854149779,-2.73218947466347E-17,0.174000000000039));
#3590=CARTESIAN_POINT('',(0.0146097301932373,-4.57017019714345E-13,0.163866580674993));
#3591=CARTESIAN_POINT('',(0.0226802141909057,-5.67007270128872E-11,0.14149841187971));
#3592=CARTESIAN_POINT('',(0.0384814648140598,-5.444459466597E-11,0.121080585460921));
#3593=CARTESIAN_POINT('',(0.0460986137069181,4.65339572430779E-16,0.112836413258239));
#3594=CARTESIAN_POINT('',(0.0135080291700441,-0.00559520888316364,0.174000000000032));
#3595=CARTESIAN_POINT('',(0.0134976307008486,-0.00559090169550652,0.163866580676953));
#3596=CARTESIAN_POINT('',(0.0209537857643718,-0.00867934211706627,0.141498411836585));
#3597=CARTESIAN_POINT('',(0.0355522378035259,-0.0147262189452116,0.121080585416718));
#3598=CARTESIAN_POINT('',(0.0425895656817061,-0.0176411757208739,0.112836413257365));
#3599=CARTESIAN_POINT('',(0.0103385979345605,-0.0103385979345605,0.17400000000004));
#3600=CARTESIAN_POINT('',(0.0103306392912522,-0.0103306392903374,0.163866580676426));
#3601=CARTESIAN_POINT('',(0.0160373333376376,-0.0160373332340852,0.141498411848159));
#3602=CARTESIAN_POINT('',(0.0272105048029121,-0.0272105047036055,0.121080585428585));
#3603=CARTESIAN_POINT('',(0.0325966423558532,-0.0325966423558982,0.112836413257602));
#3604=CARTESIAN_POINT('',(0.00559520888316373,-0.0135080291700441,0.174000000000043));
#3605=CARTESIAN_POINT('',(0.00559090169696077,-0.0134976307004831,0.163866580676572));
#3606=CARTESIAN_POINT('',(0.00867934230610777,-0.0209537856881267,0.141498411844931));
#3607=CARTESIAN_POINT('',(0.0147262191276074,-0.0355522377291871,0.12108058542528));
#3608=CARTESIAN_POINT('',(0.0176411757208847,-0.0425895656815369,0.112836413257539));
#3609=CARTESIAN_POINT('',(-1.74963125584848E-17,-0.0146209854149779,0.174000000000028));
#3610=CARTESIAN_POINT('',(1.08334163783307E-12,-0.0146097301928692,0.163866580676523));
#3611=CARTESIAN_POINT('',(8.25688423612258E-11,-0.0226802142329234,0.141498411846094));
#3612=CARTESIAN_POINT('',(7.90251641522802E-11,-0.0384814648571912,0.121080585426459));
#3613=CARTESIAN_POINT('',(-3.351729701076E-15,-0.0460986137075391,0.112836413257553));
#3614=CARTESIAN_POINT('',(-0.00559520888316376,-0.0135080291700441,0.17399999999999));
#3615=CARTESIAN_POINT('',(-0.0055909016948582,-0.0134976307009004,0.163866580676553));
#3616=CARTESIAN_POINT('',(-0.0086793421530416,-0.0209537857534072,0.141498411844924));
#3617=CARTESIAN_POINT('',(-0.0147262189811698,-0.0355522377921338,0.121080585425271));
#3618=CARTESIAN_POINT('',(-0.0176411757208713,-0.042589565681538,0.112836413257551));
#3619=CARTESIAN_POINT('',(-0.0103385979345605,-0.0103385979345605,0.173999999999937));
#3620=CARTESIAN_POINT('',(-0.0103306392893207,-0.0103306392910408,0.163866580676433));
#3621=CARTESIAN_POINT('',(-0.0160373332212128,-0.0160373333402649,0.14149841184848));
#3622=CARTESIAN_POINT('',(-0.0272105046919875,-0.0272105048058265,0.121080585428839));
#3623=CARTESIAN_POINT('',(-0.0325966423559037,-0.0325966423559027,0.112836413257545));
#3624=CARTESIAN_POINT('',(-0.0135080291700442,-0.00559520888316364,0.173999999999887));
#3625=CARTESIAN_POINT('',(-0.0134976306992509,-0.00559090169662311,0.163866580676821));
#3626=CARTESIAN_POINT('',(-0.0209537856984184,-0.00867934230470271,0.141498411835673));
#3627=CARTESIAN_POINT('',(-0.0355522377407929,-0.0147262191264874,0.121080585415936));
#3628=CARTESIAN_POINT('',(-0.0425895656815322,-0.0176411757208695,0.112836413257559));
#3629=CARTESIAN_POINT('',(-0.0146209854149779,-2.02396338989598E-17,0.17399999999986));
#3630=CARTESIAN_POINT('',(-0.0146097301917632,-5.10800111024883E-13,0.163866580675313));
#3631=CARTESIAN_POINT('',(-0.0226802141975466,-8.19467979206565E-11,0.141498411883027));
#3632=CARTESIAN_POINT('',(-0.0384814648226355,-7.90129050025594E-11,0.121080585463637));
#3633=CARTESIAN_POINT('',(-0.0460986137075358,-9.52157306365525E-16,0.112836413257553));
#3634=CARTESIAN_POINT('',(-0.0135080291700441,0.00559520888316373,0.173999999999871));
#3635=CARTESIAN_POINT('',(-0.0134976306995186,0.00559090169563607,0.163866580676821));
#3636=CARTESIAN_POINT('',(-0.0209537857609839,0.00867934215367707,0.141498411835759));
#3637=CARTESIAN_POINT('',(-0.0355522378012427,0.0147262189809505,0.121080585416012));
#3638=CARTESIAN_POINT('',(-0.04258956568154,0.0176411757208733,0.112836413257549));
#3639=CARTESIAN_POINT('',(-0.0103385979345606,0.0103385979345604,0.173999999999913));
#3640=CARTESIAN_POINT('',(-0.0103306392898465,0.0103306392902581,0.163866580676426));
#3641=CARTESIAN_POINT('',(-0.0160373333365234,0.0160373332244349,0.141498411848454));
#3642=CARTESIAN_POINT('',(-0.027210504803297,0.0272105046942648,0.121080585428811));
#3643=CARTESIAN_POINT('',(-0.0325966423559,0.0325966423559006,0.112836413257549));
#3644=CARTESIAN_POINT('',(-0.00559520888316363,0.0135080291700442,0.173999999999972));
#3645=CARTESIAN_POINT('',(-0.00559090169553464,0.0134976307004768,0.163866580676548));
#3646=CARTESIAN_POINT('',(-0.0086793423043872,0.0209537856908713,0.141498411844889));
#3647=CARTESIAN_POINT('',(-0.0147262191273168,0.0355522377318863,0.121080585425235));
#3648=CARTESIAN_POINT('',(-0.0176411757208704,0.0425895656815343,0.112836413257555));
#3649=CARTESIAN_POINT('',(-2.38050139496349E-17,0.0146209854149779,0.174000000000028));
#3650=CARTESIAN_POINT('',(3.67392307711305E-13,0.0146097301928602,0.163866580676522));
#3651=CARTESIAN_POINT('',(-8.10999636587442E-11,0.0226802142315274,0.141498411846076));
#3652=CARTESIAN_POINT('',(-7.9013759023052E-11,0.0384814648558425,0.121080585426442));
#3653=CARTESIAN_POINT('',(-3.40046458872922E-15,0.046098613707538,0.112836413257554));
#3654=CARTESIAN_POINT('',(0.00559520888316364,0.0135080291700442,0.174000000000064));
#3655=CARTESIAN_POINT('',(0.00559090169634416,0.0134976307009432,0.163866580676573));
#3656=CARTESIAN_POINT('',(0.00867934215492723,0.0209537857561185,0.141498411844994));
#3657=CARTESIAN_POINT('',(0.0147262189815664,0.0355522377946953,0.121080585425348));
#3658=CARTESIAN_POINT('',(0.017641175720884,0.0425895656815356,0.112836413257541));
#3659=CARTESIAN_POINT('',(0.0103385979345605,0.0103385979345605,0.174000000000073));
#3660=CARTESIAN_POINT('',(0.0103306392908202,0.010330639291011,0.163866580676434));
#3661=CARTESIAN_POINT('',(0.0160373332219548,0.0160373333304182,0.141498411848096));
#3662=CARTESIAN_POINT('',(0.0272105046911562,0.027210504796305,0.121080585428529));
#3663=CARTESIAN_POINT('',(0.032596642355853,0.0325966423558976,0.112836413257603));
#3664=CARTESIAN_POINT('',(0.0135080291700441,0.00559520888316375,0.174000000000061));
#3665=CARTESIAN_POINT('',(0.0134976307007274,0.00559090169690959,0.163866580676957));
#3666=CARTESIAN_POINT('',(0.0209537857021658,0.00867934234208043,0.141498411836532));
#3667=CARTESIAN_POINT('',(0.0355522377431456,0.0147262191624075,0.121080585416675));
#3668=CARTESIAN_POINT('',(0.042589565681702,0.017641175720872,0.11283641325737));
#3669=CARTESIAN_POINT('',(0.0146209854149779,-2.73218947466347E-17,0.174000000000039));
#3670=CARTESIAN_POINT('',(0.0146097301932373,-4.57017019714345E-13,0.163866580674993));
#3671=CARTESIAN_POINT('',(0.0226802141909057,-5.67007270128872E-11,0.14149841187971));
#3672=CARTESIAN_POINT('',(0.0384814648140598,-5.444459466597E-11,0.121080585460921));
#3673=CARTESIAN_POINT('',(0.0460986137069181,4.65339572430779E-16,0.112836413258239));
#3674=CARTESIAN_POINT('',(0.0135080291700441,-0.00559520888316364,0.174000000000032));
#3675=CARTESIAN_POINT('',(0.0134976307008486,-0.00559090169550652,0.163866580676953));
#3676=CARTESIAN_POINT('',(0.0209537857643718,-0.00867934211706627,0.141498411836585));
#3677=CARTESIAN_POINT('',(0.0355522378035259,-0.0147262189452116,0.121080585416718));
#3678=CARTESIAN_POINT('',(0.0425895656817061,-0.0176411757208739,0.112836413257365));
#3679=CARTESIAN_POINT('',(-0.0418305534761419,0.0163955356425582,0.112836413213377));
#3680=CARTESIAN_POINT('',(-0.0407581236248351,0.0167650936591103,0.113795554835639));
#3681=CARTESIAN_POINT('',(-0.0386045595619152,0.0171630566986223,0.115867770680258));
#3682=CARTESIAN_POINT('',(-0.0356924683488694,0.0167953809765454,0.119207419308146));
#3683=CARTESIAN_POINT('',(-0.0331790742241979,0.0155895274792861,0.122720815929513));
#3684=CARTESIAN_POINT('',(-0.0311725263025404,0.0137077341219609,0.126199563954627));
#3685=CARTESIAN_POINT('',(-0.0296145341498282,0.0112097307193729,0.129582259939557));
#3686=CARTESIAN_POINT('',(-0.0284980899925342,0.00815941335851668,0.132627823289106));
#3687=CARTESIAN_POINT('',(-0.0278952505120343,0.0050795376532647,0.134657902092909));
#3688=CARTESIAN_POINT('',(-0.0276344716754872,0.00223830725530837,0.135622962092409));
#3689=CARTESIAN_POINT('',(-0.0275672280623231,3.05089274349277E-5,0.135881987076352));
#3690=CARTESIAN_POINT('',(-0.0276327380946211,-0.0022148189862429,0.135629589380216));
#3691=CARTESIAN_POINT('',(-0.0278893807321218,-0.0050317807609452,0.134679073434945));
#3692=CARTESIAN_POINT('',(-0.0284888188642946,-0.00813134515908477,0.132655043391495));
#3693=CARTESIAN_POINT('',(-0.0296086948851901,-0.0111967990509616,0.129596790414786));
#3694=CARTESIAN_POINT('',(-0.0311600294876585,-0.0136936449055543,0.126222815352379));
#3695=CARTESIAN_POINT('',(-0.0331775522540156,-0.0155883566033021,0.12272365940393));
#3696=CARTESIAN_POINT('',(-0.0365230559404183,-0.0172004827909533,0.118039493547319));
#3697=CARTESIAN_POINT('',(-0.0396856937687998,-0.017134651675889,0.114754696452552));
#3698=CARTESIAN_POINT('',(-0.04183055347613,-0.0163955356425745,0.112836413213382));
#3699=CARTESIAN_POINT('',(0.0135080291700441,0.00559520888316375,0.174000000000061));
#3700=CARTESIAN_POINT('',(0.0146209854149779,-2.73218947466347E-17,0.174000000000039));
#3701=CARTESIAN_POINT('',(0.0135080291700441,-0.00559520888316364,0.174000000000032));
#3702=CARTESIAN_POINT('',(0.0103385979345605,-0.0103385979345605,0.17400000000004));
#3703=CARTESIAN_POINT('',(0.00559520888316373,-0.0135080291700441,0.174000000000043));
#3704=CARTESIAN_POINT('',(-1.74963125584848E-17,-0.0146209854149779,0.174000000000028));
#3705=CARTESIAN_POINT('',(-0.00559520888316376,-0.0135080291700441,0.17399999999999));
#3706=CARTESIAN_POINT('',(-0.0103385979345605,-0.0103385979345605,0.173999999999937));
#3707=CARTESIAN_POINT('',(-0.0135080291700442,-0.00559520888316364,0.173999999999887));
#3708=CARTESIAN_POINT('',(-0.0146209854149779,-2.02396338989598E-17,0.17399999999986));
#3709=CARTESIAN_POINT('',(-0.0135080291700441,0.00559520888316373,0.173999999999871));
#3710=CARTESIAN_POINT('',(-0.0103385979345606,0.0103385979345604,0.173999999999913));
#3711=CARTESIAN_POINT('',(-0.00559520888316363,0.0135080291700442,0.173999999999972));
#3712=CARTESIAN_POINT('',(-2.38050139496349E-17,0.0146209854149779,0.174000000000028));
#3713=CARTESIAN_POINT('',(0.00559520888316364,0.0135080291700442,0.174000000000064));
#3714=CARTESIAN_POINT('',(0.0103385979345605,0.0103385979345605,0.174000000000073));
#3715=CARTESIAN_POINT('',(0.0135080291700441,0.00559520888316375,0.174000000000061));
#3716=CARTESIAN_POINT('',(0.0146209854149779,-2.73218947466347E-17,0.174000000000039));
#3717=CARTESIAN_POINT('',(0.0135080291700441,-0.00559520888316364,0.174000000000032));
#3718=CARTESIAN_POINT('',(0.01425,0.,0.174000000000041));
#3719=CARTESIAN_POINT('',(-0.011138199491089,-0.00461359328962616,0.0379999999992869));
#3720=CARTESIAN_POINT('',(-0.0111405888491164,-0.00461458299397301,0.035933938155857));
#3721=CARTESIAN_POINT('',(-0.011752156766317,-0.00486790272797179,0.031656107448828));
#3722=CARTESIAN_POINT('',(-0.0139684792524603,-0.00578593358656635,0.0240796179216957));
#3723=CARTESIAN_POINT('',(-0.0170694917308115,-0.00707041504307793,0.016492164381512));
#3724=CARTESIAN_POINT('',(-0.0213567181960348,-0.00884624242084447,0.00876720689199674));
#3725=CARTESIAN_POINT('',(-0.0262212194968684,-0.010861184852514,0.00253514872578068));
#3726=CARTESIAN_POINT('',(-0.0311056177994279,-0.0128843688743151,-0.00147274132699699));
#3727=CARTESIAN_POINT('',(-0.0353957353832984,-0.0146613937480155,-0.0033123121638646));
#3728=CARTESIAN_POINT('',(-0.0403238009220767,-0.0167026652999111,-0.00382123564182386));
#3729=CARTESIAN_POINT('',(-0.0438505251141687,-0.018163482253281,-0.0026254861643348));
#3730=CARTESIAN_POINT('',(-0.0461460807112564,-0.0191143324808859,-0.00104833820954837));
#3731=CARTESIAN_POINT('',(-0.0120559002544555,-1.00830802041152E-17,0.0379999999995757));
#3732=CARTESIAN_POINT('',(-0.0120584864763864,-1.58837136152168E-13,0.0359339381583658));
#3733=CARTESIAN_POINT('',(-0.0127204428116329,4.01382659748206E-12,0.0316561074479347));
#3734=CARTESIAN_POINT('',(-0.01511937296286,1.71894600333247E-11,0.02407961790631));
#3735=CARTESIAN_POINT('',(-0.0184758846596622,3.25731379802879E-11,0.0164921643485408));
#3736=CARTESIAN_POINT('',(-0.0231163451256629,4.77709601477E-11,0.00876720684108768));
#3737=CARTESIAN_POINT('',(-0.0283816433817557,5.676097504341E-11,0.00253514866313651));
#3738=CARTESIAN_POINT('',(-0.0336684780121044,5.68393468142886E-11,-0.00147274139153399));
#3739=CARTESIAN_POINT('',(-0.0383120678380301,4.97615074146474E-11,-0.00331231222023959));
#3740=CARTESIAN_POINT('',(-0.0436461675627437,3.45846732328903E-11,-0.00382123567844325));
#3741=CARTESIAN_POINT('',(-0.0474634663413504,1.63335408566445E-11,-0.00262548618087321));
#3742=CARTESIAN_POINT('',(-0.0499481578350216,-1.92033888790633E-15,-0.00104833821012595));
#3743=CARTESIAN_POINT('',(-0.011138199491089,0.0046135932896262,0.0379999999998903));
#3744=CARTESIAN_POINT('',(-0.0111405888481984,0.00461458299381959,0.035933938156237));
#3745=CARTESIAN_POINT('',(-0.0117521567691433,0.00486790271057017,0.0316561074490047));
#3746=CARTESIAN_POINT('',(-0.013968479269082,0.00578593351708705,0.0240796179217062));
#3747=CARTESIAN_POINT('',(-0.017069491764233,0.00707041491310288,0.0164921643814258));
#3748=CARTESIAN_POINT('',(-0.0213567182465744,0.00884624223102511,0.00876720689185029));
#3749=CARTESIAN_POINT('',(-0.0262212195579866,0.0108611846272194,0.00253514872561872));
#3750=CARTESIAN_POINT('',(-0.0311056178612926,0.0128843686486858,-0.00147274132712837));
#3751=CARTESIAN_POINT('',(-0.0353957354378248,0.0146613935503067,-0.00331231216395119));
#3752=CARTESIAN_POINT('',(-0.0403238009602544,0.0167026651622059,-0.00382123564187696));
#3753=CARTESIAN_POINT('',(-0.0438505251323208,0.0181634821880849,-0.00262548616436547));
#3754=CARTESIAN_POINT('',(-0.0461460807112699,0.0191143324808936,-0.0010483382095385));
#3755=CARTESIAN_POINT('',(-0.00852480882323407,0.00852480882323409,0.0379999999999945));
#3756=CARTESIAN_POINT('',(-0.00852663755760426,0.00852663755814408,0.0359339381569301));
#3757=CARTESIAN_POINT('',(-0.00899471137962125,0.00899471137357854,0.0316561074487816));
#3758=CARTESIAN_POINT('',(-0.0106910111837592,0.0106910111558291,0.0240796179175992));
#3759=CARTESIAN_POINT('',(-0.0130644233967039,0.0130644233425539,0.0164921643726087));
#3760=CARTESIAN_POINT('',(-0.0163457244905309,0.0163457244098233,0.00876720687822883));
#3761=CARTESIAN_POINT('',(-0.0200688526099804,0.020068852512954,0.0025351487088531));
#3762=CARTESIAN_POINT('',(-0.0238072092268493,0.0238072091287143,-0.00147274134440212));
#3763=CARTESIAN_POINT('',(-0.0270907230659348,0.0270907229792122,-0.00331231217903857));
#3764=CARTESIAN_POINT('',(-0.030862501122199,0.030862501061229,-0.00382123565167508));
#3765=CARTESIAN_POINT('',(-0.0335617389404922,0.0335617389115854,-0.00262548616879551));
#3766=CARTESIAN_POINT('',(-0.0353186811133666,0.0353186811134179,-0.00104833820970183));
#3767=CARTESIAN_POINT('',(-0.00461359328962622,0.011138199491089,0.0379999999999365));
#3768=CARTESIAN_POINT('',(-0.00461458299308273,0.0111405888483912,0.035933938156721));
#3769=CARTESIAN_POINT('',(-0.00486790272334414,0.0117521567624953,0.031656107448833));
#3770=CARTESIAN_POINT('',(-0.00578593357300177,0.0139684792416171,0.024079617918723));
#3771=CARTESIAN_POINT('',(-0.00707041501983608,0.0170694917126534,0.016492164375028));
#3772=CARTESIAN_POINT('',(-0.00884624238846339,0.0213567181713028,0.00876720688196789));
#3773=CARTESIAN_POINT('',(-0.0108611848150735,0.026221219468952,0.00253514871345498));
#3774=CARTESIAN_POINT('',(-0.0128843688373531,0.0311056177728514,-0.00147274133966209));
#3775=CARTESIAN_POINT('',(-0.0146613937158589,0.035395735361244,-0.00331231217489994));
#3776=CARTESIAN_POINT('',(-0.0167026652776672,0.0403238009075462,-0.00382123564898776));
#3777=CARTESIAN_POINT('',(-0.0181634822428342,0.0438505251070579,-0.00262548616757957));
#3778=CARTESIAN_POINT('',(-0.0191143324809042,0.046146080711075,-0.00104833820965636));
#3779=CARTESIAN_POINT('',(8.69733430240716E-18,0.0120559002544555,0.0379999999997578));
#3780=CARTESIAN_POINT('',(8.4096976344511E-13,0.0120584864761507,0.035933938156664));
#3781=CARTESIAN_POINT('',(-4.29568917736196E-12,0.0127204428190956,0.0316561074487546));
#3782=CARTESIAN_POINT('',(-2.24403999004338E-11,0.0151193729923747,0.0240796179183408));
#3783=CARTESIAN_POINT('',(-4.4387495815154E-11,0.0184758847140269,0.0164921643742455));
#3784=CARTESIAN_POINT('',(-6.66828317417338E-11,0.02311634520369,0.00876720688076572));
#3785=CARTESIAN_POINT('',(-8.03997340031266E-11,0.0283816434725053,0.00253514871197147));
#3786=CARTESIAN_POINT('',(-8.12976171164726E-11,0.0336684780998857,-0.0014727413412005));
#3787=CARTESIAN_POINT('',(-7.16842961671817E-11,0.038312067911334,-0.00331231217625259));
#3788=CARTESIAN_POINT('',(-5.02651657682774E-11,0.0436461676112993,-0.00382123564986792));
#3789=CARTESIAN_POINT('',(-2.38960711027719E-11,0.0474634663654239,-0.00262548616797375));
#3790=CARTESIAN_POINT('',(2.7256707091014E-15,0.0499481578357263,-0.001048338209671));
#3791=CARTESIAN_POINT('',(0.00461359328962618,0.011138199491089,0.0379999999995481));
#3792=CARTESIAN_POINT('',(0.0046145829946712,0.0111405888483792,0.0359339381564764));
#3793=CARTESIAN_POINT('',(0.00486790271551499,0.0117521567673021,0.0316561074487147));
#3794=CARTESIAN_POINT('',(0.00578593353186075,0.0139684792613015,0.0240796179186971));
#3795=CARTESIAN_POINT('',(0.00707041493839639,0.0170694917497545,0.0164921643750478));
#3796=CARTESIAN_POINT('',(0.00884624226608625,0.0213567182257363,0.00876720688201026));
#3797=CARTESIAN_POINT('',(0.0108611846675116,0.0262212195337443,0.0025351487134977));
#3798=CARTESIAN_POINT('',(0.0128843686881493,0.0311056178378783,-0.00147274133963949));
#3799=CARTESIAN_POINT('',(0.0146613935843126,0.0353957354183384,-0.00331231217489857));
#3800=CARTESIAN_POINT('',(0.0167026651854373,0.0403238009474306,-0.00382123564898983));
#3801=CARTESIAN_POINT('',(0.0181634821989762,0.0438505251259779,-0.00262548616757407));
#3802=CARTESIAN_POINT('',(0.019114332480893,0.0461460807110831,-0.00104833820965902));
#3803=CARTESIAN_POINT('',(0.0085248088232341,0.00852480882323407,0.0379999999993978));
#3804=CARTESIAN_POINT('',(0.00852663755890385,0.00852663755814415,0.0359339381565421));
#3805=CARTESIAN_POINT('',(0.008994711373834,0.00899471138138329,0.0316561074485596));
#3806=CARTESIAN_POINT('',(0.0106910111526761,0.0106910111876841,0.0240796179174534));
#3807=CARTESIAN_POINT('',(0.0130644233349224,0.0130644234026185,0.0164921643724624));
#3808=CARTESIAN_POINT('',(0.0163457243974811,0.0163457244980358,0.0087672068780524));
#3809=CARTESIAN_POINT('',(0.0200688524976148,0.0200688526180617,0.0025351487086446));
#3810=CARTESIAN_POINT('',(0.0238072091131157,0.0238072092343059,-0.00147274134463567));
#3811=CARTESIAN_POINT('',(0.0270907229656066,0.0270907230720019,-0.00331231217927311));
#3812=CARTESIAN_POINT('',(0.0308625010518527,0.0308625011261156,-0.00382123565184117));
#3813=CARTESIAN_POINT('',(0.0335617389070717,0.033561738942383,-0.00262548616883961));
#3814=CARTESIAN_POINT('',(0.035318681113421,0.035318681113421,-0.00104833820966632));
#3815=CARTESIAN_POINT('',(0.011138199491089,0.0046135932896262,0.0379999999993739));
#3816=CARTESIAN_POINT('',(0.0111405888490225,0.00461458299385803,0.0359339381559383));
#3817=CARTESIAN_POINT('',(0.0117521567659976,0.00486790272489784,0.0316561074489722));
#3818=CARTESIAN_POINT('',(0.013968479251723,0.0057859335748196,0.0240796179220579));
#3819=CARTESIAN_POINT('',(0.0170694917296812,0.00707041502135157,0.0164921643821265));
#3820=CARTESIAN_POINT('',(0.0213567181945854,0.00884624238931468,0.00876720689285366));
#3821=CARTESIAN_POINT('',(0.0262212194952947,0.0108611848152297,0.00253514872677154));
#3822=CARTESIAN_POINT('',(0.0311056177979441,0.0128843688370622,-0.00147274132601158));
#3823=CARTESIAN_POINT('',(0.0353957353820179,0.0146613937154284,-0.0033123121629931));
#3824=CARTESIAN_POINT('',(0.0403238009211206,0.0167026652772667,-0.00382123564123089));
#3825=CARTESIAN_POINT('',(0.043850525113608,0.0181634822425834,-0.00262548616412833));
#3826=CARTESIAN_POINT('',(0.0461460807110846,0.0191143324808943,-0.00104833820965849));
#3827=CARTESIAN_POINT('',(0.0120559002544555,-1.831836465124E-17,0.0379999999994944));
#3828=CARTESIAN_POINT('',(0.0120584864765043,6.97440413828512E-14,0.0359339381582073));
#3829=CARTESIAN_POINT('',(0.0127204428123607,6.429308513422E-12,0.0316561074474213));
#3830=CARTESIAN_POINT('',(0.0151193729650106,2.55636193464273E-11,0.024079617904811));
#3831=CARTESIAN_POINT('',(0.0184758846633069,4.77811899184463E-11,0.0164921643459446));
#3832=CARTESIAN_POINT('',(0.0231163451306553,6.97610916548874E-11,0.00876720683745158));
#3833=CARTESIAN_POINT('',(0.0283816433874204,8.27949169459568E-11,0.00253514865893241));
#3834=CARTESIAN_POINT('',(0.0336684780176055,8.29209873102746E-11,-0.00147274139570314));
#3835=CARTESIAN_POINT('',(0.0383120678428711,7.26617056639337E-11,-0.00331231222391266));
#3836=CARTESIAN_POINT('',(0.043646167566438,5.06093936644544E-11,-0.00382123568093835));
#3837=CARTESIAN_POINT('',(0.0474634663435621,2.39630678216887E-11,-0.0026254861817506));
#3838=CARTESIAN_POINT('',(0.0499481578357269,2.74531980883489E-16,-0.00104833820966846));
#3839=CARTESIAN_POINT('',(0.011138199491089,-0.00461359328962612,0.037999999999715));
#3840=CARTESIAN_POINT('',(0.0111405888485157,-0.00461458299372849,0.0359339381561535));
#3841=CARTESIAN_POINT('',(0.011752156769671,-0.00486790271326103,0.0316561074490789));
#3842=CARTESIAN_POINT('',(0.0139684792694782,-0.00578593352840454,0.0240796179220902));
#3843=CARTESIAN_POINT('',(0.0170694917642763,-0.00707041493441659,0.0164921643821265));
#3844=CARTESIAN_POINT('',(0.0213567182461642,-0.0088462422621573,0.00876720689284122));
#3845=CARTESIAN_POINT('',(0.0262212195572245,-0.0108611846641025,0.00253514872676301));
#3846=CARTESIAN_POINT('',(0.0311056178603971,-0.01288436868552,-0.00147274132600247));
#3847=CARTESIAN_POINT('',(0.0353957354369678,-0.0146613935824752,-0.00331231216296885));
#3848=CARTESIAN_POINT('',(0.040323800959545,-0.0167026651845031,-0.00382123564121194));
#3849=CARTESIAN_POINT('',(0.0438505251318504,-0.0181634821986127,-0.00262548616412679));
#3850=CARTESIAN_POINT('',(0.0461460807110837,-0.0191143324808954,-0.00104833820965862));
#3851=CARTESIAN_POINT('',(0.00852480882323411,-0.00852480882323411,0.0379999999998976));
#3852=CARTESIAN_POINT('',(0.0085266375579325,-0.00852663755804798,0.0359339381568606));
#3853=CARTESIAN_POINT('',(0.00899471138041355,-0.00899471137252988,0.0316561074487222));
#3854=CARTESIAN_POINT('',(0.0106910111850185,-0.0106910111522182,0.0240796179175109));
#3855=CARTESIAN_POINT('',(0.013064423398212,-0.0130644233360845,0.0164921643724758));
#3856=CARTESIAN_POINT('',(0.0163457244920932,-0.0163457244006139,0.00876720687804963));
#3857=CARTESIAN_POINT('',(0.0200688526114089,-0.0200688525021961,0.00253514870864727));
#3858=CARTESIAN_POINT('',(0.023807209228024,-0.0238072091180575,-0.00147274134460908));
#3859=CARTESIAN_POINT('',(0.0270907230668354,-0.0270907229699504,-0.00331231217922565));
#3860=CARTESIAN_POINT('',(0.0308625011227587,-0.0308625010548409,-0.00382123565180412));
#3861=CARTESIAN_POINT('',(0.0335617389407634,-0.0335617389085756,-0.00262548616883667));
#3862=CARTESIAN_POINT('',(0.0353186811134136,-0.0353186811134129,-0.00104833820967341));
#3863=CARTESIAN_POINT('',(0.00461359328962613,-0.011138199491089,0.0379999999999257));
#3864=CARTESIAN_POINT('',(0.00461458299331972,-0.0111405888483305,0.0359339381567162));
#3865=CARTESIAN_POINT('',(0.00486790272391488,-0.0117521567625658,0.0316561074488258));
#3866=CARTESIAN_POINT('',(0.00578593357391091,-0.0139684792422576,0.0240796179186957));
#3867=CARTESIAN_POINT('',(0.00707041502093436,-0.0170694917140039,0.0164921643749751));
#3868=CARTESIAN_POINT('',(0.00884624238962011,-0.0213567181733832,0.00876720688188877));
#3869=CARTESIAN_POINT('',(0.0108611848161567,-0.0262212194714878,0.00253514871335893));
#3870=CARTESIAN_POINT('',(0.0128843688382707,-0.0311056177754287,-0.00147274133976068));
#3871=CARTESIAN_POINT('',(0.0146613937165761,-0.0353957353635242,-0.00331231217498675));
#3872=CARTESIAN_POINT('',(0.0167026652781035,-0.0403238009091545,-0.00382123564904487));
#3873=CARTESIAN_POINT('',(0.0181634822430172,-0.0438505251078309,-0.00262548616760373));
#3874=CARTESIAN_POINT('',(0.0191143324808974,-0.046146080711089,-0.00104833820965444));
#3875=CARTESIAN_POINT('',(1.73472347597681E-18,-0.0120559002544555,0.0379999999997702));
#3876=CARTESIAN_POINT('',(-7.52862494026417E-13,-0.0120584864761516,0.0359339381566713));
#3877=CARTESIAN_POINT('',(4.48027241527075E-12,-0.0127204428189948,0.0316561074487553));
#3878=CARTESIAN_POINT('',(2.26687661087559E-11,-0.015119372991957,0.0240796179183312));
#3879=CARTESIAN_POINT('',(4.45861179465372E-11,-0.0184758847132402,0.0164921643742263));
#3880=CARTESIAN_POINT('',(6.67965823576483E-11,-0.0231163452025388,0.008767206880738));
#3881=CARTESIAN_POINT('',(8.04152132659634E-11,-0.0283816434711388,0.00253514871193938));
#3882=CARTESIAN_POINT('',(8.12407059214235E-11,-0.0336684780985181,-0.00147274134123182));
#3883=CARTESIAN_POINT('',(7.15956869528148E-11,-0.0383120679101373,-0.00331231217627954));
#3884=CARTESIAN_POINT('',(5.01773643793967E-11,-0.0436461676104693,-0.00382123564988602));
#3885=CARTESIAN_POINT('',(2.38485307890723E-11,-0.0474634663650344,-0.00262548616798057));
#3886=CARTESIAN_POINT('',(9.35802000126551E-16,-0.0499481578357307,-0.00104833820966807));
#3887=CARTESIAN_POINT('',(-0.00461359328962612,-0.0111381994910891,0.0379999999995092));
#3888=CARTESIAN_POINT('',(-0.00461458299472197,-0.0111405888484362,0.0359339381564513));
#3889=CARTESIAN_POINT('',(-0.00486790271562765,-0.0117521567676381,0.0316561074487033));
#3890=CARTESIAN_POINT('',(-0.00578593353200147,-0.0139684792623437,0.0240796179186996));
#3891=CARTESIAN_POINT('',(-0.00707041493852204,-0.0170694917515728,0.0164921643750603));
#3892=CARTESIAN_POINT('',(-0.0088462422661687,-0.0213567182282921,0.00876720688203066));
#3893=CARTESIAN_POINT('',(-0.0108611846675438,-0.0262212195367115,0.00253514871352175));
#3894=CARTESIAN_POINT('',(-0.0128843686881408,-0.0311056178408113,-0.00147274133961692));
#3895=CARTESIAN_POINT('',(-0.0146613935842833,-0.0353957354208873,-0.00331231217488067));
#3896=CARTESIAN_POINT('',(-0.0167026651854059,-0.0403238009491867,-0.00382123564897846));
#3897=CARTESIAN_POINT('',(-0.0181634821989645,-0.0438505251267964,-0.00262548616756839));
#3898=CARTESIAN_POINT('',(-0.0191143324809012,-0.0461460807110717,-0.0010483382096593));
#3899=CARTESIAN_POINT('',(-0.00852480882323413,-0.00852480882323408,0.0379999999993009));
#3900=CARTESIAN_POINT('',(-0.0085266375590225,-0.00852663755824418,0.0359339381564885));
#3901=CARTESIAN_POINT('',(-0.00899471137407453,-0.00899471138080629,0.0316561074485562));
#3902=CARTESIAN_POINT('',(-0.0106910111529824,-0.0106910111847853,0.0240796179175187));
#3903=CARTESIAN_POINT('',(-0.0130644233352166,-0.0130644233969395,0.0164921643725884));
#3904=CARTESIAN_POINT('',(-0.0163457243977115,-0.0163457244895543,0.0087672068782296));
#3905=CARTESIAN_POINT('',(-0.0200688524977649,-0.0200688526078724,0.00253514870884539));
#3906=CARTESIAN_POINT('',(-0.0238072091131998,-0.0238072092240314,-0.00147274134444329));
#3907=CARTESIAN_POINT('',(-0.0270907229656444,-0.02709072306297,-0.00331231217910816));
#3908=CARTESIAN_POINT('',(-0.0308625010518378,-0.0308625011198153,-0.00382123565172882));
#3909=CARTESIAN_POINT('',(-0.0335617389070269,-0.0335617389394009,-0.00262548616880085));
#3910=CARTESIAN_POINT('',(-0.0353186811133775,-0.0353186811134275,-0.00104833820969245));
#3911=CARTESIAN_POINT('',(-0.011138199491089,-0.00461359328962616,0.0379999999992869));
#3912=CARTESIAN_POINT('',(-0.0111405888491164,-0.00461458299397301,0.035933938155857));
#3913=CARTESIAN_POINT('',(-0.011752156766317,-0.00486790272797179,0.031656107448828));
#3914=CARTESIAN_POINT('',(-0.0139684792524603,-0.00578593358656635,0.0240796179216957));
#3915=CARTESIAN_POINT('',(-0.0170694917308115,-0.00707041504307793,0.016492164381512));
#3916=CARTESIAN_POINT('',(-0.0213567181960348,-0.00884624242084447,0.00876720689199674));
#3917=CARTESIAN_POINT('',(-0.0262212194968684,-0.010861184852514,0.00253514872578068));
#3918=CARTESIAN_POINT('',(-0.0311056177994279,-0.0128843688743151,-0.00147274132699699));
#3919=CARTESIAN_POINT('',(-0.0353957353832984,-0.0146613937480155,-0.0033123121638646));
#3920=CARTESIAN_POINT('',(-0.0403238009220767,-0.0167026652999111,-0.00382123564182386));
#3921=CARTESIAN_POINT('',(-0.0438505251141687,-0.018163482253281,-0.0026254861643348));
#3922=CARTESIAN_POINT('',(-0.0461460807112564,-0.0191143324808859,-0.00104833820954837));
#3923=CARTESIAN_POINT('',(-0.0120559002544555,-1.00830802041152E-17,0.0379999999995757));
#3924=CARTESIAN_POINT('',(-0.0120584864763864,-1.58837136152168E-13,0.0359339381583658));
#3925=CARTESIAN_POINT('',(-0.0127204428116329,4.01382659748206E-12,0.0316561074479347));
#3926=CARTESIAN_POINT('',(-0.01511937296286,1.71894600333247E-11,0.02407961790631));
#3927=CARTESIAN_POINT('',(-0.0184758846596622,3.25731379802879E-11,0.0164921643485408));
#3928=CARTESIAN_POINT('',(-0.0231163451256629,4.77709601477E-11,0.00876720684108768));
#3929=CARTESIAN_POINT('',(-0.0283816433817557,5.676097504341E-11,0.00253514866313651));
#3930=CARTESIAN_POINT('',(-0.0336684780121044,5.68393468142886E-11,-0.00147274139153399));
#3931=CARTESIAN_POINT('',(-0.0383120678380301,4.97615074146474E-11,-0.00331231222023959));
#3932=CARTESIAN_POINT('',(-0.0436461675627437,3.45846732328903E-11,-0.00382123567844325));
#3933=CARTESIAN_POINT('',(-0.0474634663413504,1.63335408566445E-11,-0.00262548618087321));
#3934=CARTESIAN_POINT('',(-0.0499481578350216,-1.92033888790633E-15,-0.00104833821012595));
#3935=CARTESIAN_POINT('',(-0.011138199491089,0.0046135932896262,0.0379999999998903));
#3936=CARTESIAN_POINT('',(-0.0111405888481984,0.00461458299381959,0.035933938156237));
#3937=CARTESIAN_POINT('',(-0.0117521567691433,0.00486790271057017,0.0316561074490047));
#3938=CARTESIAN_POINT('',(-0.013968479269082,0.00578593351708705,0.0240796179217062));
#3939=CARTESIAN_POINT('',(-0.017069491764233,0.00707041491310288,0.0164921643814258));
#3940=CARTESIAN_POINT('',(-0.0213567182465744,0.00884624223102511,0.00876720689185029));
#3941=CARTESIAN_POINT('',(-0.0262212195579866,0.0108611846272194,0.00253514872561872));
#3942=CARTESIAN_POINT('',(-0.0311056178612926,0.0128843686486858,-0.00147274132712837));
#3943=CARTESIAN_POINT('',(-0.0353957354378248,0.0146613935503067,-0.00331231216395119));
#3944=CARTESIAN_POINT('',(-0.0403238009602544,0.0167026651622059,-0.00382123564187696));
#3945=CARTESIAN_POINT('',(-0.0438505251323208,0.0181634821880849,-0.00262548616436547));
#3946=CARTESIAN_POINT('',(-0.0461460807112699,0.0191143324808936,-0.0010483382095385));
#3947=CARTESIAN_POINT('',(0.0142314896903727,-0.000906800707601117,0.174000000000041));
#3948=CARTESIAN_POINT('',(0.0142325725199828,-0.000906798741473241,0.184821225284917));
#3949=CARTESIAN_POINT('',(0.0108411388436099,-0.000906801368196413,0.199700472851434));
#3950=CARTESIAN_POINT('',(0.00112729046462563,-0.000906802062504895,0.214514959938667));
#3951=CARTESIAN_POINT('',(-0.00711651346591048,-0.000906795139437979,0.222108896940121));
#3952=CARTESIAN_POINT('',(-0.0147772236360459,-0.000906811527224469,0.226555101130465));
#3953=CARTESIAN_POINT('',(-0.0213991050870643,-0.000906764526811578,0.228914670427324));
#3954=CARTESIAN_POINT('',(-0.0268628752361337,-0.000906773288567825,0.229988070558551));
#3955=CARTESIAN_POINT('',(-0.0317107749179473,-0.00090680172881219,0.230326687618342));
#3956=CARTESIAN_POINT('',(-0.0366064091030071,-0.000906804382252042,0.230106603334751));
#3957=CARTESIAN_POINT('',(-0.0420968560814904,-0.000906831971826927,0.22917799942091));
#3958=CARTESIAN_POINT('',(-0.0480813397196694,-0.000906808229020374,0.227271565671466));
#3959=CARTESIAN_POINT('',(-0.0547152960468527,-0.000906799186640095,0.224068011349098));
#3960=CARTESIAN_POINT('',(-0.0620462991163817,-0.000906828761348212,0.21899430150718));
#3961=CARTESIAN_POINT('',(-0.0694526217090412,-0.00090679225234339,0.211379106284874));
#3962=CARTESIAN_POINT('',(-0.0752608434522622,-0.000906804213626973,0.202043500913409));
#3963=CARTESIAN_POINT('',(-0.0786436407182466,-0.000906803727500784,0.192875208426284));
#3964=CARTESIAN_POINT('',(-0.0802248767783332,-0.000906765405081538,0.184594154524193));
#3965=CARTESIAN_POINT('',(-0.080608718668201,-0.000906794726536183,0.176773105560755));
#3966=CARTESIAN_POINT('',(-0.0798223385805429,-0.000906811357254699,0.168653413880694));
#3967=CARTESIAN_POINT('',(-0.0780164365275922,-0.000906841788004108,0.16076929581123));
#3968=CARTESIAN_POINT('',(-0.0754149184482518,-0.000906786462141985,0.153024119499995));
#3969=CARTESIAN_POINT('',(-0.0718307807201025,-0.000906820020781835,0.144521385141995));
#3970=CARTESIAN_POINT('',(-0.0641605593306901,-0.000906796328109296,0.129351965317498));
#3971=CARTESIAN_POINT('',(-0.0561801573915802,-0.00090680121330956,0.116792692765632));
#3972=CARTESIAN_POINT('',(-0.0502260969037371,-0.000906801961673523,0.107689376273713));
#3973=CARTESIAN_POINT('',(0.0142592551548137,1.39591029707509E-18,0.174000000000041));
#3974=CARTESIAN_POINT('',(0.0142603399622132,-3.2295672212912E-17,0.184825077029437));
#3975=CARTESIAN_POINT('',(0.0108676840696795,4.92634362123101E-17,0.199710670423711));
#3976=CARTESIAN_POINT('',(0.00114885396756913,-1.59919820441612E-18,0.214532903880795));
#3977=CARTESIAN_POINT('',(-0.00709975222605642,-4.10777098100445E-17,0.22213131276509));
#3978=CARTESIAN_POINT('',(-0.0147653163456457,-1.42166009867162E-17,0.226580361542556));
#3979=CARTESIAN_POINT('',(-0.0213916486244511,1.35796322103809E-17,0.228941510322053));
#3980=CARTESIAN_POINT('',(-0.026859169245701,-2.23887748618257E-17,0.23001565023884));
#3981=CARTESIAN_POINT('',(-0.03171043716128,8.79559012428865E-18,0.230354511290718));
#3982=CARTESIAN_POINT('',(-0.0366094693220814,3.49655200626575E-18,0.230134272397423));
#3983=CARTESIAN_POINT('',(-0.0421035077912991,2.88126727338023E-17,0.229205061921796));
#3984=CARTESIAN_POINT('',(-0.0480916822164159,-3.45589442479755E-17,0.227297436923988));
#3985=CARTESIAN_POINT('',(-0.0547294619923932,3.73778698964378E-17,0.224092023657681));
#3986=CARTESIAN_POINT('',(-0.0620644703221753,1.16551733542192E-17,0.219015538459099));
#3987=CARTESIAN_POINT('',(-0.0694746638077335,3.07642366442762E-17,0.211396338114377));
#3988=CARTESIAN_POINT('',(-0.0752859218527232,6.50521303491303E-19,0.202055859761318));
#3989=CARTESIAN_POINT('',(-0.0786704875228509,3.9979955110403E-18,0.192882772254225));
#3990=CARTESIAN_POINT('',(-0.0802525295677635,-8.13151629364128E-18,0.184597415067925));
#3991=CARTESIAN_POINT('',(-0.0806365717908286,-5.82758667710959E-18,0.176772423871615));
#3992=CARTESIAN_POINT('',(-0.0798497970841589,1.64121103859993E-17,0.168648775998638));
#3993=CARTESIAN_POINT('',(-0.0780431902266297,-1.68051336735253E-17,0.160761654976444));
#3994=CARTESIAN_POINT('',(-0.075440875138402,-4.36391374425416E-18,0.153014201620349));
#3995=CARTESIAN_POINT('',(-0.0718559371808759,4.81385764583564E-17,0.144509564503083));
#3996=CARTESIAN_POINT('',(-0.0641844743777012,-7.35224598216733E-17,0.129337761918155));
#3997=CARTESIAN_POINT('',(-0.0562035386589931,2.7769128142785E-17,0.116777728241379));
#3998=CARTESIAN_POINT('',(-0.0502493282320184,-1.23870098206469E-17,0.107674169273267));
#3999=CARTESIAN_POINT('',(0.0142314896903727,0.000906800707601116,0.174000000000041));
#4000=CARTESIAN_POINT('',(0.0142325725199828,0.000906798741473366,0.184821225284917));
#4001=CARTESIAN_POINT('',(0.01084113884361,0.000906801368196278,0.199700472851434));
#4002=CARTESIAN_POINT('',(0.00112729046462561,0.00090680206250489,0.214514959938667));
#4003=CARTESIAN_POINT('',(-0.00711651346591045,0.000906795139438092,0.222108896940121));
#4004=CARTESIAN_POINT('',(-0.0147772236360459,0.000906811527224442,0.226555101130465));
#4005=CARTESIAN_POINT('',(-0.0213991050870643,0.000906764526811623,0.228914670427324));
#4006=CARTESIAN_POINT('',(-0.0268628752361337,0.000906773288567941,0.229988070558551));
#4007=CARTESIAN_POINT('',(-0.0317107749179472,0.000906801728812231,0.230326687618342));
#4008=CARTESIAN_POINT('',(-0.0366064091030071,0.00090680438225197,0.230106603334751));
#4009=CARTESIAN_POINT('',(-0.0420968560814904,0.000906831971826886,0.22917799942091));
#4010=CARTESIAN_POINT('',(-0.0480813397196694,0.0009068082290205,0.227271565671466));
#4011=CARTESIAN_POINT('',(-0.0547152960468527,0.000906799186639972,0.224068011349098));
#4012=CARTESIAN_POINT('',(-0.0620462991163816,0.000906828761348221,0.21899430150718));
#4013=CARTESIAN_POINT('',(-0.0694526217090412,0.000906792252343333,0.211379106284873));
#4014=CARTESIAN_POINT('',(-0.0752608434522622,0.000906804213626988,0.202043500913409));
#4015=CARTESIAN_POINT('',(-0.0786436407182467,0.000906803727500763,0.192875208426284));
#4016=CARTESIAN_POINT('',(-0.0802248767783332,0.000906765405081542,0.184594154524193));
#4017=CARTESIAN_POINT('',(-0.080608718668201,0.000906794726536223,0.176773105560755));
#4018=CARTESIAN_POINT('',(-0.0798223385805428,0.000906811357254652,0.168653413880694));
#4019=CARTESIAN_POINT('',(-0.0780164365275922,0.000906841788004178,0.16076929581123));
#4020=CARTESIAN_POINT('',(-0.0754149184482518,0.000906786462141998,0.153024119499995));
#4021=CARTESIAN_POINT('',(-0.0718307807201025,0.000906820020781659,0.144521385141995));
#4022=CARTESIAN_POINT('',(-0.0641605593306901,0.000906796328109549,0.129351965317498));
#4023=CARTESIAN_POINT('',(-0.0561801573915803,0.000906801213309457,0.116792692765632));
#4024=CARTESIAN_POINT('',(-0.0502260969037371,0.000906801961673569,0.107689376273713));
#4025=CARTESIAN_POINT('',(0.0141055453111305,0.00220865600412036,0.174000000000041));
#4026=CARTESIAN_POINT('',(0.0141066191592489,0.00220865128600081,0.184803753740371));
#4027=CARTESIAN_POINT('',(0.0107207294815794,0.00220865758934283,0.199654216573606));
#4028=CARTESIAN_POINT('',(0.00102947823700655,0.00220865925551084,0.214433566074295));
#4029=CARTESIAN_POINT('',(-0.0071925426037448,0.00220864264209899,0.222007218546321));
#4030=CARTESIAN_POINT('',(-0.0148312351875396,0.00220868196825526,0.226440519742882));
#4031=CARTESIAN_POINT('',(-0.0214329277795428,0.00220856918033531,0.228792924288372));
#4032=CARTESIAN_POINT('',(-0.0268796855966098,0.00220859020678701,0.229862968755646));
#4033=CARTESIAN_POINT('',(-0.0317123069633615,0.00220865845492536,0.230200479213086));
#4034=CARTESIAN_POINT('',(-0.0365925278747163,0.00220866482276929,0.229981096256321));
#4035=CARTESIAN_POINT('',(-0.0420666838793101,0.00220873102803684,0.229055243849374));
#4036=CARTESIAN_POINT('',(-0.0480344261546878,0.00220867405391457,0.227154213454823));
#4037=CARTESIAN_POINT('',(-0.0546510391250258,0.00220865235444608,0.223959091350193));
#4038=CARTESIAN_POINT('',(-0.0619638745068113,0.00220872332446407,0.21889797058727));
#4039=CARTESIAN_POINT('',(-0.0693526385241189,0.00220863571416282,0.211300942539041));
#4040=CARTESIAN_POINT('',(-0.0751470876328451,0.002208664417322,0.201987441094005));
#4041=CARTESIAN_POINT('',(-0.0785218634170097,0.0022086632515415,0.19284089878736));
#4042=CARTESIAN_POINT('',(-0.0800994433238871,0.00220857128777701,0.184579364643341));
#4043=CARTESIAN_POINT('',(-0.0804823766372433,0.00220864165174867,0.176776197747202));
#4044=CARTESIAN_POINT('',(-0.079697786653057,0.00220868156095613,0.168674451463094));
#4045=CARTESIAN_POINT('',(-0.0778950816923284,0.00220875458429732,0.160803954557337));
#4046=CARTESIAN_POINT('',(-0.0752971786261161,0.00220862181943358,0.153069107132352));
#4047=CARTESIAN_POINT('',(-0.0717166708877219,0.00220870234983736,0.144575003617904));
#4048=CARTESIAN_POINT('',(-0.0640520804695083,0.002208645494737,0.129416392084954));
#4049=CARTESIAN_POINT('',(-0.0560740997599428,0.00220865721764603,0.116860571957049));
#4050=CARTESIAN_POINT('',(-0.0501207194097658,0.00220865901351983,0.107758355352725));
#4051=CARTESIAN_POINT('',(0.0137510508276084,0.0039619862302209,0.174000000000041));
#4052=CARTESIAN_POINT('',(0.0137520993555883,0.00396197810486997,0.184754576748162));
#4053=CARTESIAN_POINT('',(0.0103818143823998,0.0039619889601835,0.199524019437057));
#4054=CARTESIAN_POINT('',(0.000754167070486191,0.00396199182975789,0.214204467543323));
#4055=CARTESIAN_POINT('',(-0.00740654116989383,0.00396196321824766,0.221721025214338));
#4056=CARTESIAN_POINT('',(-0.0149832609353943,0.00396203094589559,0.226118008775389));
#4057=CARTESIAN_POINT('',(-0.0215281286465905,0.00396183670250249,0.228450245957257));
#4058=CARTESIAN_POINT('',(-0.0269270014001183,0.00396187291754175,0.229510845308185));
#4059=CARTESIAN_POINT('',(-0.0317166191147947,0.00396199045188583,0.229845241600068));
#4060=CARTESIAN_POINT('',(-0.0365534563227432,0.00396200142017901,0.229627832723521));
#4061=CARTESIAN_POINT('',(-0.0419817584985791,0.00396211542897875,0.228709725495835));
#4062=CARTESIAN_POINT('',(-0.0479023793093729,0.00396201731791611,0.226823903260883));
#4063=CARTESIAN_POINT('',(-0.0544701754750808,0.00396197994577091,0.223652515362393));
#4064=CARTESIAN_POINT('',(-0.0617318752312528,0.00396210216521002,0.218626829119301));
#4065=CARTESIAN_POINT('',(-0.0690712166170583,0.00396195128835812,0.211080935673521));
#4066=CARTESIAN_POINT('',(-0.0748269002352124,0.00396200071804938,0.201829650107972));
#4067=CARTESIAN_POINT('',(-0.0781790980830344,0.00396199871417607,0.192744327563542));
#4068=CARTESIAN_POINT('',(-0.079746386269784,0.00396184033115041,0.184537735596156));
#4069=CARTESIAN_POINT('',(-0.08012676275638,0.0039619615150974,0.176784901444749));
#4070=CARTESIAN_POINT('',(-0.0793472117820438,0.00396203024727567,0.168733666175762));
#4071=CARTESIAN_POINT('',(-0.0775535060145819,0.00396215599837968,0.160901507651743));
#4072=CARTESIAN_POINT('',(-0.0749657772051906,0.00396192735955104,0.153195733589491));
#4073=CARTESIAN_POINT('',(-0.0713954873248343,0.00396206604417342,0.144725922886828));
#4074=CARTESIAN_POINT('',(-0.0637467459879228,0.00396196813182706,0.129597733625997));
#4075=CARTESIAN_POINT('',(-0.0557755802954428,0.0039619883199908,0.117051630830147));
#4076=CARTESIAN_POINT('',(-0.0498241143708729,0.00396199141288475,0.107952510121353));
#4077=CARTESIAN_POINT('',(0.0128993524817316,0.00623406512021614,0.17400000000004));
#4078=CARTESIAN_POINT('',(0.0129003396888567,0.00623405383470069,0.184636425550651));
#4079=CARTESIAN_POINT('',(0.00956754689586423,0.00623406891176502,0.199211211284706));
#4080=CARTESIAN_POINT('',(9.27124171932551E-5,0.00623407289806772,0.213654042293929));
#4081=CARTESIAN_POINT('',(-0.00792068867290879,0.00623403315646995,0.221033424125723));
#4082=CARTESIAN_POINT('',(-0.0153485128305628,0.00623412723223786,0.225343155654456));
#4083=CARTESIAN_POINT('',(-0.0217568611389748,0.00623385742381135,0.227626929559563));
#4084=CARTESIAN_POINT('',(-0.0270406788623923,0.00623390774091409,0.228664836760975));
#4085=CARTESIAN_POINT('',(-0.03172697830476,0.00623407098776142,0.2289917581036));
#4086=CARTESIAN_POINT('',(-0.0364595817223065,0.00623408622943799,0.228779092858714));
#4087=CARTESIAN_POINT('',(-0.0417777196021853,0.00623424455046652,0.227879600540467));
#4088=CARTESIAN_POINT('',(-0.0475851315534908,0.00623410831136576,0.226030309428998));
#4089=CARTESIAN_POINT('',(-0.0540356339970934,0.00623405639501501,0.222915946296906));
#4090=CARTESIAN_POINT('',(-0.061174486732629,0.00623422614023414,0.217975395735003));
#4091=CARTESIAN_POINT('',(-0.0683950784063604,0.00623401659115438,0.210552352368236));
#4092=CARTESIAN_POINT('',(-0.0740576278404033,0.00623408523858346,0.201450546854109));
#4093=CARTESIAN_POINT('',(-0.0773555812706429,0.0062340824704747,0.192512305750965));
#4094=CARTESIAN_POINT('',(-0.0788981333514147,0.00623386246105437,0.184437717530454));
#4095=CARTESIAN_POINT('',(-0.0792723733806165,0.00623403080056885,0.176805814592587));
#4096=CARTESIAN_POINT('',(-0.0785049341804878,0.00623412627305871,0.168875939159518));
#4097=CARTESIAN_POINT('',(-0.0767328539827831,0.00623430090595868,0.161135878954725));
#4098=CARTESIAN_POINT('',(-0.0741695588277175,0.00623398335619777,0.153499964985469));
#4099=CARTESIAN_POINT('',(-0.0706238248658397,0.0062341759731053,0.145088515255632));
#4100=CARTESIAN_POINT('',(-0.0630131577089277,0.00623403998456499,0.130033421051333));
#4101=CARTESIAN_POINT('',(-0.0550583656018217,0.00623406802230753,0.117510662662814));
#4102=CARTESIAN_POINT('',(-0.0491114998261792,0.00623407231855686,0.108418980724453));
#4103=CARTESIAN_POINT('',(0.0115054718297349,0.00856804542374603,0.174000000000039));
#4104=CARTESIAN_POINT('',(0.0115063573064574,0.00856803307427031,0.184443060673269));
#4105=CARTESIAN_POINT('',(0.00823492598063158,0.00856804957244661,0.198699272053186));
#4106=CARTESIAN_POINT('',(-0.000989817070864887,0.00856805393577992,0.212753223061319));
#4107=CARTESIAN_POINT('',(-0.0087621389734862,0.00856801044330788,0.219908100128777));
#4108=CARTESIAN_POINT('',(-0.0159462779131702,0.00856811340085301,0.224075046289926));
#4109=CARTESIAN_POINT('',(-0.0221312191391762,0.00856781812269159,0.226279478541146));
#4110=CARTESIAN_POINT('',(-0.0272267152775033,0.00856787321597872,0.227280248763839));
#4111=CARTESIAN_POINT('',(-0.0317439287220444,0.00856805185157861,0.227594956669078));
#4112=CARTESIAN_POINT('',(-0.036305939978574,0.00856806854401188,0.227390056992896));
#4113=CARTESIAN_POINT('',(-0.0414437924024496,0.00856824173899973,0.226521048177581));
#4114=CARTESIAN_POINT('',(-0.047065940106996,0.00856809271050913,0.224731521640864));
#4115=CARTESIAN_POINT('',(-0.0533244567454734,0.00856803588197906,0.22171049028216));
#4116=CARTESIAN_POINT('',(-0.0602622889928394,0.00856822161547575,0.216909275663145));
#4117=CARTESIAN_POINT('',(-0.0672885119487852,0.00856799232407526,0.20968727553208));
#4118=CARTESIAN_POINT('',(-0.0727986467229429,0.00856806743133931,0.200830112926419));
#4119=CARTESIAN_POINT('',(-0.076007826386265,0.00856806442930277,0.192132573428257));
#4120=CARTESIAN_POINT('',(-0.0775098686967467,0.00856782363055283,0.184274025252014));
#4121=CARTESIAN_POINT('',(-0.0778740840827578,0.00856800788294274,0.176840046635289));
#4122=CARTESIAN_POINT('',(-0.0771264818206851,0.00856811237074879,0.16910879831814));
#4123=CARTESIAN_POINT('',(-0.075389805460595,0.0085683034227435,0.16151942788277));
#4124=CARTESIAN_POINT('',(-0.0728664684367914,0.0085679559562227,0.15399787363267));
#4125=CARTESIAN_POINT('',(-0.0693609413796113,0.00856816672272957,0.145681924583057));
#4126=CARTESIAN_POINT('',(-0.0618125738963974,0.00856801792126848,0.130746466729164));
#4127=CARTESIAN_POINT('',(-0.0538845784699187,0.00856804859867381,0.118261907066091));
#4128=CARTESIAN_POINT('',(-0.0479452430419174,0.00856805330072713,0.109182401353798));
#4129=CARTESIAN_POINT('',(0.00947876019932891,0.0107937531847998,0.174000000000035));
#4130=CARTESIAN_POINT('',(0.009479494956466,0.0107937427024252,0.184161907256046));
#4131=CARTESIAN_POINT('',(0.00629728804111074,0.0107937567058926,0.197954907528369));
#4132=CARTESIAN_POINT('',(-0.00256382140641039,0.0107937604110366,0.211443428056485));
#4133=CARTESIAN_POINT('',(-0.00998561713026854,0.0107937234889869,0.218271865143362));
#4134=CARTESIAN_POINT('',(-0.0168154273651132,0.0107938108959531,0.222231221757819));
#4135=CARTESIAN_POINT('',(-0.0226755766226415,0.0107935602205323,0.224320236530868));
#4136=CARTESIAN_POINT('',(-0.0274971954338815,0.0107936070281021,0.225267009105708));
#4137=CARTESIAN_POINT('',(-0.0317685665409646,0.0107937586493691,0.225563999837591));
#4138=CARTESIAN_POINT('',(-0.0360825251662612,0.0107937728352809,0.225370395996163));
#4139=CARTESIAN_POINT('',(-0.0409582598784078,0.010793919781772,0.224545748425052));
#4140=CARTESIAN_POINT('',(-0.0463110629352977,0.0107937933532641,0.222843072954012));
#4141=CARTESIAN_POINT('',(-0.0522903734360691,0.0107937450924784,0.219957762359103));
#4142=CARTESIAN_POINT('',(-0.0589359876403203,0.0107939027289576,0.215359146415377));
#4143=CARTESIAN_POINT('',(-0.0656795446342592,0.0107937081183752,0.208429442798755));
#4144=CARTESIAN_POINT('',(-0.0709680843198695,0.0107937718560925,0.19992800326607));
#4145=CARTESIAN_POINT('',(-0.0740481911772734,0.0107937693402609,0.191580421321407));
#4146=CARTESIAN_POINT('',(-0.0754912766048523,0.0107935648920934,0.184036007604609));
#4147=CARTESIAN_POINT('',(-0.0758409528631445,0.0107937213377905,0.176889834062015));
#4148=CARTESIAN_POINT('',(-0.0751222253669209,0.0107938100434646,0.169447417075667));
#4149=CARTESIAN_POINT('',(-0.0734370475760998,0.0107939721617772,0.162077064034145));
#4150=CARTESIAN_POINT('',(-0.0709717512423008,0.0107936772486689,0.154721850967946));
#4151=CARTESIAN_POINT('',(-0.0675247232564489,0.0107938561397238,0.146544734153145));
#4152=CARTESIAN_POINT('',(-0.0600669158870608,0.0107937298435435,0.131783249191863));
#4153=CARTESIAN_POINT('',(-0.0521778818232652,0.0107937558788686,0.119354216059072));
#4154=CARTESIAN_POINT('',(-0.0462494995838015,0.0107937598708826,0.110292419379178));
#4155=CARTESIAN_POINT('',(0.00679866545514124,0.012674750056233,0.174000000000028));
#4156=CARTESIAN_POINT('',(0.00679919653947681,0.0126747439660366,0.183790114854162));
#4157=CARTESIAN_POINT('',(0.00373498573273457,0.0126747521016746,0.196970567552784));
#4158=CARTESIAN_POINT('',(-0.00464526137700273,0.0126747542555261,0.209711377039524));
#4159=CARTESIAN_POINT('',(-0.0116035337645668,0.0126747327999539,0.216108121235192));
#4160=CARTESIAN_POINT('',(-0.0179647703832821,0.0126747835949197,0.219792997856873));
#4161=CARTESIAN_POINT('',(-0.0233955011031243,0.0126746379229589,0.221729305862721));
#4162=CARTESIAN_POINT('',(-0.0278548338383436,0.0126746651575401,0.22260466648738));
#4163=CARTESIAN_POINT('',(-0.0318011298137341,0.0126747532371839,0.222878294011701));
#4164=CARTESIAN_POINT('',(-0.0357870446268718,0.012674761491791,0.222699635441338));
#4165=CARTESIAN_POINT('',(-0.0403161928560181,0.0126748468199736,0.221933710437075));
#4166=CARTESIAN_POINT('',(-0.0453128853184776,0.0126747734196666,0.220345804715699));
#4167=CARTESIAN_POINT('',(-0.0509228613150331,0.0126747453588502,0.217640007560149));
#4168=CARTESIAN_POINT('',(-0.0571821759010898,0.012674836935002,0.213309296258503));
#4169=CARTESIAN_POINT('',(-0.0635518472067636,0.0126747238763206,0.20676609619865));
#4170=CARTESIAN_POINT('',(-0.0685473819658687,0.0126747608975879,0.198735075258706));
#4171=CARTESIAN_POINT('',(-0.0714568141495264,0.0126747594589015,0.190850224919293));
#4172=CARTESIAN_POINT('',(-0.0728218480538878,0.0126746406376977,0.183721242898104));
#4173=CARTESIAN_POINT('',(-0.0731523539043389,0.0126747315674405,0.176955700071247));
#4174=CARTESIAN_POINT('',(-0.0724718632837419,0.0126747831120841,0.169895282776295));
#4175=CARTESIAN_POINT('',(-0.0708548112048439,0.0126748772739688,0.162814388524054));
#4176=CARTESIAN_POINT('',(-0.0684661818672729,0.0126747059400352,0.155679255241467));
#4177=CARTESIAN_POINT('',(-0.0650965691653831,0.0126748098696366,0.14768568302623));
#4178=CARTESIAN_POINT('',(-0.0577584820888799,0.0126747364970234,0.133154292791067));
#4179=CARTESIAN_POINT('',(-0.0499209655042144,0.0126747516209431,0.120798659980321));
#4180=CARTESIAN_POINT('',(-0.0440070749370494,0.0126747539408253,0.111760290689023));
#4181=CARTESIAN_POINT('',(0.00356187209775314,0.0139484230608565,0.174000000000018));
#4182=CARTESIAN_POINT('',(0.00356215218670065,0.0139484216913005,0.183341096997722));
#4183=CARTESIAN_POINT('',(0.000640455511408701,0.0139484235207201,0.195781759760137));
#4184=CARTESIAN_POINT('',(-0.00715904842988569,0.0139484240055341,0.207619555381149));
#4185=CARTESIAN_POINT('',(-0.0135575261459928,0.0139484191790501,0.213494922051738));
#4186=CARTESIAN_POINT('',(-0.0193528404483701,0.0139484306063082,0.216848344137091));
#4187=CARTESIAN_POINT('',(-0.0242650886571547,0.0139483978354565,0.218600144266555));
#4188=CARTESIAN_POINT('',(-0.0282866778224625,0.0139484039781643,0.219389236304667));
#4189=CARTESIAN_POINT('',(-0.0318404240555493,0.0139484237775504,0.219634727623864));
#4190=CARTESIAN_POINT('',(-0.0354301124016374,0.0139484256367057,0.219474129322439));
#4191=CARTESIAN_POINT('',(-0.0395407372843869,0.0139484448121946,0.218779195290707));
#4192=CARTESIAN_POINT('',(-0.0441074770952037,0.0139484283242624,0.217329785151589));
#4193=CARTESIAN_POINT('',(-0.0492711968831334,0.0139484220048997,0.214840869721407));
#4194=CARTESIAN_POINT('',(-0.0550641711859416,0.013948442597226,0.210833663481362));
#4195=CARTESIAN_POINT('',(-0.0609821611049789,0.013948417174311,0.204757243435254));
#4196=CARTESIAN_POINT('',(-0.06562387098365,0.0139484254970296,0.1972943692093));
#4197=CARTESIAN_POINT('',(-0.0683271922290597,0.0139484251792956,0.189968287364911));
#4198=CARTESIAN_POINT('',(-0.0695978571105536,0.0139483984496809,0.183341078056246));
#4199=CARTESIAN_POINT('',(-0.0699052714866956,0.0139484189077394,0.177035296241185));
#4200=CARTESIAN_POINT('',(-0.069271031418685,0.0139484304974062,0.170436318724262));
#4201=CARTESIAN_POINT('',(-0.0677362634027485,0.0139484516706807,0.163704734904606));
#4202=CARTESIAN_POINT('',(-0.0654401437684293,0.0139484131398131,0.156835568119657));
#4203=CARTESIAN_POINT('',(-0.0621640867208209,0.0139484365113742,0.149063603244417));
#4204=CARTESIAN_POINT('',(-0.0549705530546515,0.0139484200120018,0.134810150240923));
#4205=CARTESIAN_POINT('',(-0.0471952433329567,0.013948423412626,0.122543122213559));
#4206=CARTESIAN_POINT('',(-0.0412988656797696,0.0139484239344325,0.113533061752127));
#4207=CARTESIAN_POINT('',(-9.04373107316476E-18,0.0144007884695718,0.174000000000001));
#4208=CARTESIAN_POINT('',(1.23441161804832E-10,0.0144007891543496,0.182846986227187));
#4209=CARTESIAN_POINT('',(-0.00276486254139779,0.0144007882396416,0.19447355079186));
#4210=CARTESIAN_POINT('',(-0.0099252996590522,0.0144007879972275,0.205317650841761));
#4211=CARTESIAN_POINT('',(-0.0157077717112858,0.0144007904104945,0.2106192658555));
#4212=CARTESIAN_POINT('',(-0.0208803079058457,0.0144007846968006,0.213607976304656));
#4213=CARTESIAN_POINT('',(-0.0252221949445158,0.0144008010822945,0.215156702288527));
#4214=CARTESIAN_POINT('',(-0.0287617484758728,0.0144007980104821,0.215850805843453));
#4215=CARTESIAN_POINT('',(-0.0318836088833466,0.0144007881111235,0.21606540598299));
#4216=CARTESIAN_POINT('',(-0.0350372051581596,0.0144007871813073,0.215924693759568));
#4217=CARTESIAN_POINT('',(-0.0386873522169762,0.0144007775941632,0.215307938261244));
#4218=CARTESIAN_POINT('',(-0.0427811711317311,0.0144007858375007,0.214010799690757));
#4219=CARTESIAN_POINT('',(-0.0474534984088095,0.0144007889975205,0.211760692067187));
#4220=CARTESIAN_POINT('',(-0.0527335744409586,0.0144007787013725,0.20810936055499));
#4221=CARTESIAN_POINT('',(-0.0581543561937656,0.0144007914128317,0.202546646256918));
#4222=CARTESIAN_POINT('',(-0.0624067558897236,0.0144007872515429,0.195708982981686));
#4223=CARTESIAN_POINT('',(-0.0648832884747454,0.0144007874102121,0.188997670661382));
#4224=CARTESIAN_POINT('',(-0.0660500186169314,0.0144008007752416,0.182922711918382));
#4225=CARTESIAN_POINT('',(-0.0663320608036817,0.014400790545968,0.177122961094793));
#4226=CARTESIAN_POINT('',(-0.0657487916179217,0.0144007847511936,0.171031903619092));
#4227=CARTESIAN_POINT('',(-0.0643045319605917,0.0144007741645473,0.164684328580775));
#4228=CARTESIAN_POINT('',(-0.0621101851875919,0.0144007934301229,0.158108062992443));
#4229=CARTESIAN_POINT('',(-0.0589371129387303,0.0144007817443032,0.15057989250146));
#4230=CARTESIAN_POINT('',(-0.0519026364919404,0.0144007899939997,0.136632342357245));
#4231=CARTESIAN_POINT('',(-0.0441957589521782,0.0144007882936873,0.124462763986529));
#4232=CARTESIAN_POINT('',(-0.0383186669348321,0.0144007880327836,0.115483876491569));
#4233=CARTESIAN_POINT('',(-0.00356187209775315,0.0139484230608565,0.173999999999978));
#4234=CARTESIAN_POINT('',(-0.00356215283885028,0.013948421691301,0.182352879613897));
#4235=CARTESIAN_POINT('',(-0.00617017867080382,0.0139484235207134,0.193165334151022));
#4236=CARTESIAN_POINT('',(-0.0126915497011989,0.0139484240055559,0.203015748437147));
#4237=CARTESIAN_POINT('',(-0.0178580258048114,0.013948419178972,0.207743609886373));
#4238=CARTESIAN_POINT('',(-0.0224077670056804,0.0139484306064895,0.210367621333292));
#4239=CARTESIAN_POINT('',(-0.0261795519367883,0.0139483978353657,0.211713320444291));
#4240=CARTESIAN_POINT('',(-0.0292365969690038,0.0139484039799073,0.212312335996779));
#4241=CARTESIAN_POINT('',(-0.0319267094325003,0.0139484237779554,0.212496087579159));
#4242=CARTESIAN_POINT('',(-0.0346441085298442,0.013948425638065,0.212375273589283));
#4243=CARTESIAN_POINT('',(-0.0378338845940394,0.0139484448111525,0.211836720841046));
#4244=CARTESIAN_POINT('',(-0.0414550868049213,0.0139484283257347,0.210691716618));
#4245=CARTESIAN_POINT('',(-0.0456355912592914,0.0139484220050182,0.20868063194695));
#4246=CARTESIAN_POINT('',(-0.0504031099878492,0.0139484425972839,0.20538496466977));
#4247=CARTESIAN_POINT('',(-0.0553265089915505,0.0139484171743623,0.200336075124412));
#4248=CARTESIAN_POINT('',(-0.059189650801168,0.013948425496799,0.194123608704844));
#4249=CARTESIAN_POINT('',(-0.0614394228298426,0.0139484251798559,0.188026916050104));
#4250=CARTESIAN_POINT('',(-0.0625021768484968,0.0139483984493526,0.182504326747445));
#4251=CARTESIAN_POINT('',(-0.0627588413837382,0.0139484189083887,0.177210725134502));
#4252=CARTESIAN_POINT('',(-0.0622266059932845,0.0139484304978194,0.171627755804437));
#4253=CARTESIAN_POINT('',(-0.0608727525150777,0.0139484516711302,0.165663732025381));
#4254=CARTESIAN_POINT('',(-0.0587802408005237,0.0139484131396953,0.159380611701027));
#4255=CARTESIAN_POINT('',(-0.0557101372255705,0.0139484365114129,0.152096172703701));
#4256=CARTESIAN_POINT('',(-0.0488347386050779,0.0139484200119995,0.13845456899479));
#4257=CARTESIAN_POINT('',(-0.0411962611241423,0.0139484234126248,0.126382382941869));
#4258=CARTESIAN_POINT('',(-0.0353384689870063,0.0139484239344333,0.117434692448717));
#4259=CARTESIAN_POINT('',(-0.00679866545514126,0.012674750056233,0.173999999999952));
#4260=CARTESIAN_POINT('',(-0.0067991995754589,0.0126747439663085,0.181903872920899));
#4261=CARTESIAN_POINT('',(-0.00926470383720804,0.0126747521002257,0.191976505700646));
#4262=CARTESIAN_POINT('',(-0.0152053332609439,0.0126747542593908,0.200923932542));
#4263=CARTESIAN_POINT('',(-0.0198120422923839,0.0126747327862555,0.205130411374047));
#4264=CARTESIAN_POINT('',(-0.0237958121546401,0.0126747836318005,0.207423003043461));
#4265=CARTESIAN_POINT('',(-0.0270498437444407,0.0126746377950045,0.208584327882387));
#4266=CARTESIAN_POINT('',(-0.0296678161131885,0.0126746652548786,0.209096794958958));
#4267=CARTESIAN_POINT('',(-0.0319657651463644,0.0126747532251058,0.20925253023458));
#4268=CARTESIAN_POINT('',(-0.0342866452973826,0.0126747614482435,0.209149811039049));
#4269=CARTESIAN_POINT('',(-0.0370582029698857,0.0126748467644159,0.208682314749104));
#4270=CARTESIAN_POINT('',(-0.0402502875612257,0.0126747734821862,0.20767542880078));
#4271=CARTESIAN_POINT('',(-0.0439833557798852,0.0126747453400095,0.205881815597001));
#4272=CARTESIAN_POINT('',(-0.0482854662573944,0.0126748369349617,0.202909078417756));
#4273=CARTESIAN_POINT('',(-0.0527567075237842,0.0126747238781319,0.198327293409748));
#4274=CARTESIAN_POINT('',(-0.0562661671235388,0.0126747608920437,0.19268293500574));
#4275=CARTESIAN_POINT('',(-0.0583099043934583,0.012674759454143,0.187144604080306));
#4276=CARTESIAN_POINT('',(-0.0592781768928642,0.0126746406266873,0.182124110121373));
#4277=CARTESIAN_POINT('',(-0.059511735695485,0.012674731593146,0.177290591413885));
#4278=CARTESIAN_POINT('',(-0.0590259193465284,0.0126747830510607,0.172169507575938));
#4279=CARTESIAN_POINT('',(-0.057754076610572,0.0126748773211083,0.166553570742123));
#4280=CARTESIAN_POINT('',(-0.0557542405473957,0.0126747059276937,0.160537068168414));
#4281=CARTESIAN_POINT('',(-0.0527776496061546,0.01267480987347,0.153474068680562));
#4282=CARTESIAN_POINT('',(-0.0460468588889937,0.0126747364963642,0.14011051770584));
#4283=CARTESIAN_POINT('',(-0.0384705034658107,0.0126747516209737,0.128126784928264));
#4284=CARTESIAN_POINT('',(-0.0326302618319278,0.0126747539408912,0.119207466723315));
#4285=CARTESIAN_POINT('',(-0.00947876019932891,0.0107937531847998,0.173999999999926));
#4286=CARTESIAN_POINT('',(-0.00947950109731199,0.01079374270334,0.181532095423999));
#4287=CARTESIAN_POINT('',(-0.01182699968092,0.0107937567012916,0.190992138022123));
#4288=CARTESIAN_POINT('',(-0.0172867677913902,0.0107937604230427,0.199191889284526));
#4289=CARTESIAN_POINT('',(-0.0214299941442743,0.0107937234464886,0.202966668526231));
#4290=CARTESIAN_POINT('',(-0.0249451154852715,0.0107938110125243,0.204984828517908));
#4291=CARTESIAN_POINT('',(-0.0277707854183344,0.0107935597791057,0.205993641698455));
#4292=CARTESIAN_POINT('',(-0.0300245499823846,0.0107936072428702,0.206434291720945));
#4293=CARTESIAN_POINT('',(-0.031997979179257,0.0107937585757101,0.206566837385787));
#4294=CARTESIAN_POINT('',(-0.033990400529237,0.0107937725874582,0.206479114317776));
#4295=CARTESIAN_POINT('',(-0.0364158240986184,0.0107939196608135,0.206070428701677));
#4296=CARTESIAN_POINT('',(-0.0392529556229801,0.0107937934721384,0.205177787958934));
#4297=CARTESIAN_POINT('',(-0.0426150562083874,0.0107937450218143,0.20356450378993));
#4298=CARTESIAN_POINT('',(-0.0465321498538044,0.0107939027252129,0.20085888088296));
#4299=CARTESIAN_POINT('',(-0.0506288518746775,0.0107937081214965,0.196664044245769));
#4300=CARTESIAN_POINT('',(-0.0538455022348015,0.0107937718510693,0.191490050779064));
#4301=CARTESIAN_POINT('',(-0.0557186682024171,0.0107937692907685,0.186413898367362));
#4302=CARTESIAN_POINT('',(-0.0566087357974356,0.0107935648744984,0.181809274748708));
#4303=CARTESIAN_POINT('',(-0.0568231061188848,0.0107937213857523,0.177356826630605));
#4304=CARTESIAN_POINT('',(-0.0563757506227686,0.0107938098165856,0.17261832465656));
#4305=CARTESIAN_POINT('',(-0.0551716709686545,0.0107939722945959,0.167290224429738));
#4306=CARTESIAN_POINT('',(-0.0532487211109142,0.0107936772139043,0.161494661999117));
#4307=CARTESIAN_POINT('',(-0.050349488629784,0.0107938561504014,0.154614985354773));
#4308=CARTESIAN_POINT('',(-0.0437384891368008,0.0107937298414666,0.141481680035067));
#4309=CARTESIAN_POINT('',(-0.0362135411136238,0.010793755879039,0.129571150630126));
#4310=CARTESIAN_POINT('',(-0.0303878399091752,0.0107937598710578,0.120675342194701));
#4311=CARTESIAN_POINT('',(-0.0115054718297349,0.00856804542374603,0.173999999999903));
#4312=CARTESIAN_POINT('',(-0.0115063664557664,0.00856803307593611,0.181250956954822));
#4313=CARTESIAN_POINT('',(-0.013764631524775,0.00856804956444022,0.190247745579599));
#4314=CARTESIAN_POINT('',(-0.0188607656351092,0.00856805395630593,0.197882102125111));
#4315=CARTESIAN_POINT('',(-0.022653511618931,0.0085680103707331,0.20133043484091));
#4316=CARTESIAN_POINT('',(-0.0258142163223389,0.00856811360330342,0.203141055916085));
#4317=CARTESIAN_POINT('',(-0.0283162623105304,0.0085678173032703,0.204034669269802));
#4318=CARTESIAN_POINT('',(-0.0302940318656474,0.00856787344748396,0.204420874712387));
#4319=CARTESIAN_POINT('',(-0.0320222260869898,0.00856805166756128,0.204535894799685));
#4320=CARTESIAN_POINT('',(-0.033766148681936,0.0085680679534916,0.204459524857046));
#4321=CARTESIAN_POINT('',(-0.0359299672266858,0.00856824160958892,0.204095288932241));
#4322=CARTESIAN_POINT('',(-0.0384989658287445,0.00856809280614016,0.203288948239035));
#4323=CARTESIAN_POINT('',(-0.0415801533788543,0.00856803574774825,0.201812236538378));
#4324=CARTESIAN_POINT('',(-0.0452063610817037,0.00856822160425647,0.199308392692961));
#4325=CARTESIAN_POINT('',(-0.0490197209305782,0.0085679923261466,0.195406312270778));
#4326=CARTESIAN_POINT('',(-0.0520149785875316,0.00856806743868265,0.190587985698681));
#4327=CARTESIAN_POINT('',(-0.0537591773842537,0.00856806430112594,0.185861224529968));
#4328=CARTESIAN_POINT('',(-0.0545901305156482,0.00856782362257651,0.181571184494183));
#4329=CARTESIAN_POINT('',(-0.0547899447390669,0.0085680079219395,0.177406994167488));
#4330=CARTESIAN_POINT('',(-0.0543716875714381,0.00856811194582409,0.172957892617925));
#4331=CARTESIAN_POINT('',(-0.053218745264212,0.00856830362850487,0.167847195585029));
#4332=CARTESIAN_POINT('',(-0.0513540533513862,0.00856795590237902,0.162218827062085));
#4333=CARTESIAN_POINT('',(-0.0485132636283113,0.00856816673910171,0.155477762823547));
#4334=CARTESIAN_POINT('',(-0.0419928934244974,0.00856801791775657,0.142518578218595));
#4335=CARTESIAN_POINT('',(-0.0345067997466285,0.00856804859905226,0.130663383560423));
#4336=CARTESIAN_POINT('',(-0.0286920990942212,0.00856805330098389,0.121785364258269));
#4337=CARTESIAN_POINT('',(-0.0128993524817316,0.00623406512021613,0.173999999999885));
#4338=CARTESIAN_POINT('',(-0.0129003512109746,0.00623405383673341,0.181057604325809));
#4339=CARTESIAN_POINT('',(-0.0150972477872147,0.00623406890228992,0.189735783376745));
#4340=CARTESIAN_POINT('',(-0.0199432889058676,0.00623407292206919,0.196981289357249));
#4341=CARTESIAN_POINT('',(-0.0234949975643813,0.00623403307167346,0.200205112131473));
#4342=CARTESIAN_POINT('',(-0.0264119337236759,0.00623412747180252,0.201872990894194));
#4343=CARTESIAN_POINT('',(-0.028691620751885,0.00623385641133066,0.202687459696547));
#4344=CARTESIAN_POINT('',(-0.0304791735581947,0.00623390789183382,0.20303612776847));
#4345=CARTESIAN_POINT('',(-0.0320388212358909,0.0062340707193372,0.203139106132488));
#4346=CARTESIAN_POINT('',(-0.0336117625843161,0.00623408539817486,0.20307055407685));
#4347=CARTESIAN_POINT('',(-0.0355957656668785,0.00623424446524793,0.202736873550283));
#4348=CARTESIAN_POINT('',(-0.0379805320550375,0.00623410833566898,0.201989826558513));
#4349=CARTESIAN_POINT('',(-0.0408682816695227,0.00623405623032459,0.200607170638496));
#4350=CARTESIAN_POINT('',(-0.0442945954469488,0.00623422612346442,0.198241970446561));
#4351=CARTESIAN_POINT('',(-0.0479130166128209,0.00623401659116177,0.194541320317445));
#4352=CARTESIAN_POINT('',(-0.0507560301226408,0.00623408525898109,0.189967588797436));
#4353=CARTESIAN_POINT('',(-0.0524115432105727,0.00623408228986973,0.185481056463093));
#4354=CARTESIAN_POINT('',(-0.0532018545853355,0.00623386246846468,0.181407431444217));
#4355=CARTESIAN_POINT('',(-0.0533916311518618,0.00623403081316437,0.177441544970024));
#4356=CARTESIAN_POINT('',(-0.0529933933694621,0.00623412575822316,0.173191525981738));
#4357=CARTESIAN_POINT('',(-0.051875560602001,0.00623430112756796,0.168230205126818));
#4358=CARTESIAN_POINT('',(-0.050051003010308,0.00623398329821885,0.162716887845441));
#4359=CARTESIAN_POINT('',(-0.0472503745253088,0.0062341759906032,0.156071145986542));
#4360=CARTESIAN_POINT('',(-0.0407923593174706,0.00623403998055235,0.143231716391008));
#4361=CARTESIAN_POINT('',(-0.0333329769724876,0.00623406802280595,0.131414567289596));
#4362=CARTESIAN_POINT('',(-0.0275258444143675,0.00623407231882152,0.1225487881028));
#4363=CARTESIAN_POINT('',(-0.0137510508276084,0.00396198623022091,0.173999999999874));
#4364=CARTESIAN_POINT('',(-0.0137521124340737,0.00396197810661028,0.180939461438472));
#4365=CARTESIAN_POINT('',(-0.015911512316184,0.00396198895221416,0.189422959592739));
#4366=CARTESIAN_POINT('',(-0.0206047388240759,0.00396199184980528,0.196430868506423));
#4367=CARTESIAN_POINT('',(-0.0240091712083649,0.00396196314745376,0.19951751205316));
#4368=CARTESIAN_POINT('',(-0.0267771486566539,0.00396203114749868,0.201098168751314));
#4369=CARTESIAN_POINT('',(-0.0289210785975045,0.00396183582950841,0.201864318670053));
#4370=CARTESIAN_POINT('',(-0.0305922008269454,0.00396187298072619,0.202190003752565));
#4371=CARTESIAN_POINT('',(-0.032048919373252,0.00396199019887157,0.202285631944309));
#4372=CARTESIAN_POINT('',(-0.0335173505536383,0.00396200065475486,0.202221862066953));
#4373=CARTESIAN_POINT('',(-0.0353915363247923,0.00396211539157172,0.201906844613001));
#4374=CARTESIAN_POINT('',(-0.0376638144168628,0.00396201729526299,0.201195999115354));
#4375=CARTESIAN_POINT('',(-0.0404332570656982,0.00396197980569295,0.199870872847399));
#4376=CARTESIAN_POINT('',(-0.0437375063902781,0.00396210214951246,0.197590327876866));
#4377=CARTESIAN_POINT('',(-0.04723678290921,0.00396195128727075,0.194012795804375));
#4378=CARTESIAN_POINT('',(-0.0499867803430247,0.00396200074044672,0.189588510916163));
#4379=CARTESIAN_POINT('',(-0.0515881095346623,0.0039619985500696,0.185248734794396));
#4380=CARTESIAN_POINT('',(-0.052353593773873,0.00396184034508281,0.181307371505382));
#4381=CARTESIAN_POINT('',(-0.0525372255176841,0.00396196151016946,0.177462678078445));
#4382=CARTESIAN_POINT('',(-0.0521512229416021,0.00396202981299569,0.17333432248557));
#4383=CARTESIAN_POINT('',(-0.0510548168666052,0.00396215617344816,0.168464213152612));
#4384=CARTESIAN_POINT('',(-0.0492548115846033,0.00396192731375463,0.163021221641616));
#4385=CARTESIAN_POINT('',(-0.0464787082648724,0.00396206605793044,0.156433720672513));
#4386=CARTESIAN_POINT('',(-0.0400588041218209,0.0039619681285454,0.143667465458552));
#4387=CARTESIAN_POINT('',(-0.0326157385748672,0.00396198832042902,0.131873558745584));
#4388=CARTESIAN_POINT('',(-0.0268132312681577,0.0039619914130879,0.123015260842596));
#4389=CARTESIAN_POINT('',(-0.0141055453111305,0.00220865600412036,0.173999999999869));
#4390=CARTESIAN_POINT('',(-0.0141066329070356,0.00220865128707389,0.180890288102039));
#4391=CARTESIAN_POINT('',(-0.0162504261716654,0.00220865758445751,0.189292755567872));
#4392=CARTESIAN_POINT('',(-0.0208800477597362,0.00220865926777206,0.196201771912461));
#4393=CARTESIAN_POINT('',(-0.0242231818312338,0.00220864259880722,0.199231319206533));
#4394=CARTESIAN_POINT('',(-0.0269291568074858,0.00220868209188831,0.20077567164121));
#4395=CARTESIAN_POINT('',(-0.0290166116395975,0.00220856864061034,0.20152172074278));
#4396=CARTESIAN_POINT('',(-0.0306392184468122,0.00220859023173886,0.201837827366682));
#4397=CARTESIAN_POINT('',(-0.0320531109756235,0.00220865829378549,0.201930398614398));
#4398=CARTESIAN_POINT('',(-0.0334780335450932,0.00220866433951051,0.20186862063755));
#4399=CARTESIAN_POINT('',(-0.035306526049708,0.00220873101239104,0.201561369324226));
#4400=CARTESIAN_POINT('',(-0.0375320050961646,0.0022086740310872,0.200865584251353));
#4401=CARTESIAN_POINT('',(-0.040252177683882,0.0022086522684121,0.199564417961357));
#4402=CARTESIAN_POINT('',(-0.0435056405152525,0.00220872331452267,0.197319093275373));
#4403=CARTESIAN_POINT('',(-0.0469553184716213,0.00220863571328092,0.193792815122424));
#4404=CARTESIAN_POINT('',(-0.0496666030166133,0.00220866443208539,0.189430731157731));
#4405=CARTESIAN_POINT('',(-0.0512453811026933,0.0022086631486349,0.185152030544776));
#4406=CARTESIAN_POINT('',(-0.0520005331827246,0.00220857129785672,0.181265723870135));
#4407=CARTESIAN_POINT('',(-0.052181604543585,0.00220864164560119,0.177471479508163));
#4408=CARTESIAN_POINT('',(-0.0518006951882136,0.00220868129502215,0.173393767052698));
#4409=CARTESIAN_POINT('',(-0.0507132010156375,0.00220875468917955,0.168561607119636));
#4410=CARTESIAN_POINT('',(-0.0489234219640663,0.00220862179199855,0.163147892937232));
#4411=CARTESIAN_POINT('',(-0.0461575230320517,0.00220870235806558,0.15658463218025));
#4412=CARTESIAN_POINT('',(-0.0397534840324707,0.00220864549274695,0.143848833835931));
#4413=CARTESIAN_POINT('',(-0.0323172088032878,0.00220865721791819,0.132064600055493));
#4414=CARTESIAN_POINT('',(-0.0265166268370899,0.00220865901364017,0.123209416539912));
#4415=CARTESIAN_POINT('',(-0.0142314896903727,0.000906800707601116,0.173999999999867));
#4416=CARTESIAN_POINT('',(-0.0142325865068907,0.000906798741929292,0.180872817870036));
#4417=CARTESIAN_POINT('',(-0.0163708350915786,0.000906801366122997,0.189246496816075));
#4418=CARTESIAN_POINT('',(-0.0209778591750809,0.00090680206770569,0.19612037874363));
#4419=CARTESIAN_POINT('',(-0.0242992153403688,0.000906795121075712,0.199129640990205));
#4420=CARTESIAN_POINT('',(-0.0269831619379405,0.000906811579711661,0.200661095245401));
#4421=CARTESIAN_POINT('',(-0.0290505545856166,0.000906764297069588,0.201400003718684));
#4422=CARTESIAN_POINT('',(-0.0306559208265122,0.000906773297239499,0.201712706394742));
#4423=CARTESIAN_POINT('',(-0.0320545993033344,0.000906801659569239,0.201804191761496));
#4424=CARTESIAN_POINT('',(-0.0334640635079371,0.000906804175159608,0.201743121575221));
#4425=CARTESIAN_POINT('',(-0.0352763232870402,0.000906831966200387,0.201438629275232));
#4426=CARTESIAN_POINT('',(-0.0374851771297457,0.00090680821808474,0.200748194314143));
#4427=CARTESIAN_POINT('',(-0.040187843071372,0.000906799150097301,0.19945554157212));
#4428=CARTESIAN_POINT('',(-0.0434232639239229,0.000906828757083806,0.197222728835819));
#4429=CARTESIAN_POINT('',(-0.0468553199784395,0.000906792251939142,0.193714660800901));
#4430=CARTESIAN_POINT('',(-0.049552850822092,0.000906804220037755,0.189374675374206));
#4431=CARTESIAN_POINT('',(-0.0511236170746749,0.000906803683497006,0.185117673063525));
#4432=CARTESIAN_POINT('',(-0.0518750984535963,0.000906765409574647,0.181250927303372));
#4433=CARTESIAN_POINT('',(-0.0520552599702757,0.000906794723490973,0.177474606854329));
#4434=CARTESIAN_POINT('',(-0.0516761601755311,0.000906811244409201,0.173414887128026));
#4435=CARTESIAN_POINT('',(-0.0505918317689476,0.000906841832185446,0.168596208782887));
#4436=CARTESIAN_POINT('',(-0.0488056863746382,0.000906786450585137,0.163192896653077));
#4437=CARTESIAN_POINT('',(-0.0460434126002803,0.000906820024246501,0.15663824787092));
#4438=CARTESIAN_POINT('',(-0.0396450103270296,0.000906796327266915,0.143913270218434));
#4439=CARTESIAN_POINT('',(-0.0322111474796881,0.000906801213425871,0.132132472955372));
#4440=CARTESIAN_POINT('',(-0.0264112495608203,0.000906801961723891,0.123278395951548));
#4441=CARTESIAN_POINT('',(-0.0142592551548137,2.67578132538517E-18,0.173999999999866));
#4442=CARTESIAN_POINT('',(-0.0142603540020619,-9.08831368457644E-16,0.180868966417058));
#4443=CARTESIAN_POINT('',(-0.0163973802200892,9.50054929376121E-16,0.189236298694154));
#4444=CARTESIAN_POINT('',(-0.0209994224959471,1.81865435121455E-17,0.196102434956013));
#4445=CARTESIAN_POINT('',(-0.0243159775574022,-7.02361958227755E-16,0.19910722520512));
#4446=CARTESIAN_POINT('',(-0.026995067787078,2.85040590069025E-16,0.200635835944573));
#4447=CARTESIAN_POINT('',(-0.0290580379046394,-4.07928867678143E-16,0.201373170327236));
#4448=CARTESIAN_POINT('',(-0.0306596026967748,-7.4339941135502E-16,0.201685122432769));
#4449=CARTESIAN_POINT('',(-0.0320549272855667,-4.37164820015334E-16,0.201776368436049));
#4450=CARTESIAN_POINT('',(-0.0334609834622507,6.80229459934365E-16,0.201715454304834));
#4451=CARTESIAN_POINT('',(-0.035269664777019,1.83003458120631E-16,0.201411570231274));
#4452=CARTESIAN_POINT('',(-0.0374748536936341,-9.02454289265236E-16,0.200722314662228));
#4453=CARTESIAN_POINT('',(-0.0401736598340736,8.44992886968898E-16,0.199431538969484));
#4454=CARTESIAN_POINT('',(-0.0434051034022707,-1.51401672396174E-16,0.197201484426353));
#4455=CARTESIAN_POINT('',(-0.046833274473756,3.61471185786823E-16,0.193697431068233));
#4456=CARTESIAN_POINT('',(-0.0495277732281341,-1.36098068665936E-16,0.189362317423463));
#4457=CARTESIAN_POINT('',(-0.0510967732219212,1.68095994104785E-16,0.18511009859666));
#4458=CARTESIAN_POINT('',(-0.0518474453803229,1.87602089703128E-17,0.18124766527274));
#4459=CARTESIAN_POINT('',(-0.0520274062835915,-3.04626309960394E-16,0.177475296363712));
#4460=CARTESIAN_POINT('',(-0.0516487054287123,3.04833559159709E-16,0.173419543328485));
#4461=CARTESIAN_POINT('',(-0.0505650748706775,-5.04901266438417E-16,0.168603836945872));
#4462=CARTESIAN_POINT('',(-0.0487797306240474,-1.14156961844724E-16,0.163202818102915));
#4463=CARTESIAN_POINT('',(-0.0460182560063958,1.2434249547373E-15,0.156650067891369));
#4464=CARTESIAN_POINT('',(-0.0396210964234616,-1.83779222050077E-15,0.143927475750426));
#4465=CARTESIAN_POINT('',(-0.0321877653935229,7.94470800819873E-16,0.132147436084305));
#4466=CARTESIAN_POINT('',(-0.0263880182808151,-3.32395770956348E-16,0.123293603025754));
#4467=CARTESIAN_POINT('',(-0.0142314896903727,-0.000906800707601113,0.173999999999867));
#4468=CARTESIAN_POINT('',(-0.0142325865068895,-0.000906798741930921,0.180872817870037));
#4469=CARTESIAN_POINT('',(-0.0163708350915795,-0.000906801366121287,0.189246496816074));
#4470=CARTESIAN_POINT('',(-0.0209778591750813,-0.000906802067705673,0.196120378743631));
#4471=CARTESIAN_POINT('',(-0.0242992153403684,-0.000906795121076982,0.199129640990206));
#4472=CARTESIAN_POINT('',(-0.0269831619379406,-0.000906811579711178,0.200661095245401));
#4473=CARTESIAN_POINT('',(-0.0290505545856171,-0.000906764297070371,0.201400003718685));
#4474=CARTESIAN_POINT('',(-0.0306559208265123,-0.000906773297240863,0.201712706394743));
#4475=CARTESIAN_POINT('',(-0.0320545993033332,-0.00090680165957004,0.201804191761497));
#4476=CARTESIAN_POINT('',(-0.0334640635079368,-0.000906804175158425,0.20174312157522));
#4477=CARTESIAN_POINT('',(-0.035276323287041,-0.000906831966200091,0.201438629275231));
#4478=CARTESIAN_POINT('',(-0.0374851771297457,-0.000906808218086282,0.200748194314144));
#4479=CARTESIAN_POINT('',(-0.0401878430713713,-0.000906799150095754,0.199455541572119));
#4480=CARTESIAN_POINT('',(-0.0434232639239243,-0.000906828757084097,0.197222728835819));
#4481=CARTESIAN_POINT('',(-0.0468553199784384,-0.000906792251938497,0.193714660800901));
#4482=CARTESIAN_POINT('',(-0.0495528508220924,-0.000906804220038008,0.189374675374206));
#4483=CARTESIAN_POINT('',(-0.0511236170746745,-0.000906803683496701,0.185117673063525));
#4484=CARTESIAN_POINT('',(-0.0518750984535962,-0.000906765409574607,0.181250927303371));
#4485=CARTESIAN_POINT('',(-0.052055259970276,-0.000906794723491516,0.177474606854329));
#4486=CARTESIAN_POINT('',(-0.0516761601755307,-0.000906811244408646,0.173414887128026));
#4487=CARTESIAN_POINT('',(-0.0505918317689483,-0.000906841832186336,0.168596208782887));
#4488=CARTESIAN_POINT('',(-0.0488056863746384,-0.000906786450585351,0.163192896653077));
#4489=CARTESIAN_POINT('',(-0.0460434126002794,-0.000906820024244287,0.156638247870922));
#4490=CARTESIAN_POINT('',(-0.0396450103270303,-0.000906796327270141,0.14391327021843));
#4491=CARTESIAN_POINT('',(-0.0322111474796877,-0.000906801213424483,0.132132472955374));
#4492=CARTESIAN_POINT('',(-0.0264112495608208,-0.00090680196172449,0.123278395951548));
#4493=CARTESIAN_POINT('',(-0.0141055453111305,-0.00220865600412036,0.173999999999869));
#4494=CARTESIAN_POINT('',(-0.014106632907033,-0.00220865128707536,0.18089028810204));
#4495=CARTESIAN_POINT('',(-0.0162504261716675,-0.00220865758445596,0.18929275556787));
#4496=CARTESIAN_POINT('',(-0.0208800477597373,-0.00220865926777204,0.196201771912462));
#4497=CARTESIAN_POINT('',(-0.0242231818312328,-0.00220864259880835,0.199231319206535));
#4498=CARTESIAN_POINT('',(-0.0269291568074859,-0.00220868209188786,0.200775671641209));
#4499=CARTESIAN_POINT('',(-0.0290166116395984,-0.00220856864061103,0.201521720742782));
#4500=CARTESIAN_POINT('',(-0.0306392184468127,-0.00220859023174006,0.201837827366685));
#4501=CARTESIAN_POINT('',(-0.0320531109756209,-0.00220865829378618,0.201930398614399));
#4502=CARTESIAN_POINT('',(-0.0334780335450931,-0.00220866433950945,0.201868620637547));
#4503=CARTESIAN_POINT('',(-0.0353065260497095,-0.00220873101239075,0.201561369324225));
#4504=CARTESIAN_POINT('',(-0.0375320050961648,-0.00220867403108864,0.200865584251356));
#4505=CARTESIAN_POINT('',(-0.0402521776838804,-0.00220865226841071,0.199564417961355));
#4506=CARTESIAN_POINT('',(-0.0435056405152559,-0.00220872331452293,0.197319093275371));
#4507=CARTESIAN_POINT('',(-0.0469553184716187,-0.00220863571328033,0.193792815122426));
#4508=CARTESIAN_POINT('',(-0.0496666030166143,-0.00220866443208562,0.18943073115773));
#4509=CARTESIAN_POINT('',(-0.0512453811026926,-0.00220866314863462,0.185152030544777));
#4510=CARTESIAN_POINT('',(-0.0520005331827247,-0.00220857129785668,0.181265723870135));
#4511=CARTESIAN_POINT('',(-0.052181604543586,-0.00220864164560167,0.177471479508163));
#4512=CARTESIAN_POINT('',(-0.0518006951882126,-0.00220868129502165,0.173393767052698));
#4513=CARTESIAN_POINT('',(-0.050713201015639,-0.00220875468918036,0.168561607119636));
#4514=CARTESIAN_POINT('',(-0.0489234219640666,-0.00220862179199874,0.163147892937232));
#4515=CARTESIAN_POINT('',(-0.0461575230320496,-0.00220870235806357,0.156584632180254));
#4516=CARTESIAN_POINT('',(-0.0397534840324721,-0.00220864549274988,0.143848833835922));
#4517=CARTESIAN_POINT('',(-0.0323172088032868,-0.00220865721791693,0.132064600055496));
#4518=CARTESIAN_POINT('',(-0.0265166268370911,-0.0022086590136407,0.123209416539912));
#4519=CARTESIAN_POINT('',(-0.0137510508276084,-0.0039619862302209,0.173999999999874));
#4520=CARTESIAN_POINT('',(-0.0137521124340694,-0.00396197810661147,0.180939461438473));
#4521=CARTESIAN_POINT('',(-0.0159115123161876,-0.00396198895221291,0.189422959592735));
#4522=CARTESIAN_POINT('',(-0.0206047388240776,-0.00396199184980526,0.196430868506425));
#4523=CARTESIAN_POINT('',(-0.0240091712083632,-0.00396196314745468,0.199517512053164));
#4524=CARTESIAN_POINT('',(-0.026777148656654,-0.00396203114749833,0.201098168751313));
#4525=CARTESIAN_POINT('',(-0.0289210785975061,-0.00396183582950897,0.201864318670056));
#4526=CARTESIAN_POINT('',(-0.0305922008269459,-0.00396187298072717,0.202190003752569));
#4527=CARTESIAN_POINT('',(-0.032048919373248,-0.00396199019887217,0.202285631944311));
#4528=CARTESIAN_POINT('',(-0.0335173505536377,-0.00396200065475399,0.20222186206695));
#4529=CARTESIAN_POINT('',(-0.0353915363247949,-0.0039621153915715,0.201906844612999));
#4530=CARTESIAN_POINT('',(-0.0376638144168632,-0.00396201729526412,0.201195999115359));
#4531=CARTESIAN_POINT('',(-0.0404332570656956,-0.00396197980569182,0.199870872847396));
#4532=CARTESIAN_POINT('',(-0.0437375063902837,-0.00396210214951266,0.197590327876862));
#4533=CARTESIAN_POINT('',(-0.0472367829092057,-0.00396195128727028,0.194012795804377));
#4534=CARTESIAN_POINT('',(-0.0499867803430265,-0.00396200074044691,0.189588510916161));
#4535=CARTESIAN_POINT('',(-0.0515881095346609,-0.00396199855006938,0.185248734794397));
#4536=CARTESIAN_POINT('',(-0.0523535937738731,-0.00396184034508278,0.181307371505381));
#4537=CARTESIAN_POINT('',(-0.0525372255176857,-0.00396196151016986,0.177462678078446));
#4538=CARTESIAN_POINT('',(-0.0521512229416004,-0.00396202981299528,0.173334322485569));
#4539=CARTESIAN_POINT('',(-0.0510548168666079,-0.00396215617344881,0.168464213152611));
#4540=CARTESIAN_POINT('',(-0.0492548115846038,-0.00396192731375478,0.163021221641616));
#4541=CARTESIAN_POINT('',(-0.0464787082648689,-0.00396206605792882,0.156433720672521));
#4542=CARTESIAN_POINT('',(-0.0400588041218234,-0.00396196812854777,0.143667465458537));
#4543=CARTESIAN_POINT('',(-0.0326157385748654,-0.00396198832042801,0.131873558745589));
#4544=CARTESIAN_POINT('',(-0.0268132312681596,-0.00396199141308834,0.123015260842596));
#4545=CARTESIAN_POINT('',(-0.0128993524817316,-0.00623406512021614,0.173999999999885));
#4546=CARTESIAN_POINT('',(-0.0129003512109683,-0.00623405383673424,0.181057604325812));
#4547=CARTESIAN_POINT('',(-0.01509724778722,-0.00623406890228905,0.18973578337674));
#4548=CARTESIAN_POINT('',(-0.0199432889058697,-0.00623407292206919,0.196981289357252));
#4549=CARTESIAN_POINT('',(-0.0234949975643793,-0.00623403307167409,0.200205112131478));
#4550=CARTESIAN_POINT('',(-0.0264119337236761,-0.00623412747180228,0.201872990894192));
#4551=CARTESIAN_POINT('',(-0.028691620751887,-0.00623385641133104,0.202687459696551));
#4552=CARTESIAN_POINT('',(-0.0304791735581956,-0.00623390789183451,0.203036127768476));
#4553=CARTESIAN_POINT('',(-0.0320388212358858,-0.00623407071933757,0.203139106132491));
#4554=CARTESIAN_POINT('',(-0.0336117625843153,-0.00623408539817426,0.203070554076845));
#4555=CARTESIAN_POINT('',(-0.0355957656668818,-0.00623424446524777,0.202736873550281));
#4556=CARTESIAN_POINT('',(-0.0379805320550377,-0.00623410833566978,0.20198982655852));
#4557=CARTESIAN_POINT('',(-0.0408682816695193,-0.00623405623032382,0.200607170638491));
#4558=CARTESIAN_POINT('',(-0.0442945954469566,-0.00623422612346456,0.198241970446555));
#4559=CARTESIAN_POINT('',(-0.0479130166128148,-0.00623401659116145,0.194541320317448));
#4560=CARTESIAN_POINT('',(-0.0507560301226434,-0.00623408525898121,0.189967588797435));
#4561=CARTESIAN_POINT('',(-0.0524115432105708,-0.00623408228986958,0.185481056463094));
#4562=CARTESIAN_POINT('',(-0.0532018545853356,-0.00623386246846467,0.181407431444216));
#4563=CARTESIAN_POINT('',(-0.053391631151864,-0.00623403081316464,0.177441544970025));
#4564=CARTESIAN_POINT('',(-0.0529933933694597,-0.00623412575822289,0.173191525981737));
#4565=CARTESIAN_POINT('',(-0.0518755606020048,-0.0062343011275684,0.168230205126817));
#4566=CARTESIAN_POINT('',(-0.0500510030103088,-0.00623398329821897,0.162716887845441));
#4567=CARTESIAN_POINT('',(-0.0472503745253037,-0.00623417599060208,0.156071145986554));
#4568=CARTESIAN_POINT('',(-0.040792359317474,-0.00623403998055399,0.143231716390986));
#4569=CARTESIAN_POINT('',(-0.033332976972485,-0.00623406802280523,0.131414567289603));
#4570=CARTESIAN_POINT('',(-0.0275258444143704,-0.00623407231882183,0.1225487881028));
#4571=CARTESIAN_POINT('',(-0.0115054718297349,-0.00856804542374603,0.173999999999903));
#4572=CARTESIAN_POINT('',(-0.0115063664557584,-0.00856803307593656,0.181250956954825));
#4573=CARTESIAN_POINT('',(-0.013764631524782,-0.00856804956443975,0.190247745579593));
#4574=CARTESIAN_POINT('',(-0.0188607656351112,-0.00856805395630593,0.197882102125114));
#4575=CARTESIAN_POINT('',(-0.0226535116189288,-0.00856801037073345,0.201330434840916));
#4576=CARTESIAN_POINT('',(-0.0258142163223391,-0.00856811360330329,0.203141055916082));
#4577=CARTESIAN_POINT('',(-0.0283162623105324,-0.00856781730327051,0.204034669269807));
#4578=CARTESIAN_POINT('',(-0.0302940318656482,-0.00856787344748433,0.204420874712394));
#4579=CARTESIAN_POINT('',(-0.0320222260869845,-0.00856805166756151,0.204535894799688));
#4580=CARTESIAN_POINT('',(-0.0337661486819351,-0.00856806795349125,0.20445952485704));
#4581=CARTESIAN_POINT('',(-0.0359299672266894,-0.00856824160958885,0.204095288932238));
#4582=CARTESIAN_POINT('',(-0.0384989658287449,-0.00856809280614059,0.203288948239044));
#4583=CARTESIAN_POINT('',(-0.0415801533788505,-0.00856803574774781,0.201812236538372));
#4584=CARTESIAN_POINT('',(-0.0452063610817131,-0.00856822160425655,0.199308392692954));
#4585=CARTESIAN_POINT('',(-0.0490197209305707,-0.00856799232614642,0.195406312270782));
#4586=CARTESIAN_POINT('',(-0.0520149785875346,-0.00856806743868272,0.190587985698679));
#4587=CARTESIAN_POINT('',(-0.0537591773842514,-0.00856806430112585,0.18586122452997));
#4588=CARTESIAN_POINT('',(-0.0545901305156482,-0.00856782362257649,0.181571184494182));
#4589=CARTESIAN_POINT('',(-0.0547899447390698,-0.00856800792193965,0.177406994167489));
#4590=CARTESIAN_POINT('',(-0.054371687571435,-0.00856811194582394,0.172957892617924));
#4591=CARTESIAN_POINT('',(-0.0532187452642168,-0.00856830362850512,0.167847195585028));
#4592=CARTESIAN_POINT('',(-0.0513540533513869,-0.00856795590237908,0.162218827062084));
#4593=CARTESIAN_POINT('',(-0.0485132636283051,-0.00856816673910109,0.155477762823561));
#4594=CARTESIAN_POINT('',(-0.0419928934245015,-0.00856801791775746,0.142518578218566));
#4595=CARTESIAN_POINT('',(-0.0345067997466254,-0.00856804859905188,0.130663383560432));
#4596=CARTESIAN_POINT('',(-0.0286920990942247,-0.00856805330098406,0.121785364258268));
#4597=CARTESIAN_POINT('',(-0.00947876019932892,-0.0107937531847998,0.173999999999926));
#4598=CARTESIAN_POINT('',(-0.00947950109730274,-0.0107937427033401,0.181532095424001));
#4599=CARTESIAN_POINT('',(-0.0118269996809286,-0.0107937567012914,0.190992138022118));
#4600=CARTESIAN_POINT('',(-0.0172867677913915,-0.0107937604230427,0.199191889284528));
#4601=CARTESIAN_POINT('',(-0.0214299941442726,-0.0107937234464887,0.202966668526239));
#4602=CARTESIAN_POINT('',(-0.0249451154852716,-0.0107938110125243,0.204984828517906));
#4603=CARTESIAN_POINT('',(-0.0277707854183362,-0.0107935597791057,0.20599364169846));
#4604=CARTESIAN_POINT('',(-0.0300245499823853,-0.0107936072428703,0.206434291720954));
#4605=CARTESIAN_POINT('',(-0.0319979791792525,-0.0107937585757101,0.206566837385792));
#4606=CARTESIAN_POINT('',(-0.0339904005292363,-0.0107937725874581,0.20647911431777));
#4607=CARTESIAN_POINT('',(-0.0364158240986215,-0.0107939196608135,0.206070428701674));
#4608=CARTESIAN_POINT('',(-0.0392529556229804,-0.0107937934721386,0.205177787958943));
#4609=CARTESIAN_POINT('',(-0.0426150562083839,-0.0107937450218142,0.203564503789922));
#4610=CARTESIAN_POINT('',(-0.0465321498538145,-0.0107939027252129,0.200858880882953));
#4611=CARTESIAN_POINT('',(-0.0506288518746695,-0.0107937081214964,0.196664044245772));
#4612=CARTESIAN_POINT('',(-0.0538455022348046,-0.0107937718510693,0.191490050779062));
#4613=CARTESIAN_POINT('',(-0.0557186682024146,-0.0107937692907684,0.186413898367363));
#4614=CARTESIAN_POINT('',(-0.0566087357974356,-0.0107935648744984,0.181809274748706));
#4615=CARTESIAN_POINT('',(-0.0568231061188881,-0.0107937213857523,0.177356826630605));
#4616=CARTESIAN_POINT('',(-0.0563757506227651,-0.0107938098165855,0.172618324656559));
#4617=CARTESIAN_POINT('',(-0.0551716709686601,-0.010793972294596,0.167290224429738));
#4618=CARTESIAN_POINT('',(-0.0532487211109149,-0.0107936772139043,0.161494661999115));
#4619=CARTESIAN_POINT('',(-0.0503494886297772,-0.0107938561504012,0.154614985354789));
#4620=CARTESIAN_POINT('',(-0.0437384891368052,-0.0107937298414669,0.141481680035035));
#4621=CARTESIAN_POINT('',(-0.0362135411136202,-0.0107937558790388,0.129571150630137));
#4622=CARTESIAN_POINT('',(-0.0303878399091793,-0.0107937598710579,0.120675342194701));
#4623=CARTESIAN_POINT('',(-0.00679866545514126,-0.012674750056233,0.173999999999952));
#4624=CARTESIAN_POINT('',(-0.00679919957544894,-0.0126747439663085,0.181903872920901));
#4625=CARTESIAN_POINT('',(-0.00926470383721788,-0.0126747521002257,0.191976505700642));
#4626=CARTESIAN_POINT('',(-0.0152053332609441,-0.0126747542593908,0.200923932542));
#4627=CARTESIAN_POINT('',(-0.0198120422923829,-0.0126747327862555,0.205130411374056));
#4628=CARTESIAN_POINT('',(-0.0237958121546401,-0.0126747836318005,0.207423003043458));
#4629=CARTESIAN_POINT('',(-0.027049843744442,-0.0126746377950045,0.208584327882393));
#4630=CARTESIAN_POINT('',(-0.029667816113189,-0.0126746652548786,0.209096794958967));
#4631=CARTESIAN_POINT('',(-0.0319657651463615,-0.0126747532251058,0.209252530234585));
#4632=CARTESIAN_POINT('',(-0.0342866452973821,-0.0126747614482435,0.209149811039042));
#4633=CARTESIAN_POINT('',(-0.0370582029698878,-0.0126748467644159,0.208682314749101));
#4634=CARTESIAN_POINT('',(-0.040250287561226,-0.0126747734821862,0.207675428800791));
#4635=CARTESIAN_POINT('',(-0.0439833557798824,-0.0126747453400095,0.205881815596992));
#4636=CARTESIAN_POINT('',(-0.0482854662574043,-0.0126748369349617,0.202909078417749));
#4637=CARTESIAN_POINT('',(-0.0527567075237763,-0.0126747238781319,0.198327293409751));
#4638=CARTESIAN_POINT('',(-0.0562661671235419,-0.0126747608920437,0.192682935005738));
#4639=CARTESIAN_POINT('',(-0.0583099043934559,-0.012674759454143,0.187144604080307));
#4640=CARTESIAN_POINT('',(-0.0592781768928642,-0.0126746406266873,0.182124110121372));
#4641=CARTESIAN_POINT('',(-0.0595117356954885,-0.012674731593146,0.177290591413886));
#4642=CARTESIAN_POINT('',(-0.0590259193465247,-0.0126747830510607,0.172169507575938));
#4643=CARTESIAN_POINT('',(-0.057754076610578,-0.0126748773211083,0.166553570742124));
#4644=CARTESIAN_POINT('',(-0.055754240547396,-0.0126747059276937,0.160537068168412));
#4645=CARTESIAN_POINT('',(-0.0527776496061477,-0.01267480987347,0.153474068680579));
#4646=CARTESIAN_POINT('',(-0.0460468588889982,-0.0126747364963642,0.140110517705807));
#4647=CARTESIAN_POINT('',(-0.0384705034658069,-0.0126747516209737,0.128126784928275));
#4648=CARTESIAN_POINT('',(-0.0326302618319321,-0.0126747539408912,0.119207466723315));
#4649=CARTESIAN_POINT('',(-0.00356187209775315,-0.0139484230608565,0.173999999999978));
#4650=CARTESIAN_POINT('',(-0.00356215283884023,-0.013948421691301,0.182352879613898));
#4651=CARTESIAN_POINT('',(-0.00617017867081433,-0.0139484235207135,0.19316533415102));
#4652=CARTESIAN_POINT('',(-0.0126915497011979,-0.0139484240055559,0.203015748437145));
#4653=CARTESIAN_POINT('',(-0.0178580258048113,-0.013948419178972,0.207743609886382));
#4654=CARTESIAN_POINT('',(-0.0224077670056803,-0.0139484306064895,0.210367621333288));
#4655=CARTESIAN_POINT('',(-0.0261795519367888,-0.0139483978353657,0.211713320444296));
#4656=CARTESIAN_POINT('',(-0.029236596969004,-0.0139484039799073,0.212312335996787));
#4657=CARTESIAN_POINT('',(-0.031926709432499,-0.0139484237779554,0.212496087579164));
#4658=CARTESIAN_POINT('',(-0.034644108529844,-0.013948425638065,0.212375273589275));
#4659=CARTESIAN_POINT('',(-0.0378338845940403,-0.0139484448111525,0.211836720841043));
#4660=CARTESIAN_POINT('',(-0.0414550868049216,-0.0139484283257347,0.21069171661801));
#4661=CARTESIAN_POINT('',(-0.0456355912592895,-0.0139484220050183,0.208680631946941));
#4662=CARTESIAN_POINT('',(-0.0504031099878582,-0.0139484425972839,0.205384964669764));
#4663=CARTESIAN_POINT('',(-0.0553265089915432,-0.0139484171743623,0.200336075124414));
#4664=CARTESIAN_POINT('',(-0.0591896508011706,-0.013948425496799,0.194123608704843));
#4665=CARTESIAN_POINT('',(-0.0614394228298404,-0.0139484251798559,0.188026916050104));
#4666=CARTESIAN_POINT('',(-0.0625021768484967,-0.0139483984493526,0.182504326747445));
#4667=CARTESIAN_POINT('',(-0.0627588413837416,-0.0139484189083886,0.177210725134502));
#4668=CARTESIAN_POINT('',(-0.0622266059932809,-0.0139484304978194,0.171627755804436));
#4669=CARTESIAN_POINT('',(-0.0608727525150838,-0.0139484516711302,0.165663732025381));
#4670=CARTESIAN_POINT('',(-0.0587802408005237,-0.0139484131396953,0.159380611701024));
#4671=CARTESIAN_POINT('',(-0.0557101372255637,-0.013948436511413,0.152096172703718));
#4672=CARTESIAN_POINT('',(-0.0488347386050823,-0.0139484200119994,0.138454568994757));
#4673=CARTESIAN_POINT('',(-0.0411962611241385,-0.0139484234126248,0.12638238294188));
#4674=CARTESIAN_POINT('',(-0.0353384689870107,-0.0139484239344333,0.117434692448717));
#4675=CARTESIAN_POINT('',(-9.54312317002018E-18,-0.0144007884695718,0.174000000000001));
#4676=CARTESIAN_POINT('',(1.23450662983856E-10,-0.0144007891543496,0.182846986227188));
#4677=CARTESIAN_POINT('',(-0.0027648625414082,-0.0144007882396416,0.194473550791859));
#4678=CARTESIAN_POINT('',(-0.00992529965905024,-0.0144007879972275,0.205317650841759));
#4679=CARTESIAN_POINT('',(-0.0157077717112863,-0.0144007904104945,0.210619265855509));
#4680=CARTESIAN_POINT('',(-0.0208803079058456,-0.0144007846968006,0.213607976304653));
#4681=CARTESIAN_POINT('',(-0.0252221949445158,-0.0144008010822945,0.215156702288532));
#4682=CARTESIAN_POINT('',(-0.0287617484758728,-0.0144007980104821,0.215850805843461));
#4683=CARTESIAN_POINT('',(-0.0318836088833467,-0.0144007881111235,0.216065405982994));
#4684=CARTESIAN_POINT('',(-0.0350372051581597,-0.0144007871813073,0.215924693759561));
#4685=CARTESIAN_POINT('',(-0.038687352216976,-0.0144007775941632,0.215307938261242));
#4686=CARTESIAN_POINT('',(-0.0427811711317313,-0.0144007858375008,0.214010799690766));
#4687=CARTESIAN_POINT('',(-0.0474534984088085,-0.0144007889975205,0.211760692067179));
#4688=CARTESIAN_POINT('',(-0.0527335744409661,-0.0144007787013725,0.208109360554985));
#4689=CARTESIAN_POINT('',(-0.0581543561937594,-0.0144007914128317,0.20254664625692));
#4690=CARTESIAN_POINT('',(-0.0624067558897257,-0.0144007872515429,0.195708982981686));
#4691=CARTESIAN_POINT('',(-0.0648832884747434,-0.0144007874102121,0.188997670661382));
#4692=CARTESIAN_POINT('',(-0.0660500186169311,-0.0144008007752416,0.182922711918382));
#4693=CARTESIAN_POINT('',(-0.0663320608036848,-0.014400790545968,0.177122961094793));
#4694=CARTESIAN_POINT('',(-0.0657487916179184,-0.0144007847511936,0.171031903619092));
#4695=CARTESIAN_POINT('',(-0.0643045319605974,-0.0144007741645473,0.164684328580776));
#4696=CARTESIAN_POINT('',(-0.0621101851875915,-0.0144007934301229,0.158108062992439));
#4697=CARTESIAN_POINT('',(-0.0589371129387241,-0.0144007817443032,0.150579892501476));
#4698=CARTESIAN_POINT('',(-0.0519026364919447,-0.0144007899939997,0.136632342357215));
#4699=CARTESIAN_POINT('',(-0.0441957589521745,-0.0144007882936873,0.124462763986538));
#4700=CARTESIAN_POINT('',(-0.0383186669348362,-0.0144007880327836,0.115483876491569));
#4701=CARTESIAN_POINT('',(0.00356187209775314,-0.0139484230608565,0.174000000000018));
#4702=CARTESIAN_POINT('',(0.00356215218670903,-0.0139484216913005,0.183341096997722));
#4703=CARTESIAN_POINT('',(0.000640455511399197,-0.0139484235207201,0.195781759760137));
#4704=CARTESIAN_POINT('',(-0.00715904842988331,-0.0139484240055341,0.207619555381146));
#4705=CARTESIAN_POINT('',(-0.0135575261459936,-0.01394841917905,0.213494922051746));
#4706=CARTESIAN_POINT('',(-0.0193528404483699,-0.0139484306063082,0.216848344137087));
#4707=CARTESIAN_POINT('',(-0.0242650886571544,-0.0139483978354565,0.218600144266559));
#4708=CARTESIAN_POINT('',(-0.0282866778224624,-0.0139484039781643,0.219389236304673));
#4709=CARTESIAN_POINT('',(-0.0318404240555502,-0.0139484237775504,0.219634727623868));
#4710=CARTESIAN_POINT('',(-0.0354301124016375,-0.0139484256367057,0.219474129322433));
#4711=CARTESIAN_POINT('',(-0.0395407372843862,-0.0139484448121946,0.218779195290705));
#4712=CARTESIAN_POINT('',(-0.044107477095204,-0.0139484283242624,0.217329785151597));
#4713=CARTESIAN_POINT('',(-0.049271196883133,-0.0139484220048997,0.214840869721399));
#4714=CARTESIAN_POINT('',(-0.0550641711859474,-0.013948442597226,0.210833663481358));
#4715=CARTESIAN_POINT('',(-0.060982161104974,-0.013948417174311,0.204757243435255));
#4716=CARTESIAN_POINT('',(-0.0656238709836516,-0.0139484254970296,0.1972943692093));
#4717=CARTESIAN_POINT('',(-0.0683271922290581,-0.0139484251792956,0.189968287364911));
#4718=CARTESIAN_POINT('',(-0.0695978571105535,-0.0139483984496809,0.183341078056246));
#4719=CARTESIAN_POINT('',(-0.0699052714866983,-0.0139484189077394,0.177035296241185));
#4720=CARTESIAN_POINT('',(-0.0692710314186821,-0.0139484304974062,0.170436318724262));
#4721=CARTESIAN_POINT('',(-0.0677362634027535,-0.0139484516706806,0.163704734904607));
#4722=CARTESIAN_POINT('',(-0.0654401437684288,-0.0139484131398131,0.156835568119653));
#4723=CARTESIAN_POINT('',(-0.0621640867208154,-0.0139484365113742,0.14906360324443));
#4724=CARTESIAN_POINT('',(-0.0549705530546555,-0.0139484200120018,0.134810150240897));
#4725=CARTESIAN_POINT('',(-0.0471952433329533,-0.013948423412626,0.122543122213567));
#4726=CARTESIAN_POINT('',(-0.0412988656797731,-0.0139484239344325,0.113533061752127));
#4727=CARTESIAN_POINT('',(0.00679866545514124,-0.012674750056233,0.174000000000029));
#4728=CARTESIAN_POINT('',(0.00679919653948362,-0.0126747439660365,0.183790114854161));
#4729=CARTESIAN_POINT('',(0.00373498573272668,-0.0126747521016747,0.196970567552785));
#4730=CARTESIAN_POINT('',(-0.00464526137700044,-0.0126747542555261,0.209711377039521));
#4731=CARTESIAN_POINT('',(-0.0116035337645676,-0.0126747327999538,0.216108121235198));
#4732=CARTESIAN_POINT('',(-0.017964770383282,-0.0126747835949198,0.21979299785687));
#4733=CARTESIAN_POINT('',(-0.0233955011031239,-0.0126746379229589,0.221729305862724));
#4734=CARTESIAN_POINT('',(-0.0278548338383434,-0.01267466515754,0.222604666487386));
#4735=CARTESIAN_POINT('',(-0.0318011298137352,-0.0126747532371838,0.222878294011704));
#4736=CARTESIAN_POINT('',(-0.0357870446268721,-0.0126747614917911,0.222699635441333));
#4737=CARTESIAN_POINT('',(-0.0403161928560172,-0.0126748468199737,0.221933710437074));
#4738=CARTESIAN_POINT('',(-0.0453128853184779,-0.0126747734196664,0.220345804715705));
#4739=CARTESIAN_POINT('',(-0.050922861315033,-0.0126747453588504,0.217640007560143));
#4740=CARTESIAN_POINT('',(-0.057182175901094,-0.012674836935002,0.213309296258501));
#4741=CARTESIAN_POINT('',(-0.0635518472067598,-0.0126747238763207,0.206766096198651));
#4742=CARTESIAN_POINT('',(-0.0685473819658699,-0.0126747608975879,0.198735075258706));
#4743=CARTESIAN_POINT('',(-0.0714568141495253,-0.0126747594589015,0.190850224919293));
#4744=CARTESIAN_POINT('',(-0.0728218480538876,-0.0126746406376977,0.183721242898104));
#4745=CARTESIAN_POINT('',(-0.0731523539043411,-0.0126747315674405,0.176955700071246));
#4746=CARTESIAN_POINT('',(-0.0724718632837395,-0.0126747831120841,0.169895282776295));
#4747=CARTESIAN_POINT('',(-0.070854811204848,-0.0126748772739687,0.162814388524055));
#4748=CARTESIAN_POINT('',(-0.0684661818672723,-0.0126747059400351,0.155679255241463));
#4749=CARTESIAN_POINT('',(-0.0650965691653787,-0.0126748098696368,0.14768568302624));
#4750=CARTESIAN_POINT('',(-0.0577584820888834,-0.0126747364970231,0.133154292791047));
#4751=CARTESIAN_POINT('',(-0.0499209655042116,-0.0126747516209433,0.120798659980327));
#4752=CARTESIAN_POINT('',(-0.0440070749370523,-0.0126747539408253,0.111760290689023));
#4753=CARTESIAN_POINT('',(0.0094787601993289,-0.0107937531847998,0.174000000000035));
#4754=CARTESIAN_POINT('',(0.00947949495647104,-0.0107937427024249,0.184161907256046));
#4755=CARTESIAN_POINT('',(0.00629728804110482,-0.0107937567058929,0.19795490752837));
#4756=CARTESIAN_POINT('',(-0.00256382140640854,-0.0107937604110366,0.211443428056482));
#4757=CARTESIAN_POINT('',(-0.00998561713026918,-0.0107937234889866,0.218271865143367));
#4758=CARTESIAN_POINT('',(-0.0168154273651131,-0.0107938108959532,0.222231221757817));
#4759=CARTESIAN_POINT('',(-0.022675576622641,-0.0107935602205322,0.22432023653087));
#4760=CARTESIAN_POINT('',(-0.0274971954338813,-0.0107936070281018,0.225267009105712));
#4761=CARTESIAN_POINT('',(-0.0317685665409656,-0.0107937586493689,0.225563999837593));
#4762=CARTESIAN_POINT('',(-0.0360825251662613,-0.0107937728352811,0.225370395996159));
#4763=CARTESIAN_POINT('',(-0.0409582598784069,-0.010793919781772,0.224545748425051));
#4764=CARTESIAN_POINT('',(-0.0463110629352979,-0.0107937933532637,0.222843072954016));
#4765=CARTESIAN_POINT('',(-0.052290373436069,-0.0107937450924787,0.219957762359099));
#4766=CARTESIAN_POINT('',(-0.0589359876403231,-0.0107939027289575,0.215359146415375));
#4767=CARTESIAN_POINT('',(-0.0656795446342567,-0.0107937081183753,0.208429442798755));
#4768=CARTESIAN_POINT('',(-0.0709680843198704,-0.0107937718560924,0.19992800326607));
#4769=CARTESIAN_POINT('',(-0.0740481911772725,-0.0107937693402609,0.191580421321407));
#4770=CARTESIAN_POINT('',(-0.0754912766048522,-0.0107935648920934,0.18403600760461));
#4771=CARTESIAN_POINT('',(-0.0758409528631461,-0.0107937213377904,0.176889834062015));
#4772=CARTESIAN_POINT('',(-0.0751222253669193,-0.0107938100434648,0.169447417075667));
#4773=CARTESIAN_POINT('',(-0.0734370475761028,-0.010793972161777,0.162077064034145));
#4774=CARTESIAN_POINT('',(-0.0709717512423004,-0.0107936772486688,0.154721850967943));
#4775=CARTESIAN_POINT('',(-0.0675247232564455,-0.0107938561397243,0.146544734153153));
#4776=CARTESIAN_POINT('',(-0.0600669158870637,-0.0107937298435428,0.131783249191849));
#4777=CARTESIAN_POINT('',(-0.052177881823263,-0.0107937558788689,0.119354216059077));
#4778=CARTESIAN_POINT('',(-0.0462494995838036,-0.0107937598708825,0.110292419379178));
#4779=CARTESIAN_POINT('',(0.0115054718297349,-0.00856804542374603,0.174000000000039));
#4780=CARTESIAN_POINT('',(0.0115063573064607,-0.00856803307426985,0.184443060673269));
#4781=CARTESIAN_POINT('',(0.00823492598062771,-0.00856804957244708,0.198699272053186));
#4782=CARTESIAN_POINT('',(-0.000989817070863642,-0.00856805393577993,0.212753223061317));
#4783=CARTESIAN_POINT('',(-0.00876213897348662,-0.00856801044330752,0.219908100128781));
#4784=CARTESIAN_POINT('',(-0.0159462779131702,-0.00856811340085315,0.224075046289925));
#4785=CARTESIAN_POINT('',(-0.0221312191391758,-0.00856781812269137,0.226279478541147));
#4786=CARTESIAN_POINT('',(-0.0272267152775032,-0.00856787321597835,0.227280248763841));
#4787=CARTESIAN_POINT('',(-0.0317439287220452,-0.00856805185157839,0.22759495666908));
#4788=CARTESIAN_POINT('',(-0.0363059399785741,-0.00856806854401221,0.227390056992894));
#4789=CARTESIAN_POINT('',(-0.0414437924024489,-0.00856824173899982,0.22652104817758));
#4790=CARTESIAN_POINT('',(-0.0470659401069962,-0.00856809271050869,0.224731521640867));
#4791=CARTESIAN_POINT('',(-0.0533244567454734,-0.0085680358819795,0.221710490282157));
#4792=CARTESIAN_POINT('',(-0.0602622889928412,-0.00856822161547566,0.216909275663143));
#4793=CARTESIAN_POINT('',(-0.0672885119487835,-0.00856799232407544,0.20968727553208));
#4794=CARTESIAN_POINT('',(-0.0727986467229433,-0.00856806743133923,0.200830112926419));
#4795=CARTESIAN_POINT('',(-0.0760078263862645,-0.00856806442930286,0.192132573428257));
#4796=CARTESIAN_POINT('',(-0.0775098686967466,-0.00856782363055284,0.184274025252014));
#4797=CARTESIAN_POINT('',(-0.0778740840827589,-0.00856800788294259,0.176840046635289));
#4798=CARTESIAN_POINT('',(-0.077126481820684,-0.00856811237074894,0.16910879831814));
#4799=CARTESIAN_POINT('',(-0.075389805460597,-0.00856830342274325,0.16151942788277));
#4800=CARTESIAN_POINT('',(-0.072866468436791,-0.00856795595622264,0.153997873632669));
#4801=CARTESIAN_POINT('',(-0.0693609413796092,-0.00856816672273019,0.145681924583062));
#4802=CARTESIAN_POINT('',(-0.0618125738963994,-0.00856801792126758,0.130746466729155));
#4803=CARTESIAN_POINT('',(-0.0538845784699172,-0.00856804859867418,0.118261907066094));
#4804=CARTESIAN_POINT('',(-0.0479452430419188,-0.00856805330072696,0.109182401353798));
#4805=CARTESIAN_POINT('',(0.0128993524817316,-0.00623406512021614,0.17400000000004));
#4806=CARTESIAN_POINT('',(0.0129003396888585,-0.00623405383470022,0.184636425550651));
#4807=CARTESIAN_POINT('',(0.00956754689586207,-0.00623406891176553,0.199211211284707));
#4808=CARTESIAN_POINT('',(9.27124171939476E-5,-0.00623407289806773,0.213654042293928));
#4809=CARTESIAN_POINT('',(-0.00792068867290898,-0.00623403315646959,0.221033424125725));
#4810=CARTESIAN_POINT('',(-0.0153485128305628,-0.006234127232238,0.225343155654456));
#4811=CARTESIAN_POINT('',(-0.0217568611389747,-0.00623385742381113,0.227626929559563));
#4812=CARTESIAN_POINT('',(-0.0270406788623922,-0.00623390774091369,0.228664836760976));
#4813=CARTESIAN_POINT('',(-0.0317269783047603,-0.0062340709877612,0.228991758103601));
#4814=CARTESIAN_POINT('',(-0.0364595817223066,-0.00623408622943832,0.228779092858712));
#4815=CARTESIAN_POINT('',(-0.0417777196021849,-0.0062342445504666,0.227879600540466));
#4816=CARTESIAN_POINT('',(-0.0475851315534909,-0.00623410831136531,0.226030309429));
#4817=CARTESIAN_POINT('',(-0.0540356339970934,-0.00623405639501544,0.222915946296904));
#4818=CARTESIAN_POINT('',(-0.0611744867326299,-0.00623422614023405,0.217975395735002));
#4819=CARTESIAN_POINT('',(-0.0683950784063595,-0.00623401659115457,0.210552352368236));
#4820=CARTESIAN_POINT('',(-0.0740576278404036,-0.00623408523858339,0.20145054685411));
#4821=CARTESIAN_POINT('',(-0.0773555812706426,-0.00623408247047478,0.192512305750965));
#4822=CARTESIAN_POINT('',(-0.0788981333514147,-0.00623386246105438,0.184437717530455));
#4823=CARTESIAN_POINT('',(-0.079272373380617,-0.00623403080056869,0.176805814592587));
#4824=CARTESIAN_POINT('',(-0.0785049341804872,-0.00623412627305888,0.168875939159518));
#4825=CARTESIAN_POINT('',(-0.0767328539827842,-0.00623430090595842,0.161135878954726));
#4826=CARTESIAN_POINT('',(-0.0741695588277173,-0.0062339833561977,0.153499964985468));
#4827=CARTESIAN_POINT('',(-0.0706238248658384,-0.00623417597310595,0.145088515255634));
#4828=CARTESIAN_POINT('',(-0.0630131577089289,-0.00623403998456405,0.130033421051328));
#4829=CARTESIAN_POINT('',(-0.0550583656018208,-0.00623406802230795,0.117510662662816));
#4830=CARTESIAN_POINT('',(-0.04911149982618,-0.00623407231855668,0.108418980724453));
#4831=CARTESIAN_POINT('',(0.0137510508276084,-0.0039619862302209,0.174000000000041));
#4832=CARTESIAN_POINT('',(0.013752099355589,-0.00396197810486958,0.184754576748162));
#4833=CARTESIAN_POINT('',(0.0103818143823989,-0.0039619889601839,0.199524019437057));
#4834=CARTESIAN_POINT('',(0.000754167070486501,-0.0039619918297579,0.214204467543323));
#4835=CARTESIAN_POINT('',(-0.00740654116989395,-0.00396196321824735,0.221721025214338));
#4836=CARTESIAN_POINT('',(-0.0149832609353943,-0.00396203094589571,0.226118008775389));
#4837=CARTESIAN_POINT('',(-0.0215281286465904,-0.0039618367025023,0.228450245957258));
#4838=CARTESIAN_POINT('',(-0.0269270014001183,-0.00396187291754143,0.229510845308186));
#4839=CARTESIAN_POINT('',(-0.031716619114795,-0.00396199045188564,0.229845241600068));
#4840=CARTESIAN_POINT('',(-0.0365534563227432,-0.0039620014201793,0.229627832723521));
#4841=CARTESIAN_POINT('',(-0.0419817584985789,-0.00396211542897882,0.228709725495835));
#4842=CARTESIAN_POINT('',(-0.047902379309373,-0.00396201731791573,0.226823903260883));
#4843=CARTESIAN_POINT('',(-0.0544701754750808,-0.00396197994577129,0.223652515362392));
#4844=CARTESIAN_POINT('',(-0.0617318752312532,-0.00396210216520996,0.218626829119301));
#4845=CARTESIAN_POINT('',(-0.069071216617058,-0.00396195128835828,0.211080935673521));
#4846=CARTESIAN_POINT('',(-0.0748269002352124,-0.00396200071804932,0.201829650107973));
#4847=CARTESIAN_POINT('',(-0.0781790980830344,-0.00396199871417614,0.192744327563542));
#4848=CARTESIAN_POINT('',(-0.0797463862697839,-0.00396184033115042,0.184537735596156));
#4849=CARTESIAN_POINT('',(-0.0801267627563802,-0.00396196151509726,0.176784901444749));
#4850=CARTESIAN_POINT('',(-0.0793472117820436,-0.0039620302472758,0.168733666175762));
#4851=CARTESIAN_POINT('',(-0.0775535060145823,-0.00396215599837946,0.160901507651743));
#4852=CARTESIAN_POINT('',(-0.0749657772051904,-0.00396192735955099,0.153195733589491));
#4853=CARTESIAN_POINT('',(-0.0713954873248338,-0.00396206604417394,0.144725922886829));
#4854=CARTESIAN_POINT('',(-0.0637467459879233,-0.00396196813182629,0.129597733625995));
#4855=CARTESIAN_POINT('',(-0.0557755802954424,-0.00396198831999112,0.117051630830147));
#4856=CARTESIAN_POINT('',(-0.0498241143708732,-0.00396199141288461,0.107952510121353));
#4857=CARTESIAN_POINT('',(0.0141055453111305,-0.00220865600412036,0.174000000000041));
#4858=CARTESIAN_POINT('',(0.0141066191592491,-0.00220865128600057,0.184803753740371));
#4859=CARTESIAN_POINT('',(0.0107207294815791,-0.00220865758934308,0.199654216573606));
#4860=CARTESIAN_POINT('',(0.00102947823700662,-0.00220865925551083,0.214433566074295));
#4861=CARTESIAN_POINT('',(-0.00719254260374477,-0.00220864264209882,0.222007218546321));
#4862=CARTESIAN_POINT('',(-0.0148312351875396,-0.00220868196825533,0.226440519742882));
#4863=CARTESIAN_POINT('',(-0.0214329277795428,-0.00220856918033521,0.228792924288372));
#4864=CARTESIAN_POINT('',(-0.0268796855966098,-0.00220859020678683,0.229862968755646));
#4865=CARTESIAN_POINT('',(-0.0317123069633616,-0.00220865845492523,0.230200479213086));
#4866=CARTESIAN_POINT('',(-0.0365925278747163,-0.00220866482276948,0.229981096256321));
#4867=CARTESIAN_POINT('',(-0.04206668387931,-0.00220873102803689,0.229055243849374));
#4868=CARTESIAN_POINT('',(-0.0480344261546877,-0.00220867405391434,0.227154213454824));
#4869=CARTESIAN_POINT('',(-0.0546510391250259,-0.00220865235444628,0.223959091350193));
#4870=CARTESIAN_POINT('',(-0.0619638745068114,-0.00220872332446402,0.21889797058727));
#4871=CARTESIAN_POINT('',(-0.0693526385241187,-0.00220863571416291,0.211300942539041));
#4872=CARTESIAN_POINT('',(-0.0751470876328452,-0.00220866441732196,0.201987441094005));
#4873=CARTESIAN_POINT('',(-0.0785218634170096,-0.00220866325154154,0.19284089878736));
#4874=CARTESIAN_POINT('',(-0.0800994433238871,-0.00220857128777701,0.184579364643341));
#4875=CARTESIAN_POINT('',(-0.0804823766372434,-0.00220864165174859,0.176776197747202));
#4876=CARTESIAN_POINT('',(-0.0796977866530569,-0.0022086815609562,0.168674451463094));
#4877=CARTESIAN_POINT('',(-0.0778950816923285,-0.00220875458429719,0.160803954557337));
#4878=CARTESIAN_POINT('',(-0.075297178626116,-0.00220862181943354,0.153069107132352));
#4879=CARTESIAN_POINT('',(-0.0717166708877218,-0.00220870234983767,0.144575003617905));
#4880=CARTESIAN_POINT('',(-0.0640520804695085,-0.00220864549473653,0.129416392084954));
#4881=CARTESIAN_POINT('',(-0.0560740997599427,-0.00220865721764624,0.116860571957049));
#4882=CARTESIAN_POINT('',(-0.0501207194097659,-0.00220865901351975,0.107758355352725));
#4883=CARTESIAN_POINT('',(0.0142314896903727,-0.000906800707601117,0.174000000000041));
#4884=CARTESIAN_POINT('',(0.0142325725199828,-0.000906798741473241,0.184821225284917));
#4885=CARTESIAN_POINT('',(0.0108411388436099,-0.000906801368196413,0.199700472851434));
#4886=CARTESIAN_POINT('',(0.00112729046462563,-0.000906802062504895,0.214514959938667));
#4887=CARTESIAN_POINT('',(-0.00711651346591048,-0.000906795139437979,0.222108896940121));
#4888=CARTESIAN_POINT('',(-0.0147772236360459,-0.000906811527224469,0.226555101130465));
#4889=CARTESIAN_POINT('',(-0.0213991050870643,-0.000906764526811578,0.228914670427324));
#4890=CARTESIAN_POINT('',(-0.0268628752361337,-0.000906773288567825,0.229988070558551));
#4891=CARTESIAN_POINT('',(-0.0317107749179473,-0.00090680172881219,0.230326687618342));
#4892=CARTESIAN_POINT('',(-0.0366064091030071,-0.000906804382252042,0.230106603334751));
#4893=CARTESIAN_POINT('',(-0.0420968560814904,-0.000906831971826927,0.22917799942091));
#4894=CARTESIAN_POINT('',(-0.0480813397196694,-0.000906808229020374,0.227271565671466));
#4895=CARTESIAN_POINT('',(-0.0547152960468527,-0.000906799186640095,0.224068011349098));
#4896=CARTESIAN_POINT('',(-0.0620462991163817,-0.000906828761348212,0.21899430150718));
#4897=CARTESIAN_POINT('',(-0.0694526217090412,-0.00090679225234339,0.211379106284874));
#4898=CARTESIAN_POINT('',(-0.0752608434522622,-0.000906804213626973,0.202043500913409));
#4899=CARTESIAN_POINT('',(-0.0786436407182466,-0.000906803727500784,0.192875208426284));
#4900=CARTESIAN_POINT('',(-0.0802248767783332,-0.000906765405081538,0.184594154524193));
#4901=CARTESIAN_POINT('',(-0.080608718668201,-0.000906794726536183,0.176773105560755));
#4902=CARTESIAN_POINT('',(-0.0798223385805429,-0.000906811357254699,0.168653413880694));
#4903=CARTESIAN_POINT('',(-0.0780164365275922,-0.000906841788004108,0.16076929581123));
#4904=CARTESIAN_POINT('',(-0.0754149184482518,-0.000906786462141985,0.153024119499995));
#4905=CARTESIAN_POINT('',(-0.0718307807201025,-0.000906820020781835,0.144521385141995));
#4906=CARTESIAN_POINT('',(-0.0641605593306901,-0.000906796328109296,0.129351965317498));
#4907=CARTESIAN_POINT('',(-0.0561801573915802,-0.00090680121330956,0.116792692765632));
#4908=CARTESIAN_POINT('',(-0.0502260969037371,-0.000906801961673523,0.107689376273713));
#4909=CARTESIAN_POINT('',(0.0142592551548137,1.39591029707509E-18,0.174000000000041));
#4910=CARTESIAN_POINT('',(0.0142603399622132,-3.2295672212912E-17,0.184825077029437));
#4911=CARTESIAN_POINT('',(0.0108676840696795,4.92634362123101E-17,0.199710670423711));
#4912=CARTESIAN_POINT('',(0.00114885396756913,-1.59919820441612E-18,0.214532903880795));
#4913=CARTESIAN_POINT('',(-0.00709975222605642,-4.10777098100445E-17,0.22213131276509));
#4914=CARTESIAN_POINT('',(-0.0147653163456457,-1.42166009867162E-17,0.226580361542556));
#4915=CARTESIAN_POINT('',(-0.0213916486244511,1.35796322103809E-17,0.228941510322053));
#4916=CARTESIAN_POINT('',(-0.026859169245701,-2.23887748618257E-17,0.23001565023884));
#4917=CARTESIAN_POINT('',(-0.03171043716128,8.79559012428865E-18,0.230354511290718));
#4918=CARTESIAN_POINT('',(-0.0366094693220814,3.49655200626575E-18,0.230134272397423));
#4919=CARTESIAN_POINT('',(-0.0421035077912991,2.88126727338023E-17,0.229205061921796));
#4920=CARTESIAN_POINT('',(-0.0480916822164159,-3.45589442479755E-17,0.227297436923988));
#4921=CARTESIAN_POINT('',(-0.0547294619923932,3.73778698964378E-17,0.224092023657681));
#4922=CARTESIAN_POINT('',(-0.0620644703221753,1.16551733542192E-17,0.219015538459099));
#4923=CARTESIAN_POINT('',(-0.0694746638077335,3.07642366442762E-17,0.211396338114377));
#4924=CARTESIAN_POINT('',(-0.0752859218527232,6.50521303491303E-19,0.202055859761318));
#4925=CARTESIAN_POINT('',(-0.0786704875228509,3.9979955110403E-18,0.192882772254225));
#4926=CARTESIAN_POINT('',(-0.0802525295677635,-8.13151629364128E-18,0.184597415067925));
#4927=CARTESIAN_POINT('',(-0.0806365717908286,-5.82758667710959E-18,0.176772423871615));
#4928=CARTESIAN_POINT('',(-0.0798497970841589,1.64121103859993E-17,0.168648775998638));
#4929=CARTESIAN_POINT('',(-0.0780431902266297,-1.68051336735253E-17,0.160761654976444));
#4930=CARTESIAN_POINT('',(-0.075440875138402,-4.36391374425416E-18,0.153014201620349));
#4931=CARTESIAN_POINT('',(-0.0718559371808759,4.81385764583564E-17,0.144509564503083));
#4932=CARTESIAN_POINT('',(-0.0641844743777012,-7.35224598216733E-17,0.129337761918155));
#4933=CARTESIAN_POINT('',(-0.0562035386589931,2.7769128142785E-17,0.116777728241379));
#4934=CARTESIAN_POINT('',(-0.0502493282320184,-1.23870098206469E-17,0.107674169273267));
#4935=CARTESIAN_POINT('',(0.0142314896903727,0.000906800707601116,0.174000000000041));
#4936=CARTESIAN_POINT('',(0.0142325725199828,0.000906798741473366,0.184821225284917));
#4937=CARTESIAN_POINT('',(0.01084113884361,0.000906801368196278,0.199700472851434));
#4938=CARTESIAN_POINT('',(0.00112729046462561,0.00090680206250489,0.214514959938667));
#4939=CARTESIAN_POINT('',(-0.00711651346591045,0.000906795139438092,0.222108896940121));
#4940=CARTESIAN_POINT('',(-0.0147772236360459,0.000906811527224442,0.226555101130465));
#4941=CARTESIAN_POINT('',(-0.0213991050870643,0.000906764526811623,0.228914670427324));
#4942=CARTESIAN_POINT('',(-0.0268628752361337,0.000906773288567941,0.229988070558551));
#4943=CARTESIAN_POINT('',(-0.0317107749179472,0.000906801728812231,0.230326687618342));
#4944=CARTESIAN_POINT('',(-0.0366064091030071,0.00090680438225197,0.230106603334751));
#4945=CARTESIAN_POINT('',(-0.0420968560814904,0.000906831971826886,0.22917799942091));
#4946=CARTESIAN_POINT('',(-0.0480813397196694,0.0009068082290205,0.227271565671466));
#4947=CARTESIAN_POINT('',(-0.0547152960468527,0.000906799186639972,0.224068011349098));
#4948=CARTESIAN_POINT('',(-0.0620462991163816,0.000906828761348221,0.21899430150718));
#4949=CARTESIAN_POINT('',(-0.0694526217090412,0.000906792252343333,0.211379106284873));
#4950=CARTESIAN_POINT('',(-0.0752608434522622,0.000906804213626988,0.202043500913409));
#4951=CARTESIAN_POINT('',(-0.0786436407182467,0.000906803727500763,0.192875208426284));
#4952=CARTESIAN_POINT('',(-0.0802248767783332,0.000906765405081542,0.184594154524193));
#4953=CARTESIAN_POINT('',(-0.080608718668201,0.000906794726536223,0.176773105560755));
#4954=CARTESIAN_POINT('',(-0.0798223385805428,0.000906811357254652,0.168653413880694));
#4955=CARTESIAN_POINT('',(-0.0780164365275922,0.000906841788004178,0.16076929581123));
#4956=CARTESIAN_POINT('',(-0.0754149184482518,0.000906786462141998,0.153024119499995));
#4957=CARTESIAN_POINT('',(-0.0718307807201025,0.000906820020781659,0.144521385141995));
#4958=CARTESIAN_POINT('',(-0.0641605593306901,0.000906796328109549,0.129351965317498));
#4959=CARTESIAN_POINT('',(-0.0561801573915803,0.000906801213309457,0.116792692765632));
#4960=CARTESIAN_POINT('',(-0.0502260969037371,0.000906801961673569,0.107689376273713));
#4961=CARTESIAN_POINT('',(-0.0436340785348871,-0.013648993160493,0.116138820243096));
#4962=CARTESIAN_POINT('',(-0.0427753621393569,-0.0139976892687709,0.116950637752415));
#4963=CARTESIAN_POINT('',(-0.0411122983776477,-0.0143810212869449,0.118685229183872));
#4964=CARTESIAN_POINT('',(-0.0388949791809831,-0.0140939868083878,0.121639832482703));
#4965=CARTESIAN_POINT('',(-0.0371626429389583,-0.0130561346992816,0.124725594823166));
#4966=CARTESIAN_POINT('',(-0.0359260614588047,-0.0114350513312327,0.127778997651914));
#4967=CARTESIAN_POINT('',(-0.0351179119796739,-0.00932527934447414,0.130672622530758));
#4968=CARTESIAN_POINT('',(-0.0346490777033522,-0.0067430898570467,0.133254036184869));
#4969=CARTESIAN_POINT('',(-0.0344665884067757,-0.0041467575066975,0.134911110700449));
#4970=CARTESIAN_POINT('',(-0.0344025393091678,-0.00182185926691664,0.135665846783832));
#4971=CARTESIAN_POINT('',(-0.0343829648538313,0.000637153126808787,0.135935449071163));
#4972=CARTESIAN_POINT('',(-0.0344317650756468,0.00366719624307699,0.135230343740027));
#4973=CARTESIAN_POINT('',(-0.0346521252144889,0.00676378889981502,0.133233108004536));
#4974=CARTESIAN_POINT('',(-0.0351201051797663,0.00933520709415273,0.130662036330193));
#4975=CARTESIAN_POINT('',(-0.0359344411347523,0.0114487281579238,0.127755784208119));
#4976=CARTESIAN_POINT('',(-0.0371622092704064,0.013055754980764,0.124726526870325));
#4977=CARTESIAN_POINT('',(-0.0389012399253052,0.0140933822006408,0.121632634103483));
#4978=CARTESIAN_POINT('',(-0.0410843975035121,0.0143827108426715,0.118718128274249));
#4979=CARTESIAN_POINT('',(-0.0427748068944616,0.013997914735219,0.116951162672564));
#4980=CARTESIAN_POINT('',(-0.0436340785348873,0.0136489931604926,0.116138820243096));
#4981=CARTESIAN_POINT('',(-0.0436340785348871,-0.013648993160493,0.116138820243096));
#4982=CARTESIAN_POINT('',(-0.0436340785348873,0.0136489931604926,0.116138820243096));
#4983=CARTESIAN_POINT('',(-0.0436340788519884,0.0136489931371348,0.116138820588549));
#4984=CARTESIAN_POINT('',(-0.0447078763783207,0.0132129598457979,0.115123669268306));
#4985=CARTESIAN_POINT('',(-0.0462151366921712,0.0122292614262461,0.113703691341267));
#4986=CARTESIAN_POINT('',(-0.0479643863511938,0.0102911848060325,0.112068723003739));
#4987=CARTESIAN_POINT('',(-0.0490790027186516,0.0085942328181077,0.111032700330542));
#4988=CARTESIAN_POINT('',(-0.0499966778405303,0.00664377930167371,0.110184196614465));
#4989=CARTESIAN_POINT('',(-0.0508847636836008,0.00385873908314546,0.109366762901113));
#4990=CARTESIAN_POINT('',(-0.0513608906457003,-1.32905096671219E-5,0.108931120264389));
#4991=CARTESIAN_POINT('',(-0.0508005209576535,-0.00457862230506697,0.109443803873571));
#4992=CARTESIAN_POINT('',(-0.0492008795939977,-0.00868152340700914,0.110917163831425));
#4993=CARTESIAN_POINT('',(-0.0467448469065793,-0.0118782871048486,0.113204673122822));
#4994=CARTESIAN_POINT('',(-0.0447079245051077,-0.0132129403031184,0.115123623769997));
#4995=CARTESIAN_POINT('',(-0.0436340788519882,-0.0136489931371351,0.116138820588549));
#4996=CARTESIAN_POINT('',(-0.0436340784074063,-0.0136489932122587,0.116138820363614));
#4997=CARTESIAN_POINT('',(-0.0417750046689211,-0.0137611063677462,0.113961549197309));
#4998=CARTESIAN_POINT('',(-0.04183055347613,-0.0163955356425744,0.112836413213382));
#4999=CARTESIAN_POINT('',(-0.0428018776152444,-0.0139869222013181,0.116925570416527));
#5000=CARTESIAN_POINT('',(-0.0408855366673963,-0.0140903314763742,0.114810991617843));
#5001=CARTESIAN_POINT('',(-0.0407317740420337,-0.0167741735568987,0.113819119842515));
#5002=CARTESIAN_POINT('',(-0.0411802238478123,-0.0143712600358521,0.118610645973405));
#5003=CARTESIAN_POINT('',(-0.0391121215551238,-0.0144265473960946,0.116625953222585));
#5004=CARTESIAN_POINT('',(-0.0385672094517726,-0.0171725205959464,0.115901576890905));
#5005=CARTESIAN_POINT('',(-0.0389770064819213,-0.0141202419805421,0.121516188382961));
#5006=CARTESIAN_POINT('',(-0.0366180024639766,-0.0139560086159136,0.119672643141675));
#5007=CARTESIAN_POINT('',(-0.0355232804216916,-0.0167599659893634,0.119410830617799));
#5008=CARTESIAN_POINT('',(-0.0372146218593373,-0.0131078924779277,0.12461273857899));
#5009=CARTESIAN_POINT('',(-0.0345479189899698,-0.0125679808133959,0.122787324728509));
#5010=CARTESIAN_POINT('',(-0.0329501436187965,-0.0154396556797828,0.123070568294036));
#5011=CARTESIAN_POINT('',(-0.035938968744279,-0.0114694948442445,0.127731137781592));
#5012=CARTESIAN_POINT('',(-0.0329866427518755,-0.0104297159370762,0.125721126664265));
#5013=CARTESIAN_POINT('',(-0.0309214311442989,-0.0133973146989842,0.126687466418423));
#5014=CARTESIAN_POINT('',(-0.0351079140817672,-0.00930569745150975,0.130705382370339));
#5015=CARTESIAN_POINT('',(-0.0319197398884909,-0.00771280044206358,0.128207741918294));
#5016=CARTESIAN_POINT('',(-0.0294128351909351,-0.010775406193373,0.13008327312641));
#5017=CARTESIAN_POINT('',(-0.0347150754361456,-0.00708486219687217,0.132901886151069));
#5018=CARTESIAN_POINT('',(-0.031404162312471,-0.00520763463419911,0.129585018718524));
#5019=CARTESIAN_POINT('',(-0.028537516922261,-0.00815000610993576,0.132559643048542));
#5020=CARTESIAN_POINT('',(-0.0345328311792328,-0.0050918723251246,0.134305892369802));
#5021=CARTESIAN_POINT('',(-0.0311640892645988,-0.00331399092959209,0.130149158818348));
#5022=CARTESIAN_POINT('',(-0.0280507576988073,-0.0058325576477631,0.134132495274956));
#5023=CARTESIAN_POINT('',(-0.0344467399136735,-0.00346222175031374,0.135142127090015));
#5024=CARTESIAN_POINT('',(-0.0310537622370397,-0.00199293951909071,0.130322260119258));
#5025=CARTESIAN_POINT('',(-0.0277843725655105,-0.00395471293653905,0.135065986824309));
#5026=CARTESIAN_POINT('',(-0.034401923213472,-0.00175951741841191,0.135675576010501));
#5027=CARTESIAN_POINT('',(-0.0310019984671859,-0.000907277406794711,0.13031750705493));
#5028=CARTESIAN_POINT('',(-0.0276249270137566,-0.00200612359400659,0.135659971502948));
#5029=CARTESIAN_POINT('',(-0.0343880872840194,2.20455241997313E-5,0.135861079676489));
#5030=CARTESIAN_POINT('',(-0.0309876442490772,1.12630786022031E-5,0.130289402406984));
#5031=CARTESIAN_POINT('',(-0.0275712847962453,2.51296758112321E-5,0.135866263598963));
#5032=CARTESIAN_POINT('',(-0.0344021839150736,0.00177728827232595,0.135671577157848));
#5033=CARTESIAN_POINT('',(-0.03100224063052,0.000917138105824539,0.130317888912886));
#5034=CARTESIAN_POINT('',(-0.0276260412147524,0.00202640691050077,0.135655529604708));
#5035=CARTESIAN_POINT('',(-0.0344636858302882,0.00407462057861041,0.134944296903681));
#5036=CARTESIAN_POINT('',(-0.0310726401309189,0.00236809580830709,0.13032357166374));
#5037=CARTESIAN_POINT('',(-0.0278438583349032,0.00465568317249256,0.13484566118193));
#5038=CARTESIAN_POINT('',(-0.0346036984461714,0.00614479139148822,0.133648711818046));
#5039=CARTESIAN_POINT('',(-0.0312516535623756,0.00423834827759652,0.129968578786582));
#5040=CARTESIAN_POINT('',(-0.0282633292579369,0.00705110673711841,0.133398385993981));
#5041=CARTESIAN_POINT('',(-0.034877196830214,0.00800187416697305,0.13199498894275));
#5042=CARTESIAN_POINT('',(-0.0316274376221647,0.0062927949020396,0.128991635048323));
#5043=CARTESIAN_POINT('',(-0.0288988880030467,0.00923394593362015,0.13153721158736));
#5044=CARTESIAN_POINT('',(-0.0352484538691529,0.00967032172994609,0.130203097132998));
#5045=CARTESIAN_POINT('',(-0.0321125481583396,0.00820346293793367,0.127756374365868));
#5046=CARTESIAN_POINT('',(-0.0296677768909882,0.0112173873963273,0.129509763013288));
#5047=CARTESIAN_POINT('',(-0.0359490708446122,0.0114871752741699,0.127702611824961));
#5048=CARTESIAN_POINT('',(-0.0329991588582777,0.0104511841726613,0.125696793192436));
#5049=CARTESIAN_POINT('',(-0.0309382814500849,0.013418965636798,0.12665460169641));
#5050=CARTESIAN_POINT('',(-0.0372130399038531,0.0131066403022983,0.124615642325166));
#5051=CARTESIAN_POINT('',(-0.0345463399158304,0.0125672864530818,0.122788932232755));
#5052=CARTESIAN_POINT('',(-0.0329477717436126,0.0154381486977126,0.123073987814405));
#5053=CARTESIAN_POINT('',(-0.0386931233503556,0.0139523064609765,0.122019743762526));
#5054=CARTESIAN_POINT('',(-0.0362938273018281,0.0137323944139904,0.120164355997429));
#5055=CARTESIAN_POINT('',(-0.0351079722423411,0.01654130659615,0.120005600924377));
#5056=CARTESIAN_POINT('',(-0.0400608464780468,0.014244465669922,0.120085945933776));
#5057=CARTESIAN_POINT('',(-0.0378548315162673,0.0141908199677939,0.118160534724515));
#5058=CARTESIAN_POINT('',(-0.0370208239845228,0.0169638810121825,0.117683504493205));
#5059=CARTESIAN_POINT('',(-0.0415720164853349,0.0142776063671376,0.118204346309532));
#5060=CARTESIAN_POINT('',(-0.0395407031766459,0.0143439544350994,0.11618831514813));
#5061=CARTESIAN_POINT('',(-0.0390900474211386,0.0170752642607342,0.115399355963489));
#5062=CARTESIAN_POINT('',(-0.0428011307478484,0.013987225481026,0.116926276504469));
#5063=CARTESIAN_POINT('',(-0.0408847394269409,0.0140906265444356,0.114811752990867));
#5064=CARTESIAN_POINT('',(-0.0407307879234314,0.0167745133492854,0.113820001798807));
#5065=CARTESIAN_POINT('',(-0.0436340784074274,0.0136489932122498,0.116138820363595));
#5066=CARTESIAN_POINT('',(-0.0417750046689381,0.0137611063677414,0.113961549197306));
#5067=CARTESIAN_POINT('',(-0.0418305534761419,0.0163955356425583,0.112836413213377));
#5068=CARTESIAN_POINT('',(-0.0436340784074064,-0.0136489932122587,0.116138820363614));
#5069=CARTESIAN_POINT('',(-0.0430963292955181,-0.0136814226681464,0.115509030586166));
#5070=CARTESIAN_POINT('',(-0.0421506770135242,-0.0142560156189268,0.114167990979629));
#5071=CARTESIAN_POINT('',(-0.0418144856240999,-0.0156335099232366,0.113161866079283));
#5072=CARTESIAN_POINT('',(-0.04183055347613,-0.0163955356425744,0.112836413213382));
#5073=CARTESIAN_POINT('',(-0.041830553476142,0.0163955356425582,0.112836413213377));
#5074=CARTESIAN_POINT('',(-0.0418144856241133,0.0156335099232231,0.113161866079278));
#5075=CARTESIAN_POINT('',(-0.0421506770135409,0.0142560156189186,0.114167990979622));
#5076=CARTESIAN_POINT('',(-0.0430963292955377,0.0136814226681388,0.115509030586151));
#5077=CARTESIAN_POINT('',(-0.0436340784074275,0.0136489932122498,0.116138820363595));
#5078=CARTESIAN_POINT('',(-0.0436340788519884,0.0136489931371347,0.116138820588549));
#5079=CARTESIAN_POINT('',(-0.0417750061529373,0.013761106069317,0.113961549607817));
#5080=CARTESIAN_POINT('',(-0.0418305546068586,0.0163955342989201,0.112836413257949));
#5081=CARTESIAN_POINT('',(-0.0447117200148513,0.0132113990734594,0.115120035554747));
#5082=CARTESIAN_POINT('',(-0.0428943222370271,0.0133595119938586,0.112963883212777));
#5083=CARTESIAN_POINT('',(-0.0431665757574399,0.0158712006617637,0.111667442277384));
#5084=CARTESIAN_POINT('',(-0.0462227282636664,0.0122233755559753,0.113696556493689));
#5085=CARTESIAN_POINT('',(-0.044483160253729,0.0124096718104283,0.11154917344233));
#5086=CARTESIAN_POINT('',(-0.0450412811366877,0.0146866878172606,0.11002993232128));
#5087=CARTESIAN_POINT('',(-0.0479724587549107,0.0102808104382202,0.11206119845016));
#5088=CARTESIAN_POINT('',(-0.0463379429976472,0.0104712479660935,0.109904182314784));
#5089=CARTESIAN_POINT('',(-0.0472127932439843,0.0123551697248783,0.108142510551867));
#5090=CARTESIAN_POINT('',(-0.0490859847363997,0.00858157576416769,0.11102622990093));
#5091=CARTESIAN_POINT('',(-0.0475196801583378,0.0087591894547707,0.108859191204074));
#5092=CARTESIAN_POINT('',(-0.0485948325619771,0.0103145826164996,0.106945570027089));
#5093=CARTESIAN_POINT('',(-0.0500013466250869,0.0066318472863609,0.110179890851803));
#5094=CARTESIAN_POINT('',(-0.048492728023984,0.00678006982530098,0.108001236987432));
#5095=CARTESIAN_POINT('',(-0.0497308778498373,0.0079721103894304,0.105965075808324));
#5096=CARTESIAN_POINT('',(-0.0508859973409193,0.00384851199871399,0.109365644644745));
#5097=CARTESIAN_POINT('',(-0.049433607448388,0.00394324979511685,0.107173783451226));
#5098=CARTESIAN_POINT('',(-0.0508287184372365,0.00462695560459317,0.105020428014729));
#5099=CARTESIAN_POINT('',(-0.0512669817753892,0.000765876028446618,0.109016979852769));
#5100=CARTESIAN_POINT('',(-0.0498399934258067,0.000783982728011483,0.106817569351722));
#5101=CARTESIAN_POINT('',(-0.051301446484928,0.000920798443193083,0.104615236412007));
#5102=CARTESIAN_POINT('',(-0.0510780934671202,-0.00230131071382378,0.109189962282251));
#5103=CARTESIAN_POINT('',(-0.0496387934754564,-0.00235686255050132,0.106993997636543));
#5104=CARTESIAN_POINT('',(-0.0510670690820678,-0.00276681326773386,0.104816221593454));
#5105=CARTESIAN_POINT('',(-0.0506748025288862,-0.00450428364583313,0.109560004909076));
#5106=CARTESIAN_POINT('',(-0.0492094044327027,-0.00461011505342094,0.107370942735401));
#5107=CARTESIAN_POINT('',(-0.050566628954634,-0.00541508773721945,0.105245924736369));
#5108=CARTESIAN_POINT('',(-0.0500007465491847,-0.00663366591198826,0.110180466386635));
#5109=CARTESIAN_POINT('',(-0.0484921297843469,-0.00678189731093269,0.108001776101174));
#5110=CARTESIAN_POINT('',(-0.0497301328377031,-0.00797429598767014,0.10596573469767));
#5111=CARTESIAN_POINT('',(-0.0491039398283095,-0.00854888306510448,0.111009576133704));
#5112=CARTESIAN_POINT('',(-0.0475387200644697,-0.00872612035776894,0.108842374295709));
#5113=CARTESIAN_POINT('',(-0.0486171167370774,-0.0102753120330693,0.106926297042891));
#5114=CARTESIAN_POINT('',(-0.0479729015318378,-0.0102808516975014,0.112060788984521));
#5115=CARTESIAN_POINT('',(-0.0463384366609493,-0.0104713129854446,0.109903745800185));
#5116=CARTESIAN_POINT('',(-0.0472133436195894,-0.0123552212475404,0.108142034806198));
#5117=CARTESIAN_POINT('',(-0.0462480520923312,-0.0121992083009458,0.113672817288778));
#5118=CARTESIAN_POINT('',(-0.044509955670197,-0.0123856832766325,0.111525374555059));
#5119=CARTESIAN_POINT('',(-0.0450727053899579,-0.0146576886367847,0.110002568889532));
#5120=CARTESIAN_POINT('',(-0.0447117501067866,-0.0132113868540798,0.115120007105992));
#5121=CARTESIAN_POINT('',(-0.042894353339765,-0.013359500835073,0.112963855490393));
#5122=CARTESIAN_POINT('',(-0.0431666130645532,-0.0158711860203138,0.111667409634961));
#5123=CARTESIAN_POINT('',(-0.0436340788519882,-0.0136489931371352,0.116138820588549));
#5124=CARTESIAN_POINT('',(-0.0417750061529373,-0.0137611060693177,0.113961549607817));
#5125=CARTESIAN_POINT('',(-0.0418305546068584,-0.0163955342989206,0.112836413257949));
#5126=CARTESIAN_POINT('',(-0.0354347072866795,0.0141882774616025,0.108692049320912));
#5127=CARTESIAN_POINT('',(-0.0393576671366705,0.014101096579384,0.112936599710786));
#5128=CARTESIAN_POINT('',(-0.0383948516234465,0.0195179991979409,0.111163586791596));
#5129=CARTESIAN_POINT('',(-0.0346877592158258,0.0142854422120161,0.109449179064131));
#5130=CARTESIAN_POINT('',(-0.0387429096674768,0.0142510096340814,0.113576849049787));
#5131=CARTESIAN_POINT('',(-0.0374023957163507,0.0196880696820417,0.112060558225146));
#5132=CARTESIAN_POINT('',(-0.0332823366087435,0.0142500330185591,0.111035557058341));
#5133=CARTESIAN_POINT('',(-0.0375704306532507,0.0143944372729216,0.114847610604035));
#5134=CARTESIAN_POINT('',(-0.0355195570473688,0.019719037025144,0.113920424556097));
#5135=CARTESIAN_POINT('',(-0.0314742084260228,0.0135530527979773,0.113680201632439));
#5136=CARTESIAN_POINT('',(-0.0357971199608659,0.0141594468799357,0.116920314180525));
#5137=CARTESIAN_POINT('',(-0.0330475261930461,0.0188898559727985,0.116953924809162));
#5138=CARTESIAN_POINT('',(-0.0301032550178672,0.0123046531261772,0.116410286569732));
#5139=CARTESIAN_POINT('',(-0.0340860489412058,0.013380184046852,0.119150991476345));
#5140=CARTESIAN_POINT('',(-0.031122715552618,0.0172878060354885,0.120021430158001));
#5141=CARTESIAN_POINT('',(-0.0291487252610631,0.0105994859480299,0.119124875521216));
#5142=CARTESIAN_POINT('',(-0.032529130585227,0.0119784320495988,0.121524858056301));
#5143=CARTESIAN_POINT('',(-0.0297357807779592,0.0150221330653646,0.123016776997225));
#5144=CARTESIAN_POINT('',(-0.0285617293475518,0.0084817507675436,0.121695484764362));
#5145=CARTESIAN_POINT('',(-0.0312379467637644,0.00989870158160983,0.12392264315749));
#5146=CARTESIAN_POINT('',(-0.0288409154582831,0.0121296134514747,0.12580880652322));
#5147=CARTESIAN_POINT('',(-0.0282655031801277,0.00604147267085994,0.123890665202852));
#5148=CARTESIAN_POINT('',(-0.0303027534710013,0.00722670710999807,0.126066798723232));
#5149=CARTESIAN_POINT('',(-0.028355467163409,0.00871345514765693,0.128162694197154));
#5150=CARTESIAN_POINT('',(-0.028152314804615,0.00317917536933249,0.125536066406238));
#5151=CARTESIAN_POINT('',(-0.0297100827600651,0.00387171768506952,0.127726958598244));
#5152=CARTESIAN_POINT('',(-0.0281445165863582,0.00461761886302584,0.129909920329206));
#5153=CARTESIAN_POINT('',(-0.0281327442248412,1.89567751967286E-5,0.126170082895749));
#5154=CARTESIAN_POINT('',(-0.0295073180654,2.33385259381594E-5,0.128381065581689));
#5155=CARTESIAN_POINT('',(-0.0280979699010691,2.76258604692719E-5,0.130579193456313));
#5156=CARTESIAN_POINT('',(-0.0281516511701628,-0.00313501833860057,0.125552932426726));
#5157=CARTESIAN_POINT('',(-0.0297045088521564,-0.00381858018269661,0.127744310701292));
#5158=CARTESIAN_POINT('',(-0.0281430677153426,-0.00455382071955885,0.129927748738976));
#5159=CARTESIAN_POINT('',(-0.0282628747427682,-0.00601011433571443,0.123915903250146));
#5160=CARTESIAN_POINT('',(-0.0302928917696571,-0.00719210104839043,0.126091383219602));
#5161=CARTESIAN_POINT('',(-0.0283509625316841,-0.00866921570534933,0.128189637702546));
#5162=CARTESIAN_POINT('',(-0.0285589838889702,-0.00847091959314105,0.121708241372566));
#5163=CARTESIAN_POINT('',(-0.0312320011542121,-0.00988847902931129,0.123934004324096));
#5164=CARTESIAN_POINT('',(-0.0288367012313535,-0.0121147771908508,0.125822637366184));
#5165=CARTESIAN_POINT('',(-0.0291465723048803,-0.0105923546079352,0.11913394857268));
#5166=CARTESIAN_POINT('',(-0.0325242448025453,-0.0119715667097027,0.121533465365677));
#5167=CARTESIAN_POINT('',(-0.0297324964776394,-0.0150124589407139,0.123026646694404));
#5168=CARTESIAN_POINT('',(-0.0300952502381781,-0.0122959760174457,0.116427651284022));
#5169=CARTESIAN_POINT('',(-0.0340755137736064,-0.0133740204704153,0.119165461443433));
#5170=CARTESIAN_POINT('',(-0.0311114038366783,-0.0172765303454544,0.120040843468875));
#5171=CARTESIAN_POINT('',(-0.0314730309646215,-0.0135499264413194,0.113684491367224));
#5172=CARTESIAN_POINT('',(-0.0357945957936273,-0.0141575279503903,0.116923801037094));
#5173=CARTESIAN_POINT('',(-0.0330457125798865,-0.0188857425849264,0.11695862361363));
#5174=CARTESIAN_POINT('',(-0.0332520880480426,-0.0142448058374614,0.111073786034977));
#5175=CARTESIAN_POINT('',(-0.037543198713515,-0.0143946133524749,0.114878182341246));
#5176=CARTESIAN_POINT('',(-0.0354786934323316,-0.0197137502100418,0.113964790891785));
#5177=CARTESIAN_POINT('',(-0.0346859114353593,-0.0142856825757349,0.109451052034031));
#5178=CARTESIAN_POINT('',(-0.0387413883478423,-0.0142513806149033,0.113578433453976));
#5179=CARTESIAN_POINT('',(-0.0373999406049816,-0.0196884903917677,0.112062777132635));
#5180=CARTESIAN_POINT('',(-0.0354347072866855,-0.0141882774616021,0.108692049320906));
#5181=CARTESIAN_POINT('',(-0.0393576671366661,-0.014101096579385,0.112936599710784));
#5182=CARTESIAN_POINT('',(-0.0383948516234495,-0.0195179991979383,0.111163586791594));
#5183=CARTESIAN_POINT('',(-0.0383948516234494,-0.0195179991979382,0.111163586791594));
#5184=CARTESIAN_POINT('',(-0.0385020599895702,-0.0189148335123019,0.1113610096785));
#5185=CARTESIAN_POINT('',(-0.0385064965929588,-0.0176024682166804,0.111543665440161));
#5186=CARTESIAN_POINT('',(-0.0378821536147747,-0.0157633403436359,0.111119284060488));
#5187=CARTESIAN_POINT('',(-0.0367692620971807,-0.0144745881541211,0.110093182063941));
#5188=CARTESIAN_POINT('',(-0.0358715242158901,-0.0141785699737073,0.10916467497553));
#5189=CARTESIAN_POINT('',(-0.0354347072866855,-0.0141882774616021,0.108692049320906));
#5190=CARTESIAN_POINT('',(-0.0354347072866796,0.0141882774616025,0.108692049320912));
#5191=CARTESIAN_POINT('',(-0.0358715242158853,0.0141785699737076,0.109164674975535));
#5192=CARTESIAN_POINT('',(-0.0367692620971776,0.0144745881541214,0.110093182063945));
#5193=CARTESIAN_POINT('',(-0.0378821536147735,0.015763340343637,0.111119284060491));
#5194=CARTESIAN_POINT('',(-0.0385064965929577,0.0176024682166825,0.111543665440163));
#5195=CARTESIAN_POINT('',(-0.038502059989568,0.0189148335123045,0.111361009678502));
#5196=CARTESIAN_POINT('',(-0.0383948516234464,0.0195179991979409,0.111163586791596));
#5197=CARTESIAN_POINT('',(-0.0354347080803378,-0.0141882773947569,0.108692049223557));
#5198=CARTESIAN_POINT('',(-0.0393576681717771,-0.0141010965499549,0.112936601630009));
#5199=CARTESIAN_POINT('',(-0.0383948519003315,-0.0195180001437399,0.111163586742051));
#5200=CARTESIAN_POINT('',(-0.0360626346290277,-0.0141065952130256,0.108055563689442));
#5201=CARTESIAN_POINT('',(-0.0400192858879633,-0.0139608119374905,0.1123479407916));
#5202=CARTESIAN_POINT('',(-0.0392865613439018,-0.0194042026080314,0.110338036843004));
#5203=CARTESIAN_POINT('',(-0.0372865411113051,-0.0137881635441426,0.106817792040493));
#5204=CARTESIAN_POINT('',(-0.0412863791060811,-0.0135265797846543,0.111219968447199));
#5205=CARTESIAN_POINT('',(-0.0410223628854124,-0.0189626794280252,0.108734703039133));
#5206=CARTESIAN_POINT('',(-0.0390647505860666,-0.0128371066547059,0.105035278540556));
#5207=CARTESIAN_POINT('',(-0.0430547800838087,-0.012439977392518,0.109644830509598));
#5208=CARTESIAN_POINT('',(-0.0435378264194722,-0.0176488550491939,0.106430256434946));
#5209=CARTESIAN_POINT('',(-0.0406786404512711,-0.0114656747794941,0.103435991284874));
#5210=CARTESIAN_POINT('',(-0.0446091368986754,-0.0109916593234066,0.108259575747062));
#5211=CARTESIAN_POINT('',(-0.0458152538783229,-0.015758092416034,0.104365517738113));
#5212=CARTESIAN_POINT('',(-0.0421136162252861,-0.0096785537524703,0.102031655446187));
#5213=CARTESIAN_POINT('',(-0.0459542056856979,-0.00919483010389454,0.107060035794538));
#5214=CARTESIAN_POINT('',(-0.0478357768699396,-0.0132977786566028,0.102554004443541));
#5215=CARTESIAN_POINT('',(-0.043274745639465,-0.00759008732946573,0.100908888738219));
#5216=CARTESIAN_POINT('',(-0.0470194139884092,-0.00716190030471625,0.106109398764186));
#5217=CARTESIAN_POINT('',(-0.0494676682041962,-0.0104256659621944,0.101106381546955));
#5218=CARTESIAN_POINT('',(-0.0441553323128491,-0.00519753284037694,0.100065930893473));
#5219=CARTESIAN_POINT('',(-0.0478155132165037,-0.0048807934398432,0.105398500613246));
#5220=CARTESIAN_POINT('',(-0.0507035058945466,-0.00713787998549046,0.10001974900785));
#5221=CARTESIAN_POINT('',(-0.0446891727436042,-0.00266780899385662,0.0995586958540952));
#5222=CARTESIAN_POINT('',(-0.0482935518929974,-0.00249853872401677,0.104971447367428));
#5223=CARTESIAN_POINT('',(-0.0514519600004456,-0.00366332718021008,0.0993659330322395));
#5224=CARTESIAN_POINT('',(-0.0448744051932312,-5.40835141027003E-7,0.0993833426929843));
#5225=CARTESIAN_POINT('',(-0.0484587785773483,-4.47891071474449E-7,0.104823815830876));
#5226=CARTESIAN_POINT('',(-0.0517115348711189,-7.40986349561473E-7,0.0991399082251475));
#5227=CARTESIAN_POINT('',(-0.044694248420706,0.0026293311822078,0.0995538767024248));
#5228=CARTESIAN_POINT('',(-0.0482981066740144,0.00246234526628222,0.104967378259659));
#5229=CARTESIAN_POINT('',(-0.0514590755486725,0.00361048442621436,0.0993597211890605));
#5230=CARTESIAN_POINT('',(-0.0441569954923074,0.00519381698864249,0.100064355922273));
#5231=CARTESIAN_POINT('',(-0.0478169801207056,0.00487729424713911,0.105397189845559));
#5232=CARTESIAN_POINT('',(-0.0507058365498561,0.00713277487361918,0.100017719118908));
#5233=CARTESIAN_POINT('',(-0.0432852383357409,0.00756574283925816,0.100898797616583));
#5234=CARTESIAN_POINT('',(-0.0470289690696423,0.00713852764417812,0.106100868656726));
#5235=CARTESIAN_POINT('',(-0.0494824035324281,0.0103922032092175,0.101093372275878));
#5236=CARTESIAN_POINT('',(-0.0421195353908476,0.00967097008662228,0.102025885996775));
#5237=CARTESIAN_POINT('',(-0.0459597267028823,0.00918720065156452,0.107055110925309));
#5238=CARTESIAN_POINT('',(-0.0478441057345146,0.0132873396329089,0.10254656394303));
#5239=CARTESIAN_POINT('',(-0.0406875773286514,0.0114558096168331,0.103427203908915));
#5240=CARTESIAN_POINT('',(-0.0446175761210049,0.0109816348155762,0.108252051675634));
#5241=CARTESIAN_POINT('',(-0.0458278475449833,0.0157445053851965,0.104354179327154));
#5242=CARTESIAN_POINT('',(-0.0390756439549781,0.0128297433276138,0.105024416802854));
#5243=CARTESIAN_POINT('',(-0.043065422836529,0.0124318895016356,0.109635348229193));
#5244=CARTESIAN_POINT('',(-0.0435532163788266,0.0176386925531793,0.106416226170575));
#5245=CARTESIAN_POINT('',(-0.0372946351305961,0.013785842911501,0.106809610953883));
#5246=CARTESIAN_POINT('',(-0.0412948043460669,0.0135234655549561,0.111212467792124));
#5247=CARTESIAN_POINT('',(-0.0410338391871672,0.0189594632869879,0.108724108481467));
#5248=CARTESIAN_POINT('',(-0.0360626580867489,0.0141065921615878,0.10805553991196));
#5249=CARTESIAN_POINT('',(-0.0400193107754027,0.0139608066606436,0.112347918648814));
#5250=CARTESIAN_POINT('',(-0.0392865946558707,0.0194041983571033,0.110338006002457));
#5251=CARTESIAN_POINT('',(-0.0354347080803373,0.0141882773947566,0.108692049223558));
#5252=CARTESIAN_POINT('',(-0.0393576681717763,0.0141010965499543,0.11293660163001));
#5253=CARTESIAN_POINT('',(-0.0383948519003317,0.0195180001437394,0.111163586742051));
#5254=MECHANICAL_DESIGN_GEOMETRIC_PRESENTATION_REPRESENTATION('',(#224),
#5256);
#5255=MECHANICAL_DESIGN_GEOMETRIC_PRESENTATION_REPRESENTATION('',(#225),
#5257);
#5256=(
GEOMETRIC_REPRESENTATION_CONTEXT(3)
GLOBAL_UNCERTAINTY_ASSIGNED_CONTEXT((#5258))
GLOBAL_UNIT_ASSIGNED_CONTEXT((#5264,#5262,#5260))
REPRESENTATION_CONTEXT('Water','TOP_LEVEL_ASSEMBLY_PART')
);
#5257=(
GEOMETRIC_REPRESENTATION_CONTEXT(3)
GLOBAL_UNCERTAINTY_ASSIGNED_CONTEXT((#5259))
GLOBAL_UNIT_ASSIGNED_CONTEXT((#5265,#5263,#5261))
REPRESENTATION_CONTEXT('Klein Bottle','TOP_LEVEL_ASSEMBLY_PART')
);
#5258=UNCERTAINTY_MEASURE_WITH_UNIT(LENGTH_MEASURE(2.E-5),#5264,
'DISTANCE_ACCURACY_VALUE','Maximum Tolerance applied to model');
#5259=UNCERTAINTY_MEASURE_WITH_UNIT(LENGTH_MEASURE(2.E-5),#5265,
'DISTANCE_ACCURACY_VALUE','Maximum Tolerance applied to model');
#5260=(
NAMED_UNIT(*)
SI_UNIT($,.STERADIAN.)
SOLID_ANGLE_UNIT()
);
#5261=(
NAMED_UNIT(*)
SI_UNIT($,.STERADIAN.)
SOLID_ANGLE_UNIT()
);
#5262=(
NAMED_UNIT(*)
PLANE_ANGLE_UNIT()
SI_UNIT($,.RADIAN.)
);
#5263=(
NAMED_UNIT(*)
PLANE_ANGLE_UNIT()
SI_UNIT($,.RADIAN.)
);
#5264=(
LENGTH_UNIT()
NAMED_UNIT(*)
SI_UNIT($,.METRE.)
);
#5265=(
LENGTH_UNIT()
NAMED_UNIT(*)
SI_UNIT($,.METRE.)
);
#5266=PRODUCT_DEFINITION_SHAPE('','',#5268);
#5267=PRODUCT_DEFINITION_SHAPE('','',#5269);
#5268=PRODUCT_DEFINITION('','',#5272,#5270);
#5269=PRODUCT_DEFINITION('','',#5273,#5271);
#5270=PRODUCT_DEFINITION_CONTEXT('',#5284,'design');
#5271=PRODUCT_DEFINITION_CONTEXT('',#5285,'design');
#5272=PRODUCT_DEFINITION_FORMATION_WITH_SPECIFIED_SOURCE('','',#5276,
 .NOT_KNOWN.);
#5273=PRODUCT_DEFINITION_FORMATION_WITH_SPECIFIED_SOURCE('','',#5277,
 .NOT_KNOWN.);
#5274=PRODUCT_RELATED_PRODUCT_CATEGORY('','',(#5276));
#5275=PRODUCT_RELATED_PRODUCT_CATEGORY('','',(#5277));
#5276=PRODUCT('Water','Water','Water',(#5280));
#5277=PRODUCT('Klein Bottle','Klein Bottle','Klein Bottle',(#5281));
#5278=PRODUCT_CATEGORY('','');
#5279=PRODUCT_CATEGORY('','');
#5280=PRODUCT_CONTEXT('',#5284,'mechanical');
#5281=PRODUCT_CONTEXT('',#5285,'mechanical');
#5282=APPLICATION_PROTOCOL_DEFINITION('international standard',
'ap242_managed_model_based_3d_engineering',2020,#5284);
#5283=APPLICATION_PROTOCOL_DEFINITION('international standard',
'ap242_managed_model_based_3d_engineering',2020,#5285);
#5284=APPLICATION_CONTEXT('managed model based 3d engineering');
#5285=APPLICATION_CONTEXT('managed model based 3d engineering');
ENDSEC;
END-ISO-10303-21;
