ISO-10303-21;
HEADER;
/* Generated by software containing ST-Developer
 * from STEP Tools, Inc. (www.steptools.com) 
 */
/* OPTION: using custom renumber hook */

FILE_DESCRIPTION(
/* description */ ('STEP AP242 Edition 2',
'CAx-IF Rec.Pracs.---Representation and Presentation of Product Manufa
cturing Information (PMI)---4.0---2014-10-13',
'CAx-IF Rec.Pracs.---3D Tessellated Geometry---0.4---2014-09-14','2;1',
'CAx-IF Rec.Pracs.---User Defined Attributes---1.5---2016-08-15'),
/* implementation_level */ '2;1');

FILE_NAME(
/* name */ 'Part Studio 1',
/* time_stamp */ '2026-07-11T16:26:25Z',
/* author */ (''),
/* organization */ (''),
/* preprocessor_version */ 'ST-DEVELOPER v20',
/* originating_system */ 'ONSHAPE BY PTC INC, 1.217',
/* authorisation */ '  ');

FILE_SCHEMA (('AP242_MANAGED_MODEL_BASED_3D_ENGINEERING_MIM_LF { 1 0 10303 442 3 1 4 }'));
ENDSEC;

DATA;
#10=SHAPE_REPRESENTATION_RELATIONSHIP('','',#1319,#11);
#11=ADVANCED_BREP_SHAPE_REPRESENTATION('',(#1317),#2337);
#12=B_SPLINE_CURVE_WITH_KNOTS('',3,(#2255,#2256,#2257,#2258),
 .UNSPECIFIED.,.F.,.F.,(4,4),(0.,0.00159938657528447),.UNSPECIFIED.);
#13=B_SPLINE_CURVE_WITH_KNOTS('',3,(#2259,#2260,#2261,#2262),
 .UNSPECIFIED.,.F.,.F.,(4,4),(0.,0.00159938657528447),.UNSPECIFIED.);
#14=B_SPLINE_CURVE_WITH_KNOTS('',3,(#2264,#2265,#2266,#2267),
 .UNSPECIFIED.,.F.,.F.,(4,4),(0.,0.00250927847977417),.UNSPECIFIED.);
#15=B_SPLINE_CURVE_WITH_KNOTS('',3,(#2269,#2270,#2271,#2272),
 .UNSPECIFIED.,.F.,.F.,(4,4),(0.,0.00250927847977416),.UNSPECIFIED.);
#16=B_SPLINE_CURVE_WITH_KNOTS('',3,(#2275,#2276,#2277,#2278),
 .UNSPECIFIED.,.F.,.F.,(4,4),(0.00485339072792305,0.00570149427942755),
 .UNSPECIFIED.);
#17=B_SPLINE_CURVE_WITH_KNOTS('',3,(#2279,#2280,#2281,#2282),
 .UNSPECIFIED.,.F.,.F.,(4,4),(0.00511275670078516,0.00618127622797065),
 .UNSPECIFIED.);
#18=B_SPLINE_CURVE_WITH_KNOTS('',3,(#2284,#2285,#2286,#2287),
 .UNSPECIFIED.,.F.,.F.,(4,4),(0.00589786686731594,0.00696553786164877),
 .UNSPECIFIED.);
#19=B_SPLINE_CURVE_WITH_KNOTS('',3,(#2289,#2290,#2291,#2292),
 .UNSPECIFIED.,.F.,.F.,(4,4),(0.00485339072792305,0.00570149427942755),
 .UNSPECIFIED.);
#20=B_SPLINE_CURVE_WITH_KNOTS('',3,(#2318,#2319,#2320,#2321),
 .UNSPECIFIED.,.F.,.F.,(4,4),(0.,0.00144782032620581),.UNSPECIFIED.);
#21=B_SPLINE_CURVE_WITH_KNOTS('',3,(#2325,#2326,#2327,#2328),
 .UNSPECIFIED.,.F.,.F.,(4,4),(0.,0.0014478203262058),.UNSPECIFIED.);
#22=CONICAL_SURFACE('',#1467,0.0240375644347018,1.0471975511966);
#23=CONICAL_SURFACE('',#1470,0.0205,1.0471975511966);
#24=CONICAL_SURFACE('',#1472,0.0205,0.523598775598298);
#25=CONICAL_SURFACE('',#1473,0.02455,0.5235987755983);
#26=CONICAL_SURFACE('',#1476,0.0025,0.785398163397446);
#27=CONICAL_SURFACE('',#1477,0.0015,0.785398163397447);
#28=CONICAL_SURFACE('',#1478,0.018,0.785398163397446);
#29=CONICAL_SURFACE('',#1479,0.0312,0.785398163397446);
#30=CONICAL_SURFACE('',#1480,0.0025,0.785398163397446);
#31=CONICAL_SURFACE('',#1481,0.0015,0.785398163397446);
#32=CONICAL_SURFACE('',#1484,0.0015,0.785398163397446);
#33=CONICAL_SURFACE('',#1485,0.0025,0.785398163397446);
#34=CONICAL_SURFACE('',#1487,0.018,0.785398163397445);
#35=CONICAL_SURFACE('',#1488,0.0312,0.785398163397446);
#36=CONICAL_SURFACE('',#1489,0.0025,0.785398163397447);
#37=CONICAL_SURFACE('',#1492,0.0015,0.785398163397446);
#38=TOROIDAL_SURFACE('',#1435,0.0106,0.0002);
#39=TOROIDAL_SURFACE('',#1436,0.0127,0.0002);
#40=TOROIDAL_SURFACE('',#1437,0.0028,0.0002);
#41=TOROIDAL_SURFACE('',#1440,0.0192,0.0002);
#42=TOROIDAL_SURFACE('',#1444,0.0028,0.0002);
#43=TOROIDAL_SURFACE('',#1446,0.0028,0.0002);
#44=TOROIDAL_SURFACE('',#1449,0.0028,0.0002);
#45=TOROIDAL_SURFACE('',#1452,0.0192,0.0002);
#46=TOROIDAL_SURFACE('',#1456,0.0028,0.0002);
#47=TOROIDAL_SURFACE('',#1458,0.0028,0.0002);
#48=CYLINDRICAL_SURFACE('',#1344,0.0025);
#49=CYLINDRICAL_SURFACE('',#1347,0.019);
#50=CYLINDRICAL_SURFACE('',#1350,0.0025);
#51=CYLINDRICAL_SURFACE('',#1354,0.0025);
#52=CYLINDRICAL_SURFACE('',#1358,0.0322);
#53=CYLINDRICAL_SURFACE('',#1362,0.0025);
#54=CYLINDRICAL_SURFACE('',#1366,0.0025);
#55=CYLINDRICAL_SURFACE('',#1369,0.019);
#56=CYLINDRICAL_SURFACE('',#1372,0.0025);
#57=CYLINDRICAL_SURFACE('',#1376,0.0025);
#58=CYLINDRICAL_SURFACE('',#1379,0.0322);
#59=CYLINDRICAL_SURFACE('',#1382,0.0025);
#60=CYLINDRICAL_SURFACE('',#1385,0.0063);
#61=CYLINDRICAL_SURFACE('',#1386,0.0025);
#62=CYLINDRICAL_SURFACE('',#1398,0.0104);
#63=CYLINDRICAL_SURFACE('',#1400,0.0129);
#64=CYLINDRICAL_SURFACE('',#1406,0.003);
#65=CYLINDRICAL_SURFACE('',#1409,0.003);
#66=CYLINDRICAL_SURFACE('',#1411,0.019);
#67=CYLINDRICAL_SURFACE('',#1413,0.003);
#68=CYLINDRICAL_SURFACE('',#1421,0.003);
#69=CYLINDRICAL_SURFACE('',#1424,0.003);
#70=CYLINDRICAL_SURFACE('',#1426,0.019);
#71=CYLINDRICAL_SURFACE('',#1428,0.003);
#72=CYLINDRICAL_SURFACE('',#1442,0.0002);
#73=CYLINDRICAL_SURFACE('',#1448,0.0002);
#74=CYLINDRICAL_SURFACE('',#1454,0.0002);
#75=CYLINDRICAL_SURFACE('',#1460,0.0002);
#76=CIRCLE('',#1322,0.0015);
#77=CIRCLE('',#1323,0.0035);
#78=CIRCLE('',#1324,0.018);
#79=CIRCLE('',#1325,0.0035);
#80=CIRCLE('',#1326,0.0015);
#81=CIRCLE('',#1327,0.0312);
#82=CIRCLE('',#1328,0.0015);
#83=CIRCLE('',#1329,0.0035);
#84=CIRCLE('',#1330,0.018);
#85=CIRCLE('',#1331,0.0035);
#86=CIRCLE('',#1332,0.0015);
#87=CIRCLE('',#1333,0.0312);
#88=CIRCLE('',#1334,0.0207958548115672);
#89=CIRCLE('',#1335,0.0249541451884327);
#90=CIRCLE('',#1336,0.0063);
#91=CIRCLE('',#1337,0.0025);
#92=CIRCLE('',#1338,0.02525);
#93=CIRCLE('',#1339,0.0205);
#94=CIRCLE('',#1341,0.0063);
#95=CIRCLE('',#1342,0.0104);
#96=CIRCLE('',#1345,0.0025);
#97=CIRCLE('',#1346,0.0025);
#98=CIRCLE('',#1348,0.019);
#99=CIRCLE('',#1349,0.019);
#100=CIRCLE('',#1351,0.0025);
#101=CIRCLE('',#1352,0.0025);
#102=CIRCLE('',#1355,0.0025);
#103=CIRCLE('',#1356,0.0025);
#104=CIRCLE('',#1359,0.0322);
#105=CIRCLE('',#1360,0.0322);
#106=CIRCLE('',#1363,0.0025);
#107=CIRCLE('',#1364,0.0025);
#108=CIRCLE('',#1367,0.0025);
#109=CIRCLE('',#1368,0.0025);
#110=CIRCLE('',#1370,0.019);
#111=CIRCLE('',#1371,0.019);
#112=CIRCLE('',#1373,0.0025);
#113=CIRCLE('',#1374,0.0025);
#114=CIRCLE('',#1377,0.0025);
#115=CIRCLE('',#1378,0.0025);
#116=CIRCLE('',#1380,0.0322);
#117=CIRCLE('',#1381,0.0322);
#118=CIRCLE('',#1383,0.0025);
#119=CIRCLE('',#1384,0.0025);
#120=CIRCLE('',#1387,0.0025);
#121=CIRCLE('',#1389,0.003);
#122=CIRCLE('',#1390,0.003);
#123=CIRCLE('',#1391,0.019);
#124=CIRCLE('',#1392,0.003);
#125=CIRCLE('',#1393,0.003);
#126=CIRCLE('',#1394,0.003);
#127=CIRCLE('',#1395,0.019);
#128=CIRCLE('',#1396,0.003);
#129=CIRCLE('',#1397,0.0129);
#130=CIRCLE('',#1399,0.0104);
#131=CIRCLE('',#1401,0.0129);
#132=CIRCLE('',#1403,0.0106);
#133=CIRCLE('',#1404,0.0127);
#134=CIRCLE('',#1407,0.003);
#135=CIRCLE('',#1410,0.003);
#136=CIRCLE('',#1412,0.019);
#137=CIRCLE('',#1414,0.003);
#138=CIRCLE('',#1416,0.0028);
#139=CIRCLE('',#1417,0.0028);
#140=CIRCLE('',#1418,0.0192);
#141=CIRCLE('',#1419,0.0028);
#142=CIRCLE('',#1422,0.003);
#143=CIRCLE('',#1425,0.003);
#144=CIRCLE('',#1427,0.019);
#145=CIRCLE('',#1429,0.003);
#146=CIRCLE('',#1431,0.0028);
#147=CIRCLE('',#1432,0.0028);
#148=CIRCLE('',#1433,0.0192);
#149=CIRCLE('',#1434,0.0028);
#150=CIRCLE('',#1438,0.0002);
#151=CIRCLE('',#1439,0.0002);
#152=CIRCLE('',#1441,0.0002);
#153=CIRCLE('',#1443,0.0002);
#154=CIRCLE('',#1445,0.0002);
#155=CIRCLE('',#1447,0.0002);
#156=CIRCLE('',#1450,0.0002);
#157=CIRCLE('',#1451,0.0002);
#158=CIRCLE('',#1453,0.0002);
#159=CIRCLE('',#1455,0.0002);
#160=CIRCLE('',#1457,0.0002);
#161=CIRCLE('',#1459,0.0002);
#162=CIRCLE('',#1462,0.0212);
#163=CIRCLE('',#1463,0.02455);
#164=CIRCLE('',#1465,0.0217124355652982);
#165=CIRCLE('',#1466,0.0240375644347018);
#166=ORIENTED_EDGE('',*,*,#534,.T.);
#167=ORIENTED_EDGE('',*,*,#535,.T.);
#168=ORIENTED_EDGE('',*,*,#536,.T.);
#169=ORIENTED_EDGE('',*,*,#537,.T.);
#170=ORIENTED_EDGE('',*,*,#538,.T.);
#171=ORIENTED_EDGE('',*,*,#539,.T.);
#172=ORIENTED_EDGE('',*,*,#540,.T.);
#173=ORIENTED_EDGE('',*,*,#541,.T.);
#174=ORIENTED_EDGE('',*,*,#542,.T.);
#175=ORIENTED_EDGE('',*,*,#543,.T.);
#176=ORIENTED_EDGE('',*,*,#544,.T.);
#177=ORIENTED_EDGE('',*,*,#545,.T.);
#178=ORIENTED_EDGE('',*,*,#546,.T.);
#179=ORIENTED_EDGE('',*,*,#547,.T.);
#180=ORIENTED_EDGE('',*,*,#548,.T.);
#181=ORIENTED_EDGE('',*,*,#549,.T.);
#182=ORIENTED_EDGE('',*,*,#550,.T.);
#183=ORIENTED_EDGE('',*,*,#551,.T.);
#184=ORIENTED_EDGE('',*,*,#552,.T.);
#185=ORIENTED_EDGE('',*,*,#553,.T.);
#186=ORIENTED_EDGE('',*,*,#554,.T.);
#187=ORIENTED_EDGE('',*,*,#555,.T.);
#188=ORIENTED_EDGE('',*,*,#556,.F.);
#189=ORIENTED_EDGE('',*,*,#557,.T.);
#190=ORIENTED_EDGE('',*,*,#558,.F.);
#191=ORIENTED_EDGE('',*,*,#559,.T.);
#192=ORIENTED_EDGE('',*,*,#560,.T.);
#193=ORIENTED_EDGE('',*,*,#561,.F.);
#194=ORIENTED_EDGE('',*,*,#562,.T.);
#195=ORIENTED_EDGE('',*,*,#563,.F.);
#196=ORIENTED_EDGE('',*,*,#564,.F.);
#197=ORIENTED_EDGE('',*,*,#565,.T.);
#198=ORIENTED_EDGE('',*,*,#566,.T.);
#199=ORIENTED_EDGE('',*,*,#567,.F.);
#200=ORIENTED_EDGE('',*,*,#568,.F.);
#201=ORIENTED_EDGE('',*,*,#569,.T.);
#202=ORIENTED_EDGE('',*,*,#564,.T.);
#203=ORIENTED_EDGE('',*,*,#570,.F.);
#204=ORIENTED_EDGE('',*,*,#571,.F.);
#205=ORIENTED_EDGE('',*,*,#572,.T.);
#206=ORIENTED_EDGE('',*,*,#568,.T.);
#207=ORIENTED_EDGE('',*,*,#573,.T.);
#208=ORIENTED_EDGE('',*,*,#574,.F.);
#209=ORIENTED_EDGE('',*,*,#575,.T.);
#210=ORIENTED_EDGE('',*,*,#571,.T.);
#211=ORIENTED_EDGE('',*,*,#576,.F.);
#212=ORIENTED_EDGE('',*,*,#577,.F.);
#213=ORIENTED_EDGE('',*,*,#578,.T.);
#214=ORIENTED_EDGE('',*,*,#574,.T.);
#215=ORIENTED_EDGE('',*,*,#579,.T.);
#216=ORIENTED_EDGE('',*,*,#580,.F.);
#217=ORIENTED_EDGE('',*,*,#581,.T.);
#218=ORIENTED_EDGE('',*,*,#577,.T.);
#219=ORIENTED_EDGE('',*,*,#582,.T.);
#220=ORIENTED_EDGE('',*,*,#583,.F.);
#221=ORIENTED_EDGE('',*,*,#584,.T.);
#222=ORIENTED_EDGE('',*,*,#580,.T.);
#223=ORIENTED_EDGE('',*,*,#585,.T.);
#224=ORIENTED_EDGE('',*,*,#586,.F.);
#225=ORIENTED_EDGE('',*,*,#587,.T.);
#226=ORIENTED_EDGE('',*,*,#583,.T.);
#227=ORIENTED_EDGE('',*,*,#588,.T.);
#228=ORIENTED_EDGE('',*,*,#589,.F.);
#229=ORIENTED_EDGE('',*,*,#590,.T.);
#230=ORIENTED_EDGE('',*,*,#586,.T.);
#231=ORIENTED_EDGE('',*,*,#591,.F.);
#232=ORIENTED_EDGE('',*,*,#592,.F.);
#233=ORIENTED_EDGE('',*,*,#593,.T.);
#234=ORIENTED_EDGE('',*,*,#589,.T.);
#235=ORIENTED_EDGE('',*,*,#594,.T.);
#236=ORIENTED_EDGE('',*,*,#595,.F.);
#237=ORIENTED_EDGE('',*,*,#596,.T.);
#238=ORIENTED_EDGE('',*,*,#592,.T.);
#239=ORIENTED_EDGE('',*,*,#597,.F.);
#240=ORIENTED_EDGE('',*,*,#598,.F.);
#241=ORIENTED_EDGE('',*,*,#599,.T.);
#242=ORIENTED_EDGE('',*,*,#595,.T.);
#243=ORIENTED_EDGE('',*,*,#600,.F.);
#244=ORIENTED_EDGE('',*,*,#601,.F.);
#245=ORIENTED_EDGE('',*,*,#602,.T.);
#246=ORIENTED_EDGE('',*,*,#598,.T.);
#247=ORIENTED_EDGE('',*,*,#603,.T.);
#248=ORIENTED_EDGE('',*,*,#604,.F.);
#249=ORIENTED_EDGE('',*,*,#605,.T.);
#250=ORIENTED_EDGE('',*,*,#601,.T.);
#251=ORIENTED_EDGE('',*,*,#606,.F.);
#252=ORIENTED_EDGE('',*,*,#607,.F.);
#253=ORIENTED_EDGE('',*,*,#608,.T.);
#254=ORIENTED_EDGE('',*,*,#604,.T.);
#255=ORIENTED_EDGE('',*,*,#609,.T.);
#256=ORIENTED_EDGE('',*,*,#610,.F.);
#257=ORIENTED_EDGE('',*,*,#611,.T.);
#258=ORIENTED_EDGE('',*,*,#607,.T.);
#259=ORIENTED_EDGE('',*,*,#612,.T.);
#260=ORIENTED_EDGE('',*,*,#613,.F.);
#261=ORIENTED_EDGE('',*,*,#614,.T.);
#262=ORIENTED_EDGE('',*,*,#610,.T.);
#263=ORIENTED_EDGE('',*,*,#615,.T.);
#264=ORIENTED_EDGE('',*,*,#566,.F.);
#265=ORIENTED_EDGE('',*,*,#616,.T.);
#266=ORIENTED_EDGE('',*,*,#613,.T.);
#267=ORIENTED_EDGE('',*,*,#617,.T.);
#268=ORIENTED_EDGE('',*,*,#556,.T.);
#269=ORIENTED_EDGE('',*,*,#562,.F.);
#270=ORIENTED_EDGE('',*,*,#557,.F.);
#271=ORIENTED_EDGE('',*,*,#618,.T.);
#272=ORIENTED_EDGE('',*,*,#619,.T.);
#273=ORIENTED_EDGE('',*,*,#620,.T.);
#274=ORIENTED_EDGE('',*,*,#621,.F.);
#275=ORIENTED_EDGE('',*,*,#622,.T.);
#276=ORIENTED_EDGE('',*,*,#623,.F.);
#277=ORIENTED_EDGE('',*,*,#624,.T.);
#278=ORIENTED_EDGE('',*,*,#625,.T.);
#279=ORIENTED_EDGE('',*,*,#626,.T.);
#280=ORIENTED_EDGE('',*,*,#627,.F.);
#281=ORIENTED_EDGE('',*,*,#628,.T.);
#282=ORIENTED_EDGE('',*,*,#629,.F.);
#283=ORIENTED_EDGE('',*,*,#630,.T.);
#284=ORIENTED_EDGE('',*,*,#631,.T.);
#285=ORIENTED_EDGE('',*,*,#567,.T.);
#286=ORIENTED_EDGE('',*,*,#617,.F.);
#287=ORIENTED_EDGE('',*,*,#615,.F.);
#288=ORIENTED_EDGE('',*,*,#612,.F.);
#289=ORIENTED_EDGE('',*,*,#609,.F.);
#290=ORIENTED_EDGE('',*,*,#606,.T.);
#291=ORIENTED_EDGE('',*,*,#603,.F.);
#292=ORIENTED_EDGE('',*,*,#600,.T.);
#293=ORIENTED_EDGE('',*,*,#597,.T.);
#294=ORIENTED_EDGE('',*,*,#594,.F.);
#295=ORIENTED_EDGE('',*,*,#591,.T.);
#296=ORIENTED_EDGE('',*,*,#588,.F.);
#297=ORIENTED_EDGE('',*,*,#585,.F.);
#298=ORIENTED_EDGE('',*,*,#582,.F.);
#299=ORIENTED_EDGE('',*,*,#579,.F.);
#300=ORIENTED_EDGE('',*,*,#576,.T.);
#301=ORIENTED_EDGE('',*,*,#573,.F.);
#302=ORIENTED_EDGE('',*,*,#570,.T.);
#303=ORIENTED_EDGE('',*,*,#618,.F.);
#304=ORIENTED_EDGE('',*,*,#632,.T.);
#305=ORIENTED_EDGE('',*,*,#563,.T.);
#306=ORIENTED_EDGE('',*,*,#633,.T.);
#307=ORIENTED_EDGE('',*,*,#631,.F.);
#308=ORIENTED_EDGE('',*,*,#634,.T.);
#309=ORIENTED_EDGE('',*,*,#635,.T.);
#310=ORIENTED_EDGE('',*,*,#636,.F.);
#311=ORIENTED_EDGE('',*,*,#637,.T.);
#312=ORIENTED_EDGE('',*,*,#638,.T.);
#313=ORIENTED_EDGE('',*,*,#625,.F.);
#314=ORIENTED_EDGE('',*,*,#638,.F.);
#315=ORIENTED_EDGE('',*,*,#639,.T.);
#316=ORIENTED_EDGE('',*,*,#640,.T.);
#317=ORIENTED_EDGE('',*,*,#626,.F.);
#318=ORIENTED_EDGE('',*,*,#640,.F.);
#319=ORIENTED_EDGE('',*,*,#641,.T.);
#320=ORIENTED_EDGE('',*,*,#642,.T.);
#321=ORIENTED_EDGE('',*,*,#627,.T.);
#322=ORIENTED_EDGE('',*,*,#642,.F.);
#323=ORIENTED_EDGE('',*,*,#643,.T.);
#324=ORIENTED_EDGE('',*,*,#644,.T.);
#325=ORIENTED_EDGE('',*,*,#628,.F.);
#326=ORIENTED_EDGE('',*,*,#644,.F.);
#327=ORIENTED_EDGE('',*,*,#645,.T.);
#328=ORIENTED_EDGE('',*,*,#646,.T.);
#329=ORIENTED_EDGE('',*,*,#629,.T.);
#330=ORIENTED_EDGE('',*,*,#646,.F.);
#331=ORIENTED_EDGE('',*,*,#647,.T.);
#332=ORIENTED_EDGE('',*,*,#636,.T.);
#333=ORIENTED_EDGE('',*,*,#630,.F.);
#334=ORIENTED_EDGE('',*,*,#648,.T.);
#335=ORIENTED_EDGE('',*,*,#649,.T.);
#336=ORIENTED_EDGE('',*,*,#650,.T.);
#337=ORIENTED_EDGE('',*,*,#651,.T.);
#338=ORIENTED_EDGE('',*,*,#652,.T.);
#339=ORIENTED_EDGE('',*,*,#653,.T.);
#340=ORIENTED_EDGE('',*,*,#654,.F.);
#341=ORIENTED_EDGE('',*,*,#655,.T.);
#342=ORIENTED_EDGE('',*,*,#656,.T.);
#343=ORIENTED_EDGE('',*,*,#619,.F.);
#344=ORIENTED_EDGE('',*,*,#656,.F.);
#345=ORIENTED_EDGE('',*,*,#657,.T.);
#346=ORIENTED_EDGE('',*,*,#658,.T.);
#347=ORIENTED_EDGE('',*,*,#620,.F.);
#348=ORIENTED_EDGE('',*,*,#658,.F.);
#349=ORIENTED_EDGE('',*,*,#659,.T.);
#350=ORIENTED_EDGE('',*,*,#660,.T.);
#351=ORIENTED_EDGE('',*,*,#621,.T.);
#352=ORIENTED_EDGE('',*,*,#660,.F.);
#353=ORIENTED_EDGE('',*,*,#661,.T.);
#354=ORIENTED_EDGE('',*,*,#662,.T.);
#355=ORIENTED_EDGE('',*,*,#622,.F.);
#356=ORIENTED_EDGE('',*,*,#662,.F.);
#357=ORIENTED_EDGE('',*,*,#663,.T.);
#358=ORIENTED_EDGE('',*,*,#664,.T.);
#359=ORIENTED_EDGE('',*,*,#623,.T.);
#360=ORIENTED_EDGE('',*,*,#664,.F.);
#361=ORIENTED_EDGE('',*,*,#665,.T.);
#362=ORIENTED_EDGE('',*,*,#654,.T.);
#363=ORIENTED_EDGE('',*,*,#624,.F.);
#364=ORIENTED_EDGE('',*,*,#666,.T.);
#365=ORIENTED_EDGE('',*,*,#667,.T.);
#366=ORIENTED_EDGE('',*,*,#668,.T.);
#367=ORIENTED_EDGE('',*,*,#669,.T.);
#368=ORIENTED_EDGE('',*,*,#670,.T.);
#369=ORIENTED_EDGE('',*,*,#671,.T.);
#370=ORIENTED_EDGE('',*,*,#632,.F.);
#371=ORIENTED_EDGE('',*,*,#634,.F.);
#372=ORIENTED_EDGE('',*,*,#635,.F.);
#373=ORIENTED_EDGE('',*,*,#633,.F.);
#374=ORIENTED_EDGE('',*,*,#672,.F.);
#375=ORIENTED_EDGE('',*,*,#670,.F.);
#376=ORIENTED_EDGE('',*,*,#673,.F.);
#377=ORIENTED_EDGE('',*,*,#661,.F.);
#378=ORIENTED_EDGE('',*,*,#673,.T.);
#379=ORIENTED_EDGE('',*,*,#669,.F.);
#380=ORIENTED_EDGE('',*,*,#674,.F.);
#381=ORIENTED_EDGE('',*,*,#663,.F.);
#382=ORIENTED_EDGE('',*,*,#672,.T.);
#383=ORIENTED_EDGE('',*,*,#659,.F.);
#384=ORIENTED_EDGE('',*,*,#675,.F.);
#385=ORIENTED_EDGE('',*,*,#671,.F.);
#386=ORIENTED_EDGE('',*,*,#674,.T.);
#387=ORIENTED_EDGE('',*,*,#668,.F.);
#388=ORIENTED_EDGE('',*,*,#676,.F.);
#389=ORIENTED_EDGE('',*,*,#665,.F.);
#390=ORIENTED_EDGE('',*,*,#675,.T.);
#391=ORIENTED_EDGE('',*,*,#657,.F.);
#392=ORIENTED_EDGE('',*,*,#677,.F.);
#393=ORIENTED_EDGE('',*,*,#666,.F.);
#394=ORIENTED_EDGE('',*,*,#676,.T.);
#395=ORIENTED_EDGE('',*,*,#667,.F.);
#396=ORIENTED_EDGE('',*,*,#677,.T.);
#397=ORIENTED_EDGE('',*,*,#655,.F.);
#398=ORIENTED_EDGE('',*,*,#678,.F.);
#399=ORIENTED_EDGE('',*,*,#652,.F.);
#400=ORIENTED_EDGE('',*,*,#679,.F.);
#401=ORIENTED_EDGE('',*,*,#643,.F.);
#402=ORIENTED_EDGE('',*,*,#679,.T.);
#403=ORIENTED_EDGE('',*,*,#651,.F.);
#404=ORIENTED_EDGE('',*,*,#680,.F.);
#405=ORIENTED_EDGE('',*,*,#645,.F.);
#406=ORIENTED_EDGE('',*,*,#678,.T.);
#407=ORIENTED_EDGE('',*,*,#641,.F.);
#408=ORIENTED_EDGE('',*,*,#681,.F.);
#409=ORIENTED_EDGE('',*,*,#653,.F.);
#410=ORIENTED_EDGE('',*,*,#680,.T.);
#411=ORIENTED_EDGE('',*,*,#650,.F.);
#412=ORIENTED_EDGE('',*,*,#682,.F.);
#413=ORIENTED_EDGE('',*,*,#647,.F.);
#414=ORIENTED_EDGE('',*,*,#681,.T.);
#415=ORIENTED_EDGE('',*,*,#639,.F.);
#416=ORIENTED_EDGE('',*,*,#683,.F.);
#417=ORIENTED_EDGE('',*,*,#648,.F.);
#418=ORIENTED_EDGE('',*,*,#682,.T.);
#419=ORIENTED_EDGE('',*,*,#649,.F.);
#420=ORIENTED_EDGE('',*,*,#683,.T.);
#421=ORIENTED_EDGE('',*,*,#637,.F.);
#422=ORIENTED_EDGE('',*,*,#684,.T.);
#423=ORIENTED_EDGE('',*,*,#685,.T.);
#424=ORIENTED_EDGE('',*,*,#686,.T.);
#425=ORIENTED_EDGE('',*,*,#687,.T.);
#426=ORIENTED_EDGE('',*,*,#688,.T.);
#427=ORIENTED_EDGE('',*,*,#689,.T.);
#428=ORIENTED_EDGE('',*,*,#690,.T.);
#429=ORIENTED_EDGE('',*,*,#691,.T.);
#430=ORIENTED_EDGE('',*,*,#692,.F.);
#431=ORIENTED_EDGE('',*,*,#691,.F.);
#432=ORIENTED_EDGE('',*,*,#693,.F.);
#433=ORIENTED_EDGE('',*,*,#558,.T.);
#434=ORIENTED_EDGE('',*,*,#693,.T.);
#435=ORIENTED_EDGE('',*,*,#690,.F.);
#436=ORIENTED_EDGE('',*,*,#694,.F.);
#437=ORIENTED_EDGE('',*,*,#559,.F.);
#438=ORIENTED_EDGE('',*,*,#692,.T.);
#439=ORIENTED_EDGE('',*,*,#561,.T.);
#440=ORIENTED_EDGE('',*,*,#695,.F.);
#441=ORIENTED_EDGE('',*,*,#688,.F.);
#442=ORIENTED_EDGE('',*,*,#694,.T.);
#443=ORIENTED_EDGE('',*,*,#689,.F.);
#444=ORIENTED_EDGE('',*,*,#695,.T.);
#445=ORIENTED_EDGE('',*,*,#560,.F.);
#446=ORIENTED_EDGE('',*,*,#696,.F.);
#447=ORIENTED_EDGE('',*,*,#554,.F.);
#448=ORIENTED_EDGE('',*,*,#697,.F.);
#449=ORIENTED_EDGE('',*,*,#687,.F.);
#450=ORIENTED_EDGE('',*,*,#697,.T.);
#451=ORIENTED_EDGE('',*,*,#553,.F.);
#452=ORIENTED_EDGE('',*,*,#698,.F.);
#453=ORIENTED_EDGE('',*,*,#684,.F.);
#454=ORIENTED_EDGE('',*,*,#696,.T.);
#455=ORIENTED_EDGE('',*,*,#686,.F.);
#456=ORIENTED_EDGE('',*,*,#699,.F.);
#457=ORIENTED_EDGE('',*,*,#555,.F.);
#458=ORIENTED_EDGE('',*,*,#698,.T.);
#459=ORIENTED_EDGE('',*,*,#552,.F.);
#460=ORIENTED_EDGE('',*,*,#699,.T.);
#461=ORIENTED_EDGE('',*,*,#685,.F.);
#462=ORIENTED_EDGE('',*,*,#700,.F.);
#463=ORIENTED_EDGE('',*,*,#565,.F.);
#464=ORIENTED_EDGE('',*,*,#701,.F.);
#465=ORIENTED_EDGE('',*,*,#544,.F.);
#466=ORIENTED_EDGE('',*,*,#701,.T.);
#467=ORIENTED_EDGE('',*,*,#569,.F.);
#468=ORIENTED_EDGE('',*,*,#702,.F.);
#469=ORIENTED_EDGE('',*,*,#545,.F.);
#470=ORIENTED_EDGE('',*,*,#700,.T.);
#471=ORIENTED_EDGE('',*,*,#543,.F.);
#472=ORIENTED_EDGE('',*,*,#703,.F.);
#473=ORIENTED_EDGE('',*,*,#616,.F.);
#474=ORIENTED_EDGE('',*,*,#702,.T.);
#475=ORIENTED_EDGE('',*,*,#572,.F.);
#476=ORIENTED_EDGE('',*,*,#704,.F.);
#477=ORIENTED_EDGE('',*,*,#546,.F.);
#478=ORIENTED_EDGE('',*,*,#703,.T.);
#479=ORIENTED_EDGE('',*,*,#542,.F.);
#480=ORIENTED_EDGE('',*,*,#705,.F.);
#481=ORIENTED_EDGE('',*,*,#614,.F.);
#482=ORIENTED_EDGE('',*,*,#704,.T.);
#483=ORIENTED_EDGE('',*,*,#575,.F.);
#484=ORIENTED_EDGE('',*,*,#706,.F.);
#485=ORIENTED_EDGE('',*,*,#547,.F.);
#486=ORIENTED_EDGE('',*,*,#705,.T.);
#487=ORIENTED_EDGE('',*,*,#541,.F.);
#488=ORIENTED_EDGE('',*,*,#707,.F.);
#489=ORIENTED_EDGE('',*,*,#611,.F.);
#490=ORIENTED_EDGE('',*,*,#706,.T.);
#491=ORIENTED_EDGE('',*,*,#578,.F.);
#492=ORIENTED_EDGE('',*,*,#708,.F.);
#493=ORIENTED_EDGE('',*,*,#548,.F.);
#494=ORIENTED_EDGE('',*,*,#707,.T.);
#495=ORIENTED_EDGE('',*,*,#540,.F.);
#496=ORIENTED_EDGE('',*,*,#709,.F.);
#497=ORIENTED_EDGE('',*,*,#608,.F.);
#498=ORIENTED_EDGE('',*,*,#708,.T.);
#499=ORIENTED_EDGE('',*,*,#581,.F.);
#500=ORIENTED_EDGE('',*,*,#710,.F.);
#501=ORIENTED_EDGE('',*,*,#549,.F.);
#502=ORIENTED_EDGE('',*,*,#709,.T.);
#503=ORIENTED_EDGE('',*,*,#539,.F.);
#504=ORIENTED_EDGE('',*,*,#711,.F.);
#505=ORIENTED_EDGE('',*,*,#605,.F.);
#506=ORIENTED_EDGE('',*,*,#710,.T.);
#507=ORIENTED_EDGE('',*,*,#584,.F.);
#508=ORIENTED_EDGE('',*,*,#712,.F.);
#509=ORIENTED_EDGE('',*,*,#550,.F.);
#510=ORIENTED_EDGE('',*,*,#711,.T.);
#511=ORIENTED_EDGE('',*,*,#538,.F.);
#512=ORIENTED_EDGE('',*,*,#713,.F.);
#513=ORIENTED_EDGE('',*,*,#602,.F.);
#514=ORIENTED_EDGE('',*,*,#712,.T.);
#515=ORIENTED_EDGE('',*,*,#587,.F.);
#516=ORIENTED_EDGE('',*,*,#714,.F.);
#517=ORIENTED_EDGE('',*,*,#551,.F.);
#518=ORIENTED_EDGE('',*,*,#713,.T.);
#519=ORIENTED_EDGE('',*,*,#537,.F.);
#520=ORIENTED_EDGE('',*,*,#715,.F.);
#521=ORIENTED_EDGE('',*,*,#599,.F.);
#522=ORIENTED_EDGE('',*,*,#714,.T.);
#523=ORIENTED_EDGE('',*,*,#590,.F.);
#524=ORIENTED_EDGE('',*,*,#716,.F.);
#525=ORIENTED_EDGE('',*,*,#534,.F.);
#526=ORIENTED_EDGE('',*,*,#715,.T.);
#527=ORIENTED_EDGE('',*,*,#536,.F.);
#528=ORIENTED_EDGE('',*,*,#717,.F.);
#529=ORIENTED_EDGE('',*,*,#596,.F.);
#530=ORIENTED_EDGE('',*,*,#716,.T.);
#531=ORIENTED_EDGE('',*,*,#593,.F.);
#532=ORIENTED_EDGE('',*,*,#717,.T.);
#533=ORIENTED_EDGE('',*,*,#535,.F.);
#534=EDGE_CURVE('',#718,#719,#834,.T.);
#535=EDGE_CURVE('',#719,#720,#76,.T.);
#536=EDGE_CURVE('',#720,#721,#835,.T.);
#537=EDGE_CURVE('',#721,#722,#77,.F.);
#538=EDGE_CURVE('',#722,#723,#78,.T.);
#539=EDGE_CURVE('',#723,#724,#79,.F.);
#540=EDGE_CURVE('',#724,#725,#836,.T.);
#541=EDGE_CURVE('',#725,#726,#80,.T.);
#542=EDGE_CURVE('',#726,#727,#81,.T.);
#543=EDGE_CURVE('',#727,#728,#82,.T.);
#544=EDGE_CURVE('',#728,#729,#837,.T.);
#545=EDGE_CURVE('',#729,#730,#83,.F.);
#546=EDGE_CURVE('',#730,#731,#84,.T.);
#547=EDGE_CURVE('',#731,#732,#85,.F.);
#548=EDGE_CURVE('',#732,#733,#838,.T.);
#549=EDGE_CURVE('',#733,#734,#86,.T.);
#550=EDGE_CURVE('',#734,#735,#839,.T.);
#551=EDGE_CURVE('',#735,#718,#87,.T.);
#552=EDGE_CURVE('',#736,#737,#840,.T.);
#553=EDGE_CURVE('',#737,#738,#88,.T.);
#554=EDGE_CURVE('',#738,#739,#841,.F.);
#555=EDGE_CURVE('',#739,#736,#89,.F.);
#556=EDGE_CURVE('',#740,#740,#90,.T.);
#557=EDGE_CURVE('',#741,#741,#91,.T.);
#558=EDGE_CURVE('',#742,#743,#92,.T.);
#559=EDGE_CURVE('',#742,#744,#842,.T.);
#560=EDGE_CURVE('',#744,#745,#93,.T.);
#561=EDGE_CURVE('',#743,#745,#843,.T.);
#562=EDGE_CURVE('',#746,#746,#94,.T.);
#563=EDGE_CURVE('',#747,#747,#95,.T.);
#564=EDGE_CURVE('',#748,#749,#844,.T.);
#565=EDGE_CURVE('',#748,#750,#845,.T.);
#566=EDGE_CURVE('',#750,#751,#846,.T.);
#567=EDGE_CURVE('',#749,#751,#847,.T.);
#568=EDGE_CURVE('',#752,#753,#848,.T.);
#569=EDGE_CURVE('',#752,#748,#96,.T.);
#570=EDGE_CURVE('',#753,#749,#97,.T.);
#571=EDGE_CURVE('',#754,#755,#849,.T.);
#572=EDGE_CURVE('',#754,#752,#98,.F.);
#573=EDGE_CURVE('',#753,#755,#99,.T.);
#574=EDGE_CURVE('',#756,#757,#850,.T.);
#575=EDGE_CURVE('',#756,#754,#100,.T.);
#576=EDGE_CURVE('',#757,#755,#101,.T.);
#577=EDGE_CURVE('',#758,#759,#851,.T.);
#578=EDGE_CURVE('',#758,#756,#852,.T.);
#579=EDGE_CURVE('',#757,#759,#853,.T.);
#580=EDGE_CURVE('',#760,#761,#854,.T.);
#581=EDGE_CURVE('',#760,#758,#102,.F.);
#582=EDGE_CURVE('',#759,#761,#103,.T.);
#583=EDGE_CURVE('',#762,#763,#855,.T.);
#584=EDGE_CURVE('',#762,#760,#856,.T.);
#585=EDGE_CURVE('',#761,#763,#857,.T.);
#586=EDGE_CURVE('',#764,#765,#858,.T.);
#587=EDGE_CURVE('',#764,#762,#104,.F.);
#588=EDGE_CURVE('',#763,#765,#105,.T.);
#589=EDGE_CURVE('',#766,#767,#859,.T.);
#590=EDGE_CURVE('',#766,#764,#860,.T.);
#591=EDGE_CURVE('',#767,#765,#861,.T.);
#592=EDGE_CURVE('',#768,#769,#862,.T.);
#593=EDGE_CURVE('',#768,#766,#106,.F.);
#594=EDGE_CURVE('',#767,#769,#107,.T.);
#595=EDGE_CURVE('',#770,#771,#863,.T.);
#596=EDGE_CURVE('',#770,#768,#864,.T.);
#597=EDGE_CURVE('',#771,#769,#865,.T.);
#598=EDGE_CURVE('',#772,#773,#866,.T.);
#599=EDGE_CURVE('',#772,#770,#108,.T.);
#600=EDGE_CURVE('',#773,#771,#109,.T.);
#601=EDGE_CURVE('',#774,#775,#867,.T.);
#602=EDGE_CURVE('',#774,#772,#110,.F.);
#603=EDGE_CURVE('',#773,#775,#111,.T.);
#604=EDGE_CURVE('',#776,#777,#868,.T.);
#605=EDGE_CURVE('',#776,#774,#112,.T.);
#606=EDGE_CURVE('',#777,#775,#113,.T.);
#607=EDGE_CURVE('',#778,#779,#869,.T.);
#608=EDGE_CURVE('',#778,#776,#870,.T.);
#609=EDGE_CURVE('',#777,#779,#871,.T.);
#610=EDGE_CURVE('',#780,#781,#872,.T.);
#611=EDGE_CURVE('',#780,#778,#114,.F.);
#612=EDGE_CURVE('',#779,#781,#115,.T.);
#613=EDGE_CURVE('',#782,#783,#873,.T.);
#614=EDGE_CURVE('',#782,#780,#116,.F.);
#615=EDGE_CURVE('',#781,#783,#117,.T.);
#616=EDGE_CURVE('',#750,#782,#118,.F.);
#617=EDGE_CURVE('',#783,#751,#119,.T.);
#618=EDGE_CURVE('',#784,#784,#120,.T.);
#619=EDGE_CURVE('',#785,#786,#874,.T.);
#620=EDGE_CURVE('',#786,#787,#121,.T.);
#621=EDGE_CURVE('',#788,#787,#875,.T.);
#622=EDGE_CURVE('',#788,#789,#122,.T.);
#623=EDGE_CURVE('',#790,#789,#123,.T.);
#624=EDGE_CURVE('',#790,#785,#124,.T.);
#625=EDGE_CURVE('',#791,#792,#876,.T.);
#626=EDGE_CURVE('',#792,#793,#125,.T.);
#627=EDGE_CURVE('',#794,#793,#877,.T.);
#628=EDGE_CURVE('',#794,#795,#126,.T.);
#629=EDGE_CURVE('',#796,#795,#127,.T.);
#630=EDGE_CURVE('',#796,#791,#128,.T.);
#631=EDGE_CURVE('',#797,#797,#129,.T.);
#632=EDGE_CURVE('',#798,#798,#130,.F.);
#633=EDGE_CURVE('',#799,#799,#131,.T.);
#634=EDGE_CURVE('',#800,#800,#132,.T.);
#635=EDGE_CURVE('',#801,#801,#133,.F.);
#636=EDGE_CURVE('',#802,#791,#878,.T.);
#637=EDGE_CURVE('',#802,#803,#879,.T.);
#638=EDGE_CURVE('',#803,#792,#880,.T.);
#639=EDGE_CURVE('',#803,#804,#134,.T.);
#640=EDGE_CURVE('',#804,#793,#881,.T.);
#641=EDGE_CURVE('',#804,#805,#882,.F.);
#642=EDGE_CURVE('',#805,#794,#883,.T.);
#643=EDGE_CURVE('',#805,#806,#135,.T.);
#644=EDGE_CURVE('',#806,#795,#884,.T.);
#645=EDGE_CURVE('',#806,#807,#136,.F.);
#646=EDGE_CURVE('',#807,#796,#885,.T.);
#647=EDGE_CURVE('',#807,#802,#137,.T.);
#648=EDGE_CURVE('',#808,#809,#138,.F.);
#649=EDGE_CURVE('',#809,#810,#886,.F.);
#650=EDGE_CURVE('',#810,#811,#139,.F.);
#651=EDGE_CURVE('',#811,#812,#140,.T.);
#652=EDGE_CURVE('',#812,#813,#141,.F.);
#653=EDGE_CURVE('',#813,#808,#887,.T.);
#654=EDGE_CURVE('',#814,#785,#888,.T.);
#655=EDGE_CURVE('',#814,#815,#889,.T.);
#656=EDGE_CURVE('',#815,#786,#890,.T.);
#657=EDGE_CURVE('',#815,#816,#142,.T.);
#658=EDGE_CURVE('',#816,#787,#891,.T.);
#659=EDGE_CURVE('',#816,#817,#892,.F.);
#660=EDGE_CURVE('',#817,#788,#893,.T.);
#661=EDGE_CURVE('',#817,#818,#143,.T.);
#662=EDGE_CURVE('',#818,#789,#894,.T.);
#663=EDGE_CURVE('',#818,#819,#144,.F.);
#664=EDGE_CURVE('',#819,#790,#895,.T.);
#665=EDGE_CURVE('',#819,#814,#145,.T.);
#666=EDGE_CURVE('',#820,#821,#146,.F.);
#667=EDGE_CURVE('',#821,#822,#896,.F.);
#668=EDGE_CURVE('',#822,#823,#147,.F.);
#669=EDGE_CURVE('',#823,#824,#148,.T.);
#670=EDGE_CURVE('',#824,#825,#149,.F.);
#671=EDGE_CURVE('',#825,#820,#897,.T.);
#672=EDGE_CURVE('',#825,#817,#150,.T.);
#673=EDGE_CURVE('',#818,#824,#151,.T.);
#674=EDGE_CURVE('',#819,#823,#152,.T.);
#675=EDGE_CURVE('',#820,#816,#153,.T.);
#676=EDGE_CURVE('',#814,#822,#154,.T.);
#677=EDGE_CURVE('',#821,#815,#155,.T.);
#678=EDGE_CURVE('',#813,#805,#156,.T.);
#679=EDGE_CURVE('',#806,#812,#157,.T.);
#680=EDGE_CURVE('',#807,#811,#158,.T.);
#681=EDGE_CURVE('',#808,#804,#159,.T.);
#682=EDGE_CURVE('',#802,#810,#160,.T.);
#683=EDGE_CURVE('',#809,#803,#161,.T.);
#684=EDGE_CURVE('',#826,#827,#162,.F.);
#685=EDGE_CURVE('',#827,#828,#898,.T.);
#686=EDGE_CURVE('',#828,#829,#163,.T.);
#687=EDGE_CURVE('',#829,#826,#899,.T.);
#688=EDGE_CURVE('',#830,#831,#900,.T.);
#689=EDGE_CURVE('',#831,#832,#164,.F.);
#690=EDGE_CURVE('',#832,#833,#901,.T.);
#691=EDGE_CURVE('',#833,#830,#165,.T.);
#692=EDGE_CURVE('',#830,#743,#12,.F.);
#693=EDGE_CURVE('',#742,#833,#13,.T.);
#694=EDGE_CURVE('',#744,#832,#14,.F.);
#695=EDGE_CURVE('',#831,#745,#15,.F.);
#696=EDGE_CURVE('',#739,#829,#16,.F.);
#697=EDGE_CURVE('',#826,#738,#17,.T.);
#698=EDGE_CURVE('',#827,#737,#18,.F.);
#699=EDGE_CURVE('',#736,#828,#19,.F.);
#700=EDGE_CURVE('',#750,#728,#902,.T.);
#701=EDGE_CURVE('',#729,#748,#903,.T.);
#702=EDGE_CURVE('',#730,#752,#904,.T.);
#703=EDGE_CURVE('',#782,#727,#905,.T.);
#704=EDGE_CURVE('',#731,#754,#906,.T.);
#705=EDGE_CURVE('',#780,#726,#907,.T.);
#706=EDGE_CURVE('',#732,#756,#908,.T.);
#707=EDGE_CURVE('',#778,#725,#909,.T.);
#708=EDGE_CURVE('',#733,#758,#910,.T.);
#709=EDGE_CURVE('',#776,#724,#911,.T.);
#710=EDGE_CURVE('',#734,#760,#912,.T.);
#711=EDGE_CURVE('',#774,#723,#913,.T.);
#712=EDGE_CURVE('',#735,#762,#20,.F.);
#713=EDGE_CURVE('',#772,#722,#914,.T.);
#714=EDGE_CURVE('',#718,#764,#21,.F.);
#715=EDGE_CURVE('',#770,#721,#915,.T.);
#716=EDGE_CURVE('',#719,#766,#916,.T.);
#717=EDGE_CURVE('',#768,#720,#917,.T.);
#718=VERTEX_POINT('',#1926);
#719=VERTEX_POINT('',#1927);
#720=VERTEX_POINT('',#1929);
#721=VERTEX_POINT('',#1931);
#722=VERTEX_POINT('',#1933);
#723=VERTEX_POINT('',#1935);
#724=VERTEX_POINT('',#1937);
#725=VERTEX_POINT('',#1939);
#726=VERTEX_POINT('',#1941);
#727=VERTEX_POINT('',#1943);
#728=VERTEX_POINT('',#1945);
#729=VERTEX_POINT('',#1947);
#730=VERTEX_POINT('',#1949);
#731=VERTEX_POINT('',#1951);
#732=VERTEX_POINT('',#1953);
#733=VERTEX_POINT('',#1955);
#734=VERTEX_POINT('',#1957);
#735=VERTEX_POINT('',#1959);
#736=VERTEX_POINT('',#1962);
#737=VERTEX_POINT('',#1963);
#738=VERTEX_POINT('',#1965);
#739=VERTEX_POINT('',#1967);
#740=VERTEX_POINT('',#1970);
#741=VERTEX_POINT('',#1972);
#742=VERTEX_POINT('',#1974);
#743=VERTEX_POINT('',#1975);
#744=VERTEX_POINT('',#1977);
#745=VERTEX_POINT('',#1979);
#746=VERTEX_POINT('',#1983);
#747=VERTEX_POINT('',#1985);
#748=VERTEX_POINT('',#1988);
#749=VERTEX_POINT('',#1989);
#750=VERTEX_POINT('',#1991);
#751=VERTEX_POINT('',#1993);
#752=VERTEX_POINT('',#1997);
#753=VERTEX_POINT('',#1998);
#754=VERTEX_POINT('',#2003);
#755=VERTEX_POINT('',#2004);
#756=VERTEX_POINT('',#2009);
#757=VERTEX_POINT('',#2010);
#758=VERTEX_POINT('',#2015);
#759=VERTEX_POINT('',#2016);
#760=VERTEX_POINT('',#2021);
#761=VERTEX_POINT('',#2022);
#762=VERTEX_POINT('',#2027);
#763=VERTEX_POINT('',#2028);
#764=VERTEX_POINT('',#2033);
#765=VERTEX_POINT('',#2034);
#766=VERTEX_POINT('',#2039);
#767=VERTEX_POINT('',#2040);
#768=VERTEX_POINT('',#2045);
#769=VERTEX_POINT('',#2046);
#770=VERTEX_POINT('',#2051);
#771=VERTEX_POINT('',#2052);
#772=VERTEX_POINT('',#2057);
#773=VERTEX_POINT('',#2058);
#774=VERTEX_POINT('',#2063);
#775=VERTEX_POINT('',#2064);
#776=VERTEX_POINT('',#2069);
#777=VERTEX_POINT('',#2070);
#778=VERTEX_POINT('',#2075);
#779=VERTEX_POINT('',#2076);
#780=VERTEX_POINT('',#2081);
#781=VERTEX_POINT('',#2082);
#782=VERTEX_POINT('',#2087);
#783=VERTEX_POINT('',#2088);
#784=VERTEX_POINT('',#2097);
#785=VERTEX_POINT('',#2100);
#786=VERTEX_POINT('',#2101);
#787=VERTEX_POINT('',#2103);
#788=VERTEX_POINT('',#2105);
#789=VERTEX_POINT('',#2107);
#790=VERTEX_POINT('',#2109);
#791=VERTEX_POINT('',#2112);
#792=VERTEX_POINT('',#2113);
#793=VERTEX_POINT('',#2115);
#794=VERTEX_POINT('',#2117);
#795=VERTEX_POINT('',#2119);
#796=VERTEX_POINT('',#2121);
#797=VERTEX_POINT('',#2124);
#798=VERTEX_POINT('',#2127);
#799=VERTEX_POINT('',#2130);
#800=VERTEX_POINT('',#2133);
#801=VERTEX_POINT('',#2135);
#802=VERTEX_POINT('',#2138);
#803=VERTEX_POINT('',#2140);
#804=VERTEX_POINT('',#2144);
#805=VERTEX_POINT('',#2148);
#806=VERTEX_POINT('',#2152);
#807=VERTEX_POINT('',#2156);
#808=VERTEX_POINT('',#2162);
#809=VERTEX_POINT('',#2163);
#810=VERTEX_POINT('',#2165);
#811=VERTEX_POINT('',#2167);
#812=VERTEX_POINT('',#2169);
#813=VERTEX_POINT('',#2171);
#814=VERTEX_POINT('',#2175);
#815=VERTEX_POINT('',#2177);
#816=VERTEX_POINT('',#2181);
#817=VERTEX_POINT('',#2185);
#818=VERTEX_POINT('',#2189);
#819=VERTEX_POINT('',#2193);
#820=VERTEX_POINT('',#2199);
#821=VERTEX_POINT('',#2200);
#822=VERTEX_POINT('',#2202);
#823=VERTEX_POINT('',#2204);
#824=VERTEX_POINT('',#2206);
#825=VERTEX_POINT('',#2208);
#826=VERTEX_POINT('',#2238);
#827=VERTEX_POINT('',#2239);
#828=VERTEX_POINT('',#2241);
#829=VERTEX_POINT('',#2243);
#830=VERTEX_POINT('',#2247);
#831=VERTEX_POINT('',#2248);
#832=VERTEX_POINT('',#2250);
#833=VERTEX_POINT('',#2252);
#834=LINE('',#1925,#918);
#835=LINE('',#1930,#919);
#836=LINE('',#1938,#920);
#837=LINE('',#1946,#921);
#838=LINE('',#1954,#922);
#839=LINE('',#1958,#923);
#840=LINE('',#1961,#924);
#841=LINE('',#1966,#925);
#842=LINE('',#1976,#926);
#843=LINE('',#1980,#927);
#844=LINE('',#1987,#928);
#845=LINE('',#1990,#929);
#846=LINE('',#1992,#930);
#847=LINE('',#1994,#931);
#848=LINE('',#1996,#932);
#849=LINE('',#2002,#933);
#850=LINE('',#2008,#934);
#851=LINE('',#2014,#935);
#852=LINE('',#2017,#936);
#853=LINE('',#2018,#937);
#854=LINE('',#2020,#938);
#855=LINE('',#2026,#939);
#856=LINE('',#2029,#940);
#857=LINE('',#2030,#941);
#858=LINE('',#2032,#942);
#859=LINE('',#2038,#943);
#860=LINE('',#2041,#944);
#861=LINE('',#2042,#945);
#862=LINE('',#2044,#946);
#863=LINE('',#2050,#947);
#864=LINE('',#2053,#948);
#865=LINE('',#2054,#949);
#866=LINE('',#2056,#950);
#867=LINE('',#2062,#951);
#868=LINE('',#2068,#952);
#869=LINE('',#2074,#953);
#870=LINE('',#2077,#954);
#871=LINE('',#2078,#955);
#872=LINE('',#2080,#956);
#873=LINE('',#2086,#957);
#874=LINE('',#2099,#958);
#875=LINE('',#2104,#959);
#876=LINE('',#2111,#960);
#877=LINE('',#2116,#961);
#878=LINE('',#2137,#962);
#879=LINE('',#2139,#963);
#880=LINE('',#2141,#964);
#881=LINE('',#2145,#965);
#882=LINE('',#2147,#966);
#883=LINE('',#2149,#967);
#884=LINE('',#2153,#968);
#885=LINE('',#2157,#969);
#886=LINE('',#2164,#970);
#887=LINE('',#2172,#971);
#888=LINE('',#2174,#972);
#889=LINE('',#2176,#973);
#890=LINE('',#2178,#974);
#891=LINE('',#2182,#975);
#892=LINE('',#2184,#976);
#893=LINE('',#2186,#977);
#894=LINE('',#2190,#978);
#895=LINE('',#2194,#979);
#896=LINE('',#2201,#980);
#897=LINE('',#2209,#981);
#898=LINE('',#2240,#982);
#899=LINE('',#2244,#983);
#900=LINE('',#2246,#984);
#901=LINE('',#2251,#985);
#902=LINE('',#2295,#986);
#903=LINE('',#2296,#987);
#904=LINE('',#2298,#988);
#905=LINE('',#2300,#989);
#906=LINE('',#2302,#990);
#907=LINE('',#2304,#991);
#908=LINE('',#2306,#992);
#909=LINE('',#2308,#993);
#910=LINE('',#2310,#994);
#911=LINE('',#2312,#995);
#912=LINE('',#2314,#996);
#913=LINE('',#2316,#997);
#914=LINE('',#2323,#998);
#915=LINE('',#2330,#999);
#916=LINE('',#2332,#1000);
#917=LINE('',#2334,#1001);
#918=VECTOR('',#1497,1.);
#919=VECTOR('',#1500,1.);
#920=VECTOR('',#1507,1.);
#921=VECTOR('',#1514,1.);
#922=VECTOR('',#1521,1.);
#923=VECTOR('',#1524,1.);
#924=VECTOR('',#1527,1.);
#925=VECTOR('',#1530,1.);
#926=VECTOR('',#1539,1.);
#927=VECTOR('',#1542,1.);
#928=VECTOR('',#1551,1.);
#929=VECTOR('',#1552,1.);
#930=VECTOR('',#1553,1.);
#931=VECTOR('',#1554,1.);
#932=VECTOR('',#1557,1.);
#933=VECTOR('',#1564,1.);
#934=VECTOR('',#1571,1.);
#935=VECTOR('',#1578,1.);
#936=VECTOR('',#1579,1.);
#937=VECTOR('',#1580,1.);
#938=VECTOR('',#1583,1.);
#939=VECTOR('',#1590,1.);
#940=VECTOR('',#1591,1.);
#941=VECTOR('',#1592,1.);
#942=VECTOR('',#1595,1.);
#943=VECTOR('',#1602,1.);
#944=VECTOR('',#1603,1.);
#945=VECTOR('',#1604,1.);
#946=VECTOR('',#1607,1.);
#947=VECTOR('',#1614,1.);
#948=VECTOR('',#1615,1.);
#949=VECTOR('',#1616,1.);
#950=VECTOR('',#1619,1.);
#951=VECTOR('',#1626,1.);
#952=VECTOR('',#1633,1.);
#953=VECTOR('',#1640,1.);
#954=VECTOR('',#1641,1.);
#955=VECTOR('',#1642,1.);
#956=VECTOR('',#1645,1.);
#957=VECTOR('',#1652,1.);
#958=VECTOR('',#1671,1.);
#959=VECTOR('',#1674,1.);
#960=VECTOR('',#1681,1.);
#961=VECTOR('',#1684,1.);
#962=VECTOR('',#1709,1.);
#963=VECTOR('',#1710,1.);
#964=VECTOR('',#1711,1.);
#965=VECTOR('',#1716,1.);
#966=VECTOR('',#1719,1.);
#967=VECTOR('',#1720,1.);
#968=VECTOR('',#1725,1.);
#969=VECTOR('',#1730,1.);
#970=VECTOR('',#1739,1.);
#971=VECTOR('',#1746,1.);
#972=VECTOR('',#1749,1.);
#973=VECTOR('',#1750,1.);
#974=VECTOR('',#1751,1.);
#975=VECTOR('',#1756,1.);
#976=VECTOR('',#1759,1.);
#977=VECTOR('',#1760,1.);
#978=VECTOR('',#1765,1.);
#979=VECTOR('',#1770,1.);
#980=VECTOR('',#1779,1.);
#981=VECTOR('',#1786,1.);
#982=VECTOR('',#1843,1.);
#983=VECTOR('',#1846,1.);
#984=VECTOR('',#1849,1.);
#985=VECTOR('',#1852,1.);
#986=VECTOR('',#1873,1.);
#987=VECTOR('',#1874,1.);
#988=VECTOR('',#1877,1.);
#989=VECTOR('',#1880,1.);
#990=VECTOR('',#1883,1.);
#991=VECTOR('',#1886,1.);
#992=VECTOR('',#1889,1.);
#993=VECTOR('',#1892,1.);
#994=VECTOR('',#1895,1.);
#995=VECTOR('',#1898,1.);
#996=VECTOR('',#1901,1.);
#997=VECTOR('',#1904,1.);
#998=VECTOR('',#1909,1.);
#999=VECTOR('',#1914,1.);
#1000=VECTOR('',#1917,1.);
#1001=VECTOR('',#1920,1.);
#1002=EDGE_LOOP('',(#166,#167,#168,#169,#170,#171,#172,#173,#174,#175,#176,
#177,#178,#179,#180,#181,#182,#183));
#1003=EDGE_LOOP('',(#184,#185,#186,#187));
#1004=EDGE_LOOP('',(#188));
#1005=EDGE_LOOP('',(#189));
#1006=EDGE_LOOP('',(#190,#191,#192,#193));
#1007=EDGE_LOOP('',(#194));
#1008=EDGE_LOOP('',(#195));
#1009=EDGE_LOOP('',(#196,#197,#198,#199));
#1010=EDGE_LOOP('',(#200,#201,#202,#203));
#1011=EDGE_LOOP('',(#204,#205,#206,#207));
#1012=EDGE_LOOP('',(#208,#209,#210,#211));
#1013=EDGE_LOOP('',(#212,#213,#214,#215));
#1014=EDGE_LOOP('',(#216,#217,#218,#219));
#1015=EDGE_LOOP('',(#220,#221,#222,#223));
#1016=EDGE_LOOP('',(#224,#225,#226,#227));
#1017=EDGE_LOOP('',(#228,#229,#230,#231));
#1018=EDGE_LOOP('',(#232,#233,#234,#235));
#1019=EDGE_LOOP('',(#236,#237,#238,#239));
#1020=EDGE_LOOP('',(#240,#241,#242,#243));
#1021=EDGE_LOOP('',(#244,#245,#246,#247));
#1022=EDGE_LOOP('',(#248,#249,#250,#251));
#1023=EDGE_LOOP('',(#252,#253,#254,#255));
#1024=EDGE_LOOP('',(#256,#257,#258,#259));
#1025=EDGE_LOOP('',(#260,#261,#262,#263));
#1026=EDGE_LOOP('',(#264,#265,#266,#267));
#1027=EDGE_LOOP('',(#268));
#1028=EDGE_LOOP('',(#269));
#1029=EDGE_LOOP('',(#270));
#1030=EDGE_LOOP('',(#271));
#1031=EDGE_LOOP('',(#272,#273,#274,#275,#276,#277));
#1032=EDGE_LOOP('',(#278,#279,#280,#281,#282,#283));
#1033=EDGE_LOOP('',(#284));
#1034=EDGE_LOOP('',(#285,#286,#287,#288,#289,#290,#291,#292,#293,#294,#295,
#296,#297,#298,#299,#300,#301,#302));
#1035=EDGE_LOOP('',(#303));
#1036=EDGE_LOOP('',(#304));
#1037=EDGE_LOOP('',(#305));
#1038=EDGE_LOOP('',(#306));
#1039=EDGE_LOOP('',(#307));
#1040=EDGE_LOOP('',(#308));
#1041=EDGE_LOOP('',(#309));
#1042=EDGE_LOOP('',(#310,#311,#312,#313));
#1043=EDGE_LOOP('',(#314,#315,#316,#317));
#1044=EDGE_LOOP('',(#318,#319,#320,#321));
#1045=EDGE_LOOP('',(#322,#323,#324,#325));
#1046=EDGE_LOOP('',(#326,#327,#328,#329));
#1047=EDGE_LOOP('',(#330,#331,#332,#333));
#1048=EDGE_LOOP('',(#334,#335,#336,#337,#338,#339));
#1049=EDGE_LOOP('',(#340,#341,#342,#343));
#1050=EDGE_LOOP('',(#344,#345,#346,#347));
#1051=EDGE_LOOP('',(#348,#349,#350,#351));
#1052=EDGE_LOOP('',(#352,#353,#354,#355));
#1053=EDGE_LOOP('',(#356,#357,#358,#359));
#1054=EDGE_LOOP('',(#360,#361,#362,#363));
#1055=EDGE_LOOP('',(#364,#365,#366,#367,#368,#369));
#1056=EDGE_LOOP('',(#370));
#1057=EDGE_LOOP('',(#371));
#1058=EDGE_LOOP('',(#372));
#1059=EDGE_LOOP('',(#373));
#1060=EDGE_LOOP('',(#374,#375,#376,#377));
#1061=EDGE_LOOP('',(#378,#379,#380,#381));
#1062=EDGE_LOOP('',(#382,#383,#384,#385));
#1063=EDGE_LOOP('',(#386,#387,#388,#389));
#1064=EDGE_LOOP('',(#390,#391,#392,#393));
#1065=EDGE_LOOP('',(#394,#395,#396,#397));
#1066=EDGE_LOOP('',(#398,#399,#400,#401));
#1067=EDGE_LOOP('',(#402,#403,#404,#405));
#1068=EDGE_LOOP('',(#406,#407,#408,#409));
#1069=EDGE_LOOP('',(#410,#411,#412,#413));
#1070=EDGE_LOOP('',(#414,#415,#416,#417));
#1071=EDGE_LOOP('',(#418,#419,#420,#421));
#1072=EDGE_LOOP('',(#422,#423,#424,#425));
#1073=EDGE_LOOP('',(#426,#427,#428,#429));
#1074=EDGE_LOOP('',(#430,#431,#432,#433));
#1075=EDGE_LOOP('',(#434,#435,#436,#437));
#1076=EDGE_LOOP('',(#438,#439,#440,#441));
#1077=EDGE_LOOP('',(#442,#443,#444,#445));
#1078=EDGE_LOOP('',(#446,#447,#448,#449));
#1079=EDGE_LOOP('',(#450,#451,#452,#453));
#1080=EDGE_LOOP('',(#454,#455,#456,#457));
#1081=EDGE_LOOP('',(#458,#459,#460,#461));
#1082=EDGE_LOOP('',(#462,#463,#464,#465));
#1083=EDGE_LOOP('',(#466,#467,#468,#469));
#1084=EDGE_LOOP('',(#470,#471,#472,#473));
#1085=EDGE_LOOP('',(#474,#475,#476,#477));
#1086=EDGE_LOOP('',(#478,#479,#480,#481));
#1087=EDGE_LOOP('',(#482,#483,#484,#485));
#1088=EDGE_LOOP('',(#486,#487,#488,#489));
#1089=EDGE_LOOP('',(#490,#491,#492,#493));
#1090=EDGE_LOOP('',(#494,#495,#496,#497));
#1091=EDGE_LOOP('',(#498,#499,#500,#501));
#1092=EDGE_LOOP('',(#502,#503,#504,#505));
#1093=EDGE_LOOP('',(#506,#507,#508,#509));
#1094=EDGE_LOOP('',(#510,#511,#512,#513));
#1095=EDGE_LOOP('',(#514,#515,#516,#517));
#1096=EDGE_LOOP('',(#518,#519,#520,#521));
#1097=EDGE_LOOP('',(#522,#523,#524,#525));
#1098=EDGE_LOOP('',(#526,#527,#528,#529));
#1099=EDGE_LOOP('',(#530,#531,#532,#533));
#1100=FACE_BOUND('',#1002,.T.);
#1101=FACE_BOUND('',#1003,.T.);
#1102=FACE_BOUND('',#1004,.T.);
#1103=FACE_BOUND('',#1005,.T.);
#1104=FACE_BOUND('',#1006,.T.);
#1105=FACE_BOUND('',#1007,.T.);
#1106=FACE_BOUND('',#1008,.T.);
#1107=FACE_BOUND('',#1009,.T.);
#1108=FACE_BOUND('',#1010,.T.);
#1109=FACE_BOUND('',#1011,.T.);
#1110=FACE_BOUND('',#1012,.T.);
#1111=FACE_BOUND('',#1013,.T.);
#1112=FACE_BOUND('',#1014,.T.);
#1113=FACE_BOUND('',#1015,.T.);
#1114=FACE_BOUND('',#1016,.T.);
#1115=FACE_BOUND('',#1017,.T.);
#1116=FACE_BOUND('',#1018,.T.);
#1117=FACE_BOUND('',#1019,.T.);
#1118=FACE_BOUND('',#1020,.T.);
#1119=FACE_BOUND('',#1021,.T.);
#1120=FACE_BOUND('',#1022,.T.);
#1121=FACE_BOUND('',#1023,.T.);
#1122=FACE_BOUND('',#1024,.T.);
#1123=FACE_BOUND('',#1025,.T.);
#1124=FACE_BOUND('',#1026,.T.);
#1125=FACE_BOUND('',#1027,.T.);
#1126=FACE_BOUND('',#1028,.T.);
#1127=FACE_BOUND('',#1029,.T.);
#1128=FACE_BOUND('',#1030,.T.);
#1129=FACE_BOUND('',#1031,.T.);
#1130=FACE_BOUND('',#1032,.T.);
#1131=FACE_BOUND('',#1033,.T.);
#1132=FACE_BOUND('',#1034,.T.);
#1133=FACE_BOUND('',#1035,.T.);
#1134=FACE_BOUND('',#1036,.T.);
#1135=FACE_BOUND('',#1037,.T.);
#1136=FACE_BOUND('',#1038,.T.);
#1137=FACE_BOUND('',#1039,.T.);
#1138=FACE_BOUND('',#1040,.T.);
#1139=FACE_BOUND('',#1041,.T.);
#1140=FACE_BOUND('',#1042,.T.);
#1141=FACE_BOUND('',#1043,.T.);
#1142=FACE_BOUND('',#1044,.T.);
#1143=FACE_BOUND('',#1045,.T.);
#1144=FACE_BOUND('',#1046,.T.);
#1145=FACE_BOUND('',#1047,.T.);
#1146=FACE_BOUND('',#1048,.T.);
#1147=FACE_BOUND('',#1049,.T.);
#1148=FACE_BOUND('',#1050,.T.);
#1149=FACE_BOUND('',#1051,.T.);
#1150=FACE_BOUND('',#1052,.T.);
#1151=FACE_BOUND('',#1053,.T.);
#1152=FACE_BOUND('',#1054,.T.);
#1153=FACE_BOUND('',#1055,.T.);
#1154=FACE_BOUND('',#1056,.T.);
#1155=FACE_BOUND('',#1057,.T.);
#1156=FACE_BOUND('',#1058,.T.);
#1157=FACE_BOUND('',#1059,.T.);
#1158=FACE_BOUND('',#1060,.T.);
#1159=FACE_BOUND('',#1061,.T.);
#1160=FACE_BOUND('',#1062,.T.);
#1161=FACE_BOUND('',#1063,.T.);
#1162=FACE_BOUND('',#1064,.T.);
#1163=FACE_BOUND('',#1065,.T.);
#1164=FACE_BOUND('',#1066,.T.);
#1165=FACE_BOUND('',#1067,.T.);
#1166=FACE_BOUND('',#1068,.T.);
#1167=FACE_BOUND('',#1069,.T.);
#1168=FACE_BOUND('',#1070,.T.);
#1169=FACE_BOUND('',#1071,.T.);
#1170=FACE_BOUND('',#1072,.T.);
#1171=FACE_BOUND('',#1073,.T.);
#1172=FACE_BOUND('',#1074,.T.);
#1173=FACE_BOUND('',#1075,.T.);
#1174=FACE_BOUND('',#1076,.T.);
#1175=FACE_BOUND('',#1077,.T.);
#1176=FACE_BOUND('',#1078,.T.);
#1177=FACE_BOUND('',#1079,.T.);
#1178=FACE_BOUND('',#1080,.T.);
#1179=FACE_BOUND('',#1081,.T.);
#1180=FACE_BOUND('',#1082,.T.);
#1181=FACE_BOUND('',#1083,.T.);
#1182=FACE_BOUND('',#1084,.T.);
#1183=FACE_BOUND('',#1085,.T.);
#1184=FACE_BOUND('',#1086,.T.);
#1185=FACE_BOUND('',#1087,.T.);
#1186=FACE_BOUND('',#1088,.T.);
#1187=FACE_BOUND('',#1089,.T.);
#1188=FACE_BOUND('',#1090,.T.);
#1189=FACE_BOUND('',#1091,.T.);
#1190=FACE_BOUND('',#1092,.T.);
#1191=FACE_BOUND('',#1093,.T.);
#1192=FACE_BOUND('',#1094,.T.);
#1193=FACE_BOUND('',#1095,.T.);
#1194=FACE_BOUND('',#1096,.T.);
#1195=FACE_BOUND('',#1097,.T.);
#1196=FACE_BOUND('',#1098,.T.);
#1197=FACE_BOUND('',#1099,.T.);
#1198=PLANE('',#1321);
#1199=PLANE('',#1340);
#1200=PLANE('',#1343);
#1201=PLANE('',#1353);
#1202=PLANE('',#1357);
#1203=PLANE('',#1361);
#1204=PLANE('',#1365);
#1205=PLANE('',#1375);
#1206=PLANE('',#1388);
#1207=PLANE('',#1402);
#1208=PLANE('',#1405);
#1209=PLANE('',#1408);
#1210=PLANE('',#1415);
#1211=PLANE('',#1420);
#1212=PLANE('',#1423);
#1213=PLANE('',#1430);
#1214=PLANE('',#1461);
#1215=PLANE('',#1464);
#1216=PLANE('',#1468);
#1217=PLANE('',#1469);
#1218=PLANE('',#1471);
#1219=PLANE('',#1474);
#1220=PLANE('',#1475);
#1221=PLANE('',#1482);
#1222=PLANE('',#1483);
#1223=PLANE('',#1486);
#1224=PLANE('',#1490);
#1225=PLANE('',#1491);
#1226=ADVANCED_FACE('',(#1100,#1101,#1102,#1103,#1104),#1198,.T.);
#1227=ADVANCED_FACE('',(#1105,#1106),#1199,.F.);
#1228=ADVANCED_FACE('',(#1107),#1200,.T.);
#1229=ADVANCED_FACE('',(#1108),#48,.F.);
#1230=ADVANCED_FACE('',(#1109),#49,.T.);
#1231=ADVANCED_FACE('',(#1110),#50,.F.);
#1232=ADVANCED_FACE('',(#1111),#1201,.F.);
#1233=ADVANCED_FACE('',(#1112),#51,.T.);
#1234=ADVANCED_FACE('',(#1113),#1202,.F.);
#1235=ADVANCED_FACE('',(#1114),#52,.T.);
#1236=ADVANCED_FACE('',(#1115),#1203,.T.);
#1237=ADVANCED_FACE('',(#1116),#53,.T.);
#1238=ADVANCED_FACE('',(#1117),#1204,.T.);
#1239=ADVANCED_FACE('',(#1118),#54,.F.);
#1240=ADVANCED_FACE('',(#1119),#55,.T.);
#1241=ADVANCED_FACE('',(#1120),#56,.F.);
#1242=ADVANCED_FACE('',(#1121),#1205,.F.);
#1243=ADVANCED_FACE('',(#1122),#57,.T.);
#1244=ADVANCED_FACE('',(#1123),#58,.T.);
#1245=ADVANCED_FACE('',(#1124),#59,.T.);
#1246=ADVANCED_FACE('',(#1125,#1126),#60,.F.);
#1247=ADVANCED_FACE('',(#1127,#1128),#61,.F.);
#1248=ADVANCED_FACE('Face appearance 1',(#1129,#1130,#1131,#1132,#1133),
#1206,.F.);
#1249=ADVANCED_FACE('',(#1134,#1135),#62,.T.);
#1250=ADVANCED_FACE('',(#1136,#1137),#63,.F.);
#1251=ADVANCED_FACE('',(#1138,#1139),#1207,.F.);
#1252=ADVANCED_FACE('',(#1140),#1208,.T.);
#1253=ADVANCED_FACE('',(#1141),#64,.F.);
#1254=ADVANCED_FACE('',(#1142),#1209,.F.);
#1255=ADVANCED_FACE('',(#1143),#65,.F.);
#1256=ADVANCED_FACE('',(#1144),#66,.T.);
#1257=ADVANCED_FACE('',(#1145),#67,.F.);
#1258=ADVANCED_FACE('',(#1146),#1210,.F.);
#1259=ADVANCED_FACE('',(#1147),#1211,.T.);
#1260=ADVANCED_FACE('',(#1148),#68,.F.);
#1261=ADVANCED_FACE('',(#1149),#1212,.F.);
#1262=ADVANCED_FACE('',(#1150),#69,.F.);
#1263=ADVANCED_FACE('',(#1151),#70,.T.);
#1264=ADVANCED_FACE('',(#1152),#71,.F.);
#1265=ADVANCED_FACE('',(#1153),#1213,.F.);
#1266=ADVANCED_FACE('',(#1154,#1155),#38,.F.);
#1267=ADVANCED_FACE('',(#1156,#1157),#39,.F.);
#1268=ADVANCED_FACE('',(#1158),#40,.F.);
#1269=ADVANCED_FACE('',(#1159),#41,.F.);
#1270=ADVANCED_FACE('',(#1160),#72,.F.);
#1271=ADVANCED_FACE('',(#1161),#42,.F.);
#1272=ADVANCED_FACE('',(#1162),#43,.F.);
#1273=ADVANCED_FACE('',(#1163),#73,.F.);
#1274=ADVANCED_FACE('',(#1164),#44,.F.);
#1275=ADVANCED_FACE('',(#1165),#45,.F.);
#1276=ADVANCED_FACE('',(#1166),#74,.F.);
#1277=ADVANCED_FACE('',(#1167),#46,.F.);
#1278=ADVANCED_FACE('',(#1168),#47,.F.);
#1279=ADVANCED_FACE('',(#1169),#75,.F.);
#1280=ADVANCED_FACE('',(#1170),#1214,.T.);
#1281=ADVANCED_FACE('',(#1171),#1215,.T.);
#1282=ADVANCED_FACE('',(#1172),#22,.F.);
#1283=ADVANCED_FACE('',(#1173),#1216,.T.);
#1284=ADVANCED_FACE('',(#1174),#1217,.F.);
#1285=ADVANCED_FACE('',(#1175),#23,.T.);
#1286=ADVANCED_FACE('',(#1176),#1218,.T.);
#1287=ADVANCED_FACE('',(#1177),#24,.T.);
#1288=ADVANCED_FACE('',(#1178),#25,.F.);
#1289=ADVANCED_FACE('',(#1179),#1219,.F.);
#1290=ADVANCED_FACE('',(#1180),#1220,.F.);
#1291=ADVANCED_FACE('',(#1181),#26,.F.);
#1292=ADVANCED_FACE('',(#1182),#27,.T.);
#1293=ADVANCED_FACE('',(#1183),#28,.T.);
#1294=ADVANCED_FACE('',(#1184),#29,.T.);
#1295=ADVANCED_FACE('',(#1185),#30,.F.);
#1296=ADVANCED_FACE('',(#1186),#31,.T.);
#1297=ADVANCED_FACE('',(#1187),#1221,.T.);
#1298=ADVANCED_FACE('',(#1188),#1222,.T.);
#1299=ADVANCED_FACE('',(#1189),#32,.T.);
#1300=ADVANCED_FACE('',(#1190),#33,.F.);
#1301=ADVANCED_FACE('',(#1191),#1223,.T.);
#1302=ADVANCED_FACE('',(#1192),#34,.T.);
#1303=ADVANCED_FACE('',(#1193),#35,.T.);
#1304=ADVANCED_FACE('',(#1194),#36,.F.);
#1305=ADVANCED_FACE('',(#1195),#1224,.F.);
#1306=ADVANCED_FACE('',(#1196),#1225,.F.);
#1307=ADVANCED_FACE('',(#1197),#37,.T.);
#1308=CLOSED_SHELL('',(#1226,#1227,#1228,#1229,#1230,#1231,#1232,#1233,
#1234,#1235,#1236,#1237,#1238,#1239,#1240,#1241,#1242,#1243,#1244,#1245,
#1246,#1247,#1248,#1249,#1250,#1251,#1252,#1253,#1254,#1255,#1256,#1257,
#1258,#1259,#1260,#1261,#1262,#1263,#1264,#1265,#1266,#1267,#1268,#1269,
#1270,#1271,#1272,#1273,#1274,#1275,#1276,#1277,#1278,#1279,#1280,#1281,
#1282,#1283,#1284,#1285,#1286,#1287,#1288,#1289,#1290,#1291,#1292,#1293,
#1294,#1295,#1296,#1297,#1298,#1299,#1300,#1301,#1302,#1303,#1304,#1305,
#1306,#1307));
#1309=STYLED_ITEM('',(#1310),#1317);
#1310=PRESENTATION_STYLE_ASSIGNMENT((#1311));
#1311=SURFACE_STYLE_USAGE(.BOTH.,#1312);
#1312=SURFACE_SIDE_STYLE('',(#1313));
#1313=SURFACE_STYLE_FILL_AREA(#1314);
#1314=FILL_AREA_STYLE('',(#1315));
#1315=FILL_AREA_STYLE_COLOUR('',#1316);
#1316=COLOUR_RGB('',0.615686274509804,0.811764705882353,0.929411764705882);
#1317=MANIFOLD_SOLID_BREP('Part 1',#1308);
#1318=SHAPE_DEFINITION_REPRESENTATION(#2342,#1319);
#1319=SHAPE_REPRESENTATION('Part 1',(#1320),#2337);
#1320=AXIS2_PLACEMENT_3D('',#1923,#1493,#1494);
#1321=AXIS2_PLACEMENT_3D('',#1924,#1495,#1496);
#1322=AXIS2_PLACEMENT_3D('',#1928,#1498,#1499);
#1323=AXIS2_PLACEMENT_3D('',#1932,#1501,#1502);
#1324=AXIS2_PLACEMENT_3D('',#1934,#1503,#1504);
#1325=AXIS2_PLACEMENT_3D('',#1936,#1505,#1506);
#1326=AXIS2_PLACEMENT_3D('',#1940,#1508,#1509);
#1327=AXIS2_PLACEMENT_3D('',#1942,#1510,#1511);
#1328=AXIS2_PLACEMENT_3D('',#1944,#1512,#1513);
#1329=AXIS2_PLACEMENT_3D('',#1948,#1515,#1516);
#1330=AXIS2_PLACEMENT_3D('',#1950,#1517,#1518);
#1331=AXIS2_PLACEMENT_3D('',#1952,#1519,#1520);
#1332=AXIS2_PLACEMENT_3D('',#1956,#1522,#1523);
#1333=AXIS2_PLACEMENT_3D('',#1960,#1525,#1526);
#1334=AXIS2_PLACEMENT_3D('',#1964,#1528,#1529);
#1335=AXIS2_PLACEMENT_3D('',#1968,#1531,#1532);
#1336=AXIS2_PLACEMENT_3D('',#1969,#1533,#1534);
#1337=AXIS2_PLACEMENT_3D('',#1971,#1535,#1536);
#1338=AXIS2_PLACEMENT_3D('',#1973,#1537,#1538);
#1339=AXIS2_PLACEMENT_3D('',#1978,#1540,#1541);
#1340=AXIS2_PLACEMENT_3D('',#1981,#1543,#1544);
#1341=AXIS2_PLACEMENT_3D('',#1982,#1545,#1546);
#1342=AXIS2_PLACEMENT_3D('',#1984,#1547,#1548);
#1343=AXIS2_PLACEMENT_3D('',#1986,#1549,#1550);
#1344=AXIS2_PLACEMENT_3D('',#1995,#1555,#1556);
#1345=AXIS2_PLACEMENT_3D('',#1999,#1558,#1559);
#1346=AXIS2_PLACEMENT_3D('',#2000,#1560,#1561);
#1347=AXIS2_PLACEMENT_3D('',#2001,#1562,#1563);
#1348=AXIS2_PLACEMENT_3D('',#2005,#1565,#1566);
#1349=AXIS2_PLACEMENT_3D('',#2006,#1567,#1568);
#1350=AXIS2_PLACEMENT_3D('',#2007,#1569,#1570);
#1351=AXIS2_PLACEMENT_3D('',#2011,#1572,#1573);
#1352=AXIS2_PLACEMENT_3D('',#2012,#1574,#1575);
#1353=AXIS2_PLACEMENT_3D('',#2013,#1576,#1577);
#1354=AXIS2_PLACEMENT_3D('',#2019,#1581,#1582);
#1355=AXIS2_PLACEMENT_3D('',#2023,#1584,#1585);
#1356=AXIS2_PLACEMENT_3D('',#2024,#1586,#1587);
#1357=AXIS2_PLACEMENT_3D('',#2025,#1588,#1589);
#1358=AXIS2_PLACEMENT_3D('',#2031,#1593,#1594);
#1359=AXIS2_PLACEMENT_3D('',#2035,#1596,#1597);
#1360=AXIS2_PLACEMENT_3D('',#2036,#1598,#1599);
#1361=AXIS2_PLACEMENT_3D('',#2037,#1600,#1601);
#1362=AXIS2_PLACEMENT_3D('',#2043,#1605,#1606);
#1363=AXIS2_PLACEMENT_3D('',#2047,#1608,#1609);
#1364=AXIS2_PLACEMENT_3D('',#2048,#1610,#1611);
#1365=AXIS2_PLACEMENT_3D('',#2049,#1612,#1613);
#1366=AXIS2_PLACEMENT_3D('',#2055,#1617,#1618);
#1367=AXIS2_PLACEMENT_3D('',#2059,#1620,#1621);
#1368=AXIS2_PLACEMENT_3D('',#2060,#1622,#1623);
#1369=AXIS2_PLACEMENT_3D('',#2061,#1624,#1625);
#1370=AXIS2_PLACEMENT_3D('',#2065,#1627,#1628);
#1371=AXIS2_PLACEMENT_3D('',#2066,#1629,#1630);
#1372=AXIS2_PLACEMENT_3D('',#2067,#1631,#1632);
#1373=AXIS2_PLACEMENT_3D('',#2071,#1634,#1635);
#1374=AXIS2_PLACEMENT_3D('',#2072,#1636,#1637);
#1375=AXIS2_PLACEMENT_3D('',#2073,#1638,#1639);
#1376=AXIS2_PLACEMENT_3D('',#2079,#1643,#1644);
#1377=AXIS2_PLACEMENT_3D('',#2083,#1646,#1647);
#1378=AXIS2_PLACEMENT_3D('',#2084,#1648,#1649);
#1379=AXIS2_PLACEMENT_3D('',#2085,#1650,#1651);
#1380=AXIS2_PLACEMENT_3D('',#2089,#1653,#1654);
#1381=AXIS2_PLACEMENT_3D('',#2090,#1655,#1656);
#1382=AXIS2_PLACEMENT_3D('',#2091,#1657,#1658);
#1383=AXIS2_PLACEMENT_3D('',#2092,#1659,#1660);
#1384=AXIS2_PLACEMENT_3D('',#2093,#1661,#1662);
#1385=AXIS2_PLACEMENT_3D('',#2094,#1663,#1664);
#1386=AXIS2_PLACEMENT_3D('',#2095,#1665,#1666);
#1387=AXIS2_PLACEMENT_3D('',#2096,#1667,#1668);
#1388=AXIS2_PLACEMENT_3D('',#2098,#1669,#1670);
#1389=AXIS2_PLACEMENT_3D('',#2102,#1672,#1673);
#1390=AXIS2_PLACEMENT_3D('',#2106,#1675,#1676);
#1391=AXIS2_PLACEMENT_3D('',#2108,#1677,#1678);
#1392=AXIS2_PLACEMENT_3D('',#2110,#1679,#1680);
#1393=AXIS2_PLACEMENT_3D('',#2114,#1682,#1683);
#1394=AXIS2_PLACEMENT_3D('',#2118,#1685,#1686);
#1395=AXIS2_PLACEMENT_3D('',#2120,#1687,#1688);
#1396=AXIS2_PLACEMENT_3D('',#2122,#1689,#1690);
#1397=AXIS2_PLACEMENT_3D('',#2123,#1691,#1692);
#1398=AXIS2_PLACEMENT_3D('',#2125,#1693,#1694);
#1399=AXIS2_PLACEMENT_3D('',#2126,#1695,#1696);
#1400=AXIS2_PLACEMENT_3D('',#2128,#1697,#1698);
#1401=AXIS2_PLACEMENT_3D('',#2129,#1699,#1700);
#1402=AXIS2_PLACEMENT_3D('',#2131,#1701,#1702);
#1403=AXIS2_PLACEMENT_3D('',#2132,#1703,#1704);
#1404=AXIS2_PLACEMENT_3D('',#2134,#1705,#1706);
#1405=AXIS2_PLACEMENT_3D('',#2136,#1707,#1708);
#1406=AXIS2_PLACEMENT_3D('',#2142,#1712,#1713);
#1407=AXIS2_PLACEMENT_3D('',#2143,#1714,#1715);
#1408=AXIS2_PLACEMENT_3D('',#2146,#1717,#1718);
#1409=AXIS2_PLACEMENT_3D('',#2150,#1721,#1722);
#1410=AXIS2_PLACEMENT_3D('',#2151,#1723,#1724);
#1411=AXIS2_PLACEMENT_3D('',#2154,#1726,#1727);
#1412=AXIS2_PLACEMENT_3D('',#2155,#1728,#1729);
#1413=AXIS2_PLACEMENT_3D('',#2158,#1731,#1732);
#1414=AXIS2_PLACEMENT_3D('',#2159,#1733,#1734);
#1415=AXIS2_PLACEMENT_3D('',#2160,#1735,#1736);
#1416=AXIS2_PLACEMENT_3D('',#2161,#1737,#1738);
#1417=AXIS2_PLACEMENT_3D('',#2166,#1740,#1741);
#1418=AXIS2_PLACEMENT_3D('',#2168,#1742,#1743);
#1419=AXIS2_PLACEMENT_3D('',#2170,#1744,#1745);
#1420=AXIS2_PLACEMENT_3D('',#2173,#1747,#1748);
#1421=AXIS2_PLACEMENT_3D('',#2179,#1752,#1753);
#1422=AXIS2_PLACEMENT_3D('',#2180,#1754,#1755);
#1423=AXIS2_PLACEMENT_3D('',#2183,#1757,#1758);
#1424=AXIS2_PLACEMENT_3D('',#2187,#1761,#1762);
#1425=AXIS2_PLACEMENT_3D('',#2188,#1763,#1764);
#1426=AXIS2_PLACEMENT_3D('',#2191,#1766,#1767);
#1427=AXIS2_PLACEMENT_3D('',#2192,#1768,#1769);
#1428=AXIS2_PLACEMENT_3D('',#2195,#1771,#1772);
#1429=AXIS2_PLACEMENT_3D('',#2196,#1773,#1774);
#1430=AXIS2_PLACEMENT_3D('',#2197,#1775,#1776);
#1431=AXIS2_PLACEMENT_3D('',#2198,#1777,#1778);
#1432=AXIS2_PLACEMENT_3D('',#2203,#1780,#1781);
#1433=AXIS2_PLACEMENT_3D('',#2205,#1782,#1783);
#1434=AXIS2_PLACEMENT_3D('',#2207,#1784,#1785);
#1435=AXIS2_PLACEMENT_3D('',#2210,#1787,#1788);
#1436=AXIS2_PLACEMENT_3D('',#2211,#1789,#1790);
#1437=AXIS2_PLACEMENT_3D('',#2212,#1791,#1792);
#1438=AXIS2_PLACEMENT_3D('',#2213,#1793,#1794);
#1439=AXIS2_PLACEMENT_3D('',#2214,#1795,#1796);
#1440=AXIS2_PLACEMENT_3D('',#2215,#1797,#1798);
#1441=AXIS2_PLACEMENT_3D('',#2216,#1799,#1800);
#1442=AXIS2_PLACEMENT_3D('',#2217,#1801,#1802);
#1443=AXIS2_PLACEMENT_3D('',#2218,#1803,#1804);
#1444=AXIS2_PLACEMENT_3D('',#2219,#1805,#1806);
#1445=AXIS2_PLACEMENT_3D('',#2220,#1807,#1808);
#1446=AXIS2_PLACEMENT_3D('',#2221,#1809,#1810);
#1447=AXIS2_PLACEMENT_3D('',#2222,#1811,#1812);
#1448=AXIS2_PLACEMENT_3D('',#2223,#1813,#1814);
#1449=AXIS2_PLACEMENT_3D('',#2224,#1815,#1816);
#1450=AXIS2_PLACEMENT_3D('',#2225,#1817,#1818);
#1451=AXIS2_PLACEMENT_3D('',#2226,#1819,#1820);
#1452=AXIS2_PLACEMENT_3D('',#2227,#1821,#1822);
#1453=AXIS2_PLACEMENT_3D('',#2228,#1823,#1824);
#1454=AXIS2_PLACEMENT_3D('',#2229,#1825,#1826);
#1455=AXIS2_PLACEMENT_3D('',#2230,#1827,#1828);
#1456=AXIS2_PLACEMENT_3D('',#2231,#1829,#1830);
#1457=AXIS2_PLACEMENT_3D('',#2232,#1831,#1832);
#1458=AXIS2_PLACEMENT_3D('',#2233,#1833,#1834);
#1459=AXIS2_PLACEMENT_3D('',#2234,#1835,#1836);
#1460=AXIS2_PLACEMENT_3D('',#2235,#1837,#1838);
#1461=AXIS2_PLACEMENT_3D('',#2236,#1839,#1840);
#1462=AXIS2_PLACEMENT_3D('',#2237,#1841,#1842);
#1463=AXIS2_PLACEMENT_3D('',#2242,#1844,#1845);
#1464=AXIS2_PLACEMENT_3D('',#2245,#1847,#1848);
#1465=AXIS2_PLACEMENT_3D('',#2249,#1850,#1851);
#1466=AXIS2_PLACEMENT_3D('',#2253,#1853,#1854);
#1467=AXIS2_PLACEMENT_3D('',#2254,#1855,#1856);
#1468=AXIS2_PLACEMENT_3D('',#2263,#1857,#1858);
#1469=AXIS2_PLACEMENT_3D('',#2268,#1859,#1860);
#1470=AXIS2_PLACEMENT_3D('',#2273,#1861,#1862);
#1471=AXIS2_PLACEMENT_3D('',#2274,#1863,#1864);
#1472=AXIS2_PLACEMENT_3D('',#2283,#1865,#1866);
#1473=AXIS2_PLACEMENT_3D('',#2288,#1867,#1868);
#1474=AXIS2_PLACEMENT_3D('',#2293,#1869,#1870);
#1475=AXIS2_PLACEMENT_3D('',#2294,#1871,#1872);
#1476=AXIS2_PLACEMENT_3D('',#2297,#1875,#1876);
#1477=AXIS2_PLACEMENT_3D('',#2299,#1878,#1879);
#1478=AXIS2_PLACEMENT_3D('',#2301,#1881,#1882);
#1479=AXIS2_PLACEMENT_3D('',#2303,#1884,#1885);
#1480=AXIS2_PLACEMENT_3D('',#2305,#1887,#1888);
#1481=AXIS2_PLACEMENT_3D('',#2307,#1890,#1891);
#1482=AXIS2_PLACEMENT_3D('',#2309,#1893,#1894);
#1483=AXIS2_PLACEMENT_3D('',#2311,#1896,#1897);
#1484=AXIS2_PLACEMENT_3D('',#2313,#1899,#1900);
#1485=AXIS2_PLACEMENT_3D('',#2315,#1902,#1903);
#1486=AXIS2_PLACEMENT_3D('',#2317,#1905,#1906);
#1487=AXIS2_PLACEMENT_3D('',#2322,#1907,#1908);
#1488=AXIS2_PLACEMENT_3D('',#2324,#1910,#1911);
#1489=AXIS2_PLACEMENT_3D('',#2329,#1912,#1913);
#1490=AXIS2_PLACEMENT_3D('',#2331,#1915,#1916);
#1491=AXIS2_PLACEMENT_3D('',#2333,#1918,#1919);
#1492=AXIS2_PLACEMENT_3D('',#2335,#1921,#1922);
#1493=DIRECTION('',(0.,0.,1.));
#1494=DIRECTION('',(1.,0.,0.));
#1495=DIRECTION('',(0.,0.,1.));
#1496=DIRECTION('',(1.,0.,0.));
#1497=DIRECTION('',(-0.5,-0.866025403784439,0.));
#1498=DIRECTION('',(0.,0.,1.));
#1499=DIRECTION('',(1.,0.,0.));
#1500=DIRECTION('',(0.898794046299167,-0.438371146789078,0.));
#1501=DIRECTION('',(0.,0.,1.));
#1502=DIRECTION('',(1.,0.,0.));
#1503=DIRECTION('',(0.,0.,1.));
#1504=DIRECTION('',(1.,0.,0.));
#1505=DIRECTION('',(0.,0.,1.));
#1506=DIRECTION('',(1.,0.,0.));
#1507=DIRECTION('',(-0.898794046299167,-0.438371146789078,0.));
#1508=DIRECTION('',(0.,0.,1.));
#1509=DIRECTION('',(1.,0.,0.));
#1510=DIRECTION('',(0.,0.,1.));
#1511=DIRECTION('',(1.,0.,0.));
#1512=DIRECTION('',(0.,0.,1.));
#1513=DIRECTION('',(1.,0.,0.));
#1514=DIRECTION('',(-0.898794046299167,0.438371146789078,0.));
#1515=DIRECTION('',(0.,0.,1.));
#1516=DIRECTION('',(1.,0.,0.));
#1517=DIRECTION('',(0.,0.,1.));
#1518=DIRECTION('',(1.,0.,0.));
#1519=DIRECTION('',(0.,0.,1.));
#1520=DIRECTION('',(1.,0.,0.));
#1521=DIRECTION('',(0.898794046299167,0.438371146789078,0.));
#1522=DIRECTION('',(0.,0.,1.));
#1523=DIRECTION('',(1.,0.,0.));
#1524=DIRECTION('',(-0.5,0.866025403784439,0.));
#1525=DIRECTION('',(0.,0.,1.));
#1526=DIRECTION('',(1.,0.,0.));
#1527=DIRECTION('',(0.,1.,0.));
#1528=DIRECTION('',(0.,0.,1.));
#1529=DIRECTION('',(1.,0.,0.));
#1530=DIRECTION('',(0.,1.,0.));
#1531=DIRECTION('',(0.,0.,1.));
#1532=DIRECTION('',(1.,0.,0.));
#1533=DIRECTION('',(0.,0.,1.));
#1534=DIRECTION('',(1.,0.,0.));
#1535=DIRECTION('',(0.,0.,-1.));
#1536=DIRECTION('',(1.,0.,0.));
#1537=DIRECTION('',(0.,0.,1.));
#1538=DIRECTION('',(1.,0.,0.));
#1539=DIRECTION('',(0.,-1.,0.));
#1540=DIRECTION('',(0.,0.,1.));
#1541=DIRECTION('',(1.,0.,0.));
#1542=DIRECTION('',(0.,-1.,0.));
#1543=DIRECTION('',(0.,0.,1.));
#1544=DIRECTION('',(1.,0.,0.));
#1545=DIRECTION('',(0.,0.,1.));
#1546=DIRECTION('',(1.,0.,0.));
#1547=DIRECTION('',(0.,0.,1.));
#1548=DIRECTION('',(1.,0.,0.));
#1549=DIRECTION('',(0.438371146789078,0.898794046299167,0.));
#1550=DIRECTION('',(-0.898794046299167,0.438371146789078,0.));
#1551=DIRECTION('',(0.,0.,-1.));
#1552=DIRECTION('',(0.898794046299167,-0.438371146789078,0.));
#1553=DIRECTION('',(0.,0.,-1.));
#1554=DIRECTION('',(0.898794046299167,-0.438371146789078,0.));
#1555=DIRECTION('',(0.,0.,-1.));
#1556=DIRECTION('',(-1.,0.,0.));
#1557=DIRECTION('',(0.,0.,-1.));
#1558=DIRECTION('',(0.,0.,1.));
#1559=DIRECTION('',(1.,0.,0.));
#1560=DIRECTION('',(0.,0.,1.));
#1561=DIRECTION('',(1.,0.,0.));
#1562=DIRECTION('',(0.,0.,-1.));
#1563=DIRECTION('',(-1.,0.,0.));
#1564=DIRECTION('',(0.,0.,-1.));
#1565=DIRECTION('',(0.,0.,1.));
#1566=DIRECTION('',(1.,0.,0.));
#1567=DIRECTION('',(0.,0.,1.));
#1568=DIRECTION('',(1.,0.,0.));
#1569=DIRECTION('',(0.,0.,-1.));
#1570=DIRECTION('',(-1.,0.,0.));
#1571=DIRECTION('',(0.,0.,-1.));
#1572=DIRECTION('',(0.,0.,1.));
#1573=DIRECTION('',(1.,0.,0.));
#1574=DIRECTION('',(0.,0.,1.));
#1575=DIRECTION('',(1.,0.,0.));
#1576=DIRECTION('',(-0.438371146789078,0.898794046299167,0.));
#1577=DIRECTION('',(-0.898794046299167,-0.438371146789078,0.));
#1578=DIRECTION('',(0.,0.,-1.));
#1579=DIRECTION('',(-0.898794046299167,-0.438371146789078,0.));
#1580=DIRECTION('',(0.898794046299167,0.438371146789078,0.));
#1581=DIRECTION('',(0.,0.,-1.));
#1582=DIRECTION('',(-1.,0.,0.));
#1583=DIRECTION('',(0.,0.,-1.));
#1584=DIRECTION('',(0.,0.,1.));
#1585=DIRECTION('',(1.,0.,0.));
#1586=DIRECTION('',(0.,0.,1.));
#1587=DIRECTION('',(1.,0.,0.));
#1588=DIRECTION('',(-0.866025403784439,-0.5,0.));
#1589=DIRECTION('',(0.5,-0.866025403784439,0.));
#1590=DIRECTION('',(0.,0.,-1.));
#1591=DIRECTION('',(0.5,-0.866025403784439,0.));
#1592=DIRECTION('',(-0.5,0.866025403784439,0.));
#1593=DIRECTION('',(0.,0.,-1.));
#1594=DIRECTION('',(-1.,0.,0.));
#1595=DIRECTION('',(0.,0.,-1.));
#1596=DIRECTION('',(0.,0.,1.));
#1597=DIRECTION('',(1.,0.,0.));
#1598=DIRECTION('',(0.,0.,1.));
#1599=DIRECTION('',(1.,0.,0.));
#1600=DIRECTION('',(-0.866025403784439,0.5,0.));
#1601=DIRECTION('',(-0.5,-0.866025403784439,0.));
#1602=DIRECTION('',(0.,0.,-1.));
#1603=DIRECTION('',(0.5,0.866025403784439,0.));
#1604=DIRECTION('',(0.5,0.866025403784439,0.));
#1605=DIRECTION('',(0.,0.,-1.));
#1606=DIRECTION('',(-1.,0.,0.));
#1607=DIRECTION('',(0.,0.,-1.));
#1608=DIRECTION('',(0.,0.,1.));
#1609=DIRECTION('',(1.,0.,0.));
#1610=DIRECTION('',(0.,0.,1.));
#1611=DIRECTION('',(1.,0.,0.));
#1612=DIRECTION('',(-0.438371146789078,-0.898794046299167,0.));
#1613=DIRECTION('',(0.898794046299167,-0.438371146789078,0.));
#1614=DIRECTION('',(0.,0.,-1.));
#1615=DIRECTION('',(-0.898794046299167,0.438371146789078,0.));
#1616=DIRECTION('',(-0.898794046299167,0.438371146789078,0.));
#1617=DIRECTION('',(0.,0.,-1.));
#1618=DIRECTION('',(-1.,0.,0.));
#1619=DIRECTION('',(0.,0.,-1.));
#1620=DIRECTION('',(0.,0.,1.));
#1621=DIRECTION('',(1.,0.,0.));
#1622=DIRECTION('',(0.,0.,1.));
#1623=DIRECTION('',(1.,0.,0.));
#1624=DIRECTION('',(0.,0.,-1.));
#1625=DIRECTION('',(-1.,0.,0.));
#1626=DIRECTION('',(0.,0.,-1.));
#1627=DIRECTION('',(0.,0.,1.));
#1628=DIRECTION('',(1.,0.,0.));
#1629=DIRECTION('',(0.,0.,1.));
#1630=DIRECTION('',(1.,0.,0.));
#1631=DIRECTION('',(0.,0.,-1.));
#1632=DIRECTION('',(-1.,0.,0.));
#1633=DIRECTION('',(0.,0.,-1.));
#1634=DIRECTION('',(0.,0.,1.));
#1635=DIRECTION('',(1.,0.,0.));
#1636=DIRECTION('',(0.,0.,1.));
#1637=DIRECTION('',(1.,0.,0.));
#1638=DIRECTION('',(0.438371146789078,-0.898794046299167,0.));
#1639=DIRECTION('',(0.898794046299167,0.438371146789078,0.));
#1640=DIRECTION('',(0.,0.,-1.));
#1641=DIRECTION('',(0.898794046299167,0.438371146789078,0.));
#1642=DIRECTION('',(-0.898794046299167,-0.438371146789078,0.));
#1643=DIRECTION('',(0.,0.,-1.));
#1644=DIRECTION('',(-1.,0.,0.));
#1645=DIRECTION('',(0.,0.,-1.));
#1646=DIRECTION('',(0.,0.,1.));
#1647=DIRECTION('',(1.,0.,0.));
#1648=DIRECTION('',(0.,0.,1.));
#1649=DIRECTION('',(1.,0.,0.));
#1650=DIRECTION('',(0.,0.,-1.));
#1651=DIRECTION('',(-1.,0.,0.));
#1652=DIRECTION('',(0.,0.,-1.));
#1653=DIRECTION('',(0.,0.,1.));
#1654=DIRECTION('',(1.,0.,0.));
#1655=DIRECTION('',(0.,0.,1.));
#1656=DIRECTION('',(1.,0.,0.));
#1657=DIRECTION('',(0.,0.,-1.));
#1658=DIRECTION('',(-1.,0.,0.));
#1659=DIRECTION('',(0.,0.,1.));
#1660=DIRECTION('',(1.,0.,0.));
#1661=DIRECTION('',(0.,0.,1.));
#1662=DIRECTION('',(1.,0.,0.));
#1663=DIRECTION('',(0.,0.,-1.));
#1664=DIRECTION('',(-1.,0.,0.));
#1665=DIRECTION('',(0.,0.,-1.));
#1666=DIRECTION('',(-1.,0.,0.));
#1667=DIRECTION('',(0.,0.,-1.));
#1668=DIRECTION('',(1.,0.,0.));
#1669=DIRECTION('',(0.,0.,1.));
#1670=DIRECTION('',(1.,0.,0.));
#1671=DIRECTION('',(-0.17364817766693,0.984807753012208,0.));
#1672=DIRECTION('',(0.,0.,1.));
#1673=DIRECTION('',(1.,0.,0.));
#1674=DIRECTION('',(0.965925826289068,0.258819045102521,0.));
#1675=DIRECTION('',(0.,0.,1.));
#1676=DIRECTION('',(1.,0.,0.));
#1677=DIRECTION('',(0.,0.,1.));
#1678=DIRECTION('',(1.,0.,0.));
#1679=DIRECTION('',(0.,0.,1.));
#1680=DIRECTION('',(1.,0.,0.));
#1681=DIRECTION('',(0.17364817766693,-0.984807753012208,0.));
#1682=DIRECTION('',(0.,0.,1.));
#1683=DIRECTION('',(1.,0.,0.));
#1684=DIRECTION('',(-0.965925826289068,-0.258819045102521,0.));
#1685=DIRECTION('',(0.,0.,1.));
#1686=DIRECTION('',(1.,0.,0.));
#1687=DIRECTION('',(0.,0.,1.));
#1688=DIRECTION('',(1.,0.,0.));
#1689=DIRECTION('',(0.,0.,1.));
#1690=DIRECTION('',(1.,0.,0.));
#1691=DIRECTION('',(0.,0.,1.));
#1692=DIRECTION('',(1.,0.,0.));
#1693=DIRECTION('',(0.,0.,-1.));
#1694=DIRECTION('',(-1.,0.,0.));
#1695=DIRECTION('',(0.,0.,1.));
#1696=DIRECTION('',(1.,0.,0.));
#1697=DIRECTION('',(0.,0.,-1.));
#1698=DIRECTION('',(-1.,0.,0.));
#1699=DIRECTION('',(0.,0.,1.));
#1700=DIRECTION('',(1.,0.,0.));
#1701=DIRECTION('',(0.,0.,1.));
#1702=DIRECTION('',(1.,0.,0.));
#1703=DIRECTION('',(0.,0.,1.));
#1704=DIRECTION('',(1.,0.,0.));
#1705=DIRECTION('',(0.,0.,1.));
#1706=DIRECTION('',(1.,0.,0.));
#1707=DIRECTION('',(0.984807753012208,0.17364817766693,0.));
#1708=DIRECTION('',(-0.17364817766693,0.984807753012208,0.));
#1709=DIRECTION('',(0.,0.,-1.));
#1710=DIRECTION('',(0.17364817766693,-0.984807753012208,0.));
#1711=DIRECTION('',(0.,0.,-1.));
#1712=DIRECTION('',(0.,0.,-1.));
#1713=DIRECTION('',(-1.,0.,0.));
#1714=DIRECTION('',(0.,0.,1.));
#1715=DIRECTION('',(1.,0.,0.));
#1716=DIRECTION('',(0.,0.,-1.));
#1717=DIRECTION('',(0.258819045102521,-0.965925826289068,0.));
#1718=DIRECTION('',(0.965925826289068,0.258819045102521,0.));
#1719=DIRECTION('',(-0.965925826289068,-0.258819045102521,0.));
#1720=DIRECTION('',(0.,0.,-1.));
#1721=DIRECTION('',(0.,0.,-1.));
#1722=DIRECTION('',(-1.,0.,0.));
#1723=DIRECTION('',(0.,0.,1.));
#1724=DIRECTION('',(1.,0.,0.));
#1725=DIRECTION('',(0.,0.,-1.));
#1726=DIRECTION('',(0.,0.,-1.));
#1727=DIRECTION('',(-1.,0.,0.));
#1728=DIRECTION('',(0.,0.,1.));
#1729=DIRECTION('',(1.,0.,0.));
#1730=DIRECTION('',(0.,0.,-1.));
#1731=DIRECTION('',(0.,0.,-1.));
#1732=DIRECTION('',(-1.,0.,0.));
#1733=DIRECTION('',(0.,0.,1.));
#1734=DIRECTION('',(1.,0.,0.));
#1735=DIRECTION('',(0.,0.,1.));
#1736=DIRECTION('',(1.,0.,0.));
#1737=DIRECTION('',(0.,0.,1.));
#1738=DIRECTION('',(1.,0.,0.));
#1739=DIRECTION('',(0.17364817766693,-0.984807753012208,0.));
#1740=DIRECTION('',(0.,0.,1.));
#1741=DIRECTION('',(1.,0.,0.));
#1742=DIRECTION('',(0.,0.,1.));
#1743=DIRECTION('',(1.,0.,0.));
#1744=DIRECTION('',(0.,0.,1.));
#1745=DIRECTION('',(1.,0.,0.));
#1746=DIRECTION('',(-0.965925826289068,-0.258819045102521,0.));
#1747=DIRECTION('',(-0.984807753012208,-0.17364817766693,0.));
#1748=DIRECTION('',(0.17364817766693,-0.984807753012208,0.));
#1749=DIRECTION('',(0.,0.,-1.));
#1750=DIRECTION('',(-0.17364817766693,0.984807753012208,0.));
#1751=DIRECTION('',(0.,0.,-1.));
#1752=DIRECTION('',(0.,0.,-1.));
#1753=DIRECTION('',(-1.,0.,0.));
#1754=DIRECTION('',(0.,0.,1.));
#1755=DIRECTION('',(1.,0.,0.));
#1756=DIRECTION('',(0.,0.,-1.));
#1757=DIRECTION('',(-0.258819045102521,0.965925826289068,0.));
#1758=DIRECTION('',(-0.965925826289068,-0.258819045102521,0.));
#1759=DIRECTION('',(0.965925826289068,0.258819045102521,0.));
#1760=DIRECTION('',(0.,0.,-1.));
#1761=DIRECTION('',(0.,0.,-1.));
#1762=DIRECTION('',(-1.,0.,0.));
#1763=DIRECTION('',(0.,0.,1.));
#1764=DIRECTION('',(1.,0.,0.));
#1765=DIRECTION('',(0.,0.,-1.));
#1766=DIRECTION('',(0.,0.,-1.));
#1767=DIRECTION('',(-1.,0.,0.));
#1768=DIRECTION('',(0.,0.,1.));
#1769=DIRECTION('',(1.,0.,0.));
#1770=DIRECTION('',(0.,0.,-1.));
#1771=DIRECTION('',(0.,0.,-1.));
#1772=DIRECTION('',(-1.,0.,0.));
#1773=DIRECTION('',(0.,0.,1.));
#1774=DIRECTION('',(1.,0.,0.));
#1775=DIRECTION('',(0.,0.,1.));
#1776=DIRECTION('',(1.,0.,0.));
#1777=DIRECTION('',(0.,0.,1.));
#1778=DIRECTION('',(1.,0.,0.));
#1779=DIRECTION('',(-0.17364817766693,0.984807753012208,0.));
#1780=DIRECTION('',(0.,0.,1.));
#1781=DIRECTION('',(1.,0.,0.));
#1782=DIRECTION('',(0.,0.,1.));
#1783=DIRECTION('',(1.,0.,0.));
#1784=DIRECTION('',(0.,0.,1.));
#1785=DIRECTION('',(1.,0.,0.));
#1786=DIRECTION('',(0.965925826289068,0.258819045102521,0.));
#1787=DIRECTION('',(0.,0.,1.));
#1788=DIRECTION('',(1.,0.,0.));
#1789=DIRECTION('',(0.,0.,1.));
#1790=DIRECTION('',(1.,0.,0.));
#1791=DIRECTION('',(0.,0.,1.));
#1792=DIRECTION('',(1.,0.,0.));
#1793=DIRECTION('',(-0.965925826289069,-0.258819045102517,0.));
#1794=DIRECTION('',(0.258819045102518,-0.965925826289069,0.));
#1795=DIRECTION('',(-0.940096267270292,-0.340909090909092,-4.07701766127987E-15));
#1796=DIRECTION('',(0.340909090909092,-0.940096267270292,0.));
#1797=DIRECTION('',(0.,0.,1.));
#1798=DIRECTION('',(1.,0.,0.));
#1799=DIRECTION('',(-0.940557303685272,0.339635037185935,4.07901708801073E-15));
#1800=DIRECTION('',(-0.339635037185935,-0.940557303685272,0.));
#1801=DIRECTION('',(-0.965925826289068,-0.258819045102521,0.));
#1802=DIRECTION('',(0.258819045102521,-0.965925826289068,0.));
#1803=DIRECTION('',(-0.965925826289068,-0.258819045102522,0.));
#1804=DIRECTION('',(0.258819045102522,-0.965925826289068,0.));
#1805=DIRECTION('',(0.,0.,1.));
#1806=DIRECTION('',(1.,0.,0.));
#1807=DIRECTION('',(0.173648177666936,-0.984807753012207,0.));
#1808=DIRECTION('',(0.984807753012207,0.173648177666936,0.));
#1809=DIRECTION('',(0.,0.,1.));
#1810=DIRECTION('',(1.,0.,0.));
#1811=DIRECTION('',(-0.173648177666936,0.984807753012207,0.));
#1812=DIRECTION('',(-0.984807753012207,-0.173648177666936,0.));
#1813=DIRECTION('',(-0.17364817766693,0.984807753012208,0.));
#1814=DIRECTION('',(-0.984807753012208,-0.17364817766693,0.));
#1815=DIRECTION('',(0.,0.,1.));
#1816=DIRECTION('',(1.,0.,0.));
#1817=DIRECTION('',(0.965925826289067,0.258819045102526,0.));
#1818=DIRECTION('',(-0.258819045102526,0.965925826289067,0.));
#1819=DIRECTION('',(0.940096267270292,0.340909090909092,-4.07701766127987E-15));
#1820=DIRECTION('',(-0.340909090909092,0.940096267270292,0.));
#1821=DIRECTION('',(0.,0.,1.));
#1822=DIRECTION('',(1.,0.,0.));
#1823=DIRECTION('',(0.940557303685272,-0.339635037185935,-4.07901708801073E-15));
#1824=DIRECTION('',(0.339635037185935,0.940557303685272,0.));
#1825=DIRECTION('',(0.965925826289068,0.258819045102521,0.));
#1826=DIRECTION('',(-0.258819045102521,0.965925826289068,0.));
#1827=DIRECTION('',(0.965925826289068,0.258819045102521,0.));
#1828=DIRECTION('',(-0.258819045102521,0.965925826289068,0.));
#1829=DIRECTION('',(0.,0.,1.));
#1830=DIRECTION('',(1.,0.,0.));
#1831=DIRECTION('',(-0.173648177666936,0.984807753012207,0.));
#1832=DIRECTION('',(-0.984807753012207,-0.173648177666936,0.));
#1833=DIRECTION('',(0.,0.,1.));
#1834=DIRECTION('',(1.,0.,0.));
#1835=DIRECTION('',(0.173648177666936,-0.984807753012207,0.));
#1836=DIRECTION('',(0.984807753012207,0.173648177666936,0.));
#1837=DIRECTION('',(0.17364817766693,-0.984807753012208,0.));
#1838=DIRECTION('',(0.984807753012208,0.17364817766693,0.));
#1839=DIRECTION('',(0.,0.,1.));
#1840=DIRECTION('',(1.,0.,0.));
#1841=DIRECTION('',(0.,0.,1.));
#1842=DIRECTION('',(1.,0.,0.));
#1843=DIRECTION('',(0.,-1.,0.));
#1844=DIRECTION('',(0.,0.,1.));
#1845=DIRECTION('',(1.,0.,0.));
#1846=DIRECTION('',(0.,1.,0.));
#1847=DIRECTION('',(0.,0.,1.));
#1848=DIRECTION('',(1.,0.,0.));
#1849=DIRECTION('',(0.,-1.,0.));
#1850=DIRECTION('',(0.,0.,1.));
#1851=DIRECTION('',(1.,0.,0.));
#1852=DIRECTION('',(0.,1.,0.));
#1853=DIRECTION('',(0.,0.,1.));
#1854=DIRECTION('',(1.,0.,0.));
#1855=DIRECTION('',(0.,0.,1.));
#1856=DIRECTION('',(1.,0.,0.));
#1857=DIRECTION('',(-0.5,0.,0.866025403784439));
#1858=DIRECTION('',(0.,1.,0.));
#1859=DIRECTION('',(-0.5,0.,-0.866025403784439));
#1860=DIRECTION('',(0.,-1.,0.));
#1861=DIRECTION('',(0.,0.,-1.));
#1862=DIRECTION('',(-1.,0.,0.));
#1863=DIRECTION('',(-0.866025403784438,0.,0.5));
#1864=DIRECTION('',(0.,1.,0.));
#1865=DIRECTION('',(0.,0.,-1.));
#1866=DIRECTION('',(-1.,0.,0.));
#1867=DIRECTION('',(0.,0.,1.));
#1868=DIRECTION('',(1.,0.,0.));
#1869=DIRECTION('',(-0.866025403784438,0.,-0.5));
#1870=DIRECTION('',(0.,-1.,0.));
#1871=DIRECTION('',(-0.309975210571082,-0.635543365028239,-0.707106781186545));
#1872=DIRECTION('',(0.898794046299167,-0.438371146789078,0.));
#1873=DIRECTION('',(-0.30997521057108,-0.635543365028235,0.70710678118655));
#1874=DIRECTION('',(0.30997521057108,0.635543365028235,-0.70710678118655));
#1875=DIRECTION('',(0.,0.,1.));
#1876=DIRECTION('',(1.,0.,0.));
#1877=DIRECTION('',(0.667275837598104,-0.233972127736931,-0.707106781186549));
#1878=DIRECTION('',(0.,0.,-1.));
#1879=DIRECTION('',(-1.,0.,0.));
#1880=DIRECTION('',(-0.607195619364815,0.362372018544725,0.707106781186548));
#1881=DIRECTION('',(0.,0.,-1.));
#1882=DIRECTION('',(-1.,0.,0.));
#1883=DIRECTION('',(0.667275837598104,0.233972127736931,-0.707106781186549));
#1884=DIRECTION('',(0.,0.,-1.));
#1885=DIRECTION('',(-1.,0.,0.));
#1886=DIRECTION('',(0.607195619364815,0.362372018544721,0.70710678118655));
#1887=DIRECTION('',(0.,0.,1.));
#1888=DIRECTION('',(1.,0.,0.));
#1889=DIRECTION('',(0.309975210571082,-0.635543365028235,-0.707106781186549));
#1890=DIRECTION('',(0.,0.,-1.));
#1891=DIRECTION('',(-1.,0.,0.));
#1892=DIRECTION('',(0.30997521057108,-0.635543365028236,0.707106781186549));
#1893=DIRECTION('',(0.309975210571081,-0.635543365028239,0.707106781186546));
#1894=DIRECTION('',(-0.898794046299167,-0.438371146789078,0.));
#1895=DIRECTION('',(0.30997521057108,-0.635543365028236,-0.707106781186549));
#1896=DIRECTION('',(-0.309975210571081,0.635543365028238,0.707106781186546));
#1897=DIRECTION('',(0.898794046299167,0.438371146789078,0.));
#1898=DIRECTION('',(0.30997521057108,-0.635543365028235,0.707106781186549));
#1899=DIRECTION('',(0.,0.,-1.));
#1900=DIRECTION('',(-1.,0.,0.));
#1901=DIRECTION('',(0.612372435695792,0.353553390593274,-0.70710678118655));
#1902=DIRECTION('',(0.,0.,1.));
#1903=DIRECTION('',(1.,0.,0.));
#1904=DIRECTION('',(0.667275837598104,0.233972127736931,0.707106781186549));
#1905=DIRECTION('',(0.612372435695797,0.353553390593276,0.707106781186545));
#1906=DIRECTION('',(0.5,-0.866025403784439,0.));
#1907=DIRECTION('',(0.,0.,-1.));
#1908=DIRECTION('',(-1.,0.,0.));
#1909=DIRECTION('',(0.667275837598104,-0.233972127736931,0.707106781186549));
#1910=DIRECTION('',(0.,0.,-1.));
#1911=DIRECTION('',(-1.,0.,0.));
#1912=DIRECTION('',(0.,0.,1.));
#1913=DIRECTION('',(1.,0.,0.));
#1914=DIRECTION('',(0.309975210571079,0.635543365028236,0.707106781186549));
#1915=DIRECTION('',(0.612372435695798,-0.353553390593276,-0.707106781186543));
#1916=DIRECTION('',(0.5,0.866025403784439,0.));
#1917=DIRECTION('',(-0.61237243569579,0.353553390593272,-0.707106781186553));
#1918=DIRECTION('',(0.309975210571081,0.635543365028238,-0.707106781186546));
#1919=DIRECTION('',(-0.898794046299167,0.438371146789078,0.));
#1920=DIRECTION('',(0.309975210571079,0.635543365028236,0.707106781186549));
#1921=DIRECTION('',(0.,0.,-1.));
#1922=DIRECTION('',(-1.,0.,0.));
#1923=CARTESIAN_POINT('',(0.,0.,0.));
#1924=CARTESIAN_POINT('',(0.0119106099009514,0.00465787760913372,0.0091));
#1925=CARTESIAN_POINT('',(-0.0172080676957824,0.0214695539580539,0.0091));
#1926=CARTESIAN_POINT('',(-0.0133121442539478,0.0282174913017101,0.0091));
#1927=CARTESIAN_POINT('',(-0.0217935137086847,0.013527328488343,0.0091));
#1928=CARTESIAN_POINT('',(-0.020494475603008,0.012777328488343,0.0091));
#1929=CARTESIAN_POINT('',(-0.0211520323231916,0.0114291374188942,0.0091));
#1930=CARTESIAN_POINT('',(0.00822489910659816,-0.00289894939147897,0.0091));
#1931=CARTESIAN_POINT('',(-0.0187546175828031,0.0102598401216985,0.0091));
#1932=CARTESIAN_POINT('',(-0.0202889165965648,0.00711406095965144,0.0091));
#1933=CARTESIAN_POINT('',(-0.0169860697087519,0.00595595801273144,0.0091));
#1934=CARTESIAN_POINT('',(-3.29597460435593E-17,-8.67361737988404E-19,0.0091));
#1935=CARTESIAN_POINT('',(-0.0169860697087519,-0.00595595801273145,0.0091));
#1936=CARTESIAN_POINT('',(-0.0202889165965648,-0.00711406095965145,0.0091));
#1937=CARTESIAN_POINT('',(-0.0187546175828031,-0.0102598401216985,0.0091));
#1938=CARTESIAN_POINT('',(-0.0261610738337855,-0.01387221020109,0.0091));
#1939=CARTESIAN_POINT('',(-0.0261610738337855,-0.01387221020109,0.0091));
#1940=CARTESIAN_POINT('',(-0.0255035171136019,-0.0152204012705387,0.0091));
#1941=CARTESIAN_POINT('',(-0.0267915735334807,-0.0159891084054145,0.0091));
#1942=CARTESIAN_POINT('',(1.7347234759768E-18,1.7347234759768E-18,0.0091));
#1943=CARTESIAN_POINT('',(0.0267915735334807,-0.0159891084054145,0.0091));
#1944=CARTESIAN_POINT('',(0.0255035171136019,-0.0152204012705387,0.0091));
#1945=CARTESIAN_POINT('',(0.0261610738337855,-0.01387221020109,0.0091));
#1946=CARTESIAN_POINT('',(0.00734815681302,-0.0046965374840773,0.0091));
#1947=CARTESIAN_POINT('',(0.0187546175828031,-0.0102598401216985,0.0091));
#1948=CARTESIAN_POINT('',(0.0202889165965648,-0.00711406095965145,0.0091));
#1949=CARTESIAN_POINT('',(0.0169860697087519,-0.00595595801273145,0.0091));
#1950=CARTESIAN_POINT('',(5.03069808033274E-17,4.33680868994202E-19,0.0091));
#1951=CARTESIAN_POINT('',(0.0169860697087519,0.00595595801273144,0.0091));
#1952=CARTESIAN_POINT('',(0.0202889165965649,0.00711406095965145,0.0091));
#1953=CARTESIAN_POINT('',(0.0187546175828031,0.0102598401216985,0.0091));
#1954=CARTESIAN_POINT('',(0.0211520323231916,0.0114291374188942,0.0091));
#1955=CARTESIAN_POINT('',(0.0211520323231916,0.0114291374188942,0.0091));
#1956=CARTESIAN_POINT('',(0.020494475603008,0.012777328488343,0.0091));
#1957=CARTESIAN_POINT('',(0.0217935137086847,0.013527328488343,0.0091));
#1958=CARTESIAN_POINT('',(0.0131570767710777,0.0284860760606429,0.0091));
#1959=CARTESIAN_POINT('',(0.0133121442539478,0.0282174913017101,0.0091));
#1960=CARTESIAN_POINT('',(8.67361737988404E-19,5.55111512312578E-17,0.0091));
#1961=CARTESIAN_POINT('',(-0.0107041451884327,0.,0.0091));
#1962=CARTESIAN_POINT('',(-0.0107041451884327,-0.0225417532119916,0.0091));
#1963=CARTESIAN_POINT('',(-0.0107041451884327,-0.0178294378242484,0.0091));
#1964=CARTESIAN_POINT('',(0.,1.7347234759768E-18,0.0091));
#1965=CARTESIAN_POINT('',(0.0107041451884327,-0.0178294378242484,0.0091));
#1966=CARTESIAN_POINT('',(0.0107041451884327,-0.0200134276218201,0.0091));
#1967=CARTESIAN_POINT('',(0.0107041451884327,-0.0225417532119916,0.0091));
#1968=CARTESIAN_POINT('',(2.60208521396521E-18,8.67361737988404E-18,0.0091));
#1969=CARTESIAN_POINT('',(0.,3.85763741731416E-19,0.0091));
#1970=CARTESIAN_POINT('',(0.0063,3.85763741731416E-19,0.0091));
#1971=CARTESIAN_POINT('',(-0.0187383297014435,-0.0187383297014435,0.0091));
#1972=CARTESIAN_POINT('',(-0.0162383297014435,-0.0187383297014435,0.0091));
#1973=CARTESIAN_POINT('',(8.67361737988404E-19,3.46944695195361E-18,0.0091));
#1974=CARTESIAN_POINT('',(0.011,0.0227280113516339,0.0091));
#1975=CARTESIAN_POINT('',(-0.011,0.0227280113516339,0.0091));
#1976=CARTESIAN_POINT('',(0.011,0.0200134276218201,0.0091));
#1977=CARTESIAN_POINT('',(0.011,0.0172988438920062,0.0091));
#1978=CARTESIAN_POINT('',(8.67361737988404E-19,-5.20417042793042E-18,0.0091));
#1979=CARTESIAN_POINT('',(-0.011,0.0172988438920062,0.0091));
#1980=CARTESIAN_POINT('',(-0.011,0.0200134276218201,0.0091));
#1981=CARTESIAN_POINT('',(0.0119106099009514,0.00465787760913372,0.));
#1982=CARTESIAN_POINT('',(0.,3.85763741731416E-19,0.));
#1983=CARTESIAN_POINT('',(0.0063,3.85763741731416E-19,0.));
#1984=CARTESIAN_POINT('',(0.,6.36816335556624E-19,0.));
#1985=CARTESIAN_POINT('',(0.0104,6.36816335556624E-19,0.));
#1986=CARTESIAN_POINT('',(0.0228962168550834,-0.0111672311150951,0.0091));
#1987=CARTESIAN_POINT('',(0.0191929887295922,-0.00936104607539937,0.0091));
#1988=CARTESIAN_POINT('',(0.0191929887295922,-0.00936104607539937,0.0081));
#1989=CARTESIAN_POINT('',(0.0191929887295922,-0.00936104607539937,0.));
#1990=CARTESIAN_POINT('',(0.0228962168550834,-0.0111672311150951,0.0081));
#1991=CARTESIAN_POINT('',(0.0265994449805746,-0.0129734161547908,0.0081));
#1992=CARTESIAN_POINT('',(0.0265994449805746,-0.0129734161547908,0.0091));
#1993=CARTESIAN_POINT('',(0.0265994449805746,-0.0129734161547908,0.));
#1994=CARTESIAN_POINT('',(0.0228962168550834,-0.0111672311150951,0.));
#1995=CARTESIAN_POINT('',(0.0202889165965648,-0.00711406095965145,0.0091));
#1996=CARTESIAN_POINT('',(0.017929740248127,-0.0062868445689943,0.0091));
#1997=CARTESIAN_POINT('',(0.017929740248127,-0.0062868445689943,0.0081));
#1998=CARTESIAN_POINT('',(0.017929740248127,-0.0062868445689943,0.));
#1999=CARTESIAN_POINT('',(0.0202889165965648,-0.00711406095965145,0.0081));
#2000=CARTESIAN_POINT('',(0.0202889165965648,-0.00711406095965145,0.));
#2001=CARTESIAN_POINT('',(5.03069808033274E-17,4.33680868994202E-19,0.0091));
#2002=CARTESIAN_POINT('',(0.017929740248127,0.00628684456899431,0.0091));
#2003=CARTESIAN_POINT('',(0.017929740248127,0.00628684456899431,0.0081));
#2004=CARTESIAN_POINT('',(0.017929740248127,0.00628684456899431,0.));
#2005=CARTESIAN_POINT('',(5.03069808033274E-17,4.33680868994202E-19,0.0081));
#2006=CARTESIAN_POINT('',(5.03069808033274E-17,4.33680868994202E-19,0.));
#2007=CARTESIAN_POINT('',(0.0202889165965649,0.00711406095965145,0.0091));
#2008=CARTESIAN_POINT('',(0.0191929887295922,0.00936104607539937,0.0091));
#2009=CARTESIAN_POINT('',(0.0191929887295922,0.00936104607539937,0.0081));
#2010=CARTESIAN_POINT('',(0.0191929887295922,0.00936104607539937,0.));
#2011=CARTESIAN_POINT('',(0.0202889165965649,0.00711406095965145,0.0081));
#2012=CARTESIAN_POINT('',(0.0202889165965649,0.00711406095965145,0.));
#2013=CARTESIAN_POINT('',(0.0203916960997865,0.00994569472399722,0.0091));
#2014=CARTESIAN_POINT('',(0.0215904034699807,0.0105303433725951,0.0091));
#2015=CARTESIAN_POINT('',(0.0215904034699807,0.0105303433725951,0.0081));
#2016=CARTESIAN_POINT('',(0.0215904034699807,0.0105303433725951,0.));
#2017=CARTESIAN_POINT('',(0.0191929887295922,0.00936104607539937,0.0081));
#2018=CARTESIAN_POINT('',(0.0203916960997865,0.00994569472399722,0.));
#2019=CARTESIAN_POINT('',(0.020494475603008,0.012777328488343,0.0091));
#2020=CARTESIAN_POINT('',(0.0226595391124692,0.014027328488343,0.0091));
#2021=CARTESIAN_POINT('',(0.0226595391124692,0.014027328488343,0.0081));
#2022=CARTESIAN_POINT('',(0.0226595391124692,0.014027328488343,0.));
#2023=CARTESIAN_POINT('',(0.020494475603008,0.012777328488343,0.0081));
#2024=CARTESIAN_POINT('',(0.020494475603008,0.012777328488343,0.));
#2025=CARTESIAN_POINT('',(0.0183413206436656,0.0215067022744929,0.0091));
#2026=CARTESIAN_POINT('',(0.0140231021748621,0.0289860760606429,0.0091));
#2027=CARTESIAN_POINT('',(0.0140231021748621,0.0289860760606429,0.0081));
#2028=CARTESIAN_POINT('',(0.0140231021748621,0.0289860760606429,0.));
#2029=CARTESIAN_POINT('',(0.0226595391124692,0.014027328488343,0.0081));
#2030=CARTESIAN_POINT('',(0.0183413206436656,0.0215067022744929,0.));
#2031=CARTESIAN_POINT('',(8.67361737988404E-19,5.55111512312578E-17,0.0091));
#2032=CARTESIAN_POINT('',(-0.0140231021748621,0.0289860760606429,0.0091));
#2033=CARTESIAN_POINT('',(-0.0140231021748621,0.0289860760606429,0.0081));
#2034=CARTESIAN_POINT('',(-0.0140231021748621,0.0289860760606429,0.));
#2035=CARTESIAN_POINT('',(8.67361737988404E-19,5.55111512312578E-17,0.0081));
#2036=CARTESIAN_POINT('',(8.67361737988404E-19,5.55111512312578E-17,0.));
#2037=CARTESIAN_POINT('',(-0.0183413206436656,0.0215067022744929,0.0091));
#2038=CARTESIAN_POINT('',(-0.0226595391124692,0.014027328488343,0.0091));
#2039=CARTESIAN_POINT('',(-0.0226595391124692,0.014027328488343,0.0081));
#2040=CARTESIAN_POINT('',(-0.0226595391124692,0.014027328488343,0.));
#2041=CARTESIAN_POINT('',(-0.0183413206436656,0.0215067022744929,0.0081));
#2042=CARTESIAN_POINT('',(-0.0183413206436656,0.0215067022744929,0.));
#2043=CARTESIAN_POINT('',(-0.020494475603008,0.012777328488343,0.0091));
#2044=CARTESIAN_POINT('',(-0.0215904034699807,0.0105303433725951,0.0091));
#2045=CARTESIAN_POINT('',(-0.0215904034699807,0.0105303433725951,0.0081));
#2046=CARTESIAN_POINT('',(-0.0215904034699807,0.0105303433725951,0.));
#2047=CARTESIAN_POINT('',(-0.020494475603008,0.012777328488343,0.0081));
#2048=CARTESIAN_POINT('',(-0.020494475603008,0.012777328488343,0.));
#2049=CARTESIAN_POINT('',(-0.0203916960997865,0.00994569472399721,0.0091));
#2050=CARTESIAN_POINT('',(-0.0191929887295921,0.00936104607539936,0.0091));
#2051=CARTESIAN_POINT('',(-0.0191929887295921,0.00936104607539936,0.0081));
#2052=CARTESIAN_POINT('',(-0.0191929887295921,0.00936104607539936,0.));
#2053=CARTESIAN_POINT('',(-0.0203916960997865,0.00994569472399721,0.0081));
#2054=CARTESIAN_POINT('',(-0.0203916960997865,0.00994569472399721,0.));
#2055=CARTESIAN_POINT('',(-0.0202889165965648,0.00711406095965144,0.0091));
#2056=CARTESIAN_POINT('',(-0.017929740248127,0.0062868445689943,0.0091));
#2057=CARTESIAN_POINT('',(-0.017929740248127,0.0062868445689943,0.0081));
#2058=CARTESIAN_POINT('',(-0.017929740248127,0.0062868445689943,0.));
#2059=CARTESIAN_POINT('',(-0.0202889165965648,0.00711406095965144,0.0081));
#2060=CARTESIAN_POINT('',(-0.0202889165965648,0.00711406095965144,0.));
#2061=CARTESIAN_POINT('',(-3.29597460435593E-17,-8.67361737988404E-19,0.0091));
#2062=CARTESIAN_POINT('',(-0.017929740248127,-0.00628684456899431,0.0091));
#2063=CARTESIAN_POINT('',(-0.017929740248127,-0.00628684456899431,0.0081));
#2064=CARTESIAN_POINT('',(-0.017929740248127,-0.00628684456899431,0.));
#2065=CARTESIAN_POINT('',(-3.29597460435593E-17,-8.67361737988404E-19,0.0081));
#2066=CARTESIAN_POINT('',(-3.29597460435593E-17,-8.67361737988404E-19,0.));
#2067=CARTESIAN_POINT('',(-0.0202889165965648,-0.00711406095965145,0.0091));
#2068=CARTESIAN_POINT('',(-0.0191929887295921,-0.00936104607539937,0.0091));
#2069=CARTESIAN_POINT('',(-0.0191929887295921,-0.00936104607539937,0.0081));
#2070=CARTESIAN_POINT('',(-0.0191929887295921,-0.00936104607539937,0.));
#2071=CARTESIAN_POINT('',(-0.0202889165965648,-0.00711406095965145,0.0081));
#2072=CARTESIAN_POINT('',(-0.0202889165965648,-0.00711406095965145,0.));
#2073=CARTESIAN_POINT('',(-0.0228962168550834,-0.0111672311150951,0.0091));
#2074=CARTESIAN_POINT('',(-0.0265994449805746,-0.0129734161547908,0.0091));
#2075=CARTESIAN_POINT('',(-0.0265994449805746,-0.0129734161547908,0.0081));
#2076=CARTESIAN_POINT('',(-0.0265994449805746,-0.0129734161547908,0.));
#2077=CARTESIAN_POINT('',(-0.0191929887295921,-0.00936104607539937,0.0081));
#2078=CARTESIAN_POINT('',(-0.0228962168550834,-0.0111672311150951,0.));
#2079=CARTESIAN_POINT('',(-0.0255035171136019,-0.0152204012705387,0.0091));
#2080=CARTESIAN_POINT('',(-0.0276502778134,-0.0165015798286649,0.0091));
#2081=CARTESIAN_POINT('',(-0.0276502778134,-0.0165015798286649,0.0081));
#2082=CARTESIAN_POINT('',(-0.0276502778134,-0.0165015798286649,0.));
#2083=CARTESIAN_POINT('',(-0.0255035171136019,-0.0152204012705387,0.0081));
#2084=CARTESIAN_POINT('',(-0.0255035171136019,-0.0152204012705387,0.));
#2085=CARTESIAN_POINT('',(1.7347234759768E-18,1.7347234759768E-18,0.0091));
#2086=CARTESIAN_POINT('',(0.0276502778134,-0.0165015798286649,0.0091));
#2087=CARTESIAN_POINT('',(0.0276502778134,-0.0165015798286649,0.0081));
#2088=CARTESIAN_POINT('',(0.0276502778134,-0.0165015798286649,0.));
#2089=CARTESIAN_POINT('',(1.7347234759768E-18,1.7347234759768E-18,0.0081));
#2090=CARTESIAN_POINT('',(1.7347234759768E-18,1.7347234759768E-18,0.));
#2091=CARTESIAN_POINT('',(0.0255035171136019,-0.0152204012705387,0.0091));
#2092=CARTESIAN_POINT('',(0.0255035171136019,-0.0152204012705387,0.0081));
#2093=CARTESIAN_POINT('',(0.0255035171136019,-0.0152204012705387,0.));
#2094=CARTESIAN_POINT('',(0.,3.85763741731416E-19,0.0091));
#2095=CARTESIAN_POINT('',(-0.0187383297014435,-0.0187383297014435,0.0091));
#2096=CARTESIAN_POINT('',(-0.0187383297014435,-0.0187383297014435,0.));
#2097=CARTESIAN_POINT('',(-0.0162383297014435,-0.0187383297014435,0.));
#2098=CARTESIAN_POINT('',(0.0119106099009514,0.00465787760913372,0.));
#2099=CARTESIAN_POINT('',(0.0100895167372357,0.0231237315472446,0.));
#2100=CARTESIAN_POINT('',(0.0104263940771272,0.0212132052140768,0.));
#2101=CARTESIAN_POINT('',(0.00975263939734418,0.0250342578804124,0.));
#2102=CARTESIAN_POINT('',(0.00679821613830755,0.0245133133474116,0.));
#2103=CARTESIAN_POINT('',(0.00602175900299999,0.0274110908262788,0.));
#2104=CARTESIAN_POINT('',(-0.00112734906615378,0.0254954930925462,0.));
#2105=CARTESIAN_POINT('',(-0.00827645713530756,0.0235798953588136,0.));
#2106=CARTESIAN_POINT('',(-0.0075,0.0206821178799464,0.));
#2107=CARTESIAN_POINT('',(-0.00647727272727273,0.0178618290781356,0.));
#2108=CARTESIAN_POINT('',(5.81707229594993E-19,1.38777878078145E-17,0.));
#2109=CARTESIAN_POINT('',(0.00645306570653275,0.0178705887700202,0.));
#2110=CARTESIAN_POINT('',(0.00747197081809055,0.020692260681076,0.));
#2111=CARTESIAN_POINT('',(-0.0100895167372357,-0.0231237315472446,0.));
#2112=CARTESIAN_POINT('',(-0.0104263940771272,-0.0212132052140768,0.));
#2113=CARTESIAN_POINT('',(-0.00975263939734417,-0.0250342578804124,0.));
#2114=CARTESIAN_POINT('',(-0.00679821613830755,-0.0245133133474116,0.));
#2115=CARTESIAN_POINT('',(-0.00602175900299999,-0.0274110908262788,0.));
#2116=CARTESIAN_POINT('',(0.0011273490661538,-0.0254954930925462,0.));
#2117=CARTESIAN_POINT('',(0.00827645713530758,-0.0235798953588136,0.));
#2118=CARTESIAN_POINT('',(0.0075,-0.0206821178799464,0.));
#2119=CARTESIAN_POINT('',(0.00647727272727274,-0.0178618290781356,0.));
#2120=CARTESIAN_POINT('',(6.93889390390723E-18,1.7347234759768E-17,0.));
#2121=CARTESIAN_POINT('',(-0.00645306570653274,-0.0178705887700202,0.));
#2122=CARTESIAN_POINT('',(-0.00747197081809053,-0.020692260681076,0.));
#2123=CARTESIAN_POINT('',(0.,7.89897185450043E-19,0.));
#2124=CARTESIAN_POINT('',(0.0129,7.89897185450043E-19,0.));
#2125=CARTESIAN_POINT('',(0.,6.36816335556624E-19,0.001));
#2126=CARTESIAN_POINT('',(0.,6.36816335556624E-19,0.0008));
#2127=CARTESIAN_POINT('',(0.0104,6.36816335556624E-19,0.0008));
#2128=CARTESIAN_POINT('',(0.,7.89897185450043E-19,0.001));
#2129=CARTESIAN_POINT('',(0.,7.89897185450043E-19,0.0008));
#2130=CARTESIAN_POINT('',(0.0129,7.89897185450043E-19,0.0008));
#2131=CARTESIAN_POINT('',(0.0119106099009514,0.00465787760913372,0.001));
#2132=CARTESIAN_POINT('',(0.,6.36816335556624E-19,0.001));
#2133=CARTESIAN_POINT('',(0.0106,6.36816335556624E-19,0.001));
#2134=CARTESIAN_POINT('',(0.,7.89897185450043E-19,0.001));
#2135=CARTESIAN_POINT('',(0.0127,7.89897185450043E-19,0.001));
#2136=CARTESIAN_POINT('',(-0.0100895167372357,-0.0231237315472446,0.0043));
#2137=CARTESIAN_POINT('',(-0.0104263940771272,-0.0212132052140768,0.0043));
#2138=CARTESIAN_POINT('',(-0.0104263940771272,-0.0212132052140768,0.0041));
#2139=CARTESIAN_POINT('',(-0.0100895167372357,-0.0231237315472446,0.0041));
#2140=CARTESIAN_POINT('',(-0.00975263939734417,-0.0250342578804124,0.0041));
#2141=CARTESIAN_POINT('',(-0.00975263939734417,-0.0250342578804124,0.0043));
#2142=CARTESIAN_POINT('',(-0.00679821613830755,-0.0245133133474116,0.0043));
#2143=CARTESIAN_POINT('',(-0.00679821613830755,-0.0245133133474116,0.0041));
#2144=CARTESIAN_POINT('',(-0.00602175900299999,-0.0274110908262788,0.0041));
#2145=CARTESIAN_POINT('',(-0.00602175900299999,-0.0274110908262788,0.0043));
#2146=CARTESIAN_POINT('',(0.0011273490661538,-0.0254954930925462,0.0043));
#2147=CARTESIAN_POINT('',(0.00827645713530758,-0.0235798953588136,0.0041));
#2148=CARTESIAN_POINT('',(0.00827645713530758,-0.0235798953588136,0.0041));
#2149=CARTESIAN_POINT('',(0.00827645713530758,-0.0235798953588136,0.0043));
#2150=CARTESIAN_POINT('',(0.0075,-0.0206821178799464,0.0043));
#2151=CARTESIAN_POINT('',(0.0075,-0.0206821178799464,0.0041));
#2152=CARTESIAN_POINT('',(0.00647727272727274,-0.0178618290781356,0.0041));
#2153=CARTESIAN_POINT('',(0.00647727272727274,-0.0178618290781356,0.0043));
#2154=CARTESIAN_POINT('',(6.93889390390723E-18,1.7347234759768E-17,0.0043));
#2155=CARTESIAN_POINT('',(6.93889390390723E-18,1.7347234759768E-17,0.0041));
#2156=CARTESIAN_POINT('',(-0.00645306570653274,-0.0178705887700202,0.0041));
#2157=CARTESIAN_POINT('',(-0.00645306570653274,-0.0178705887700202,0.0043));
#2158=CARTESIAN_POINT('',(-0.00747197081809053,-0.020692260681076,0.0043));
#2159=CARTESIAN_POINT('',(-0.00747197081809053,-0.020692260681076,0.0041));
#2160=CARTESIAN_POINT('',(1.04083408558608E-17,0.,0.0043));
#2161=CARTESIAN_POINT('',(-0.00679821613830755,-0.0245133133474116,0.0043));
#2162=CARTESIAN_POINT('',(-0.0060735228120205,-0.027217905661021,0.0043));
#2163=CARTESIAN_POINT('',(-0.00955567784674173,-0.024999528244879,0.0043));
#2164=CARTESIAN_POINT('',(-0.01354271001966,-0.00238794516837692,0.0043));
#2165=CARTESIAN_POINT('',(-0.0102294325265247,-0.0211784755785434,0.0043));
#2166=CARTESIAN_POINT('',(-0.00747197081809053,-0.020692260681076,0.0043));
#2167=CARTESIAN_POINT('',(-0.00652099271396992,-0.0180587002307572,0.0043));
#2168=CARTESIAN_POINT('',(6.93889390390723E-18,1.7347234759768E-17,0.0043));
#2169=CARTESIAN_POINT('',(0.00654545454545456,-0.0180498483315896,0.0043));
#2170=CARTESIAN_POINT('',(0.0075,-0.0206821178799464,0.0043));
#2171=CARTESIAN_POINT('',(0.00822469332628707,-0.0233867101935558,0.0043));
#2172=CARTESIAN_POINT('',(-0.0060735228120205,-0.027217905661021,0.0043));
#2173=CARTESIAN_POINT('',(0.0100895167372357,0.0231237315472446,0.0043));
#2174=CARTESIAN_POINT('',(0.0104263940771272,0.0212132052140768,0.0043));
#2175=CARTESIAN_POINT('',(0.0104263940771272,0.0212132052140768,0.0041));
#2176=CARTESIAN_POINT('',(0.0100895167372357,0.0231237315472446,0.0041));
#2177=CARTESIAN_POINT('',(0.00975263939734418,0.0250342578804124,0.0041));
#2178=CARTESIAN_POINT('',(0.00975263939734418,0.0250342578804124,0.0043));
#2179=CARTESIAN_POINT('',(0.00679821613830755,0.0245133133474116,0.0043));
#2180=CARTESIAN_POINT('',(0.00679821613830755,0.0245133133474116,0.0041));
#2181=CARTESIAN_POINT('',(0.00602175900299999,0.0274110908262788,0.0041));
#2182=CARTESIAN_POINT('',(0.00602175900299999,0.0274110908262788,0.0043));
#2183=CARTESIAN_POINT('',(-0.00112734906615378,0.0254954930925462,0.0043));
#2184=CARTESIAN_POINT('',(-0.00827645713530756,0.0235798953588136,0.0041));
#2185=CARTESIAN_POINT('',(-0.00827645713530756,0.0235798953588136,0.0041));
#2186=CARTESIAN_POINT('',(-0.00827645713530756,0.0235798953588136,0.0043));
#2187=CARTESIAN_POINT('',(-0.0075,0.0206821178799464,0.0043));
#2188=CARTESIAN_POINT('',(-0.0075,0.0206821178799464,0.0041));
#2189=CARTESIAN_POINT('',(-0.00647727272727273,0.0178618290781356,0.0041));
#2190=CARTESIAN_POINT('',(-0.00647727272727273,0.0178618290781356,0.0043));
#2191=CARTESIAN_POINT('',(5.81707229594993E-19,1.38777878078145E-17,0.0043));
#2192=CARTESIAN_POINT('',(5.81707229594993E-19,1.38777878078145E-17,0.0041));
#2193=CARTESIAN_POINT('',(0.00645306570653275,0.0178705887700202,0.0041));
#2194=CARTESIAN_POINT('',(0.00645306570653275,0.0178705887700202,0.0043));
#2195=CARTESIAN_POINT('',(0.00747197081809055,0.020692260681076,0.0043));
#2196=CARTESIAN_POINT('',(0.00747197081809055,0.020692260681076,0.0041));
#2197=CARTESIAN_POINT('',(1.04083408558608E-17,0.,0.0043));
#2198=CARTESIAN_POINT('',(0.00679821613830755,0.0245133133474116,0.0043));
#2199=CARTESIAN_POINT('',(0.00607352281202049,0.027217905661021,0.0043));
#2200=CARTESIAN_POINT('',(0.00955567784674174,0.024999528244879,0.0043));
#2201=CARTESIAN_POINT('',(0.01354271001966,0.00238794516837691,0.0043));
#2202=CARTESIAN_POINT('',(0.0102294325265247,0.0211784755785434,0.0043));
#2203=CARTESIAN_POINT('',(0.00747197081809055,0.020692260681076,0.0043));
#2204=CARTESIAN_POINT('',(0.00652099271396993,0.0180587002307572,0.0043));
#2205=CARTESIAN_POINT('',(5.81707229594993E-19,1.38777878078145E-17,0.0043));
#2206=CARTESIAN_POINT('',(-0.00654545454545455,0.0180498483315896,0.0043));
#2207=CARTESIAN_POINT('',(-0.0075,0.0206821178799464,0.0043));
#2208=CARTESIAN_POINT('',(-0.00822469332628706,0.0233867101935558,0.0043));
#2209=CARTESIAN_POINT('',(0.0060735228120205,0.027217905661021,0.0043));
#2210=CARTESIAN_POINT('',(0.,6.36816335556624E-19,0.0008));
#2211=CARTESIAN_POINT('',(0.,7.89897185450043E-19,0.0008));
#2212=CARTESIAN_POINT('',(-0.0075,0.0206821178799464,0.0041));
#2213=CARTESIAN_POINT('',(-0.00822469332628706,0.0233867101935558,0.0041));
#2214=CARTESIAN_POINT('',(-0.00654545454545455,0.0180498483315896,0.0041));
#2215=CARTESIAN_POINT('',(5.81707229594993E-19,1.38777878078145E-17,0.0041));
#2216=CARTESIAN_POINT('',(0.00652099271396993,0.0180587002307572,0.0041));
#2217=CARTESIAN_POINT('',(-0.00639762753208201,0.0238762709976316,0.0041));
#2218=CARTESIAN_POINT('',(0.0060735228120205,0.027217905661021,0.0041));
#2219=CARTESIAN_POINT('',(0.00747197081809055,0.020692260681076,0.0041));
#2220=CARTESIAN_POINT('',(0.0102294325265247,0.0211784755785434,0.0041));
#2221=CARTESIAN_POINT('',(0.00679821613830755,0.0245133133474116,0.0041));
#2222=CARTESIAN_POINT('',(0.00955567784674174,0.024999528244879,0.0041));
#2223=CARTESIAN_POINT('',(0.00989255518663323,0.0230890019117112,0.0041));
#2224=CARTESIAN_POINT('',(0.0075,-0.0206821178799464,0.0041));
#2225=CARTESIAN_POINT('',(0.00822469332628707,-0.0233867101935558,0.0041));
#2226=CARTESIAN_POINT('',(0.00654545454545456,-0.0180498483315896,0.0041));
#2227=CARTESIAN_POINT('',(6.93889390390723E-18,1.7347234759768E-17,0.0041));
#2228=CARTESIAN_POINT('',(-0.00652099271396992,-0.0180587002307572,0.0041));
#2229=CARTESIAN_POINT('',(0.00639762753208204,-0.0238762709976316,0.0041));
#2230=CARTESIAN_POINT('',(-0.0060735228120205,-0.027217905661021,0.0041));
#2231=CARTESIAN_POINT('',(-0.00747197081809053,-0.020692260681076,0.0041));
#2232=CARTESIAN_POINT('',(-0.0102294325265247,-0.0211784755785434,0.0041));
#2233=CARTESIAN_POINT('',(-0.00679821613830755,-0.0245133133474116,0.0041));
#2234=CARTESIAN_POINT('',(-0.00955567784674173,-0.024999528244879,0.0041));
#2235=CARTESIAN_POINT('',(-0.00989255518663322,-0.0230890019117112,0.0041));
#2236=CARTESIAN_POINT('',(1.04083408558608E-17,0.,0.0084));
#2237=CARTESIAN_POINT('',(0.,1.7347234759768E-18,0.0084));
#2238=CARTESIAN_POINT('',(0.0103,-0.0185297058800187,0.0084));
#2239=CARTESIAN_POINT('',(-0.0103,-0.0185297058800187,0.0084));
#2240=CARTESIAN_POINT('',(-0.0103,0.,0.0084));
#2241=CARTESIAN_POINT('',(-0.0103,-0.0222848042396607,0.0084));
#2242=CARTESIAN_POINT('',(2.60208521396521E-18,8.67361737988404E-18,0.0084));
#2243=CARTESIAN_POINT('',(0.0103,-0.0222848042396607,0.0084));
#2244=CARTESIAN_POINT('',(0.0103,-0.0172988438920062,0.0084));
#2245=CARTESIAN_POINT('',(1.04083408558608E-17,0.,0.0084));
#2246=CARTESIAN_POINT('',(-0.00978756443470179,0.,0.0084));
#2247=CARTESIAN_POINT('',(-0.00978756443470179,0.0219546825617908,0.0084));
#2248=CARTESIAN_POINT('',(-0.00978756443470179,0.0193812651964155,0.0084));
#2249=CARTESIAN_POINT('',(8.67361737988404E-19,-5.20417042793042E-18,0.0084));
#2250=CARTESIAN_POINT('',(0.00978756443470178,0.0193812651964155,0.0084));
#2251=CARTESIAN_POINT('',(0.00978756443470178,0.0227280113516339,0.0084));
#2252=CARTESIAN_POINT('',(0.00978756443470178,0.0219546825617908,0.0084));
#2253=CARTESIAN_POINT('',(8.67361737988404E-19,3.46944695195361E-18,0.0084));
#2254=CARTESIAN_POINT('',(8.67361737988404E-19,3.46944695195361E-18,0.0084));
#2255=CARTESIAN_POINT('',(-0.011,0.0227280113516339,0.0091));
#2256=CARTESIAN_POINT('',(-0.0105942409643809,0.0224736087042524,0.00886573491155917));
#2257=CARTESIAN_POINT('',(-0.010190052398491,0.0222159231180072,0.00863237653423928));
#2258=CARTESIAN_POINT('',(-0.00978756443470178,0.0219546825617908,0.0084));
#2259=CARTESIAN_POINT('',(0.011,0.0227280113516339,0.0091));
#2260=CARTESIAN_POINT('',(0.0105942409643809,0.0224736087042524,0.00886573491155917));
#2261=CARTESIAN_POINT('',(0.010190052398491,0.0222159231180072,0.00863237653423928));
#2262=CARTESIAN_POINT('',(0.00978756443470177,0.0219546825617908,0.0084));
#2263=CARTESIAN_POINT('',(0.011,0.0200134276218201,0.0091));
#2264=CARTESIAN_POINT('',(0.00978756443470178,0.0193812651964155,0.0084));
#2265=CARTESIAN_POINT('',(0.010207237313225,0.0186991788857692,0.00864229824938695));
#2266=CARTESIAN_POINT('',(0.0106119411993083,0.0180054721671729,0.00887595414695927));
#2267=CARTESIAN_POINT('',(0.011,0.0172988438920062,0.0091));
#2268=CARTESIAN_POINT('',(-0.00978756443470179,0.,0.0084));
#2269=CARTESIAN_POINT('',(-0.011,0.0172988438920062,0.0091));
#2270=CARTESIAN_POINT('',(-0.0106119411993084,0.0180054721671729,0.00887595414695927));
#2271=CARTESIAN_POINT('',(-0.010207237313225,0.0186991788857692,0.00864229824938695));
#2272=CARTESIAN_POINT('',(-0.00978756443470179,0.0193812651964155,0.0084));
#2273=CARTESIAN_POINT('',(8.67361737988404E-19,-5.20417042793042E-18,0.0091));
#2274=CARTESIAN_POINT('',(0.011,-0.0200134276218201,0.00961243556529821));
#2275=CARTESIAN_POINT('',(0.0103,-0.0222848042396607,0.0084));
#2276=CARTESIAN_POINT('',(0.0104346415816526,-0.0223709006898657,0.00863320606023367));
#2277=CARTESIAN_POINT('',(0.0105693585108549,-0.0224565464342658,0.00886654262625179));
#2278=CARTESIAN_POINT('',(0.0107041451884327,-0.0225417532119916,0.00910000000000001));
#2279=CARTESIAN_POINT('',(0.0103,-0.0185297058800187,0.0084));
#2280=CARTESIAN_POINT('',(0.010435764280338,-0.0182989102668375,0.00863515063139843));
#2281=CARTESIAN_POINT('',(0.0105705378238095,-0.0180654874421398,0.00886858525620712));
#2282=CARTESIAN_POINT('',(0.0107041451884327,-0.0178294378242483,0.0091));
#2283=CARTESIAN_POINT('',(0.,1.7347234759768E-18,0.00961243556529821));
#2284=CARTESIAN_POINT('',(-0.0107041451884327,-0.0178294378242483,0.0091));
#2285=CARTESIAN_POINT('',(-0.0105705378238095,-0.0180654874421398,0.00886858525620713));
#2286=CARTESIAN_POINT('',(-0.010435764280338,-0.0182989102668375,0.00863515063139843));
#2287=CARTESIAN_POINT('',(-0.0103,-0.0185297058800187,0.0084));
#2288=CARTESIAN_POINT('',(2.60208521396521E-18,8.67361737988404E-18,0.0084));
#2289=CARTESIAN_POINT('',(-0.0103,-0.0222848042396607,0.0084));
#2290=CARTESIAN_POINT('',(-0.0104346415816526,-0.0223709006898657,0.00863320606023367));
#2291=CARTESIAN_POINT('',(-0.0105693585108549,-0.0224565464342658,0.00886654262625178));
#2292=CARTESIAN_POINT('',(-0.0107041451884327,-0.0225417532119916,0.00910000000000001));
#2293=CARTESIAN_POINT('',(-0.0103,0.,0.0084));
#2294=CARTESIAN_POINT('',(0.0228962168550834,-0.0111672311150951,0.0081));
#2295=CARTESIAN_POINT('',(0.0265994449805746,-0.0129734161547908,0.0081));
#2296=CARTESIAN_POINT('',(0.0187546175828031,-0.0102598401216985,0.0091));
#2297=CARTESIAN_POINT('',(0.0202889165965648,-0.00711406095965145,0.0081));
#2298=CARTESIAN_POINT('',(0.0169860697087519,-0.00595595801273145,0.0091));
#2299=CARTESIAN_POINT('',(0.0255035171136019,-0.0152204012705387,0.0091));
#2300=CARTESIAN_POINT('',(0.0276502778134,-0.0165015798286649,0.0081));
#2301=CARTESIAN_POINT('',(5.03069808033274E-17,4.33680868994202E-19,0.0091));
#2302=CARTESIAN_POINT('',(0.0169860697087519,0.00595595801273144,0.0091));
#2303=CARTESIAN_POINT('',(1.7347234759768E-18,1.7347234759768E-18,0.0091));
#2304=CARTESIAN_POINT('',(-0.0276502778134,-0.0165015798286649,0.0081));
#2305=CARTESIAN_POINT('',(0.0202889165965649,0.00711406095965145,0.0081));
#2306=CARTESIAN_POINT('',(0.0187546175828031,0.0102598401216985,0.0091));
#2307=CARTESIAN_POINT('',(-0.0255035171136019,-0.0152204012705387,0.0091));
#2308=CARTESIAN_POINT('',(-0.0265994449805746,-0.0129734161547908,0.0081));
#2309=CARTESIAN_POINT('',(0.0110186144580013,0.00648673929248541,0.0091));
#2310=CARTESIAN_POINT('',(0.0211520323231916,0.0114291374188942,0.0091));
#2311=CARTESIAN_POINT('',(0.0118953567515795,0.00468915119988708,0.0091));
#2312=CARTESIAN_POINT('',(-0.0191929887295921,-0.00936104607539937,0.0081));
#2313=CARTESIAN_POINT('',(0.020494475603008,0.012777328488343,0.0091));
#2314=CARTESIAN_POINT('',(0.0217935137086847,0.013527328488343,0.0091));
#2315=CARTESIAN_POINT('',(-0.0202889165965648,-0.00711406095965145,0.0081));
#2316=CARTESIAN_POINT('',(-0.017929740248127,-0.00628684456899431,0.0081));
#2317=CARTESIAN_POINT('',(0.0231633726462581,0.0111546632092636,0.0091));
#2318=CARTESIAN_POINT('',(0.0140231021748621,0.0289860760606429,0.0081));
#2319=CARTESIAN_POINT('',(0.0137855797310481,0.0287305480294471,0.00843346448590982));
#2320=CARTESIAN_POINT('',(0.0135485848332524,0.0284743642034625,0.00876680000096043));
#2321=CARTESIAN_POINT('',(0.0133121442539478,0.0282174913017101,0.0091));
#2322=CARTESIAN_POINT('',(-3.29597460435593E-17,-8.67361737988404E-19,0.0091));
#2323=CARTESIAN_POINT('',(-0.017929740248127,0.0062868445689943,0.0081));
#2324=CARTESIAN_POINT('',(8.67361737988404E-19,5.55111512312578E-17,0.0091));
#2325=CARTESIAN_POINT('',(-0.0140231021748621,0.0289860760606429,0.0081));
#2326=CARTESIAN_POINT('',(-0.0137855797310481,0.0287305480294471,0.00843346448590982));
#2327=CARTESIAN_POINT('',(-0.0135485848332524,0.0284743642034625,0.00876680000096043));
#2328=CARTESIAN_POINT('',(-0.0133121442539477,0.0282174913017101,0.0091));
#2329=CARTESIAN_POINT('',(-0.0202889165965648,0.00711406095965144,0.0081));
#2330=CARTESIAN_POINT('',(-0.0191929887295922,0.00936104607539936,0.0081));
#2331=CARTESIAN_POINT('',(-0.0183413206436656,0.0215067022744929,0.0081));
#2332=CARTESIAN_POINT('',(-0.0217935137086847,0.013527328488343,0.0091));
#2333=CARTESIAN_POINT('',(-0.0203916960997865,0.00994569472399721,0.0081));
#2334=CARTESIAN_POINT('',(-0.0215904034699807,0.0105303433725951,0.0081));
#2335=CARTESIAN_POINT('',(-0.020494475603008,0.012777328488343,0.0091));
#2336=MECHANICAL_DESIGN_GEOMETRIC_PRESENTATION_REPRESENTATION('',(#1309),
#2337);
#2337=(
GEOMETRIC_REPRESENTATION_CONTEXT(3)
GLOBAL_UNCERTAINTY_ASSIGNED_CONTEXT((#2338))
GLOBAL_UNIT_ASSIGNED_CONTEXT((#2341,#2340,#2339))
REPRESENTATION_CONTEXT('Part 1','TOP_LEVEL_ASSEMBLY_PART')
);
#2338=UNCERTAINTY_MEASURE_WITH_UNIT(LENGTH_MEASURE(2.E-5),#2341,
'DISTANCE_ACCURACY_VALUE','Maximum Tolerance applied to model');
#2339=(
NAMED_UNIT(*)
SI_UNIT($,.STERADIAN.)
SOLID_ANGLE_UNIT()
);
#2340=(
NAMED_UNIT(*)
PLANE_ANGLE_UNIT()
SI_UNIT($,.RADIAN.)
);
#2341=(
LENGTH_UNIT()
NAMED_UNIT(*)
SI_UNIT($,.METRE.)
);
#2342=PRODUCT_DEFINITION_SHAPE('','',#2343);
#2343=PRODUCT_DEFINITION('','',#2345,#2344);
#2344=PRODUCT_DEFINITION_CONTEXT('',#2351,'design');
#2345=PRODUCT_DEFINITION_FORMATION_WITH_SPECIFIED_SOURCE('','',#2347,
 .NOT_KNOWN.);
#2346=PRODUCT_RELATED_PRODUCT_CATEGORY('','',(#2347));
#2347=PRODUCT('Part 1','Part 1','Part 1',(#2349));
#2348=PRODUCT_CATEGORY('','');
#2349=PRODUCT_CONTEXT('',#2351,'mechanical');
#2350=APPLICATION_PROTOCOL_DEFINITION('international standard',
'ap242_managed_model_based_3d_engineering',2020,#2351);
#2351=APPLICATION_CONTEXT('managed model based 3d engineering');
ENDSEC;
END-ISO-10303-21;
