ISO-10303-21;
HEADER;
/* Generated by software containing ST-Developer
 * from STEP Tools, Inc. (www.steptools.com) 
 */
/* OPTION: using custom renumber hook */

FILE_DESCRIPTION(
/* description */ ('STEP AP242 Edition 2',
'CAx-IF Rec.Pracs.---Representation and Presentation of Product Manufa
cturing Information (PMI)---4.0---2014-10-13',
'CAx-IF Rec.Pracs.---3D Tessellated Geometry---0.4---2014-09-14','2;1',
'CAx-IF Rec.Pracs.---User Defined Attributes---1.5---2016-08-15'),
/* implementation_level */ '2;1');

FILE_NAME(
/* name */ 'Part Studio 1',
/* time_stamp */ '2026-06-14T16:53:02Z',
/* author */ (''),
/* organization */ (''),
/* preprocessor_version */ 'ST-DEVELOPER v20',
/* originating_system */ 'ONSHAPE BY PTC INC, 1.216',
/* authorisation */ '  ');

FILE_SCHEMA (('AP242_MANAGED_MODEL_BASED_3D_ENGINEERING_MIM_LF { 1 0 10303 442 3 1 4 }'));
ENDSEC;

DATA;
#10=SHAPE_REPRESENTATION_RELATIONSHIP('','',#503,#11);
#11=ADVANCED_BREP_SHAPE_REPRESENTATION('',(#501),#1773);
#12=(
BOUNDED_SURFACE()
B_SPLINE_SURFACE(3,2,((#1642,#1643,#1644),(#1645,#1646,#1647),(#1648,#1649,
#1650),(#1651,#1652,#1653),(#1654,#1655,#1656),(#1657,#1658,#1659),(#1660,
#1661,#1662),(#1663,#1664,#1665),(#1666,#1667,#1668)),.UNSPECIFIED.,.F.,
 .F.,.F.)
B_SPLINE_SURFACE_WITH_KNOTS((4,1,1,1,1,1,4),(3,3),(0.023770597142867,0.0699839754139733,
0.0930906645495265,0.11619735368508,0.139304042820633,0.162410731956186,
0.208624110227292),(0.,1.),.UNSPECIFIED.)
GEOMETRIC_REPRESENTATION_ITEM()
RATIONAL_B_SPLINE_SURFACE(((1.,0.708055239350604,1.),(1.,0.70422699767883,
1.),(1.,0.696033198319789,1.),(1.,0.692931357198716,1.),(1.,0.696274562668553,
1.),(1.,0.700340325366225,1.),(1.,0.704770397543297,1.),(1.,0.706643465811146,
1.),(1.,0.70771483830795,1.)))
REPRESENTATION_ITEM('')
SURFACE()
);
#13=(
BOUNDED_SURFACE()
B_SPLINE_SURFACE(3,2,((#1674,#1675,#1676),(#1677,#1678,#1679),(#1680,#1681,
#1682),(#1683,#1684,#1685),(#1686,#1687,#1688),(#1689,#1690,#1691),(#1692,
#1693,#1694),(#1695,#1696,#1697),(#1698,#1699,#1700)),.UNSPECIFIED.,.F.,
 .F.,.F.)
B_SPLINE_SURFACE_WITH_KNOTS((4,1,1,1,1,1,4),(3,3),(0.0237705971428679,0.0699839754139364,
0.0930906645494707,0.116197353685005,0.139304042820539,0.162410731956074,
0.208624110227142),(0.,1.),.UNSPECIFIED.)
GEOMETRIC_REPRESENTATION_ITEM()
RATIONAL_B_SPLINE_SURFACE(((1.,0.7080552393506,1.),(1.,0.704226998168813,
1.),(1.,0.696033198210427,1.),(1.,0.692931357217685,1.),(1.,0.696274562669936,
1.),(1.,0.700340325341692,1.),(1.,0.704770397680269,1.),(1.,0.706643465199731,
1.),(1.,0.707714838307946,1.)))
REPRESENTATION_ITEM('')
SURFACE()
);
#14=(
BOUNDED_SURFACE()
B_SPLINE_SURFACE(3,2,((#1706,#1707,#1708),(#1709,#1710,#1711),(#1712,#1713,
#1714),(#1715,#1716,#1717),(#1718,#1719,#1720),(#1721,#1722,#1723),(#1724,
#1725,#1726),(#1727,#1728,#1729),(#1730,#1731,#1732)),.UNSPECIFIED.,.F.,
 .F.,.F.)
B_SPLINE_SURFACE_WITH_KNOTS((4,1,1,1,1,1,4),(3,3),(0.0237705971428672,0.0699839754139672,
0.0930906645495171,0.116197353685067,0.139304042820617,0.162410731956167,
0.208624110227267),(0.,1.),.UNSPECIFIED.)
GEOMETRIC_REPRESENTATION_ITEM()
RATIONAL_B_SPLINE_SURFACE(((1.,0.708055239350606,1.),(1.,0.704226997651468,
1.),(1.,0.696033198326629,1.),(1.,0.692931357196425,1.),(1.,0.696274562673098,
1.),(1.,0.700340325350297,1.),(1.,0.70477039762741,1.),(1.,0.706643465438318,
1.),(1.,0.707714838307955,1.)))
REPRESENTATION_ITEM('')
SURFACE()
);
#15=(
BOUNDED_SURFACE()
B_SPLINE_SURFACE(3,2,((#1738,#1739,#1740),(#1741,#1742,#1743),(#1744,#1745,
#1746),(#1747,#1748,#1749),(#1750,#1751,#1752),(#1753,#1754,#1755),(#1756,
#1757,#1758),(#1759,#1760,#1761),(#1762,#1763,#1764)),.UNSPECIFIED.,.F.,
 .F.,.F.)
B_SPLINE_SURFACE_WITH_KNOTS((4,1,1,1,1,1,4),(3,3),(0.0237705971428676,0.0699839754139467,
0.0930906645494862,0.116197353685026,0.139304042820565,0.162410731956105,
0.208624110227184),(0.,1.),.UNSPECIFIED.)
GEOMETRIC_REPRESENTATION_ITEM()
RATIONAL_B_SPLINE_SURFACE(((1.,0.708055239350603,1.),(1.,0.704226997829332,
1.),(1.,0.696033198286041,1.),(1.,0.692931357204822,1.),(1.,0.696274562667876,
1.),(1.,0.700340325362776,1.),(1.,0.704770397563623,1.),(1.,0.70664346571964,
1.),(1.,0.707714838307941,1.)))
REPRESENTATION_ITEM('')
SURFACE()
);
#16=PLANE('',#508);
#17=PLANE('',#509);
#18=PLANE('',#510);
#19=PLANE('',#511);
#20=PLANE('',#513);
#21=PLANE('',#514);
#22=CYLINDRICAL_SURFACE('',#505,3.3639448828155);
#23=CYLINDRICAL_SURFACE('',#506,3.36375879842012);
#24=CYLINDRICAL_SURFACE('',#507,3.36390094232792);
#25=CYLINDRICAL_SURFACE('',#512,3.36364285681372);
#26=B_SPLINE_CURVE_WITH_KNOTS('',3,(#609,#610,#611,#612,#613),
 .UNSPECIFIED.,.F.,.F.,(4,1,4),(0.,0.000611658164299711,0.00122331632859942),
 .UNSPECIFIED.);
#27=B_SPLINE_CURVE_WITH_KNOTS('',3,(#615,#616,#617,#618),.UNSPECIFIED.,
 .F.,.F.,(4,4),(0.,0.000760619514051895),.UNSPECIFIED.);
#28=B_SPLINE_CURVE_WITH_KNOTS('',3,(#620,#621,#622,#623),.UNSPECIFIED.,
 .F.,.F.,(4,4),(0.,1.),.UNSPECIFIED.);
#29=B_SPLINE_CURVE_WITH_KNOTS('',3,(#625,#626,#627,#628),.UNSPECIFIED.,
 .F.,.F.,(4,4),(-0.0452705707974957,1.04822024317232),.UNSPECIFIED.);
#30=B_SPLINE_CURVE_WITH_KNOTS('',3,(#630,#631,#632,#633),.UNSPECIFIED.,
 .F.,.F.,(4,4),(0.,1.),.UNSPECIFIED.);
#31=B_SPLINE_CURVE_WITH_KNOTS('',3,(#635,#636,#637,#638),.UNSPECIFIED.,
 .F.,.F.,(4,4),(0.,0.000760619513469597),.UNSPECIFIED.);
#32=B_SPLINE_CURVE_WITH_KNOTS('',3,(#640,#641,#642,#643),.UNSPECIFIED.,
 .F.,.F.,(4,4),(0.,1.),.UNSPECIFIED.);
#33=B_SPLINE_CURVE_WITH_KNOTS('',3,(#645,#646,#647,#648),.UNSPECIFIED.,
 .F.,.F.,(4,4),(0.234177986823934,0.235059412041676),.UNSPECIFIED.);
#34=B_SPLINE_CURVE_WITH_KNOTS('',3,(#711,#712,#713,#714,#715),
 .UNSPECIFIED.,.F.,.F.,(4,1,4),(0.,0.000611658164264122,0.00122331632852824),
 .UNSPECIFIED.);
#35=B_SPLINE_CURVE_WITH_KNOTS('',3,(#717,#718,#719,#720),.UNSPECIFIED.,
 .F.,.F.,(4,4),(0.,0.000760619513980103),.UNSPECIFIED.);
#36=B_SPLINE_CURVE_WITH_KNOTS('',3,(#722,#723,#724,#725),.UNSPECIFIED.,
 .F.,.F.,(4,4),(0.,1.),.UNSPECIFIED.);
#37=B_SPLINE_CURVE_WITH_KNOTS('',3,(#727,#728,#729,#730),.UNSPECIFIED.,
 .F.,.F.,(4,4),(-0.045270570797496,1.04822024317232),.UNSPECIFIED.);
#38=B_SPLINE_CURVE_WITH_KNOTS('',3,(#732,#733,#734,#735),.UNSPECIFIED.,
 .F.,.F.,(4,4),(0.,1.),.UNSPECIFIED.);
#39=B_SPLINE_CURVE_WITH_KNOTS('',3,(#737,#738,#739,#740),.UNSPECIFIED.,
 .F.,.F.,(4,4),(0.234177986823934,0.235059412041676),.UNSPECIFIED.);
#40=B_SPLINE_CURVE_WITH_KNOTS('',3,(#803,#804,#805,#806,#807),
 .UNSPECIFIED.,.F.,.F.,(4,1,4),(0.,0.00061165816426939,0.00122331632853878),
 .UNSPECIFIED.);
#41=B_SPLINE_CURVE_WITH_KNOTS('',3,(#809,#810,#811,#812),.UNSPECIFIED.,
 .F.,.F.,(4,4),(0.,0.000760619513990736),.UNSPECIFIED.);
#42=B_SPLINE_CURVE_WITH_KNOTS('',3,(#814,#815,#816,#817),.UNSPECIFIED.,
 .F.,.F.,(4,4),(0.,1.),.UNSPECIFIED.);
#43=B_SPLINE_CURVE_WITH_KNOTS('',3,(#819,#820,#821,#822),.UNSPECIFIED.,
 .F.,.F.,(4,4),(-0.0452705707974959,1.04822024317232),.UNSPECIFIED.);
#44=B_SPLINE_CURVE_WITH_KNOTS('',3,(#824,#825,#826,#827),.UNSPECIFIED.,
 .F.,.F.,(4,4),(0.,1.),.UNSPECIFIED.);
#45=B_SPLINE_CURVE_WITH_KNOTS('',3,(#829,#830,#831,#832),.UNSPECIFIED.,
 .F.,.F.,(4,4),(0.234177986823934,0.235059412041676),.UNSPECIFIED.);
#46=B_SPLINE_CURVE_WITH_KNOTS('',3,(#893,#894,#895,#896),.UNSPECIFIED.,
 .F.,.F.,(4,4),(0.,1.),.UNSPECIFIED.);
#47=B_SPLINE_CURVE_WITH_KNOTS('',3,(#898,#899,#900,#901),.UNSPECIFIED.,
 .F.,.F.,(4,4),(-0.0452705707974961,1.04822024317232),.UNSPECIFIED.);
#48=B_SPLINE_CURVE_WITH_KNOTS('',3,(#904,#905,#906,#907,#908),
 .UNSPECIFIED.,.F.,.F.,(4,1,4),(0.,0.000611658164010932,0.00122331632802186),
 .UNSPECIFIED.);
#49=B_SPLINE_CURVE_WITH_KNOTS('',3,(#961,#962,#963,#964),.UNSPECIFIED.,
 .F.,.F.,(4,4),(0.,1.),.UNSPECIFIED.);
#50=B_SPLINE_CURVE_WITH_KNOTS('',3,(#967,#968,#969,#970),.UNSPECIFIED.,
 .F.,.F.,(4,4),(0.,0.0007614222450422),.UNSPECIFIED.);
#51=B_SPLINE_CURVE_WITH_KNOTS('',3,(#974,#975,#976,#977,#978),
 .UNSPECIFIED.,.F.,.F.,(4,1,4),(0.,0.000602119978798647,0.00120423995759729),
 .UNSPECIFIED.);
#52=B_SPLINE_CURVE_WITH_KNOTS('',3,(#980,#981,#982,#983),.UNSPECIFIED.,
 .F.,.F.,(4,4),(0.,0.00076142225393706),.UNSPECIFIED.);
#53=B_SPLINE_CURVE_WITH_KNOTS('',3,(#985,#986,#987,#988),.UNSPECIFIED.,
 .F.,.F.,(4,4),(0.,1.),.UNSPECIFIED.);
#54=B_SPLINE_CURVE_WITH_KNOTS('',3,(#990,#991,#992,#993),.UNSPECIFIED.,
 .F.,.F.,(4,4),(-0.0463569605445347,1.04511163042276),.UNSPECIFIED.);
#55=B_SPLINE_CURVE_WITH_KNOTS('',3,(#995,#996,#997,#998),.UNSPECIFIED.,
 .F.,.F.,(4,4),(0.,1.),.UNSPECIFIED.);
#56=B_SPLINE_CURVE_WITH_KNOTS('',3,(#1000,#1001,#1002,#1003),
 .UNSPECIFIED.,.F.,.F.,(4,4),(0.420195302848127,0.420761550135593),
 .UNSPECIFIED.);
#57=B_SPLINE_CURVE_WITH_KNOTS('',3,(#1058,#1059,#1060,#1061,#1062),
 .UNSPECIFIED.,.F.,.F.,(4,1,4),(0.,0.000602119972673163,0.00120423994534633),
 .UNSPECIFIED.);
#58=B_SPLINE_CURVE_WITH_KNOTS('',3,(#1064,#1065,#1066,#1067),
 .UNSPECIFIED.,.F.,.F.,(4,4),(0.,0.000761422241629027),.UNSPECIFIED.);
#59=B_SPLINE_CURVE_WITH_KNOTS('',3,(#1069,#1070,#1071,#1072),
 .UNSPECIFIED.,.F.,.F.,(4,4),(0.,1.),.UNSPECIFIED.);
#60=B_SPLINE_CURVE_WITH_KNOTS('',3,(#1074,#1075,#1076,#1077),
 .UNSPECIFIED.,.F.,.F.,(4,4),(-0.0463569605445346,1.04511163042276),
 .UNSPECIFIED.);
#61=B_SPLINE_CURVE_WITH_KNOTS('',3,(#1079,#1080,#1081,#1082),
 .UNSPECIFIED.,.F.,.F.,(4,4),(0.,1.),.UNSPECIFIED.);
#62=B_SPLINE_CURVE_WITH_KNOTS('',3,(#1084,#1085,#1086,#1087),
 .UNSPECIFIED.,.F.,.F.,(4,4),(0.420195302848127,0.420761550135593),
 .UNSPECIFIED.);
#63=B_SPLINE_CURVE_WITH_KNOTS('',3,(#1142,#1143,#1144,#1145,#1146),
 .UNSPECIFIED.,.F.,.F.,(4,1,4),(0.,0.000602119977750814,0.00120423995550163),
 .UNSPECIFIED.);
#64=B_SPLINE_CURVE_WITH_KNOTS('',3,(#1148,#1149,#1150,#1151),
 .UNSPECIFIED.,.F.,.F.,(4,4),(0.,0.000761422251831692),.UNSPECIFIED.);
#65=B_SPLINE_CURVE_WITH_KNOTS('',3,(#1153,#1154,#1155,#1156),
 .UNSPECIFIED.,.F.,.F.,(4,4),(0.,1.),.UNSPECIFIED.);
#66=B_SPLINE_CURVE_WITH_KNOTS('',3,(#1158,#1159,#1160,#1161),
 .UNSPECIFIED.,.F.,.F.,(4,4),(-0.0463569605445348,1.04511163042276),
 .UNSPECIFIED.);
#67=B_SPLINE_CURVE_WITH_KNOTS('',3,(#1163,#1164,#1165,#1166),
 .UNSPECIFIED.,.F.,.F.,(4,4),(0.,1.),.UNSPECIFIED.);
#68=B_SPLINE_CURVE_WITH_KNOTS('',3,(#1168,#1169,#1170,#1171),
 .UNSPECIFIED.,.F.,.F.,(4,4),(0.420195302848127,0.420761550135594),
 .UNSPECIFIED.);
#69=B_SPLINE_CURVE_WITH_KNOTS('',3,(#1226,#1227,#1228,#1229,#1230),
 .UNSPECIFIED.,.F.,.F.,(4,1,4),(0.,0.000602119974371842,0.00120423994874368),
 .UNSPECIFIED.);
#70=B_SPLINE_CURVE_WITH_KNOTS('',3,(#1231,#1232,#1233,#1234),
 .UNSPECIFIED.,.F.,.F.,(4,4),(0.,1.),.UNSPECIFIED.);
#71=B_SPLINE_CURVE_WITH_KNOTS('',3,(#1236,#1237,#1238,#1239),
 .UNSPECIFIED.,.F.,.F.,(4,4),(-0.0463569605445347,1.04511163042276),
 .UNSPECIFIED.);
#72=B_SPLINE_CURVE_WITH_KNOTS('',3,(#1241,#1242,#1243,#1244),
 .UNSPECIFIED.,.F.,.F.,(4,4),(0.420195302848127,0.420761550135593),
 .UNSPECIFIED.);
#73=B_SPLINE_CURVE_WITH_KNOTS('',3,(#1246,#1247,#1248,#1249),
 .UNSPECIFIED.,.F.,.F.,(4,4),(0.234177986823935,0.235059412041677),
 .UNSPECIFIED.);
#74=B_SPLINE_CURVE_WITH_KNOTS('',3,(#1295,#1296,#1297,#1298,#1299,#1300,
#1301,#1302,#1303,#1304),.UNSPECIFIED.,.F.,.F.,(4,1,1,1,1,1,1,4),(0.235059412041677,
0.258201398392483,0.281343384743289,0.304485371094096,0.327627357444902,
0.350769343795708,0.373911330146514,0.420195302848127),.UNSPECIFIED.);
#75=B_SPLINE_CURVE_WITH_KNOTS('',3,(#1305,#1306,#1307,#1308,#1309,#1310,
#1311,#1312,#1313,#1314),.UNSPECIFIED.,.F.,.F.,(4,1,1,1,1,1,1,4),(0.235059412041677,
0.258201398392483,0.281343384743289,0.304485371094095,0.327627357444902,
0.350769343795708,0.373911330146514,0.420195302848127),.UNSPECIFIED.);
#76=B_SPLINE_CURVE_WITH_KNOTS('',3,(#1360,#1361,#1362,#1363,#1364,#1365,
#1366,#1367,#1368,#1369),.UNSPECIFIED.,.F.,.F.,(4,1,1,1,1,1,1,4),(0.235059412041677,
0.258201398392483,0.281343384743289,0.304485371094095,0.327627357444902,
0.350769343795708,0.373911330146514,0.420195302848127),.UNSPECIFIED.);
#77=B_SPLINE_CURVE_WITH_KNOTS('',3,(#1415,#1416,#1417,#1418,#1419,#1420,
#1421,#1422,#1423,#1424),.UNSPECIFIED.,.F.,.F.,(4,1,1,1,1,1,1,4),(0.235059412041677,
0.258201398392483,0.281343384743289,0.304485371094095,0.327627357444902,
0.350769343795708,0.373911330146514,0.420195302848127),.UNSPECIFIED.);
#78=B_SPLINE_CURVE_WITH_KNOTS('',3,(#1490,#1491,#1492,#1493,#1494,#1495,
#1496,#1497,#1498),.UNSPECIFIED.,.F.,.F.,(4,1,1,1,1,1,4),(0.,0.0456132356512638,
0.0684198534768956,0.0912264713025275,0.114033089128159,0.136839706953791,
0.182452942605055),.UNSPECIFIED.);
#79=B_SPLINE_CURVE_WITH_KNOTS('',3,(#1500,#1501,#1502,#1503),
 .UNSPECIFIED.,.F.,.F.,(4,4),(0.000347846491269027,0.0487823871446782),
 .UNSPECIFIED.);
#80=B_SPLINE_CURVE_WITH_KNOTS('',3,(#1505,#1506,#1507,#1508,#1509,#1510,
#1511,#1512),.UNSPECIFIED.,.F.,.F.,(4,1,1,1,1,4),(0.00241910225265681,0.0480286746546309,
0.0708334608556179,0.0936382470566049,0.139247819458579,0.184857391860553),
 .UNSPECIFIED.);
#81=B_SPLINE_CURVE_WITH_KNOTS('',3,(#1533,#1534,#1535,#1536,#1537,#1538,
#1539,#1540,#1541),.UNSPECIFIED.,.F.,.F.,(4,1,1,1,1,1,4),(0.,0.0456132356512638,
0.0684198534768956,0.0912264713025275,0.114033089128159,0.136839706953791,
0.182452942605055),.UNSPECIFIED.);
#82=B_SPLINE_CURVE_WITH_KNOTS('',3,(#1543,#1544,#1545,#1546),
 .UNSPECIFIED.,.F.,.F.,(4,4),(0.000347846491269027,0.0487823871446783),
 .UNSPECIFIED.);
#83=B_SPLINE_CURVE_WITH_KNOTS('',3,(#1548,#1549,#1550,#1551,#1552,#1553,
#1554,#1555),.UNSPECIFIED.,.F.,.F.,(4,1,1,1,1,4),(0.0024191022526568,0.0480286746546309,
0.0708334608556179,0.0936382470566049,0.139247819458579,0.184857391860553),
 .UNSPECIFIED.);
#84=B_SPLINE_CURVE_WITH_KNOTS('',3,(#1576,#1577,#1578,#1579,#1580,#1581,
#1582,#1583,#1584),.UNSPECIFIED.,.F.,.F.,(4,1,1,1,1,1,4),(0.,0.0456132356512638,
0.0684198534768956,0.0912264713025275,0.114033089128159,0.136839706953791,
0.182452942605055),.UNSPECIFIED.);
#85=B_SPLINE_CURVE_WITH_KNOTS('',3,(#1586,#1587,#1588,#1589),
 .UNSPECIFIED.,.F.,.F.,(4,4),(0.00034784649126901,0.0487823871446782),
 .UNSPECIFIED.);
#86=B_SPLINE_CURVE_WITH_KNOTS('',3,(#1591,#1592,#1593,#1594,#1595,#1596,
#1597,#1598),.UNSPECIFIED.,.F.,.F.,(4,1,1,1,1,4),(0.0024191022526568,0.0480286746546309,
0.0708334608556179,0.0936382470566049,0.139247819458579,0.184857391860553),
 .UNSPECIFIED.);
#87=B_SPLINE_CURVE_WITH_KNOTS('',3,(#1619,#1620,#1621,#1622,#1623,#1624,
#1625,#1626,#1627),.UNSPECIFIED.,.F.,.F.,(4,1,1,1,1,1,4),(0.,0.0456132356512638,
0.0684198534768956,0.0912264713025275,0.114033089128159,0.136839706953791,
0.182452942605055),.UNSPECIFIED.);
#88=B_SPLINE_CURVE_WITH_KNOTS('',3,(#1629,#1630,#1631,#1632),
 .UNSPECIFIED.,.F.,.F.,(4,4),(0.000347846491269026,0.0487823871446782),
 .UNSPECIFIED.);
#89=B_SPLINE_CURVE_WITH_KNOTS('',3,(#1634,#1635,#1636,#1637,#1638,#1639,
#1640,#1641),.UNSPECIFIED.,.F.,.F.,(4,1,1,1,1,4),(0.00241910225265681,0.0480286746546309,
0.0708334608556179,0.0936382470566049,0.139247819458579,0.184857391860553),
 .UNSPECIFIED.);
#90=B_SPLINE_CURVE_WITH_KNOTS('',3,(#1669,#1670,#1671,#1672,#1673),
 .UNSPECIFIED.,.F.,.F.,(4,1,4),(1.21217487951527E-18,0.000612628089914152,
0.0012252561798283),.UNSPECIFIED.);
#91=B_SPLINE_CURVE_WITH_KNOTS('',3,(#1701,#1702,#1703,#1704,#1705),
 .UNSPECIFIED.,.F.,.F.,(4,1,4),(1.0842021724855E-19,0.000612628089914128,
0.00122525617982826),.UNSPECIFIED.);
#92=B_SPLINE_CURVE_WITH_KNOTS('',3,(#1733,#1734,#1735,#1736,#1737),
 .UNSPECIFIED.,.F.,.F.,(4,1,4),(0.,0.00061262808991418,0.00122525617982836),
 .UNSPECIFIED.);
#93=B_SPLINE_CURVE_WITH_KNOTS('',3,(#1765,#1766,#1767,#1768,#1769),
 .UNSPECIFIED.,.F.,.F.,(4,1,4),(0.,0.000612628089914158,0.00122525617982832),
 .UNSPECIFIED.);
#94=ORIENTED_EDGE('',*,*,#246,.T.);
#95=ORIENTED_EDGE('',*,*,#247,.T.);
#96=ORIENTED_EDGE('',*,*,#248,.F.);
#97=ORIENTED_EDGE('',*,*,#249,.T.);
#98=ORIENTED_EDGE('',*,*,#250,.F.);
#99=ORIENTED_EDGE('',*,*,#251,.F.);
#100=ORIENTED_EDGE('',*,*,#252,.T.);
#101=ORIENTED_EDGE('',*,*,#249,.F.);
#102=ORIENTED_EDGE('',*,*,#253,.T.);
#103=ORIENTED_EDGE('',*,*,#254,.F.);
#104=ORIENTED_EDGE('',*,*,#255,.T.);
#105=ORIENTED_EDGE('',*,*,#256,.T.);
#106=ORIENTED_EDGE('',*,*,#257,.F.);
#107=ORIENTED_EDGE('',*,*,#258,.T.);
#108=ORIENTED_EDGE('',*,*,#259,.F.);
#109=ORIENTED_EDGE('',*,*,#253,.F.);
#110=ORIENTED_EDGE('',*,*,#248,.T.);
#111=ORIENTED_EDGE('',*,*,#258,.F.);
#112=ORIENTED_EDGE('',*,*,#260,.T.);
#113=ORIENTED_EDGE('',*,*,#261,.F.);
#114=ORIENTED_EDGE('',*,*,#262,.T.);
#115=ORIENTED_EDGE('',*,*,#263,.T.);
#116=ORIENTED_EDGE('',*,*,#264,.F.);
#117=ORIENTED_EDGE('',*,*,#265,.T.);
#118=ORIENTED_EDGE('',*,*,#266,.F.);
#119=ORIENTED_EDGE('',*,*,#260,.F.);
#120=ORIENTED_EDGE('',*,*,#257,.T.);
#121=ORIENTED_EDGE('',*,*,#265,.F.);
#122=ORIENTED_EDGE('',*,*,#267,.T.);
#123=ORIENTED_EDGE('',*,*,#268,.F.);
#124=ORIENTED_EDGE('',*,*,#252,.F.);
#125=ORIENTED_EDGE('',*,*,#269,.T.);
#126=ORIENTED_EDGE('',*,*,#270,.F.);
#127=ORIENTED_EDGE('',*,*,#267,.F.);
#128=ORIENTED_EDGE('',*,*,#264,.T.);
#129=ORIENTED_EDGE('',*,*,#271,.T.);
#130=ORIENTED_EDGE('',*,*,#272,.T.);
#131=ORIENTED_EDGE('',*,*,#273,.F.);
#132=ORIENTED_EDGE('',*,*,#274,.T.);
#133=ORIENTED_EDGE('',*,*,#275,.F.);
#134=ORIENTED_EDGE('',*,*,#276,.T.);
#135=ORIENTED_EDGE('',*,*,#277,.F.);
#136=ORIENTED_EDGE('',*,*,#278,.T.);
#137=ORIENTED_EDGE('',*,*,#279,.T.);
#138=ORIENTED_EDGE('',*,*,#278,.F.);
#139=ORIENTED_EDGE('',*,*,#280,.T.);
#140=ORIENTED_EDGE('',*,*,#281,.T.);
#141=ORIENTED_EDGE('',*,*,#280,.F.);
#142=ORIENTED_EDGE('',*,*,#277,.T.);
#143=ORIENTED_EDGE('',*,*,#282,.F.);
#144=ORIENTED_EDGE('',*,*,#283,.T.);
#145=ORIENTED_EDGE('',*,*,#284,.F.);
#146=ORIENTED_EDGE('',*,*,#285,.T.);
#147=ORIENTED_EDGE('',*,*,#286,.T.);
#148=ORIENTED_EDGE('',*,*,#285,.F.);
#149=ORIENTED_EDGE('',*,*,#287,.T.);
#150=ORIENTED_EDGE('',*,*,#288,.T.);
#151=ORIENTED_EDGE('',*,*,#287,.F.);
#152=ORIENTED_EDGE('',*,*,#284,.T.);
#153=ORIENTED_EDGE('',*,*,#289,.F.);
#154=ORIENTED_EDGE('',*,*,#290,.T.);
#155=ORIENTED_EDGE('',*,*,#291,.F.);
#156=ORIENTED_EDGE('',*,*,#292,.T.);
#157=ORIENTED_EDGE('',*,*,#293,.T.);
#158=ORIENTED_EDGE('',*,*,#292,.F.);
#159=ORIENTED_EDGE('',*,*,#294,.T.);
#160=ORIENTED_EDGE('',*,*,#295,.T.);
#161=ORIENTED_EDGE('',*,*,#294,.F.);
#162=ORIENTED_EDGE('',*,*,#291,.T.);
#163=ORIENTED_EDGE('',*,*,#296,.F.);
#164=ORIENTED_EDGE('',*,*,#297,.T.);
#165=ORIENTED_EDGE('',*,*,#274,.F.);
#166=ORIENTED_EDGE('',*,*,#298,.T.);
#167=ORIENTED_EDGE('',*,*,#299,.T.);
#168=ORIENTED_EDGE('',*,*,#298,.F.);
#169=ORIENTED_EDGE('',*,*,#273,.T.);
#170=ORIENTED_EDGE('',*,*,#300,.T.);
#171=ORIENTED_EDGE('',*,*,#269,.F.);
#172=ORIENTED_EDGE('',*,*,#251,.T.);
#173=ORIENTED_EDGE('',*,*,#301,.F.);
#174=ORIENTED_EDGE('',*,*,#302,.T.);
#175=ORIENTED_EDGE('',*,*,#299,.F.);
#176=ORIENTED_EDGE('',*,*,#300,.F.);
#177=ORIENTED_EDGE('',*,*,#303,.F.);
#178=ORIENTED_EDGE('',*,*,#270,.T.);
#179=ORIENTED_EDGE('',*,*,#301,.T.);
#180=ORIENTED_EDGE('',*,*,#303,.T.);
#181=ORIENTED_EDGE('',*,*,#279,.F.);
#182=ORIENTED_EDGE('',*,*,#281,.F.);
#183=ORIENTED_EDGE('',*,*,#304,.F.);
#184=ORIENTED_EDGE('',*,*,#266,.T.);
#185=ORIENTED_EDGE('',*,*,#268,.T.);
#186=ORIENTED_EDGE('',*,*,#286,.F.);
#187=ORIENTED_EDGE('',*,*,#288,.F.);
#188=ORIENTED_EDGE('',*,*,#305,.F.);
#189=ORIENTED_EDGE('',*,*,#259,.T.);
#190=ORIENTED_EDGE('',*,*,#261,.T.);
#191=ORIENTED_EDGE('',*,*,#304,.T.);
#192=ORIENTED_EDGE('',*,*,#305,.T.);
#193=ORIENTED_EDGE('',*,*,#293,.F.);
#194=ORIENTED_EDGE('',*,*,#295,.F.);
#195=ORIENTED_EDGE('',*,*,#302,.F.);
#196=ORIENTED_EDGE('',*,*,#250,.T.);
#197=ORIENTED_EDGE('',*,*,#254,.T.);
#198=ORIENTED_EDGE('',*,*,#306,.T.);
#199=ORIENTED_EDGE('',*,*,#307,.T.);
#200=ORIENTED_EDGE('',*,*,#308,.T.);
#201=ORIENTED_EDGE('',*,*,#296,.T.);
#202=ORIENTED_EDGE('',*,*,#309,.T.);
#203=ORIENTED_EDGE('',*,*,#310,.T.);
#204=ORIENTED_EDGE('',*,*,#311,.T.);
#205=ORIENTED_EDGE('',*,*,#275,.T.);
#206=ORIENTED_EDGE('',*,*,#312,.T.);
#207=ORIENTED_EDGE('',*,*,#313,.T.);
#208=ORIENTED_EDGE('',*,*,#314,.T.);
#209=ORIENTED_EDGE('',*,*,#282,.T.);
#210=ORIENTED_EDGE('',*,*,#315,.T.);
#211=ORIENTED_EDGE('',*,*,#316,.T.);
#212=ORIENTED_EDGE('',*,*,#317,.T.);
#213=ORIENTED_EDGE('',*,*,#289,.T.);
#214=ORIENTED_EDGE('',*,*,#311,.F.);
#215=ORIENTED_EDGE('',*,*,#318,.T.);
#216=ORIENTED_EDGE('',*,*,#312,.F.);
#217=ORIENTED_EDGE('',*,*,#276,.F.);
#218=ORIENTED_EDGE('',*,*,#314,.F.);
#219=ORIENTED_EDGE('',*,*,#319,.T.);
#220=ORIENTED_EDGE('',*,*,#315,.F.);
#221=ORIENTED_EDGE('',*,*,#283,.F.);
#222=ORIENTED_EDGE('',*,*,#317,.F.);
#223=ORIENTED_EDGE('',*,*,#320,.T.);
#224=ORIENTED_EDGE('',*,*,#306,.F.);
#225=ORIENTED_EDGE('',*,*,#290,.F.);
#226=ORIENTED_EDGE('',*,*,#308,.F.);
#227=ORIENTED_EDGE('',*,*,#321,.T.);
#228=ORIENTED_EDGE('',*,*,#309,.F.);
#229=ORIENTED_EDGE('',*,*,#297,.F.);
#230=ORIENTED_EDGE('',*,*,#319,.F.);
#231=ORIENTED_EDGE('',*,*,#313,.F.);
#232=ORIENTED_EDGE('',*,*,#318,.F.);
#233=ORIENTED_EDGE('',*,*,#310,.F.);
#234=ORIENTED_EDGE('',*,*,#321,.F.);
#235=ORIENTED_EDGE('',*,*,#307,.F.);
#236=ORIENTED_EDGE('',*,*,#320,.F.);
#237=ORIENTED_EDGE('',*,*,#316,.F.);
#238=ORIENTED_EDGE('',*,*,#247,.F.);
#239=ORIENTED_EDGE('',*,*,#246,.F.);
#240=ORIENTED_EDGE('',*,*,#272,.F.);
#241=ORIENTED_EDGE('',*,*,#271,.F.);
#242=ORIENTED_EDGE('',*,*,#263,.F.);
#243=ORIENTED_EDGE('',*,*,#262,.F.);
#244=ORIENTED_EDGE('',*,*,#256,.F.);
#245=ORIENTED_EDGE('',*,*,#255,.F.);
#246=EDGE_CURVE('',#322,#323,#370,.F.);
#247=EDGE_CURVE('',#323,#324,#26,.T.);
#248=EDGE_CURVE('',#325,#324,#27,.T.);
#249=EDGE_CURVE('',#325,#326,#28,.F.);
#250=EDGE_CURVE('',#327,#326,#29,.T.);
#251=EDGE_CURVE('',#328,#327,#30,.T.);
#252=EDGE_CURVE('',#328,#322,#31,.T.);
#253=EDGE_CURVE('',#325,#329,#32,.T.);
#254=EDGE_CURVE('',#326,#329,#33,.T.);
#255=EDGE_CURVE('',#324,#330,#371,.F.);
#256=EDGE_CURVE('',#330,#331,#34,.T.);
#257=EDGE_CURVE('',#332,#331,#35,.T.);
#258=EDGE_CURVE('',#332,#333,#36,.F.);
#259=EDGE_CURVE('',#329,#333,#37,.T.);
#260=EDGE_CURVE('',#332,#334,#38,.T.);
#261=EDGE_CURVE('',#333,#334,#39,.T.);
#262=EDGE_CURVE('',#331,#335,#372,.T.);
#263=EDGE_CURVE('',#335,#336,#40,.T.);
#264=EDGE_CURVE('',#337,#336,#41,.T.);
#265=EDGE_CURVE('',#337,#338,#42,.F.);
#266=EDGE_CURVE('',#334,#338,#43,.T.);
#267=EDGE_CURVE('',#337,#339,#44,.T.);
#268=EDGE_CURVE('',#338,#339,#45,.T.);
#269=EDGE_CURVE('',#328,#340,#46,.F.);
#270=EDGE_CURVE('',#339,#340,#47,.T.);
#271=EDGE_CURVE('',#336,#341,#373,.T.);
#272=EDGE_CURVE('',#341,#322,#48,.T.);
#273=EDGE_CURVE('',#342,#343,#49,.F.);
#274=EDGE_CURVE('',#342,#344,#50,.T.);
#275=EDGE_CURVE('',#345,#344,#374,.F.);
#276=EDGE_CURVE('',#345,#346,#51,.T.);
#277=EDGE_CURVE('',#347,#346,#52,.T.);
#278=EDGE_CURVE('',#347,#348,#53,.T.);
#279=EDGE_CURVE('',#348,#343,#54,.T.);
#280=EDGE_CURVE('',#347,#349,#55,.F.);
#281=EDGE_CURVE('',#349,#348,#56,.T.);
#282=EDGE_CURVE('',#350,#346,#375,.F.);
#283=EDGE_CURVE('',#350,#351,#57,.T.);
#284=EDGE_CURVE('',#352,#351,#58,.T.);
#285=EDGE_CURVE('',#352,#353,#59,.T.);
#286=EDGE_CURVE('',#353,#349,#60,.T.);
#287=EDGE_CURVE('',#352,#354,#61,.F.);
#288=EDGE_CURVE('',#354,#353,#62,.T.);
#289=EDGE_CURVE('',#355,#351,#376,.T.);
#290=EDGE_CURVE('',#355,#356,#63,.T.);
#291=EDGE_CURVE('',#357,#356,#64,.T.);
#292=EDGE_CURVE('',#357,#358,#65,.T.);
#293=EDGE_CURVE('',#358,#354,#66,.T.);
#294=EDGE_CURVE('',#357,#359,#67,.F.);
#295=EDGE_CURVE('',#359,#358,#68,.T.);
#296=EDGE_CURVE('',#360,#356,#377,.T.);
#297=EDGE_CURVE('',#360,#344,#69,.T.);
#298=EDGE_CURVE('',#342,#361,#70,.T.);
#299=EDGE_CURVE('',#361,#359,#71,.T.);
#300=EDGE_CURVE('',#343,#361,#72,.T.);
#301=EDGE_CURVE('',#340,#327,#73,.T.);
#302=EDGE_CURVE('',#327,#359,#74,.T.);
#303=EDGE_CURVE('',#339,#343,#75,.T.);
#304=EDGE_CURVE('',#334,#349,#76,.T.);
#305=EDGE_CURVE('',#329,#354,#77,.T.);
#306=EDGE_CURVE('',#356,#362,#78,.T.);
#307=EDGE_CURVE('',#362,#363,#79,.T.);
#308=EDGE_CURVE('',#363,#360,#80,.T.);
#309=EDGE_CURVE('',#344,#364,#81,.T.);
#310=EDGE_CURVE('',#364,#365,#82,.T.);
#311=EDGE_CURVE('',#365,#345,#83,.T.);
#312=EDGE_CURVE('',#346,#366,#84,.T.);
#313=EDGE_CURVE('',#366,#367,#85,.T.);
#314=EDGE_CURVE('',#367,#350,#86,.T.);
#315=EDGE_CURVE('',#351,#368,#87,.T.);
#316=EDGE_CURVE('',#368,#369,#88,.T.);
#317=EDGE_CURVE('',#369,#355,#89,.T.);
#318=EDGE_CURVE('',#365,#366,#90,.T.);
#319=EDGE_CURVE('',#367,#368,#91,.T.);
#320=EDGE_CURVE('',#369,#362,#92,.T.);
#321=EDGE_CURVE('',#363,#364,#93,.T.);
#322=VERTEX_POINT('',#607);
#323=VERTEX_POINT('',#608);
#324=VERTEX_POINT('',#614);
#325=VERTEX_POINT('',#619);
#326=VERTEX_POINT('',#624);
#327=VERTEX_POINT('',#629);
#328=VERTEX_POINT('',#634);
#329=VERTEX_POINT('',#644);
#330=VERTEX_POINT('',#710);
#331=VERTEX_POINT('',#716);
#332=VERTEX_POINT('',#721);
#333=VERTEX_POINT('',#726);
#334=VERTEX_POINT('',#736);
#335=VERTEX_POINT('',#802);
#336=VERTEX_POINT('',#808);
#337=VERTEX_POINT('',#813);
#338=VERTEX_POINT('',#818);
#339=VERTEX_POINT('',#828);
#340=VERTEX_POINT('',#897);
#341=VERTEX_POINT('',#903);
#342=VERTEX_POINT('',#965);
#343=VERTEX_POINT('',#966);
#344=VERTEX_POINT('',#971);
#345=VERTEX_POINT('',#973);
#346=VERTEX_POINT('',#979);
#347=VERTEX_POINT('',#984);
#348=VERTEX_POINT('',#989);
#349=VERTEX_POINT('',#999);
#350=VERTEX_POINT('',#1057);
#351=VERTEX_POINT('',#1063);
#352=VERTEX_POINT('',#1068);
#353=VERTEX_POINT('',#1073);
#354=VERTEX_POINT('',#1083);
#355=VERTEX_POINT('',#1141);
#356=VERTEX_POINT('',#1147);
#357=VERTEX_POINT('',#1152);
#358=VERTEX_POINT('',#1157);
#359=VERTEX_POINT('',#1167);
#360=VERTEX_POINT('',#1225);
#361=VERTEX_POINT('',#1235);
#362=VERTEX_POINT('',#1499);
#363=VERTEX_POINT('',#1504);
#364=VERTEX_POINT('',#1542);
#365=VERTEX_POINT('',#1547);
#366=VERTEX_POINT('',#1585);
#367=VERTEX_POINT('',#1590);
#368=VERTEX_POINT('',#1628);
#369=VERTEX_POINT('',#1633);
#370=LINE('',#606,#378);
#371=LINE('',#709,#379);
#372=LINE('',#801,#380);
#373=LINE('',#902,#381);
#374=LINE('',#972,#382);
#375=LINE('',#1056,#383);
#376=LINE('',#1140,#384);
#377=LINE('',#1224,#385);
#378=VECTOR('',#517,1.);
#379=VECTOR('',#520,1.);
#380=VECTOR('',#523,1.);
#381=VECTOR('',#526,1.);
#382=VECTOR('',#527,1.);
#383=VECTOR('',#530,1.);
#384=VECTOR('',#533,1.);
#385=VECTOR('',#536,1.);
#386=EDGE_LOOP('',(#94,#95,#96,#97,#98,#99,#100));
#387=EDGE_LOOP('',(#101,#102,#103));
#388=EDGE_LOOP('',(#104,#105,#106,#107,#108,#109,#110));
#389=EDGE_LOOP('',(#111,#112,#113));
#390=EDGE_LOOP('',(#114,#115,#116,#117,#118,#119,#120));
#391=EDGE_LOOP('',(#121,#122,#123));
#392=EDGE_LOOP('',(#124,#125,#126,#127,#128,#129,#130));
#393=EDGE_LOOP('',(#131,#132,#133,#134,#135,#136,#137));
#394=EDGE_LOOP('',(#138,#139,#140));
#395=EDGE_LOOP('',(#141,#142,#143,#144,#145,#146,#147));
#396=EDGE_LOOP('',(#148,#149,#150));
#397=EDGE_LOOP('',(#151,#152,#153,#154,#155,#156,#157));
#398=EDGE_LOOP('',(#158,#159,#160));
#399=EDGE_LOOP('',(#161,#162,#163,#164,#165,#166,#167));
#400=EDGE_LOOP('',(#168,#169,#170));
#401=EDGE_LOOP('',(#171,#172,#173));
#402=EDGE_LOOP('',(#174,#175,#176,#177,#178,#179));
#403=EDGE_LOOP('',(#180,#181,#182,#183,#184,#185));
#404=EDGE_LOOP('',(#186,#187,#188,#189,#190,#191));
#405=EDGE_LOOP('',(#192,#193,#194,#195,#196,#197));
#406=EDGE_LOOP('',(#198,#199,#200,#201));
#407=EDGE_LOOP('',(#202,#203,#204,#205));
#408=EDGE_LOOP('',(#206,#207,#208,#209));
#409=EDGE_LOOP('',(#210,#211,#212,#213));
#410=EDGE_LOOP('',(#214,#215,#216,#217));
#411=EDGE_LOOP('',(#218,#219,#220,#221));
#412=EDGE_LOOP('',(#222,#223,#224,#225));
#413=EDGE_LOOP('',(#226,#227,#228,#229));
#414=EDGE_LOOP('',(#230,#231,#232,#233,#234,#235,#236,#237));
#415=EDGE_LOOP('',(#238,#239,#240,#241,#242,#243,#244,#245));
#416=FACE_BOUND('',#386,.T.);
#417=FACE_BOUND('',#387,.T.);
#418=FACE_BOUND('',#388,.T.);
#419=FACE_BOUND('',#389,.T.);
#420=FACE_BOUND('',#390,.T.);
#421=FACE_BOUND('',#391,.T.);
#422=FACE_BOUND('',#392,.T.);
#423=FACE_BOUND('',#393,.T.);
#424=FACE_BOUND('',#394,.T.);
#425=FACE_BOUND('',#395,.T.);
#426=FACE_BOUND('',#396,.T.);
#427=FACE_BOUND('',#397,.T.);
#428=FACE_BOUND('',#398,.T.);
#429=FACE_BOUND('',#399,.T.);
#430=FACE_BOUND('',#400,.T.);
#431=FACE_BOUND('',#401,.T.);
#432=FACE_BOUND('',#402,.T.);
#433=FACE_BOUND('',#403,.T.);
#434=FACE_BOUND('',#404,.T.);
#435=FACE_BOUND('',#405,.T.);
#436=FACE_BOUND('',#406,.T.);
#437=FACE_BOUND('',#407,.T.);
#438=FACE_BOUND('',#408,.T.);
#439=FACE_BOUND('',#409,.T.);
#440=FACE_BOUND('',#410,.T.);
#441=FACE_BOUND('',#411,.T.);
#442=FACE_BOUND('',#412,.T.);
#443=FACE_BOUND('',#413,.T.);
#444=FACE_BOUND('',#414,.T.);
#445=FACE_BOUND('',#415,.T.);
#446=B_SPLINE_SURFACE_WITH_KNOTS('',1,3,((#546,#547,#548,#549,#550,#551,
#552,#553,#554,#555,#556,#557,#558,#559,#560),(#561,#562,#563,#564,#565,
#566,#567,#568,#569,#570,#571,#572,#573,#574,#575),(#576,#577,#578,#579,
#580,#581,#582,#583,#584,#585,#586,#587,#588,#589,#590),(#591,#592,#593,
#594,#595,#596,#597,#598,#599,#600,#601,#602,#603,#604,#605)),
 .RULED_SURF.,.F.,.F.,.F.,(2,1,1,2),(4,3,2,3,3,4),(0.,1.,1.01,1.34072522103961),
(-0.0279548366209115,-0.0255052484571934,-0.000105248457193377,0.0252947515428067,
0.0275944945612169,0.0281499878730381),.UNSPECIFIED.);
#447=B_SPLINE_SURFACE_WITH_KNOTS('',1,3,((#649,#650,#651,#652,#653,#654,
#655,#656,#657,#658,#659,#660,#661,#662,#663),(#664,#665,#666,#667,#668,
#669,#670,#671,#672,#673,#674,#675,#676,#677,#678),(#679,#680,#681,#682,
#683,#684,#685,#686,#687,#688,#689,#690,#691,#692,#693),(#694,#695,#696,
#697,#698,#699,#700,#701,#702,#703,#704,#705,#706,#707,#708)),
 .RULED_SURF.,.F.,.F.,.F.,(2,1,1,2),(4,3,2,3,3,4),(0.,1.,1.01,1.34072522100802),
(-0.0212492302646483,-0.0187996421009302,0.00660035789906979,0.0320003578990698,
0.0343001009174801,0.0348555942293013),.UNSPECIFIED.);
#448=B_SPLINE_SURFACE_WITH_KNOTS('',1,3,((#741,#742,#743,#744,#745,#746,
#747,#748,#749,#750,#751,#752,#753,#754,#755),(#756,#757,#758,#759,#760,
#761,#762,#763,#764,#765,#766,#767,#768,#769,#770),(#771,#772,#773,#774,
#775,#776,#777,#778,#779,#780,#781,#782,#783,#784,#785),(#786,#787,#788,
#789,#790,#791,#792,#793,#794,#795,#796,#797,#798,#799,#800)),
 .RULED_SURF.,.F.,.F.,.F.,(2,1,1,2),(4,3,3,2,3,4),(0.,1.,1.01,1.3407252210127),
(-0.0283604847874249,-0.0278049914756036,-0.0255052484571934,-0.000105248457193369,
0.0252947515428067,0.0277443397065247),.UNSPECIFIED.);
#449=B_SPLINE_SURFACE_WITH_KNOTS('',1,3,((#833,#834,#835,#836,#837,#838,
#839,#840,#841,#842,#843,#844,#845,#846,#847),(#848,#849,#850,#851,#852,
#853,#854,#855,#856,#857,#858,#859,#860,#861,#862),(#863,#864,#865,#866,
#867,#868,#869,#870,#871,#872,#873,#874,#875,#876,#877),(#878,#879,#880,
#881,#882,#883,#884,#885,#886,#887,#888,#889,#890,#891,#892)),
 .RULED_SURF.,.F.,.F.,.F.,(2,1,1,2),(4,3,3,2,3,4),(0.,1.,1.01,1.34072522078338),
(-0.0216548784311617,-0.0210993851193404,-0.0187996421009302,0.00660035789906979,
0.0320003578990698,0.0344499460627879),.UNSPECIFIED.);
#450=B_SPLINE_SURFACE_WITH_KNOTS('',1,3,((#909,#910,#911,#912,#913,#914,
#915,#916,#917,#918,#919,#920,#921),(#922,#923,#924,#925,#926,#927,#928,
#929,#930,#931,#932,#933,#934),(#935,#936,#937,#938,#939,#940,#941,#942,
#943,#944,#945,#946,#947),(#948,#949,#950,#951,#952,#953,#954,#955,#956,
#957,#958,#959,#960)),.RULED_SURF.,.F.,.F.,.F.,(2,1,1,2),(4,3,3,3,4),(0.,
1.,1.01,1.34107880089471),(-0.0294234804917687,-0.028869014455376,-0.0265773441642523,
0.0242226558357477,0.0265775891838985),.PIECEWISE_BEZIER_KNOTS.);
#451=B_SPLINE_SURFACE_WITH_KNOTS('',1,3,((#1004,#1005,#1006,#1007,#1008,
#1009,#1010,#1011,#1012,#1013,#1014,#1015,#1016),(#1017,#1018,#1019,#1020,
#1021,#1022,#1023,#1024,#1025,#1026,#1027,#1028,#1029),(#1030,#1031,#1032,
#1033,#1034,#1035,#1036,#1037,#1038,#1039,#1040,#1041,#1042),(#1043,#1044,
#1045,#1046,#1047,#1048,#1049,#1050,#1051,#1052,#1053,#1054,#1055)),
 .RULED_SURF.,.F.,.F.,.F.,(2,1,1,2),(4,3,3,3,4),(0.,1.,1.01,1.3410787954783),
(-0.025094796224367,-0.0245403301879742,-0.0222486598968506,0.0285513401031494,
0.0309062734513002),.PIECEWISE_BEZIER_KNOTS.);
#452=B_SPLINE_SURFACE_WITH_KNOTS('',1,3,((#1088,#1089,#1090,#1091,#1092,
#1093,#1094,#1095,#1096,#1097,#1098,#1099,#1100),(#1101,#1102,#1103,#1104,
#1105,#1106,#1107,#1108,#1109,#1110,#1111,#1112,#1113),(#1114,#1115,#1116,
#1117,#1118,#1119,#1120,#1121,#1122,#1123,#1124,#1125,#1126),(#1127,#1128,
#1129,#1130,#1131,#1132,#1133,#1134,#1135,#1136,#1137,#1138,#1139)),
 .RULED_SURF.,.F.,.F.,.F.,(2,1,1,2),(4,3,3,3,4),(0.,1.,1.01,1.34107879996819),
(-0.0265775891838985,-0.0242226558357477,0.0265773441642523,0.0288690144553759,
0.0294234804917687),.PIECEWISE_BEZIER_KNOTS.);
#453=B_SPLINE_SURFACE_WITH_KNOTS('',1,3,((#1172,#1173,#1174,#1175,#1176,
#1177,#1178,#1179,#1180,#1181,#1182,#1183,#1184),(#1185,#1186,#1187,#1188,
#1189,#1190,#1191,#1192,#1193,#1194,#1195,#1196,#1197),(#1198,#1199,#1200,
#1201,#1202,#1203,#1204,#1205,#1206,#1207,#1208,#1209,#1210),(#1211,#1212,
#1213,#1214,#1215,#1216,#1217,#1218,#1219,#1220,#1221,#1222,#1223)),
 .RULED_SURF.,.F.,.F.,.F.,(2,1,1,2),(4,3,3,3,4),(0.,1.,1.01,1.34107879698034),
(-0.0309062734513002,-0.0285513401031494,0.0222486598968506,0.0245403301879742,
0.0250947962243669),.PIECEWISE_BEZIER_KNOTS.);
#454=B_SPLINE_SURFACE_WITH_KNOTS('',3,3,((#1250,#1251,#1252,#1253,#1254,
#1255,#1256,#1257,#1258),(#1259,#1260,#1261,#1262,#1263,#1264,#1265,#1266,
#1267),(#1268,#1269,#1270,#1271,#1272,#1273,#1274,#1275,#1276),(#1277,#1278,
#1279,#1280,#1281,#1282,#1283,#1284,#1285),(#1286,#1287,#1288,#1289,#1290,
#1291,#1292,#1293,#1294)),.UNSPECIFIED.,.F.,.F.,.F.,(4,1,4),(4,1,1,1,1,
1,4),(-0.0758839273402958,0.500725705591488,1.07733533852327),(-7.70064919530597E-16,
0.249999999999999,0.375,0.5,0.625,0.75,1.),.UNSPECIFIED.);
#455=B_SPLINE_SURFACE_WITH_KNOTS('',3,3,((#1315,#1316,#1317,#1318,#1319,
#1320,#1321,#1322,#1323),(#1324,#1325,#1326,#1327,#1328,#1329,#1330,#1331,
#1332),(#1333,#1334,#1335,#1336,#1337,#1338,#1339,#1340,#1341),(#1342,#1343,
#1344,#1345,#1346,#1347,#1348,#1349,#1350),(#1351,#1352,#1353,#1354,#1355,
#1356,#1357,#1358,#1359)),.UNSPECIFIED.,.F.,.F.,.F.,(4,1,4),(4,1,1,1,1,
1,4),(-0.0758839273402971,0.500725705591487,1.07733533852327),(-7.92074418846677E-16,
0.249999999999999,0.375,0.5,0.625,0.75,1.),.UNSPECIFIED.);
#456=B_SPLINE_SURFACE_WITH_KNOTS('',3,3,((#1370,#1371,#1372,#1373,#1374,
#1375,#1376,#1377,#1378),(#1379,#1380,#1381,#1382,#1383,#1384,#1385,#1386,
#1387),(#1388,#1389,#1390,#1391,#1392,#1393,#1394,#1395,#1396),(#1397,#1398,
#1399,#1400,#1401,#1402,#1403,#1404,#1405),(#1406,#1407,#1408,#1409,#1410,
#1411,#1412,#1413,#1414)),.UNSPECIFIED.,.F.,.F.,.F.,(4,1,4),(4,1,1,1,1,
1,4),(-0.075883927340297,0.500725705591489,1.07733533852328),(-7.37054937154076E-16,
0.249999999999999,0.375,0.5,0.625,0.75,1.),.UNSPECIFIED.);
#457=B_SPLINE_SURFACE_WITH_KNOTS('',3,3,((#1425,#1426,#1427,#1428,#1429,
#1430,#1431,#1432,#1433),(#1434,#1435,#1436,#1437,#1438,#1439,#1440,#1441,
#1442),(#1443,#1444,#1445,#1446,#1447,#1448,#1449,#1450,#1451),(#1452,#1453,
#1454,#1455,#1456,#1457,#1458,#1459,#1460),(#1461,#1462,#1463,#1464,#1465,
#1466,#1467,#1468,#1469)),.UNSPECIFIED.,.F.,.F.,.F.,(4,1,4),(4,1,1,1,1,
1,4),(-0.0758839273402976,0.500725705591486,1.07733533852327),(-1.3245015149212E-16,
0.25,0.375,0.5,0.625,0.75,1.),.UNSPECIFIED.);
#458=B_SPLINE_SURFACE_WITH_KNOTS('',3,3,((#1470,#1471,#1472,#1473,#1474),
(#1475,#1476,#1477,#1478,#1479),(#1480,#1481,#1482,#1483,#1484),(#1485,
#1486,#1487,#1488,#1489)),.RULED_SURF.,.F.,.F.,.F.,(4,4),(4,1,4),(0.00941999186585222,
0.990829918416448),(0.0129761948384474,0.431441705477049,1.),
 .UNSPECIFIED.);
#459=B_SPLINE_SURFACE_WITH_KNOTS('',3,3,((#1513,#1514,#1515,#1516,#1517),
(#1518,#1519,#1520,#1521,#1522),(#1523,#1524,#1525,#1526,#1527),(#1528,
#1529,#1530,#1531,#1532)),.RULED_SURF.,.F.,.F.,.F.,(4,4),(4,1,4),(0.00941999186585217,
0.990829918416447),(0.0129761948384474,0.431441705477049,1.),
 .UNSPECIFIED.);
#460=B_SPLINE_SURFACE_WITH_KNOTS('',3,3,((#1556,#1557,#1558,#1559,#1560),
(#1561,#1562,#1563,#1564,#1565),(#1566,#1567,#1568,#1569,#1570),(#1571,
#1572,#1573,#1574,#1575)),.RULED_SURF.,.F.,.F.,.F.,(4,4),(4,1,4),(0.00941999186585117,
0.990829918416447),(0.0129761948384474,0.431441705477049,1.),
 .UNSPECIFIED.);
#461=B_SPLINE_SURFACE_WITH_KNOTS('',3,3,((#1599,#1600,#1601,#1602,#1603),
(#1604,#1605,#1606,#1607,#1608),(#1609,#1610,#1611,#1612,#1613),(#1614,
#1615,#1616,#1617,#1618)),.RULED_SURF.,.F.,.F.,.F.,(4,4),(4,1,4),(0.0094199918658508,
0.990829918416447),(0.0129761948384474,0.431441705477049,1.),
 .UNSPECIFIED.);
#462=ADVANCED_FACE('',(#416),#446,.F.);
#463=ADVANCED_FACE('',(#417),#22,.T.);
#464=ADVANCED_FACE('',(#418),#447,.F.);
#465=ADVANCED_FACE('',(#419),#23,.T.);
#466=ADVANCED_FACE('',(#420),#448,.T.);
#467=ADVANCED_FACE('',(#421),#24,.T.);
#468=ADVANCED_FACE('',(#422),#449,.T.);
#469=ADVANCED_FACE('',(#423),#450,.T.);
#470=ADVANCED_FACE('',(#424),#16,.F.);
#471=ADVANCED_FACE('',(#425),#451,.T.);
#472=ADVANCED_FACE('',(#426),#17,.F.);
#473=ADVANCED_FACE('',(#427),#452,.F.);
#474=ADVANCED_FACE('',(#428),#18,.F.);
#475=ADVANCED_FACE('',(#429),#453,.F.);
#476=ADVANCED_FACE('',(#430),#19,.F.);
#477=ADVANCED_FACE('',(#431),#25,.T.);
#478=ADVANCED_FACE('',(#432),#454,.T.);
#479=ADVANCED_FACE('',(#433),#455,.T.);
#480=ADVANCED_FACE('',(#434),#456,.T.);
#481=ADVANCED_FACE('',(#435),#457,.T.);
#482=ADVANCED_FACE('',(#436),#458,.F.);
#483=ADVANCED_FACE('',(#437),#459,.F.);
#484=ADVANCED_FACE('',(#438),#460,.F.);
#485=ADVANCED_FACE('',(#439),#461,.F.);
#486=ADVANCED_FACE('',(#440),#12,.F.);
#487=ADVANCED_FACE('',(#441),#13,.F.);
#488=ADVANCED_FACE('',(#442),#14,.F.);
#489=ADVANCED_FACE('',(#443),#15,.F.);
#490=ADVANCED_FACE('',(#444),#20,.T.);
#491=ADVANCED_FACE('',(#445),#21,.F.);
#492=CLOSED_SHELL('',(#462,#463,#464,#465,#466,#467,#468,#469,#470,#471,
#472,#473,#474,#475,#476,#477,#478,#479,#480,#481,#482,#483,#484,#485,#486,
#487,#488,#489,#490,#491));
#493=STYLED_ITEM('',(#494),#501);
#494=PRESENTATION_STYLE_ASSIGNMENT((#495));
#495=SURFACE_STYLE_USAGE(.BOTH.,#496);
#496=SURFACE_SIDE_STYLE('',(#497));
#497=SURFACE_STYLE_FILL_AREA(#498);
#498=FILL_AREA_STYLE('',(#499));
#499=FILL_AREA_STYLE_COLOUR('',#500);
#500=COLOUR_RGB('',0.647058823529412,0.647058823529412,0.647058823529412);
#501=MANIFOLD_SOLID_BREP('Part 1',#492);
#502=SHAPE_DEFINITION_REPRESENTATION(#1778,#503);
#503=SHAPE_REPRESENTATION('Part 1',(#504),#1773);
#504=AXIS2_PLACEMENT_3D('',#545,#515,#516);
#505=AXIS2_PLACEMENT_3D('',#639,#518,#519);
#506=AXIS2_PLACEMENT_3D('',#731,#521,#522);
#507=AXIS2_PLACEMENT_3D('',#823,#524,#525);
#508=AXIS2_PLACEMENT_3D('',#994,#528,#529);
#509=AXIS2_PLACEMENT_3D('',#1078,#531,#532);
#510=AXIS2_PLACEMENT_3D('',#1162,#534,#535);
#511=AXIS2_PLACEMENT_3D('',#1240,#537,#538);
#512=AXIS2_PLACEMENT_3D('',#1245,#539,#540);
#513=AXIS2_PLACEMENT_3D('',#1770,#541,#542);
#514=AXIS2_PLACEMENT_3D('',#1771,#543,#544);
#515=DIRECTION('',(0.,0.,1.));
#516=DIRECTION('',(1.,0.,0.));
#517=DIRECTION('',(1.,0.,0.));
#518=DIRECTION('',(-0.703198236672619,0.701675252509631,0.11473482451316));
#519=DIRECTION('',(-0.706339811399137,-0.707872919974081,0.));
#520=DIRECTION('',(0.,1.,0.));
#521=DIRECTION('',(-0.701675252509743,-0.703198236672117,0.114734824515552));
#522=DIRECTION('',(0.707872919973773,-0.706339811399446,0.));
#523=DIRECTION('',(1.,0.,0.));
#524=DIRECTION('',(0.703198236672388,-0.701675252509776,0.114734824513684));
#525=DIRECTION('',(0.706339811399326,0.707872919973892,0.));
#526=DIRECTION('',(-1.83697019872103E-16,1.,0.));
#527=DIRECTION('',(0.,1.,0.));
#528=DIRECTION('',(-0.706213048819438,-0.687236743726375,0.170202196664797));
#529=DIRECTION('',(-0.121978785182778,-0.118701152963465,-0.98540915981661));
#530=DIRECTION('',(1.,0.,0.));
#531=DIRECTION('',(-0.687236743726381,0.706213048819439,0.170202196664771));
#532=DIRECTION('',(-0.118701152963447,0.121978785182759,-0.985409159816615));
#533=DIRECTION('',(-1.83697019872103E-16,1.,0.));
#534=DIRECTION('',(0.70621304881944,0.687236743726383,0.170202196664759));
#535=DIRECTION('',(0.12197878518275,0.118701152963439,-0.985409159816617));
#536=DIRECTION('',(1.,0.,0.));
#537=DIRECTION('',(0.687236743726378,-0.706213048819438,0.170202196664788));
#538=DIRECTION('',(0.118701152963459,-0.121978785182771,-0.985409159816612));
#539=DIRECTION('',(0.701675252509943,0.70319823667168,0.114734824517002));
#540=DIRECTION('',(-0.707872919973453,0.706339811399767,0.));
#541=DIRECTION('',(0.,0.,1.));
#542=DIRECTION('',(1.,0.,0.));
#543=DIRECTION('',(0.,0.,1.));
#544=DIRECTION('',(1.,0.,0.));
#545=CARTESIAN_POINT('',(0.,0.,0.));
#546=CARTESIAN_POINT('',(-0.00244958835318098,0.053086,-3.87538775415928E-5));
#547=CARTESIAN_POINT('',(-0.00163305890212066,0.053086,-2.58359183610621E-5));
#548=CARTESIAN_POINT('',(-0.000816529451060333,0.053086,-1.29179591805314E-5));
#549=CARTESIAN_POINT('',(-1.04083408558608E-17,0.053086,-6.26091397381373E-19));
#550=CARTESIAN_POINT('',(0.00846666732151925,0.053086,0.000133947480660362));
#551=CARTESIAN_POINT('',(0.0169333333333334,0.0530739744083899,0.000267803766313097));
#552=CARTESIAN_POINT('',(0.0338666666666666,0.0530289840741575,0.000523744655739605));
#553=CARTESIAN_POINT('',(0.0423333343635587,0.0529961426639723,0.000645728330314503));
#554=CARTESIAN_POINT('',(0.0508,0.0529566036069844,0.000758193169543048));
#555=CARTESIAN_POINT('',(0.051566580912859,0.0529530236987064,0.000768375855717554));
#556=CARTESIAN_POINT('',(0.0523331618257181,0.0529494437904284,0.000778558541892061));
#557=CARTESIAN_POINT('',(0.0530997427385771,0.0529458638821503,0.000788741228066568));
#558=CARTESIAN_POINT('',(0.05328490715332,0.0529449991702719,0.000791200813342415));
#559=CARTESIAN_POINT('',(0.0534700715680629,0.0529441344583934,0.000793660398618262));
#560=CARTESIAN_POINT('',(0.0536552359828059,0.052943269746515,0.000796119983894109));
#561=CARTESIAN_POINT('',(-0.00244958816371809,0.0508,0.));
#562=CARTESIAN_POINT('',(-0.00163305877581206,0.0508,0.));
#563=CARTESIAN_POINT('',(-0.000816529387906036,0.0508,0.));
#564=CARTESIAN_POINT('',(-1.04083408558608E-17,0.0508,0.));
#565=CARTESIAN_POINT('',(0.00846666666666666,0.0508,0.));
#566=CARTESIAN_POINT('',(0.0169333333333334,0.0508,0.));
#567=CARTESIAN_POINT('',(0.0338666666666666,0.0508,0.));
#568=CARTESIAN_POINT('',(0.0423333333333333,0.0508,0.));
#569=CARTESIAN_POINT('',(0.0508,0.0508,0.));
#570=CARTESIAN_POINT('',(0.0515665810061367,0.0508,0.));
#571=CARTESIAN_POINT('',(0.0523331620122735,0.0508,0.));
#572=CARTESIAN_POINT('',(0.0530997430184102,0.0508,0.));
#573=CARTESIAN_POINT('',(0.053284907455684,0.0508,0.));
#574=CARTESIAN_POINT('',(0.0534700718929577,0.0508,0.));
#575=CARTESIAN_POINT('',(0.0536552363302315,0.0508,0.));
#576=CARTESIAN_POINT('',(-0.00244958816182346,0.05077714,3.87538775415929E-7));
#577=CARTESIAN_POINT('',(-0.00163305877454897,0.05077714,2.58359183610621E-7));
#578=CARTESIAN_POINT('',(-0.000816529387274493,0.05077714,1.29179591805314E-7));
#579=CARTESIAN_POINT('',(-1.04083408558608E-17,0.05077714,6.26091397381373E-21));
#580=CARTESIAN_POINT('',(0.00846666666011813,0.05077714,-1.33947480660362E-6));
#581=CARTESIAN_POINT('',(0.0169333333333334,0.0507772602559161,-2.67803766313097E-6));
#582=CARTESIAN_POINT('',(0.0338666666666666,0.0507777101592584,-5.23744655739605E-6));
#583=CARTESIAN_POINT('',(0.0423333333230311,0.0507780385733603,-6.45728330314503E-6));
#584=CARTESIAN_POINT('',(0.0508,0.0507784339639302,-7.58193169543048E-6));
#585=CARTESIAN_POINT('',(0.0515665810070695,0.0507784697630129,-7.68375855717555E-6));
#586=CARTESIAN_POINT('',(0.052333162014139,0.0507785055620957,-7.78558541892061E-6));
#587=CARTESIAN_POINT('',(0.0530997430212085,0.0507785413611785,-7.88741228066568E-6));
#588=CARTESIAN_POINT('',(0.0532849074587076,0.0507785500082973,-7.91200813342415E-6));
#589=CARTESIAN_POINT('',(0.0534700718962067,0.0507785586554161,-7.93660398618262E-6));
#590=CARTESIAN_POINT('',(0.0536552363337057,0.0507785673025349,-7.96119983894109E-6));
#591=CARTESIAN_POINT('',(-0.0024495880991633,0.0500211021447035,1.32044234915013E-5));
#592=CARTESIAN_POINT('',(-0.00163305873277554,0.0500211021447035,8.80294899433429E-6));
#593=CARTESIAN_POINT('',(-0.000816529366387773,0.0500211021447035,4.40147449716725E-6));
#594=CARTESIAN_POINT('',(-1.04083408558608E-17,0.0500211021447035,2.13325129763769E-19));
#595=CARTESIAN_POINT('',(0.00846666644354188,0.0500211021447035,-4.56392849557012E-5));
#596=CARTESIAN_POINT('',(0.0169333333333334,0.0500251995670629,-9.12474974722709E-5));
#597=CARTESIAN_POINT('',(0.0338666666666666,0.0500405289086389,-0.000178453013595193));
#598=CARTESIAN_POINT('',(0.0423333329823096,0.0500517188053835,-0.000220015928077949));
#599=CARTESIAN_POINT('',(0.0508,0.0500651907593155,-0.000258335535283279));
#600=CARTESIAN_POINT('',(0.0515665810379187,0.0500664105243549,-0.000261805033280866));
#601=CARTESIAN_POINT('',(0.0523331620758377,0.050067630289394,-0.000265274531278451));
#602=CARTESIAN_POINT('',(0.0530997431137564,0.0500688500544334,-0.000268744029276037));
#603=CARTESIAN_POINT('',(0.0532849075587069,0.0500691446835793,-0.000269582072012816));
#604=CARTESIAN_POINT('',(0.0534700720036576,0.0500694393127252,-0.000270420114749594));
#605=CARTESIAN_POINT('',(0.0536552364486081,0.0500697339418712,-0.000271258157486373));
#606=CARTESIAN_POINT('',(0.0255052484571934,0.0508,0.));
#607=CARTESIAN_POINT('',(0.0500393758912365,0.0508,0.));
#608=CARTESIAN_POINT('',(0.000804925082442787,0.0508,0.));
#609=CARTESIAN_POINT('',(0.000804925082444039,0.0508,0.));
#610=CARTESIAN_POINT('',(0.000598160555207574,0.0508,-3.27753341963496E-22));
#611=CARTESIAN_POINT('',(0.000188831823815317,0.0506470233143509,-7.2550812925838E-7));
#612=CARTESIAN_POINT('',(1.31925592081244E-9,0.0502465063776439,-6.94452238266113E-12));
#613=CARTESIAN_POINT('',(-1.04083408558608E-17,0.0500393804859433,2.08319043933216E-19));
#614=CARTESIAN_POINT('',(0.,0.0500393758912365,0.));
#615=CARTESIAN_POINT('',(-9.87307683788479E-18,0.0508,1.64143885218342E-18));
#616=CARTESIAN_POINT('',(-1.00705909717468E-17,0.0505464601619827,1.71087853349405E-18));
#617=CARTESIAN_POINT('',(2.03611559458737E-19,0.0502929203239654,-7.0511486279953E-20));
#618=CARTESIAN_POINT('',(0.,0.0500393804859481,0.));
#619=CARTESIAN_POINT('',(-1.04083408558608E-17,0.0508,0.));
#620=CARTESIAN_POINT('',(-0.00244958796110772,0.0530856719977142,-3.8748461274829E-5));
#621=CARTESIAN_POINT('',(-0.00163055621447911,0.0523260905038779,-1.29158142278398E-5));
#622=CARTESIAN_POINT('',(-0.00081402562007539,0.0515642011950171,-1.50864163699921E-10));
#623=CARTESIAN_POINT('',(3.9078429381334E-10,0.0508000004170706,-1.50589762881737E-10));
#624=CARTESIAN_POINT('',(-0.00244958835315376,0.0530856715793128,-3.87483099230099E-5));
#625=CARTESIAN_POINT('',(0.0530997449965128,0.0529457039664367,0.000788511565176929));
#626=CARTESIAN_POINT('',(0.0345833005466237,0.0530347262331329,0.000546263462311878));
#627=CARTESIAN_POINT('',(0.0160668560967333,0.0530906355749788,0.000254066107952395));
#628=CARTESIAN_POINT('',(-0.00244958835315381,0.0530856715793128,-3.87483099230105E-5));
#629=CARTESIAN_POINT('',(0.0530997449965128,0.0529457039664366,0.000788511565176857));
#630=CARTESIAN_POINT('',(0.0507999999470177,0.0508000000487567,1.89469551159505E-11));
#631=CARTESIAN_POINT('',(0.0515664129365521,0.0515189515111022,0.000252765801094384));
#632=CARTESIAN_POINT('',(0.0523329936472697,0.0522341679037746,0.000515653267187484));
#633=CARTESIAN_POINT('',(0.0530997450236925,0.0529456464621765,0.000788661350231812));
#634=CARTESIAN_POINT('',(0.0508,0.0508,0.));
#635=CARTESIAN_POINT('',(0.0508,0.0508,0.));
#636=CARTESIAN_POINT('',(0.0505464601621768,0.0508,0.));
#637=CARTESIAN_POINT('',(0.0502929203243536,0.0508,0.));
#638=CARTESIAN_POINT('',(0.0500393804865304,0.0508,0.));
#639=CARTESIAN_POINT('',(4221.4133509277,-4207.62699853779,-689.26669840559));
#640=CARTESIAN_POINT('',(3.90727006305269E-10,0.0508000004170479,-1.50800594234113E-10));
#641=CARTESIAN_POINT('',(-0.000718951067548124,0.0515664134022584,0.000252765629895183));
#642=CARTESIAN_POINT('',(-0.00143416746067044,0.0523329941124836,0.000515653096243599));
#643=CARTESIAN_POINT('',(-0.00214564602429679,0.0530997454919802,0.000788661181321038));
#644=CARTESIAN_POINT('',(-0.00214570396643669,0.0530997449965128,0.00078851156517693));
#645=CARTESIAN_POINT('',(-0.00244958835315379,0.0530856715793128,-3.87483099230416E-5));
#646=CARTESIAN_POINT('',(-0.00234832856374205,0.0530903465655488,0.000237018122074283));
#647=CARTESIAN_POINT('',(-0.00224703399075168,0.053095037797481,0.00051277149401823));
#648=CARTESIAN_POINT('',(-0.00214570396643691,0.0530997449965128,0.000788511565176913));
#649=CARTESIAN_POINT('',(-0.002286,-0.00244958835318099,-3.87538775415925E-5));
#650=CARTESIAN_POINT('',(-0.002286,-0.00163305890212067,-2.58359183610616E-5));
#651=CARTESIAN_POINT('',(-0.002286,-0.000816529451060331,-1.29179591805308E-5));
#652=CARTESIAN_POINT('',(-0.002286,0.,-2.07256401581384E-20));
#653=CARTESIAN_POINT('',(-0.002286,0.00846666732151926,0.000133947480660362));
#654=CARTESIAN_POINT('',(-0.00227397440838991,0.0169333333333334,0.000267803766313098));
#655=CARTESIAN_POINT('',(-0.00222898407415753,0.0338666666666667,0.000523744655739605));
#656=CARTESIAN_POINT('',(-0.00219614266397232,0.0423333343635588,0.000645728330314503));
#657=CARTESIAN_POINT('',(-0.00215660360698444,0.0508,0.000758193169543048));
#658=CARTESIAN_POINT('',(-0.00215302369870638,0.0515665809128591,0.000768375855717554));
#659=CARTESIAN_POINT('',(-0.00214944379042834,0.0523331618257181,0.000778558541892061));
#660=CARTESIAN_POINT('',(-0.00214586388215029,0.0530997427385771,0.000788741228066568));
#661=CARTESIAN_POINT('',(-0.00214499917027185,0.05328490715332,0.000791200813342415));
#662=CARTESIAN_POINT('',(-0.0021441344583934,0.053470071568063,0.000793660398618262));
#663=CARTESIAN_POINT('',(-0.00214326974651495,0.0536552359828059,0.000796119983894109));
#664=CARTESIAN_POINT('',(0.,-0.0024495881637181,0.));
#665=CARTESIAN_POINT('',(0.,-0.00163305877581207,0.));
#666=CARTESIAN_POINT('',(0.,-0.000816529387906035,0.));
#667=CARTESIAN_POINT('',(0.,0.,0.));
#668=CARTESIAN_POINT('',(0.,0.00846666666666668,0.));
#669=CARTESIAN_POINT('',(0.,0.0169333333333334,0.));
#670=CARTESIAN_POINT('',(0.,0.0338666666666667,0.));
#671=CARTESIAN_POINT('',(0.,0.0423333333333333,0.));
#672=CARTESIAN_POINT('',(0.,0.0508,0.));
#673=CARTESIAN_POINT('',(0.,0.0515665810061368,0.));
#674=CARTESIAN_POINT('',(0.,0.0523331620122735,0.));
#675=CARTESIAN_POINT('',(0.,0.0530997430184102,0.));
#676=CARTESIAN_POINT('',(0.,0.053284907455684,0.));
#677=CARTESIAN_POINT('',(0.,0.0534700718929578,0.));
#678=CARTESIAN_POINT('',(0.,0.0536552363302315,0.));
#679=CARTESIAN_POINT('',(2.286E-5,-0.00244958816182348,3.87538775415925E-7));
#680=CARTESIAN_POINT('',(2.286E-5,-0.00163305877454898,2.58359183610617E-7));
#681=CARTESIAN_POINT('',(2.286E-5,-0.000816529387274492,1.29179591805308E-7));
#682=CARTESIAN_POINT('',(2.286E-5,0.,2.07256401581384E-22));
#683=CARTESIAN_POINT('',(2.286E-5,0.00846666666011815,-1.33947480660362E-6));
#684=CARTESIAN_POINT('',(2.2739744083899E-5,0.0169333333333334,-2.67803766313098E-6));
#685=CARTESIAN_POINT('',(2.22898407415753E-5,0.0338666666666667,-5.23744655739605E-6));
#686=CARTESIAN_POINT('',(2.19614266397232E-5,0.0423333333230311,-6.45728330314503E-6));
#687=CARTESIAN_POINT('',(2.15660360698443E-5,0.0508,-7.58193169543048E-6));
#688=CARTESIAN_POINT('',(2.15302369870638E-5,0.0515665810070695,-7.68375855717555E-6));
#689=CARTESIAN_POINT('',(2.14944379042834E-5,0.0523331620141391,-7.78558541892061E-6));
#690=CARTESIAN_POINT('',(2.14586388215029E-5,0.0530997430212086,-7.88741228066568E-6));
#691=CARTESIAN_POINT('',(2.14499917027185E-5,0.0532849074587076,-7.91200813342415E-6));
#692=CARTESIAN_POINT('',(2.1441344583934E-5,0.0534700718962067,-7.93660398618262E-6));
#693=CARTESIAN_POINT('',(2.14326974651495E-5,0.0536552363337058,-7.96119983894109E-6));
#694=CARTESIAN_POINT('',(0.000778897855224345,-0.00244958809916332,1.3204423490277E-5));
#695=CARTESIAN_POINT('',(0.000778897855224345,-0.00163305873277555,8.80294899351802E-6));
#696=CARTESIAN_POINT('',(0.000778897855224345,-0.000816529366387772,4.40147449675901E-6));
#697=CARTESIAN_POINT('',(0.000778897855224345,0.,7.06174832341451E-21));
#698=CARTESIAN_POINT('',(0.000778897855224345,0.00846666644354189,-4.56392849514701E-5));
#699=CARTESIAN_POINT('',(0.000774800432865242,0.0169333333333334,-9.12474974638116E-5));
#700=CARTESIAN_POINT('',(0.000759471091290691,0.0338666666666667,-0.000178453013578649));
#701=CARTESIAN_POINT('',(0.000748281194547121,0.0423333329823097,-0.000220015928057552));
#702=CARTESIAN_POINT('',(0.000734809240616474,0.0508,-0.000258335535259329));
#703=CARTESIAN_POINT('',(0.000733589475577248,0.0515665810379187,-0.000261805033256594));
#704=CARTESIAN_POINT('',(0.000732369710538022,0.0523331620758377,-0.000265274531253858));
#705=CARTESIAN_POINT('',(0.000731149945498795,0.0530997431137564,-0.000268744029251122));
#706=CARTESIAN_POINT('',(0.000730855316352904,0.0532849075587069,-0.000269582071987823));
#707=CARTESIAN_POINT('',(0.000730560687207013,0.0534700720036577,-0.000270420114724524));
#708=CARTESIAN_POINT('',(0.000730266058061122,0.0536552364486082,-0.000271258157461226));
#709=CARTESIAN_POINT('',(0.,0.0187996421009302,0.));
#710=CARTESIAN_POINT('',(0.,0.000804925082442787,0.));
#711=CARTESIAN_POINT('',(0.,0.00080492508244404,0.));
#712=CARTESIAN_POINT('',(-3.2360653380011E-19,0.000598160555219599,1.80264338069426E-21));
#713=CARTESIAN_POINT('',(0.000152976685630451,0.000188831823851717,-7.25508129195707E-7));
#714=CARTESIAN_POINT('',(0.000553493622296385,1.3192765274224E-9,-6.94463094634893E-12));
#715=CARTESIAN_POINT('',(0.000760619513984968,0.,6.89603077170191E-21));
#716=CARTESIAN_POINT('',(0.000760624108763503,0.,0.));
#717=CARTESIAN_POINT('',(0.,0.,0.));
#718=CARTESIAN_POINT('',(0.000253539837993368,-6.53835347571385E-21,2.29867692388593E-21));
#719=CARTESIAN_POINT('',(0.000507079675986735,6.74019788583319E-21,-2.33415711767628E-21));
#720=CARTESIAN_POINT('',(0.000760619513980103,0.,0.));
#721=CARTESIAN_POINT('',(0.,0.,0.));
#722=CARTESIAN_POINT('',(-0.00228567125674317,-0.00244958865790412,-3.87481927037747E-5));
#723=CARTESIAN_POINT('',(-0.00152608975834372,-0.00163055690799999,-1.29155452400415E-5));
#724=CARTESIAN_POINT('',(-0.000764200449180555,-0.000814026314777394,1.18193285797285E-10));
#725=CARTESIAN_POINT('',(3.25010685031657E-10,-3.07929237663984E-10,1.18474452470707E-10));
#726=CARTESIAN_POINT('',(-0.00228567157931276,-0.00244958835315378,-3.87483099230151E-5));
#727=CARTESIAN_POINT('',(-0.00214570396643671,0.0530997449965128,0.000788511565176929));
#728=CARTESIAN_POINT('',(-0.00223472623313293,0.0345833005466235,0.000546263462311871));
#729=CARTESIAN_POINT('',(-0.00229063557497883,0.0160668560967334,0.000254066107952163));
#730=CARTESIAN_POINT('',(-0.00228567157931276,-0.00244958835315379,-3.87483099230101E-5));
#731=CARTESIAN_POINT('',(4207.67792971871,4221.41322777381,-689.266650949999));
#732=CARTESIAN_POINT('',(3.25033333581359E-10,-3.07986081082845E-10,1.18263399073726E-10));
#733=CARTESIAN_POINT('',(-0.000766412661475814,-0.000718951767472546,0.000252765899444148));
#734=CARTESIAN_POINT('',(-0.00153299337242674,-0.0014341681598415,0.000515653365563533));
#735=CARTESIAN_POINT('',(-0.0022997447509634,-0.00214564672113404,0.000788661449673267));
#736=CARTESIAN_POINT('',(-0.0022997449965128,-0.00214570396643672,0.000788511565176923));
#737=CARTESIAN_POINT('',(-0.00228567157931276,-0.00244958835315379,-3.87483099230399E-5));
#738=CARTESIAN_POINT('',(-0.0022903465655488,-0.00234832856374204,0.000237018122074285));
#739=CARTESIAN_POINT('',(-0.00229503779748099,-0.00224703399075151,0.000512771494018167));
#740=CARTESIAN_POINT('',(-0.0022997449965128,-0.00214570396643674,0.00078851156517685));
#741=CARTESIAN_POINT('',(-0.00285523598280586,-0.00214326974651495,0.00079611998389411));
#742=CARTESIAN_POINT('',(-0.00267007156806294,-0.0021441344583934,0.000793660398618263));
#743=CARTESIAN_POINT('',(-0.00248490715332002,-0.00214499917027185,0.000791200813342416));
#744=CARTESIAN_POINT('',(-0.0022997427385771,-0.00214586388215029,0.000788741228066569));
#745=CARTESIAN_POINT('',(-0.00153316182571807,-0.00214944379042834,0.000778558541892062));
#746=CARTESIAN_POINT('',(-0.000766580912859032,-0.00215302369870638,0.000768375855717555));
#747=CARTESIAN_POINT('',(0.,-0.00215660360698444,0.000758193169543048));
#748=CARTESIAN_POINT('',(0.00846666563644123,-0.00219614266397232,0.000645728330314504));
#749=CARTESIAN_POINT('',(0.0169333333333334,-0.00222898407415753,0.000523744655739606));
#750=CARTESIAN_POINT('',(0.0338666666666667,-0.00227397440838991,0.000267803766313098));
#751=CARTESIAN_POINT('',(0.0423333326784808,-0.002286,0.000133947480660363));
#752=CARTESIAN_POINT('',(0.0508,-0.002286,-1.43940217440092E-19));
#753=CARTESIAN_POINT('',(0.0516165294510603,-0.002286,-1.2917959180531E-5));
#754=CARTESIAN_POINT('',(0.0524330589021207,-0.002286,-2.58359183610618E-5));
#755=CARTESIAN_POINT('',(0.053249588353181,-0.002286,-3.87538775415927E-5));
#756=CARTESIAN_POINT('',(-0.00285523633023151,0.,0.));
#757=CARTESIAN_POINT('',(-0.00267007189295775,0.,0.));
#758=CARTESIAN_POINT('',(-0.00248490745568398,0.,0.));
#759=CARTESIAN_POINT('',(-0.00229974301841022,0.,0.));
#760=CARTESIAN_POINT('',(-0.00153316201227348,0.,0.));
#761=CARTESIAN_POINT('',(-0.00076658100613674,0.,0.));
#762=CARTESIAN_POINT('',(0.,0.,0.));
#763=CARTESIAN_POINT('',(0.00846666666666668,0.,0.));
#764=CARTESIAN_POINT('',(0.0169333333333334,0.,0.));
#765=CARTESIAN_POINT('',(0.0338666666666667,0.,0.));
#766=CARTESIAN_POINT('',(0.0423333333333333,0.,0.));
#767=CARTESIAN_POINT('',(0.0508,0.,0.));
#768=CARTESIAN_POINT('',(0.051616529387906,0.,0.));
#769=CARTESIAN_POINT('',(0.0524330587758121,0.,0.));
#770=CARTESIAN_POINT('',(0.0532495881637181,0.,0.));
#771=CARTESIAN_POINT('',(-0.00285523633370576,2.14326974651495E-5,-7.9611998389411E-6));
#772=CARTESIAN_POINT('',(-0.00267007189620669,2.1441344583934E-5,-7.93660398618263E-6));
#773=CARTESIAN_POINT('',(-0.00248490745870762,2.14499917027185E-5,-7.91200813342416E-6));
#774=CARTESIAN_POINT('',(-0.00229974302120855,2.14586388215029E-5,-7.88741228066569E-6));
#775=CARTESIAN_POINT('',(-0.00153316201413904,2.14944379042834E-5,-7.78558541892062E-6));
#776=CARTESIAN_POINT('',(-0.000766581007069517,2.15302369870638E-5,-7.68375855717555E-6));
#777=CARTESIAN_POINT('',(0.,2.15660360698443E-5,-7.58193169543049E-6));
#778=CARTESIAN_POINT('',(0.00846666667696893,2.19614266397232E-5,-6.45728330314504E-6));
#779=CARTESIAN_POINT('',(0.0169333333333334,2.22898407415753E-5,-5.23744655739606E-6));
#780=CARTESIAN_POINT('',(0.0338666666666667,2.2739744083899E-5,-2.67803766313098E-6));
#781=CARTESIAN_POINT('',(0.0423333333398818,2.286E-5,-1.33947480660363E-6));
#782=CARTESIAN_POINT('',(0.0508,2.286E-5,1.43940217440092E-21));
#783=CARTESIAN_POINT('',(0.0516165293872745,2.286E-5,1.2917959180531E-7));
#784=CARTESIAN_POINT('',(0.052433058774549,2.286E-5,2.58359183610618E-7));
#785=CARTESIAN_POINT('',(0.0532495881618235,2.286E-5,3.87538775415927E-7));
#786=CARTESIAN_POINT('',(-0.00285523644860819,0.000730266058071152,-0.000271258157464951));
#787=CARTESIAN_POINT('',(-0.00267007200365759,0.000730560687217048,-0.000270420114728239));
#788=CARTESIAN_POINT('',(-0.00248490755870701,0.000730855316362943,-0.000269582071991527));
#789=CARTESIAN_POINT('',(-0.00229974311375643,0.000731149945508838,-0.000268744029254814));
#790=CARTESIAN_POINT('',(-0.00153316207583761,0.000732369710548081,-0.000265274531257502));
#791=CARTESIAN_POINT('',(-0.000766581037918808,0.000733589475587324,-0.00026180503326019));
#792=CARTESIAN_POINT('',(0.,0.000734809240626568,-0.000258335535262878));
#793=CARTESIAN_POINT('',(0.00846666701769045,0.000748281194557399,-0.000220015928060574));
#794=CARTESIAN_POINT('',(0.0169333333333334,0.000759471091301123,-0.0001784530135811));
#795=CARTESIAN_POINT('',(0.0338666666666667,0.000774800432875885,-9.12474974650651E-5));
#796=CARTESIAN_POINT('',(0.0423333335564582,0.000778897855235043,-4.56392849520971E-5));
#797=CARTESIAN_POINT('',(0.0508,0.000778897855235043,4.90440623998922E-20));
#798=CARTESIAN_POINT('',(0.0516165293663878,0.000778897855235043,4.40147449681952E-6));
#799=CARTESIAN_POINT('',(0.0524330587327755,0.000778897855235043,8.802948993639E-6));
#800=CARTESIAN_POINT('',(0.0532495880991633,0.000778897855235043,1.32044234904585E-5));
#801=CARTESIAN_POINT('',(0.0255052484571934,0.,0.));
#802=CARTESIAN_POINT('',(0.0499950749175573,0.,0.));
#803=CARTESIAN_POINT('',(0.049995074917556,0.,0.));
#804=CARTESIAN_POINT('',(0.0502018394447822,1.31796115585178E-17,-7.34167485961835E-20));
#805=CARTESIAN_POINT('',(0.050611168176161,0.000152976685631143,-7.25508129177999E-7));
#806=CARTESIAN_POINT('',(0.0507999986807119,0.000553493622309425,-6.94467085816591E-12));
#807=CARTESIAN_POINT('',(0.0507999999999854,0.000760619513995603,-7.68943840281565E-17));
#808=CARTESIAN_POINT('',(0.0508,0.000760624108763604,0.));
#809=CARTESIAN_POINT('',(0.0508,0.,0.));
#810=CARTESIAN_POINT('',(0.0508,0.000253539837996912,1.5964382944445E-20));
#811=CARTESIAN_POINT('',(0.0508,0.000507079675993824,-1.62107939971395E-20));
#812=CARTESIAN_POINT('',(0.0508,0.000760619513990736,0.));
#813=CARTESIAN_POINT('',(0.0508,0.,0.));
#814=CARTESIAN_POINT('',(0.053249587388458,-0.00228567260619883,-3.8748681681966E-5));
#815=CARTESIAN_POINT('',(0.0524305556415776,-0.00152609111174695,-1.29160346128296E-5));
#816=CARTESIAN_POINT('',(0.0516140250467482,-0.000764201803242943,-3.71225882390795E-10));
#817=CARTESIAN_POINT('',(0.050799999035875,-1.02530073320395E-9,-3.7089509241639E-10));
#818=CARTESIAN_POINT('',(0.0532495883531538,-0.00228567157931276,-3.87483099230107E-5));
#819=CARTESIAN_POINT('',(-0.0022997449965128,-0.00214570396643671,0.00078851156517693));
#820=CARTESIAN_POINT('',(0.0162166994533762,-0.00223472623313293,0.00054626346231187));
#821=CARTESIAN_POINT('',(0.0347331439032687,-0.00229063557497883,0.000254066107952165));
#822=CARTESIAN_POINT('',(0.0532495883531539,-0.00228567157931277,-3.87483099230122E-5));
#823=CARTESIAN_POINT('',(-4221.36252184719,4207.67782951374,-689.266687199843));
#824=CARTESIAN_POINT('',(0.0507999990359034,-1.02528918688449E-9,-3.71000563603729E-10));
#825=CARTESIAN_POINT('',(0.0515189505112412,-0.000766414028703748,0.00025276541574365));
#826=CARTESIAN_POINT('',(0.0522341669043637,-0.00153299473897498,0.000515652881811616));
#827=CARTESIAN_POINT('',(0.0529456454508912,-0.00229974610039685,0.000788660960269749));
#828=CARTESIAN_POINT('',(0.0529457039664367,-0.0022997449965128,0.000788511565176927));
#829=CARTESIAN_POINT('',(0.0532495883531538,-0.00228567157931276,-3.8748309923046E-5));
#830=CARTESIAN_POINT('',(0.053148328563742,-0.0022903465655488,0.000237018122074279));
#831=CARTESIAN_POINT('',(0.0530470339907515,-0.002295037797481,0.00051277149401816));
#832=CARTESIAN_POINT('',(0.0529457039664367,-0.00229974499651281,0.000788511565176844));
#833=CARTESIAN_POINT('',(0.052943269746515,-0.00285523598280586,0.00079611998389411));
#834=CARTESIAN_POINT('',(0.0529441344583934,-0.00267007156806293,0.000793660398618263));
#835=CARTESIAN_POINT('',(0.0529449991702719,-0.00248490715332001,0.000791200813342416));
#836=CARTESIAN_POINT('',(0.0529458638821503,-0.0022997427385771,0.000788741228066569));
#837=CARTESIAN_POINT('',(0.0529494437904284,-0.00153316182571807,0.000778558541892062));
#838=CARTESIAN_POINT('',(0.0529530236987064,-0.000766580912859032,0.000768375855717555));
#839=CARTESIAN_POINT('',(0.0529566036069844,0.,0.000758193169543048));
#840=CARTESIAN_POINT('',(0.0529961426639723,0.00846666563644122,0.000645728330314503));
#841=CARTESIAN_POINT('',(0.0530289840741575,0.0169333333333334,0.000523744655739605));
#842=CARTESIAN_POINT('',(0.0530739744083899,0.0338666666666667,0.000267803766313099));
#843=CARTESIAN_POINT('',(0.053086,0.0423333326784808,0.000133947480660364));
#844=CARTESIAN_POINT('',(0.053086,0.0508,0.));
#845=CARTESIAN_POINT('',(0.053086,0.0516165294510603,-1.2917959180531E-5));
#846=CARTESIAN_POINT('',(0.053086,0.0524330589021207,-2.5835918361062E-5));
#847=CARTESIAN_POINT('',(0.053086,0.053249588353181,-3.8753877541593E-5));
#848=CARTESIAN_POINT('',(0.0508,-0.0028552363302315,0.));
#849=CARTESIAN_POINT('',(0.0508,-0.00267007189295774,0.));
#850=CARTESIAN_POINT('',(0.0508,-0.00248490745568398,0.));
#851=CARTESIAN_POINT('',(0.0508,-0.00229974301841022,0.));
#852=CARTESIAN_POINT('',(0.0508,-0.00153316201227348,0.));
#853=CARTESIAN_POINT('',(0.0508,-0.000766581006136739,0.));
#854=CARTESIAN_POINT('',(0.0508,0.,0.));
#855=CARTESIAN_POINT('',(0.0508,0.00846666666666667,0.));
#856=CARTESIAN_POINT('',(0.0508,0.0169333333333334,0.));
#857=CARTESIAN_POINT('',(0.0508,0.0338666666666667,0.));
#858=CARTESIAN_POINT('',(0.0508,0.0423333333333333,0.));
#859=CARTESIAN_POINT('',(0.0508,0.0508,0.));
#860=CARTESIAN_POINT('',(0.0508,0.0516165293879061,0.));
#861=CARTESIAN_POINT('',(0.0508,0.0524330587758121,0.));
#862=CARTESIAN_POINT('',(0.0508,0.0532495881637181,0.));
#863=CARTESIAN_POINT('',(0.0507785673025349,-0.00285523633370576,-7.9611998389411E-6));
#864=CARTESIAN_POINT('',(0.0507785586554161,-0.00267007189620669,-7.93660398618263E-6));
#865=CARTESIAN_POINT('',(0.0507785500082973,-0.00248490745870762,-7.91200813342416E-6));
#866=CARTESIAN_POINT('',(0.0507785413611785,-0.00229974302120855,-7.88741228066569E-6));
#867=CARTESIAN_POINT('',(0.0507785055620957,-0.00153316201413904,-7.78558541892062E-6));
#868=CARTESIAN_POINT('',(0.0507784697630129,-0.000766581007069516,-7.68375855717555E-6));
#869=CARTESIAN_POINT('',(0.0507784339639302,0.,-7.58193169543048E-6));
#870=CARTESIAN_POINT('',(0.0507780385733603,0.00846666667696892,-6.45728330314503E-6));
#871=CARTESIAN_POINT('',(0.0507777101592584,0.0169333333333334,-5.23744655739605E-6));
#872=CARTESIAN_POINT('',(0.0507772602559161,0.0338666666666667,-2.67803766313098E-6));
#873=CARTESIAN_POINT('',(0.05077714,0.0423333333398818,-1.33947480660364E-6));
#874=CARTESIAN_POINT('',(0.05077714,0.0508,0.));
#875=CARTESIAN_POINT('',(0.05077714,0.0516165293872745,1.2917959180531E-7));
#876=CARTESIAN_POINT('',(0.05077714,0.052433058774549,2.5835918361062E-7));
#877=CARTESIAN_POINT('',(0.05077714,0.0532495881618235,3.8753877541593E-7));
#878=CARTESIAN_POINT('',(0.0500697339424204,-0.00285523644860818,-0.000271258157282379));
#879=CARTESIAN_POINT('',(0.0500694393132746,-0.00267007200365759,-0.000270420114546231));
#880=CARTESIAN_POINT('',(0.0500691446841289,-0.00248490755870701,-0.000269582071810083));
#881=CARTESIAN_POINT('',(0.0500688500549832,-0.00229974311375641,-0.000268744029073934));
#882=CARTESIAN_POINT('',(0.0500676302899448,-0.00153316207583761,-0.000265274531078957));
#883=CARTESIAN_POINT('',(0.0500664105249065,-0.000766581037918807,-0.000261805033083981));
#884=CARTESIAN_POINT('',(0.0500651907598681,0.,-0.000258335535089003));
#885=CARTESIAN_POINT('',(0.0500517188059462,0.00846666701769044,-0.00022001592791249));
#886=CARTESIAN_POINT('',(0.0500405289092101,0.0169333333333334,-0.000178453013460991));
#887=CARTESIAN_POINT('',(0.0500251995676456,0.0338666666666667,-9.12474974036504E-5));
#888=CARTESIAN_POINT('',(0.0500211021452892,0.0423333335564582,-4.56392849213797E-5));
#889=CARTESIAN_POINT('',(0.0500211021452892,0.0508,0.));
#890=CARTESIAN_POINT('',(0.0500211021452892,0.0516165293663878,4.40147449385708E-6));
#891=CARTESIAN_POINT('',(0.0500211021452892,0.0524330587327755,8.80294898771416E-6));
#892=CARTESIAN_POINT('',(0.0500211021452892,0.0532495880991633,1.32044234815712E-5));
#893=CARTESIAN_POINT('',(0.0530856715304231,0.0532495883997992,-3.87482919228521E-5));
#894=CARTESIAN_POINT('',(0.0523260900402588,0.0524305566598063,-1.291564459252E-5));
#895=CARTESIAN_POINT('',(0.0515642007308355,0.0516140260658179,1.87488410033065E-11));
#896=CARTESIAN_POINT('',(0.0507999999470292,0.0508000000487283,1.90524263032898E-11));
#897=CARTESIAN_POINT('',(0.0530856715793128,0.0532495883531538,-3.874830992301E-5));
#898=CARTESIAN_POINT('',(0.0529457039664367,-0.0022997449965128,0.000788511565176929));
#899=CARTESIAN_POINT('',(0.0530347262331329,0.016216699453376,0.00054626346231188));
#900=CARTESIAN_POINT('',(0.0530906355749788,0.0347331439032685,0.000254066107952395));
#901=CARTESIAN_POINT('',(0.0530856715793128,0.0532495883531538,-3.87483099230105E-5));
#902=CARTESIAN_POINT('',(0.0508,0.0187996421009302,0.));
#903=CARTESIAN_POINT('',(0.0508,0.049995074917556,0.));
#904=CARTESIAN_POINT('',(0.0508,0.049995074917556,0.));
#905=CARTESIAN_POINT('',(0.0508,0.0502018394446949,-5.24405346894062E-20));
#906=CARTESIAN_POINT('',(0.0506470233145037,0.0506111681758964,-7.25508128752651E-7));
#907=CARTESIAN_POINT('',(0.0502465063781242,0.0507999986805623,-6.94545855465409E-12));
#908=CARTESIAN_POINT('',(0.0500393804865255,0.0507999999999854,-7.69240140630076E-17));
#909=CARTESIAN_POINT('',(-0.00222334335506474,-0.00284613640212625,0.177267738106055));
#910=CARTESIAN_POINT('',(-0.00222373971589558,-0.00266131438515032,0.177269486784185));
#911=CARTESIAN_POINT('',(-0.00222413607672643,-0.00247649236817441,0.177271235462315));
#912=CARTESIAN_POINT('',(-0.00222453243755728,-0.00229167035119848,0.177272984140445));
#913=CARTESIAN_POINT('',(-0.00222617064130826,-0.00152778023413232,0.177280211623204));
#914=CARTESIAN_POINT('',(-0.00222780884505925,-0.000763890117066162,0.177287439105965));
#915=CARTESIAN_POINT('',(-0.00222944704881023,0.,0.177294666588725));
#916=CARTESIAN_POINT('',(-0.0022657615007069,0.016933333777231,0.177454879916804));
#917=CARTESIAN_POINT('',(-0.002286,0.0338666648868165,0.17762728268874));
#918=CARTESIAN_POINT('',(-0.002286,0.0508,0.1778));
#919=CARTESIAN_POINT('',(-0.002286,0.0515849778652254,0.177808006648742));
#920=CARTESIAN_POINT('',(-0.002286,0.0523699557304507,0.177816013297484));
#921=CARTESIAN_POINT('',(-0.002286,0.053154933595676,0.177824019946225));
#922=CARTESIAN_POINT('',(0.,-0.0028461363275164,0.1778));
#923=CARTESIAN_POINT('',(0.,-0.00266131431538548,0.1778));
#924=CARTESIAN_POINT('',(0.,-0.00247649230325456,0.1778));
#925=CARTESIAN_POINT('',(0.,-0.00229167029112365,0.1778));
#926=CARTESIAN_POINT('',(0.,-0.00152778019408243,0.1778));
#927=CARTESIAN_POINT('',(0.,-0.000763890097041217,0.1778));
#928=CARTESIAN_POINT('',(0.,0.,0.1778));
#929=CARTESIAN_POINT('',(0.,0.0169333333333334,0.1778));
#930=CARTESIAN_POINT('',(0.,0.0338666666666666,0.1778));
#931=CARTESIAN_POINT('',(0.,0.0508,0.1778));
#932=CARTESIAN_POINT('',(0.,0.0515849777827169,0.1778));
#933=CARTESIAN_POINT('',(0.,0.0523699555654338,0.1778));
#934=CARTESIAN_POINT('',(0.,0.0531549333481507,0.1778));
#935=CARTESIAN_POINT('',(2.22334335506474E-5,-0.00284613632677029,0.177805322618939));
#936=CARTESIAN_POINT('',(2.22373971589559E-5,-0.00266131431468783,0.177805305132158));
#937=CARTESIAN_POINT('',(2.22413607672643E-5,-0.00247649230260537,0.177805287645377));
#938=CARTESIAN_POINT('',(2.22453243755727E-5,-0.0022916702905229,0.177805270158595));
#939=CARTESIAN_POINT('',(2.22617064130826E-5,-0.00152778019368193,0.177805197883768));
#940=CARTESIAN_POINT('',(2.22780884505925E-5,-0.000763890096840967,0.17780512560894));
#941=CARTESIAN_POINT('',(2.22944704881023E-5,0.,0.177805053334113));
#942=CARTESIAN_POINT('',(2.2657615007069E-5,0.0169333333288944,0.177803451200832));
#943=CARTESIAN_POINT('',(2.286E-5,0.0338666666844651,0.177801727173112));
#944=CARTESIAN_POINT('',(2.286E-5,0.0508,0.1778));
#945=CARTESIAN_POINT('',(2.286E-5,0.0515849777818918,0.177799919933512));
#946=CARTESIAN_POINT('',(2.286E-5,0.0523699555637837,0.177799839867025));
#947=CARTESIAN_POINT('',(2.286E-5,0.0531549333456755,0.177799759800538));
#948=CARTESIAN_POINT('',(0.000758335285522713,-0.00284613630206856,0.177981543248549));
#949=CARTESIAN_POINT('',(0.000758470475799619,-0.00266131429159016,0.177980946811509));
#950=CARTESIAN_POINT('',(0.000758605666076525,-0.00247649228111178,0.177980350374469));
#951=CARTESIAN_POINT('',(0.000758740856353431,-0.00229167027063341,0.17797975393743));
#952=CARTESIAN_POINT('',(0.000759299612924438,-0.00152778018042227,0.177977288796277));
#953=CARTESIAN_POINT('',(0.000759858369495446,-0.000763890090211133,0.177974823655123));
#954=CARTESIAN_POINT('',(0.000760417126066453,0.,0.17797235851397));
#955=CARTESIAN_POINT('',(0.000772803215774517,0.0169333331819292,0.177917713144141));
#956=CARTESIAN_POINT('',(0.000779706138845316,0.0338666672737357,0.177858910213418));
#957=CARTESIAN_POINT('',(0.000779706138845316,0.0508,0.1778));
#958=CARTESIAN_POINT('',(0.000779706138845316,0.0515849777545751,0.177797269101848));
#959=CARTESIAN_POINT('',(0.000779706138845316,0.0523699555091502,0.177794538203696));
#960=CARTESIAN_POINT('',(0.000779706138845316,0.053154933263725,0.177791807305544));
#961=CARTESIAN_POINT('',(-0.00222442676673203,-0.00229167083597642,0.177273009170176));
#962=CARTESIAN_POINT('',(-0.00148465997321702,-0.00152770788677105,0.17745588390306));
#963=CARTESIAN_POINT('',(-0.000743183223537071,-0.000763818795557642,0.177631547776105));
#964=CARTESIAN_POINT('',(3.48230782057368E-9,-3.56233620510057E-9,0.177800000789311));
#965=CARTESIAN_POINT('',(0.,0.,0.1778));
#966=CARTESIAN_POINT('',(-0.00222443851195216,-0.00229167082547648,0.177273056638201));
#967=CARTESIAN_POINT('',(0.,0.,0.1778));
#968=CARTESIAN_POINT('',(0.,0.000253807415014067,0.1778));
#969=CARTESIAN_POINT('',(1.23123536946405E-18,0.000507614830028133,0.1778));
#970=CARTESIAN_POINT('',(0.,0.0007614222450422,0.1778));
#971=CARTESIAN_POINT('',(0.,0.000761426849595305,0.1778));
#972=CARTESIAN_POINT('',(0.,0.0265773441642523,0.1778));
#973=CARTESIAN_POINT('',(0.,0.050019831852397,0.1778));
#974=CARTESIAN_POINT('',(5.07590790487159E-19,0.050019831852397,0.1778));
#975=CARTESIAN_POINT('',(2.3613108439626E-18,0.0502234007868656,0.1778));
#976=CARTESIAN_POINT('',(0.000160135206072264,0.0506242706305681,0.177800454445099));
#977=CARTESIAN_POINT('',(0.000557708648158131,0.0507999987421004,0.177800000004273));
#978=CARTESIAN_POINT('',(0.000761422253942784,0.0507999999999858,0.1778));
#979=CARTESIAN_POINT('',(0.000761426849595286,0.0508,0.1778));
#980=CARTESIAN_POINT('',(0.,0.0508,0.1778));
#981=CARTESIAN_POINT('',(0.00025380741797902,0.0508,0.1778));
#982=CARTESIAN_POINT('',(0.00050761483595804,0.0508,0.1778));
#983=CARTESIAN_POINT('',(0.00076142225393706,0.0508,0.1778));
#984=CARTESIAN_POINT('',(0.,0.0508,0.1778));
#985=CARTESIAN_POINT('',(-3.66788476284172E-9,0.0507999964306732,0.1778));
#986=CARTESIAN_POINT('',(-0.000762923899417105,0.0515839827756274,0.17780000000068));
#987=CARTESIAN_POINT('',(-0.00152488061568893,0.0523689618306238,0.177808006207469));
#988=CARTESIAN_POINT('',(-0.00228587381670023,0.0531549335956624,0.177824018620366));
#989=CARTESIAN_POINT('',(-0.00228587381670025,0.0531549335956624,0.177824018620365));
#990=CARTESIAN_POINT('',(-0.00228587381670024,0.0531549335956624,0.177824018620365));
#991=CARTESIAN_POINT('',(-0.00228785429893627,0.0346727321219491,0.177635534335303));
#992=CARTESIAN_POINT('',(-0.0022655840869749,0.0161905306482347,0.177446748553333));
#993=CARTESIAN_POINT('',(-0.00222443851195215,-0.00229167082547648,0.177273056638201));
#994=CARTESIAN_POINT('',(-0.00228587381670027,0.0531549335956624,0.177824018620365));
#995=CARTESIAN_POINT('',(-0.00229167083597641,0.053024426766732,0.177273009170176));
#996=CARTESIAN_POINT('',(-0.00152770788678164,0.0522846599732273,0.177455883903058));
#997=CARTESIAN_POINT('',(-0.00076381879556824,0.0515431832235474,0.177631547776102));
#998=CARTESIAN_POINT('',(-3.56233621203947E-9,0.0507999965176922,0.177800000789311));
#999=CARTESIAN_POINT('',(-0.00229167082547648,0.0530244385119522,0.177273056638201));
#1000=CARTESIAN_POINT('',(-0.00229167082547647,0.0530244385119521,0.177273056638201));
#1001=CARTESIAN_POINT('',(-0.00228973589756227,0.0530679435891798,0.177456708955065));
#1002=CARTESIAN_POINT('',(-0.0022878035621847,0.0531114419436933,0.177640362997827));
#1003=CARTESIAN_POINT('',(-0.00228587381670027,0.0531549335956624,0.177824018620365));
#1004=CARTESIAN_POINT('',(-0.00284613640212624,0.0530233433550647,0.177267738106055));
#1005=CARTESIAN_POINT('',(-0.00266131438515031,0.0530237397158956,0.177269486784185));
#1006=CARTESIAN_POINT('',(-0.0024764923681744,0.0530241360767264,0.177271235462315));
#1007=CARTESIAN_POINT('',(-0.00229167035119848,0.0530245324375573,0.177272984140445));
#1008=CARTESIAN_POINT('',(-0.00152778023413232,0.0530261706413083,0.177280211623204));
#1009=CARTESIAN_POINT('',(-0.00076389011706616,0.0530278088450593,0.177287439105965));
#1010=CARTESIAN_POINT('',(0.,0.0530294470488102,0.177294666588725));
#1011=CARTESIAN_POINT('',(0.016933333777231,0.0530657615007069,0.177454879916804));
#1012=CARTESIAN_POINT('',(0.0338666648868165,0.053086,0.17762728268874));
#1013=CARTESIAN_POINT('',(0.0508,0.053086,0.1778));
#1014=CARTESIAN_POINT('',(0.0515849778652253,0.053086,0.177808006648742));
#1015=CARTESIAN_POINT('',(0.0523699557304507,0.053086,0.177816013297484));
#1016=CARTESIAN_POINT('',(0.053154933595676,0.053086,0.177824019946225));
#1017=CARTESIAN_POINT('',(-0.0028461363275164,0.0508,0.1778));
#1018=CARTESIAN_POINT('',(-0.00266131431538549,0.0508,0.1778));
#1019=CARTESIAN_POINT('',(-0.00247649230325457,0.0508,0.1778));
#1020=CARTESIAN_POINT('',(-0.00229167029112366,0.0508,0.1778));
#1021=CARTESIAN_POINT('',(-0.00152778019408243,0.0508,0.1778));
#1022=CARTESIAN_POINT('',(-0.000763890097041219,0.0508,0.1778));
#1023=CARTESIAN_POINT('',(0.,0.0508,0.1778));
#1024=CARTESIAN_POINT('',(0.0169333333333334,0.0508,0.1778));
#1025=CARTESIAN_POINT('',(0.0338666666666666,0.0508,0.1778));
#1026=CARTESIAN_POINT('',(0.0508,0.0508,0.1778));
#1027=CARTESIAN_POINT('',(0.0515849777827169,0.0508,0.1778));
#1028=CARTESIAN_POINT('',(0.0523699555654338,0.0508,0.1778));
#1029=CARTESIAN_POINT('',(0.0531549333481507,0.0508,0.1778));
#1030=CARTESIAN_POINT('',(-0.0028461363267703,0.0507777665664494,0.177805322618939));
#1031=CARTESIAN_POINT('',(-0.00266131431468784,0.0507777626028411,0.177805305132158));
#1032=CARTESIAN_POINT('',(-0.00247649230260538,0.0507777586392327,0.177805287645377));
#1033=CARTESIAN_POINT('',(-0.00229167029052291,0.0507777546756244,0.177805270158595));
#1034=CARTESIAN_POINT('',(-0.00152778019368194,0.0507777382935869,0.177805197883768));
#1035=CARTESIAN_POINT('',(-0.000763890096840969,0.0507777219115494,0.17780512560894));
#1036=CARTESIAN_POINT('',(0.,0.0507777055295119,0.177805053334113));
#1037=CARTESIAN_POINT('',(0.0169333333288944,0.0507773423849929,0.177803451200832));
#1038=CARTESIAN_POINT('',(0.0338666666844651,0.05077714,0.177801727173112));
#1039=CARTESIAN_POINT('',(0.0508,0.05077714,0.1778));
#1040=CARTESIAN_POINT('',(0.0515849777818918,0.05077714,0.177799919933512));
#1041=CARTESIAN_POINT('',(0.0523699555637836,0.05077714,0.177799839867025));
#1042=CARTESIAN_POINT('',(0.0531549333456755,0.05077714,0.177799759800538));
#1043=CARTESIAN_POINT('',(-0.00284613630206857,0.0500416647265198,0.177981543245666));
#1044=CARTESIAN_POINT('',(-0.00266131429159019,0.0500415295362452,0.177980946808636));
#1045=CARTESIAN_POINT('',(-0.0024764922811118,0.0500413943459704,0.177980350371606));
#1046=CARTESIAN_POINT('',(-0.00229167027063341,0.0500412591556956,0.177979753934575));
#1047=CARTESIAN_POINT('',(-0.00152778018042227,0.0500407003991334,0.177977288793461));
#1048=CARTESIAN_POINT('',(-0.000763890090211135,0.0500401416425712,0.177974823652347));
#1049=CARTESIAN_POINT('',(0.,0.0500395828860093,0.177972358511232));
#1050=CARTESIAN_POINT('',(0.0169333331819292,0.0500271967964978,0.177917713142272));
#1051=CARTESIAN_POINT('',(0.0338666672737357,0.0500202938735366,0.177858910212482));
#1052=CARTESIAN_POINT('',(0.0508,0.0500202938735366,0.1778));
#1053=CARTESIAN_POINT('',(0.0515849777545751,0.0500202938735366,0.177797269101891));
#1054=CARTESIAN_POINT('',(0.0523699555091501,0.0500202938735366,0.177794538203783));
#1055=CARTESIAN_POINT('',(0.053154933263725,0.0500202938735366,0.177791807305673));
#1056=CARTESIAN_POINT('',(0.0222486598968506,0.0508,0.1778));
#1057=CARTESIAN_POINT('',(0.050019831852397,0.0508,0.1778));
#1058=CARTESIAN_POINT('',(0.050019831852397,0.0508,0.1778));
#1059=CARTESIAN_POINT('',(0.0502234007847946,0.0508,0.1778));
#1060=CARTESIAN_POINT('',(0.0506242706244383,0.0506398647973356,0.177800454445093));
#1061=CARTESIAN_POINT('',(0.0507999987387314,0.0502422913620773,0.177800000004285));
#1062=CARTESIAN_POINT('',(0.0507999999999857,0.0500385777583653,0.1778));
#1063=CARTESIAN_POINT('',(0.0508,0.0500385731504047,0.1778));
#1064=CARTESIAN_POINT('',(0.0508,0.0508,0.1778));
#1065=CARTESIAN_POINT('',(0.0508,0.0505461925861237,0.1778));
#1066=CARTESIAN_POINT('',(0.0508,0.0502923851722474,0.1778));
#1067=CARTESIAN_POINT('',(0.0508,0.050038577758371,0.1778));
#1068=CARTESIAN_POINT('',(0.0508,0.0508,0.1778));
#1069=CARTESIAN_POINT('',(0.0507999964306732,0.0508000036678848,0.1778));
#1070=CARTESIAN_POINT('',(0.0515839827756281,0.0515629238994178,0.17780000000068));
#1071=CARTESIAN_POINT('',(0.0523689618306245,0.0523248806156896,0.177808006207469));
#1072=CARTESIAN_POINT('',(0.0531549335956624,0.0530858738167003,0.177824018620366));
#1073=CARTESIAN_POINT('',(0.0531549335956624,0.0530858738167003,0.177824018620365));
#1074=CARTESIAN_POINT('',(0.0531549335956624,0.0530858738167002,0.177824018620365));
#1075=CARTESIAN_POINT('',(0.0346727321219491,0.0530878542989363,0.177635534335303));
#1076=CARTESIAN_POINT('',(0.0161905306482347,0.0530655840869749,0.177446748553333));
#1077=CARTESIAN_POINT('',(-0.00229167082547648,0.0530244385119522,0.177273056638201));
#1078=CARTESIAN_POINT('',(0.0531549335956624,0.0530858738167003,0.177824018620365));
#1079=CARTESIAN_POINT('',(0.0530244267667321,0.0530916708359764,0.177273009170177));
#1080=CARTESIAN_POINT('',(0.0522846599732236,0.0523277078867778,0.177455883903058));
#1081=CARTESIAN_POINT('',(0.0515431832235437,0.0515638187955644,0.177631547776103));
#1082=CARTESIAN_POINT('',(0.0507999965176922,0.0508000035623362,0.177800000789311));
#1083=CARTESIAN_POINT('',(0.0530244385119522,0.0530916708254765,0.177273056638201));
#1084=CARTESIAN_POINT('',(0.0530244385119521,0.0530916708254765,0.177273056638201));
#1085=CARTESIAN_POINT('',(0.0530679435891798,0.0530897358975623,0.177456708955065));
#1086=CARTESIAN_POINT('',(0.0531114419436932,0.0530878035621847,0.177640362997827));
#1087=CARTESIAN_POINT('',(0.0531549335956624,0.0530858738167003,0.177824018620365));
#1088=CARTESIAN_POINT('',(0.053086,-0.00235493359567603,0.177824019946225));
#1089=CARTESIAN_POINT('',(0.053086,-0.00156995573045069,0.177816013297484));
#1090=CARTESIAN_POINT('',(0.053086,-0.000784977865225341,0.177808006648742));
#1091=CARTESIAN_POINT('',(0.053086,0.,0.1778));
#1092=CARTESIAN_POINT('',(0.053086,0.0169333351131836,0.17762728268874));
#1093=CARTESIAN_POINT('',(0.0530657615007069,0.033866666222769,0.177454879916804));
#1094=CARTESIAN_POINT('',(0.0530294470488102,0.0508,0.177294666588725));
#1095=CARTESIAN_POINT('',(0.0530278088450592,0.0515638901170662,0.177287439105965));
#1096=CARTESIAN_POINT('',(0.0530261706413083,0.0523277802341323,0.177280211623204));
#1097=CARTESIAN_POINT('',(0.0530245324375573,0.0530916703511985,0.177272984140445));
#1098=CARTESIAN_POINT('',(0.0530241360767264,0.0532764923681744,0.177271235462315));
#1099=CARTESIAN_POINT('',(0.0530237397158956,0.0534613143851503,0.177269486784185));
#1100=CARTESIAN_POINT('',(0.0530233433550647,0.0536461364021263,0.177267738106055));
#1101=CARTESIAN_POINT('',(0.0508,-0.00235493334815071,0.1778));
#1102=CARTESIAN_POINT('',(0.0508,-0.00156995556543381,0.1778));
#1103=CARTESIAN_POINT('',(0.0508,-0.000784977782716904,0.1778));
#1104=CARTESIAN_POINT('',(0.0508,0.,0.1778));
#1105=CARTESIAN_POINT('',(0.0508,0.0169333333333334,0.1778));
#1106=CARTESIAN_POINT('',(0.0508,0.0338666666666666,0.1778));
#1107=CARTESIAN_POINT('',(0.0508,0.0508,0.1778));
#1108=CARTESIAN_POINT('',(0.0508,0.0515638900970412,0.1778));
#1109=CARTESIAN_POINT('',(0.0508,0.0523277801940824,0.1778));
#1110=CARTESIAN_POINT('',(0.0508,0.0530916702911237,0.1778));
#1111=CARTESIAN_POINT('',(0.0508,0.0532764923032546,0.1778));
#1112=CARTESIAN_POINT('',(0.0508,0.0534613143153855,0.1778));
#1113=CARTESIAN_POINT('',(0.0508,0.0536461363275164,0.1778));
#1114=CARTESIAN_POINT('',(0.05077714,-0.00235493334567546,0.177799759800538));
#1115=CARTESIAN_POINT('',(0.05077714,-0.00156995556378364,0.177799839867025));
#1116=CARTESIAN_POINT('',(0.05077714,-0.00078497778189182,0.177799919933512));
#1117=CARTESIAN_POINT('',(0.05077714,0.,0.1778));
#1118=CARTESIAN_POINT('',(0.05077714,0.0169333333155349,0.177801727173112));
#1119=CARTESIAN_POINT('',(0.0507773423849929,0.0338666666711056,0.177803451200832));
#1120=CARTESIAN_POINT('',(0.0507777055295119,0.0508,0.177805053334113));
#1121=CARTESIAN_POINT('',(0.0507777219115494,0.051563890096841,0.17780512560894));
#1122=CARTESIAN_POINT('',(0.0507777382935869,0.0523277801936819,0.177805197883768));
#1123=CARTESIAN_POINT('',(0.0507777546756244,0.0530916702905229,0.177805270158595));
#1124=CARTESIAN_POINT('',(0.0507777586392327,0.0532764923026054,0.177805287645377));
#1125=CARTESIAN_POINT('',(0.050777762602841,0.0534613143146878,0.177805305132158));
#1126=CARTESIAN_POINT('',(0.0507777665664493,0.0536461363267703,0.177805322618939));
#1127=CARTESIAN_POINT('',(0.0500202938632727,-0.00235493326372508,0.177791807305566));
#1128=CARTESIAN_POINT('',(0.0500202938632727,-0.00156995550915005,0.177794538203711));
#1129=CARTESIAN_POINT('',(0.0500202938632727,-0.000784977754575026,0.177797269101855));
#1130=CARTESIAN_POINT('',(0.0500202938632727,0.,0.1778));
#1131=CARTESIAN_POINT('',(0.0500202938632727,0.0169333327262642,0.177858910213258));
#1132=CARTESIAN_POINT('',(0.0500271967863248,0.0338666668180708,0.177917713143821));
#1133=CARTESIAN_POINT('',(0.0500395828759993,0.0508,0.177972358513502));
#1134=CARTESIAN_POINT('',(0.0500401416325686,0.0515638900902111,0.177974823654649));
#1135=CARTESIAN_POINT('',(0.0500407003891381,0.0523277801804223,0.177977288795795));
#1136=CARTESIAN_POINT('',(0.0500412591457077,0.0530916702706334,0.177979753936942));
#1137=CARTESIAN_POINT('',(0.0500413943359842,0.0532764922811119,0.177980350373979));
#1138=CARTESIAN_POINT('',(0.0500415295262608,0.0534613142915901,0.177980946811018));
#1139=CARTESIAN_POINT('',(0.0500416647165372,0.0536461363020686,0.177981543248056));
#1140=CARTESIAN_POINT('',(0.0508,0.0242226558357477,0.1778));
#1141=CARTESIAN_POINT('',(0.0508,0.000780168147603009,0.1778));
#1142=CARTESIAN_POINT('',(0.0508,0.000780168147603015,0.1778));
#1143=CARTESIAN_POINT('',(0.0508,0.0005765992134887,0.1778));
#1144=CARTESIAN_POINT('',(0.0506398647945107,0.000175729370480435,0.177800454445098));
#1145=CARTESIAN_POINT('',(0.0502422913535927,1.2584758795148E-9,0.177800000004275));
#1146=CARTESIAN_POINT('',(0.0500385777481626,1.42004458771906E-14,0.1778));
#1147=CARTESIAN_POINT('',(0.0500385731504047,0.,0.1778));
#1148=CARTESIAN_POINT('',(0.0508,2.47518344577172E-19,0.1778));
#1149=CARTESIAN_POINT('',(0.0505461925827228,2.47518344577172E-19,0.1778));
#1150=CARTESIAN_POINT('',(0.0502923851654455,4.95396859378436E-19,0.1778));
#1151=CARTESIAN_POINT('',(0.0500385777481683,4.95396859378436E-19,0.1778));
#1152=CARTESIAN_POINT('',(0.0508,0.,0.1778));
#1153=CARTESIAN_POINT('',(0.0508000036678848,3.56932683756583E-9,0.1778));
#1154=CARTESIAN_POINT('',(0.0515629238994172,-0.00078398277562738,0.17780000000068));
#1155=CARTESIAN_POINT('',(0.052324880615689,-0.00156896183062378,0.177808006207469));
#1156=CARTESIAN_POINT('',(0.0530858738167003,-0.00235493359566236,0.177824018620366));
#1157=CARTESIAN_POINT('',(0.0530858738167003,-0.00235493359566236,0.177824018620365));
#1158=CARTESIAN_POINT('',(0.0530858738167002,-0.00235493359566236,0.177824018620365));
#1159=CARTESIAN_POINT('',(0.0530878542989363,0.0161272678780506,0.177635534335303));
#1160=CARTESIAN_POINT('',(0.0530655840869749,0.0346094693517681,0.177446748553333));
#1161=CARTESIAN_POINT('',(0.0530244385119522,0.0530916708254765,0.177273056638201));
#1162=CARTESIAN_POINT('',(0.0530858738167003,-0.00235493359566236,0.177824018620365));
#1163=CARTESIAN_POINT('',(0.0530916708359764,-0.00222442676673202,0.177273009170177));
#1164=CARTESIAN_POINT('',(0.0523277078867762,-0.00148465997322202,0.177455883903059));
#1165=CARTESIAN_POINT('',(0.0515638187955628,-0.000743183223542074,0.177631547776104));
#1166=CARTESIAN_POINT('',(0.0508000035623362,3.48230783228307E-9,0.177800000789311));
#1167=CARTESIAN_POINT('',(0.0530916708254765,-0.00222443851195216,0.177273056638201));
#1168=CARTESIAN_POINT('',(0.0530916708254765,-0.00222443851195211,0.177273056638201));
#1169=CARTESIAN_POINT('',(0.0530897358975623,-0.00226794358917973,0.177456708955065));
#1170=CARTESIAN_POINT('',(0.0530878035621847,-0.00231144194369322,0.177640362997827));
#1171=CARTESIAN_POINT('',(0.0530858738167003,-0.00235493359566236,0.177824018620365));
#1172=CARTESIAN_POINT('',(-0.00235493359567603,-0.002286,0.177824019946225));
#1173=CARTESIAN_POINT('',(-0.00156995573045069,-0.002286,0.177816013297484));
#1174=CARTESIAN_POINT('',(-0.000784977865225343,-0.002286,0.177808006648742));
#1175=CARTESIAN_POINT('',(0.,-0.002286,0.1778));
#1176=CARTESIAN_POINT('',(0.0169333351131836,-0.002286,0.17762728268874));
#1177=CARTESIAN_POINT('',(0.033866666222769,-0.0022657615007069,0.177454879916804));
#1178=CARTESIAN_POINT('',(0.0508,-0.00222944704881023,0.177294666588725));
#1179=CARTESIAN_POINT('',(0.0515638901170662,-0.00222780884505925,0.177287439105965));
#1180=CARTESIAN_POINT('',(0.0523277802341323,-0.00222617064130826,0.177280211623204));
#1181=CARTESIAN_POINT('',(0.0530916703511985,-0.00222453243755728,0.177272984140445));
#1182=CARTESIAN_POINT('',(0.0532764923681744,-0.00222413607672643,0.177271235462315));
#1183=CARTESIAN_POINT('',(0.0534613143851503,-0.00222373971589558,0.177269486784185));
#1184=CARTESIAN_POINT('',(0.0536461364021263,-0.00222334335506474,0.177267738106055));
#1185=CARTESIAN_POINT('',(-0.00235493334815072,0.,0.1778));
#1186=CARTESIAN_POINT('',(-0.00156995556543381,0.,0.1778));
#1187=CARTESIAN_POINT('',(-0.000784977782716906,0.,0.1778));
#1188=CARTESIAN_POINT('',(0.,0.,0.1778));
#1189=CARTESIAN_POINT('',(0.0169333333333334,0.,0.1778));
#1190=CARTESIAN_POINT('',(0.0338666666666666,0.,0.1778));
#1191=CARTESIAN_POINT('',(0.0508,0.,0.1778));
#1192=CARTESIAN_POINT('',(0.0515638900970412,0.,0.1778));
#1193=CARTESIAN_POINT('',(0.0523277801940824,0.,0.1778));
#1194=CARTESIAN_POINT('',(0.0530916702911237,0.,0.1778));
#1195=CARTESIAN_POINT('',(0.0532764923032546,0.,0.1778));
#1196=CARTESIAN_POINT('',(0.0534613143153855,0.,0.1778));
#1197=CARTESIAN_POINT('',(0.0536461363275164,0.,0.1778));
#1198=CARTESIAN_POINT('',(-0.00235493334567546,2.286E-5,0.177799759800538));
#1199=CARTESIAN_POINT('',(-0.00156995556378365,2.286E-5,0.177799839867025));
#1200=CARTESIAN_POINT('',(-0.000784977781891822,2.286E-5,0.177799919933512));
#1201=CARTESIAN_POINT('',(0.,2.286E-5,0.1778));
#1202=CARTESIAN_POINT('',(0.0169333333155349,2.286E-5,0.177801727173112));
#1203=CARTESIAN_POINT('',(0.0338666666711056,2.2657615007069E-5,0.177803451200832));
#1204=CARTESIAN_POINT('',(0.0508,2.22944704881023E-5,0.177805053334113));
#1205=CARTESIAN_POINT('',(0.051563890096841,2.22780884505925E-5,0.17780512560894));
#1206=CARTESIAN_POINT('',(0.0523277801936819,2.22617064130826E-5,0.177805197883768));
#1207=CARTESIAN_POINT('',(0.0530916702905229,2.22453243755727E-5,0.177805270158595));
#1208=CARTESIAN_POINT('',(0.0532764923026054,2.22413607672643E-5,0.177805287645377));
#1209=CARTESIAN_POINT('',(0.0534613143146878,2.22373971589559E-5,0.177805305132158));
#1210=CARTESIAN_POINT('',(0.0536461363267703,2.22334335506474E-5,0.177805322618939));
#1211=CARTESIAN_POINT('',(-0.00235493326372508,0.000779706129897054,0.177791807305637));
#1212=CARTESIAN_POINT('',(-0.00156995550915006,0.000779706129897054,0.177794538203759));
#1213=CARTESIAN_POINT('',(-0.000784977754575028,0.000779706129897054,0.177797269101879));
#1214=CARTESIAN_POINT('',(0.,0.000779706129897054,0.1778));
#1215=CARTESIAN_POINT('',(0.0169333327262641,0.000779706129897054,0.177858910212742));
#1216=CARTESIAN_POINT('',(0.0338666668180708,0.000772803206905476,0.17791771314279));
#1217=CARTESIAN_POINT('',(0.0508,0.00076041711733956,0.177972358511992));
#1218=CARTESIAN_POINT('',(0.0515638900902111,0.000759858360774965,0.177974823653117));
#1219=CARTESIAN_POINT('',(0.0523277801804223,0.000759299604210371,0.177977288794242));
#1220=CARTESIAN_POINT('',(0.0530916702706334,0.000758740847645776,0.177979753935367));
#1221=CARTESIAN_POINT('',(0.0532764922811119,0.000758605657370421,0.1779803503724));
#1222=CARTESIAN_POINT('',(0.0534613142915901,0.000758470467095067,0.177980946809433));
#1223=CARTESIAN_POINT('',(0.0536461363020686,0.000758335276819712,0.177981543246466));
#1224=CARTESIAN_POINT('',(0.0285513401031494,0.,0.1778));
#1225=CARTESIAN_POINT('',(0.000780168147603011,0.,0.1778));
#1226=CARTESIAN_POINT('',(0.000780168147603008,-5.07590790487159E-19,0.1778));
#1227=CARTESIAN_POINT('',(0.000576599214631085,-2.5641718627275E-18,0.1778));
#1228=CARTESIAN_POINT('',(0.000175729373861821,0.000160135203609449,0.177800454445095));
#1229=CARTESIAN_POINT('',(1.26033428674398E-9,0.000557708640761079,0.177800000004282));
#1230=CARTESIAN_POINT('',(1.42455486859869E-14,0.000761422245047891,0.1778));
#1231=CARTESIAN_POINT('',(3.56932683583111E-9,-3.66788477628582E-9,0.1778));
#1232=CARTESIAN_POINT('',(-0.000783982775626997,-0.000762923899416763,0.17780000000068));
#1233=CARTESIAN_POINT('',(-0.0015689618306234,-0.00152488061568858,0.177808006207469));
#1234=CARTESIAN_POINT('',(-0.00235493359566237,-0.00228587381670023,0.177824018620366));
#1235=CARTESIAN_POINT('',(-0.00235493359566237,-0.00228587381670025,0.177824018620365));
#1236=CARTESIAN_POINT('',(-0.00235493359566237,-0.00228587381670024,0.177824018620365));
#1237=CARTESIAN_POINT('',(0.0161272678780506,-0.00228785429893627,0.177635534335303));
#1238=CARTESIAN_POINT('',(0.0346094693517681,-0.0022655840869749,0.177446748553333));
#1239=CARTESIAN_POINT('',(0.0530916708254765,-0.00222443851195215,0.177273056638201));
#1240=CARTESIAN_POINT('',(-0.00235493359566238,-0.00228587381670027,0.177824018620365));
#1241=CARTESIAN_POINT('',(-0.00222443851195215,-0.00229167082547647,0.177273056638201));
#1242=CARTESIAN_POINT('',(-0.00226794358917976,-0.00228973589756227,0.177456708955065));
#1243=CARTESIAN_POINT('',(-0.00231144194369322,-0.00228780356218469,0.177640362997827));
#1244=CARTESIAN_POINT('',(-0.00235493359566236,-0.00228587381670027,0.177824018620366));
#1245=CARTESIAN_POINT('',(-4207.62721145225,-4221.36235104159,-689.266621382372));
#1246=CARTESIAN_POINT('',(0.0530856715793128,0.0532495883531537,-3.87483099228905E-5));
#1247=CARTESIAN_POINT('',(0.0530903465655488,0.0531483285637419,0.000237018122074434));
#1248=CARTESIAN_POINT('',(0.053095037797481,0.0530470339907514,0.000512771494018297));
#1249=CARTESIAN_POINT('',(0.0530997449965128,0.0529457039664366,0.000788511565176981));
#1250=CARTESIAN_POINT('',(0.0529381576761053,-0.00385490350888709,0.00080875073546312));
#1251=CARTESIAN_POINT('',(0.0473802496063591,-0.0036723784144852,0.0154944634844616));
#1252=CARTESIAN_POINT('',(0.0390232447469657,-0.00354097399195923,0.0374912259259594));
#1253=CARTESIAN_POINT('',(0.0283913757996442,-0.00352796606224976,0.0667938518964297));
#1254=CARTESIAN_POINT('',(0.020933220192497,-0.00346893755387796,0.0888117796448184));
#1255=CARTESIAN_POINT('',(0.0141030061456158,-0.00328525107618387,0.110946854242893));
#1256=CARTESIAN_POINT('',(0.00568108411557275,-0.00290816672975053,0.140591337179594));
#1257=CARTESIAN_POINT('',(-5.92726163911479E-5,-0.00254009316167255,0.162935969753708));
#1258=CARTESIAN_POINT('',(-0.0038549035088871,-0.00228566192645821,0.177839313584667));
#1259=CARTESIAN_POINT('',(0.05298599580681,0.00590901960875785,0.000682506614143846));
#1260=CARTESIAN_POINT('',(0.0484254943684363,0.00509530128821911,0.0153563717853122));
#1261=CARTESIAN_POINT('',(0.041561009772939,0.00372408748519457,0.037330435055319));
#1262=CARTESIAN_POINT('',(0.0327464698598541,0.00188734677011098,0.0666194077421701));
#1263=CARTESIAN_POINT('',(0.0265296266549162,0.000690019824183276,0.0886473576006889));
#1264=CARTESIAN_POINT('',(0.0208321757665167,-0.000260910584013824,0.110800956431344));
#1265=CARTESIAN_POINT('',(0.0138183239363246,-0.00128817612888987,0.14047125012566));
#1266=CARTESIAN_POINT('',(0.00905393688599901,-0.00189260182335409,0.162830012377192));
#1267=CARTESIAN_POINT('',(0.00590901960875788,-0.00228740227492447,0.177739763232211));
#1268=CARTESIAN_POINT('',(0.0530653992707002,0.0254368658440476,0.000403075888072562));
#1269=CARTESIAN_POINT('',(0.0504971168057145,0.0226321266129286,0.0150480241910122));
#1270=CARTESIAN_POINT('',(0.0466090248012417,0.0182609789594707,0.0369641094280512));
#1271=CARTESIAN_POINT('',(0.0414261960216932,0.0127415628163633,0.0662322586655969));
#1272=CARTESIAN_POINT('',(0.0377011944097652,0.00903729159230569,0.0882966097201582));
#1273=CARTESIAN_POINT('',(0.0342793021912486,0.00581416149613328,0.110498367357186));
#1274=CARTESIAN_POINT('',(0.0300899974944711,0.00197095799396831,0.140228280744232));
#1275=CARTESIAN_POINT('',(0.027279409259332,-0.000582664379175489,0.162616624085166));
#1276=CARTESIAN_POINT('',(0.0254368658440476,-0.00227760397751986,0.177540028846059));
#1277=CARTESIAN_POINT('',(0.0530895141549328,0.0449647120793373,9.22094556144095E-5));
#1278=CARTESIAN_POINT('',(0.0525019872848381,0.0401724893501077,0.0147036795265307));
#1279=CARTESIAN_POINT('',(0.0515600376386746,0.0328259666256075,0.0365621901464644));
#1280=CARTESIAN_POINT('',(0.0500244829095531,0.0236613568226386,0.0658383736542387));
#1281=CARTESIAN_POINT('',(0.0488262632280566,0.017450605945172,0.0879545888612753));
#1282=CARTESIAN_POINT('',(0.0477038908958843,0.0119427628754149,0.110207971104441));
#1283=CARTESIAN_POINT('',(0.0463566534066616,0.0052662161982474,0.139996483533455));
#1284=CARTESIAN_POINT('',(0.0455030159421918,0.000755444788274719,0.162412440694097));
#1285=CARTESIAN_POINT('',(0.0449647120793372,-0.00224305915653943,0.177348991508276));
#1286=CARTESIAN_POINT('',(0.0530851555370611,0.0547286351969823,-6.21302779587014E-5));
#1287=CARTESIAN_POINT('',(0.0534844891424563,0.0489437918648321,0.0145340656944325));
#1288=CARTESIAN_POINT('',(0.054010838231687,0.0401165693396699,0.036372124748912));
#1289=CARTESIAN_POINT('',(0.0543071198621828,0.0291348998048842,0.0656582657392211));
#1290=CARTESIAN_POINT('',(0.0543799927361618,0.0216698195622685,0.0877975159232116));
#1291=CARTESIAN_POINT('',(0.0544118715905271,0.0150172635514161,0.110072964906853));
#1292=CARTESIAN_POINT('',(0.0544889558249086,0.00692099376224997,0.13988680466794));
#1293=CARTESIAN_POINT('',(0.0546144443691816,0.00143019791143507,0.162315185666367));
#1294=CARTESIAN_POINT('',(0.0547286351969823,-0.00222074728467759,0.177257710872691));
#1295=CARTESIAN_POINT('',(0.0530997449965128,0.0529457039664367,0.000788511565176931));
#1296=CARTESIAN_POINT('',(0.0532233334003296,0.0502852649496983,0.00802811945779901));
#1297=CARTESIAN_POINT('',(0.0534946275874953,0.0449153947772329,0.0224888508993745));
#1298=CARTESIAN_POINT('',(0.0539053013246818,0.0368207530264128,0.0441656536952764));
#1299=CARTESIAN_POINT('',(0.0541520654924842,0.0288605182554748,0.0658920019525107));
#1300=CARTESIAN_POINT('',(0.0541130495068618,0.0214462702364632,0.087823113324213));
#1301=CARTESIAN_POINT('',(0.0538926368104147,0.0147927373754103,0.109975540927748));
#1302=CARTESIAN_POINT('',(0.0535189722762187,0.00672789532664231,0.139759545822617));
#1303=CARTESIAN_POINT('',(0.0532498281407392,0.00133158347941482,0.162261666723468));
#1304=CARTESIAN_POINT('',(0.0530916708254765,-0.00222443851195218,0.177273056638201));
#1305=CARTESIAN_POINT('',(0.0529457039664367,-0.0022997449965128,0.000788511565176937));
#1306=CARTESIAN_POINT('',(0.0502852649496983,-0.00242333340032955,0.00802811945779901));
#1307=CARTESIAN_POINT('',(0.0449153947772327,-0.00269462758749537,0.0224888508993745));
#1308=CARTESIAN_POINT('',(0.0368207530264128,-0.00310530132468166,0.0441656536952764));
#1309=CARTESIAN_POINT('',(0.0288605182554748,-0.00335206549248424,0.0658920019525109));
#1310=CARTESIAN_POINT('',(0.0214462702364632,-0.00331304950686193,0.087823113324213));
#1311=CARTESIAN_POINT('',(0.0147927373754103,-0.00309263681041459,0.109975540927748));
#1312=CARTESIAN_POINT('',(0.00672789532664231,-0.00271897227621878,0.139759545822617));
#1313=CARTESIAN_POINT('',(0.00133158347941486,-0.00244982814073919,0.162261666723468));
#1314=CARTESIAN_POINT('',(-0.00222443851195214,-0.00229167082547648,0.177273056638201));
#1315=CARTESIAN_POINT('',(-0.0038549035088871,-0.00213815767610526,0.000808750735463123));
#1316=CARTESIAN_POINT('',(-0.00367237841448515,0.00341975039364078,0.0154944634844616));
#1317=CARTESIAN_POINT('',(-0.00354097399195939,0.0117767552530345,0.0374912259259593));
#1318=CARTESIAN_POINT('',(-0.00352796606224974,0.0224086242003558,0.0667938518964298));
#1319=CARTESIAN_POINT('',(-0.003468937553878,0.0298667798075031,0.0888117796448184));
#1320=CARTESIAN_POINT('',(-0.0032852510761839,0.0366969938543843,0.110946854242893));
#1321=CARTESIAN_POINT('',(-0.00290816672975051,0.0451189158844273,0.140591337179594));
#1322=CARTESIAN_POINT('',(-0.00254009316167255,0.0508592726163912,0.162935969753708));
#1323=CARTESIAN_POINT('',(-0.00228566192645821,0.0546549035088871,0.177839313584667));
#1324=CARTESIAN_POINT('',(0.00590901960875779,-0.00218599580681005,0.000682506614143848));
#1325=CARTESIAN_POINT('',(0.00509530128821903,0.00237450563156362,0.0153563717853122));
#1326=CARTESIAN_POINT('',(0.0037240874851946,0.00923899022706103,0.037330435055319));
#1327=CARTESIAN_POINT('',(0.00188734677011093,0.018053530140146,0.0666194077421702));
#1328=CARTESIAN_POINT('',(0.000690019824183265,0.0242703733450838,0.088647357600689));
#1329=CARTESIAN_POINT('',(-0.000260910584013834,0.0299678242334833,0.110800956431344));
#1330=CARTESIAN_POINT('',(-0.0012881761288899,0.0369816760636754,0.14047125012566));
#1331=CARTESIAN_POINT('',(-0.0018926018233541,0.041746063114001,0.162830012377192));
#1332=CARTESIAN_POINT('',(-0.00228740227492447,0.0448909803912422,0.177739763232211));
#1333=CARTESIAN_POINT('',(0.0254368658440476,-0.00226539927070013,0.000403075888072563));
#1334=CARTESIAN_POINT('',(0.0226321266129286,0.000302883194285484,0.0150480241910123));
#1335=CARTESIAN_POINT('',(0.0182609789594708,0.00419097519875836,0.0369641094280512));
#1336=CARTESIAN_POINT('',(0.0127415628163633,0.00937380397830675,0.0662322586655969));
#1337=CARTESIAN_POINT('',(0.0090372915923057,0.0130988055902348,0.0882966097201582));
#1338=CARTESIAN_POINT('',(0.00581416149613329,0.0165206978087513,0.110498367357186));
#1339=CARTESIAN_POINT('',(0.00197095799396832,0.0207100025055289,0.140228280744232));
#1340=CARTESIAN_POINT('',(-0.000582664379175497,0.023520590740668,0.162616624085166));
#1341=CARTESIAN_POINT('',(-0.00227760397751986,0.0253631341559524,0.177540028846059));
#1342=CARTESIAN_POINT('',(0.0449647120793372,-0.00228951415493286,9.22094556144063E-5));
#1343=CARTESIAN_POINT('',(0.0401724893501076,-0.00170198728483822,0.0147036795265308));
#1344=CARTESIAN_POINT('',(0.0328259666256073,-0.000760037638674521,0.0365621901464643));
#1345=CARTESIAN_POINT('',(0.0236613568226386,0.000775517090446924,0.0658383736542388));
#1346=CARTESIAN_POINT('',(0.017450605945172,0.00197373677194347,0.0879545888612753));
#1347=CARTESIAN_POINT('',(0.0119427628754149,0.00309610910411575,0.110207971104441));
#1348=CARTESIAN_POINT('',(0.00526621619824739,0.00444334659333845,0.139996483533455));
#1349=CARTESIAN_POINT('',(0.000755444788274728,0.00529698405780822,0.162412440694098));
#1350=CARTESIAN_POINT('',(-0.00224305915653944,0.00583528792066278,0.177348991508276));
#1351=CARTESIAN_POINT('',(0.0547286351969824,-0.00228515553706105,-6.21302779587016E-5));
#1352=CARTESIAN_POINT('',(0.0489437918648322,-0.00268448914245629,0.0145340656944325));
#1353=CARTESIAN_POINT('',(0.0401165693396703,-0.00321083823168711,0.0363721247489121));
#1354=CARTESIAN_POINT('',(0.0291348998048844,-0.00350711986218297,0.0656582657392212));
#1355=CARTESIAN_POINT('',(0.0216698195622686,-0.00357999273616197,0.0877975159232117));
#1356=CARTESIAN_POINT('',(0.0150172635514161,-0.00361187159052729,0.110072964906853));
#1357=CARTESIAN_POINT('',(0.00692099376224997,-0.00368895582490877,0.13988680466794));
#1358=CARTESIAN_POINT('',(0.00143019791143506,-0.0038144443691817,0.162315185666367));
#1359=CARTESIAN_POINT('',(-0.00222074728467759,-0.00392863519698237,0.177257710872691));
#1360=CARTESIAN_POINT('',(-0.0022997449965128,-0.00214570396643671,0.000788511565176929));
#1361=CARTESIAN_POINT('',(-0.00242333340032955,0.000514735050301746,0.008028119457799));
#1362=CARTESIAN_POINT('',(-0.00269462758749536,0.00588460522276725,0.0224888508993744));
#1363=CARTESIAN_POINT('',(-0.0031053013246816,0.0139792469735872,0.0441656536952764));
#1364=CARTESIAN_POINT('',(-0.00335206549248439,0.0219394817445252,0.0658920019525108));
#1365=CARTESIAN_POINT('',(-0.00331304950686176,0.0293537297635368,0.087823113324213));
#1366=CARTESIAN_POINT('',(-0.00309263681041469,0.0360072626245896,0.109975540927748));
#1367=CARTESIAN_POINT('',(-0.00271897227621851,0.0440721046733577,0.139759545822617));
#1368=CARTESIAN_POINT('',(-0.00244982814073918,0.0494684165205851,0.162261666723468));
#1369=CARTESIAN_POINT('',(-0.00229167082547648,0.0530244385119521,0.177273056638201));
#1370=CARTESIAN_POINT('',(-0.00213815767610526,0.0546549035088872,0.000808750735463123));
#1371=CARTESIAN_POINT('',(0.00341975039364077,0.0544723784144852,0.0154944634844616));
#1372=CARTESIAN_POINT('',(0.0117767552530345,0.0543409739919595,0.0374912259259593));
#1373=CARTESIAN_POINT('',(0.0224086242003558,0.0543279660622497,0.0667938518964298));
#1374=CARTESIAN_POINT('',(0.0298667798075031,0.054268937553878,0.0888117796448184));
#1375=CARTESIAN_POINT('',(0.0366969938543844,0.0540852510761839,0.110946854242892));
#1376=CARTESIAN_POINT('',(0.0451189158844272,0.0537081667297504,0.140591337179594));
#1377=CARTESIAN_POINT('',(0.0508592726163912,0.0533400931616725,0.162935969753708));
#1378=CARTESIAN_POINT('',(0.0546549035088871,0.0530856619264582,0.177839313584667));
#1379=CARTESIAN_POINT('',(-0.00218599580681005,0.0448909803912421,0.000682506614143846));
#1380=CARTESIAN_POINT('',(0.0023745056315636,0.0457046987117809,0.0153563717853123));
#1381=CARTESIAN_POINT('',(0.00923899022706099,0.0470759125148053,0.0373304350553189));
#1382=CARTESIAN_POINT('',(0.018053530140146,0.0489126532298891,0.0666194077421703));
#1383=CARTESIAN_POINT('',(0.0242703733450838,0.0501099801758167,0.0886473576006889));
#1384=CARTESIAN_POINT('',(0.0299678242334833,0.0510609105840138,0.110800956431344));
#1385=CARTESIAN_POINT('',(0.0369816760636755,0.0520881761288899,0.14047125012566));
#1386=CARTESIAN_POINT('',(0.041746063114001,0.0526926018233541,0.162830012377192));
#1387=CARTESIAN_POINT('',(0.0448909803912422,0.0530874022749245,0.177739763232211));
#1388=CARTESIAN_POINT('',(-0.00226539927070013,0.0253631341559524,0.000403075888072562));
#1389=CARTESIAN_POINT('',(0.000302883194285482,0.0281678733870713,0.0150480241910122));
#1390=CARTESIAN_POINT('',(0.00419097519875835,0.0325390210405293,0.0369641094280513));
#1391=CARTESIAN_POINT('',(0.00937380397830671,0.0380584371836367,0.0662322586655968));
#1392=CARTESIAN_POINT('',(0.0130988055902348,0.0417627084076943,0.0882966097201581));
#1393=CARTESIAN_POINT('',(0.0165206978087513,0.0449858385038667,0.110498367357186));
#1394=CARTESIAN_POINT('',(0.0207100025055288,0.0488290420060317,0.140228280744232));
#1395=CARTESIAN_POINT('',(0.0235205907406679,0.0513826643791754,0.162616624085166));
#1396=CARTESIAN_POINT('',(0.0253631341559523,0.0530776039775198,0.177540028846059));
#1397=CARTESIAN_POINT('',(-0.00228951415493286,0.00583528792066257,9.22094556144027E-5));
#1398=CARTESIAN_POINT('',(-0.00170198728483823,0.0106275106498922,0.0147036795265308));
#1399=CARTESIAN_POINT('',(-0.000760037638674596,0.0179740333743926,0.0365621901464643));
#1400=CARTESIAN_POINT('',(0.000775517090446813,0.0271386431773613,0.0658383736542388));
#1401=CARTESIAN_POINT('',(0.00197373677194333,0.0333493940548279,0.0879545888612753));
#1402=CARTESIAN_POINT('',(0.00309610910411558,0.0388572371245851,0.110207971104441));
#1403=CARTESIAN_POINT('',(0.00444334659333825,0.0455337838017525,0.139996483533455));
#1404=CARTESIAN_POINT('',(0.00529698405780803,0.0500445552117253,0.162412440694098));
#1405=CARTESIAN_POINT('',(0.00583528792066257,0.0530430591565394,0.177348991508276));
#1406=CARTESIAN_POINT('',(-0.00228515553706105,-0.00392863519698243,-6.21302779587022E-5));
#1407=CARTESIAN_POINT('',(-0.00268448914245631,0.00185620813516775,0.0145340656944325));
#1408=CARTESIAN_POINT('',(-0.00321083823168708,0.0106834306603298,0.0363721247489121));
#1409=CARTESIAN_POINT('',(-0.00350711986218296,0.0216651001951156,0.0656582657392212));
#1410=CARTESIAN_POINT('',(-0.00357999273616198,0.0291301804377314,0.0877975159232117));
#1411=CARTESIAN_POINT('',(-0.00361187159052729,0.0357827364485839,0.110072964906853));
#1412=CARTESIAN_POINT('',(-0.00368895582490879,0.04387900623775,0.13988680466794));
#1413=CARTESIAN_POINT('',(-0.0038144443691818,0.0493698020885649,0.162315185666367));
#1414=CARTESIAN_POINT('',(-0.00392863519698243,0.0530207472846776,0.177257710872691));
#1415=CARTESIAN_POINT('',(-0.00214570396643689,0.0530997449965128,0.000788511565177008));
#1416=CARTESIAN_POINT('',(0.00051473505030156,0.0532233334003296,0.00802811945779907));
#1417=CARTESIAN_POINT('',(0.00588460522276724,0.0534946275874953,0.0224888508993745));
#1418=CARTESIAN_POINT('',(0.0139792469735871,0.0539053013246818,0.0441656536952764));
#1419=CARTESIAN_POINT('',(0.0219394817445253,0.0541520654924842,0.0658920019525107));
#1420=CARTESIAN_POINT('',(0.0293537297635369,0.0541130495068619,0.0878231133242134));
#1421=CARTESIAN_POINT('',(0.0360072626245896,0.0538926368104146,0.109975540927748));
#1422=CARTESIAN_POINT('',(0.0440721046733577,0.0535189722762186,0.139759545822617));
#1423=CARTESIAN_POINT('',(0.0494684165205851,0.0532498281407392,0.162261666723469));
#1424=CARTESIAN_POINT('',(0.0530244385119521,0.0530916708254765,0.177273056638201));
#1425=CARTESIAN_POINT('',(0.0546549035088872,0.0529381576761053,0.00080875073546312));
#1426=CARTESIAN_POINT('',(0.0544723784144853,0.0473802496063591,0.0154944634844618));
#1427=CARTESIAN_POINT('',(0.0543409739919594,0.0390232447469656,0.0374912259259594));
#1428=CARTESIAN_POINT('',(0.0543279660622499,0.0283913757996441,0.0667938518964299));
#1429=CARTESIAN_POINT('',(0.0542689375538781,0.0209332201924968,0.0888117796448185));
#1430=CARTESIAN_POINT('',(0.054085251076184,0.0141030061456155,0.110946854242893));
#1431=CARTESIAN_POINT('',(0.0537081667297506,0.00568108411557254,0.140591337179594));
#1432=CARTESIAN_POINT('',(0.0533400931616726,-5.92726163913237E-5,0.162935969753708));
#1433=CARTESIAN_POINT('',(0.0530856619264582,-0.00385490350888721,0.177839313584667));
#1434=CARTESIAN_POINT('',(0.0448909803912422,0.05298599580681,0.000682506614143845));
#1435=CARTESIAN_POINT('',(0.0457046987117809,0.0484254943684363,0.0153563717853124));
#1436=CARTESIAN_POINT('',(0.0470759125148054,0.0415610097729389,0.037330435055319));
#1437=CARTESIAN_POINT('',(0.048912653229889,0.032746469859854,0.0666194077421703));
#1438=CARTESIAN_POINT('',(0.0501099801758167,0.0265296266549161,0.088647357600689));
#1439=CARTESIAN_POINT('',(0.0510609105840137,0.0208321757665167,0.110800956431344));
#1440=CARTESIAN_POINT('',(0.0520881761288899,0.0138183239363246,0.140471250125661));
#1441=CARTESIAN_POINT('',(0.052692601823354,0.00905393688599892,0.162830012377193));
#1442=CARTESIAN_POINT('',(0.0530874022749244,0.00590901960875779,0.177739763232211));
#1443=CARTESIAN_POINT('',(0.0253631341559524,0.0530653992707001,0.000403075888072557));
#1444=CARTESIAN_POINT('',(0.0281678733870714,0.0504971168057145,0.0150480241910124));
#1445=CARTESIAN_POINT('',(0.0325390210405293,0.0466090248012417,0.0369641094280513));
#1446=CARTESIAN_POINT('',(0.0380584371836368,0.0414261960216932,0.066232258665597));
#1447=CARTESIAN_POINT('',(0.0417627084076943,0.0377011944097651,0.0882966097201583));
#1448=CARTESIAN_POINT('',(0.0449858385038668,0.0342793021912485,0.110498367357186));
#1449=CARTESIAN_POINT('',(0.0488290420060317,0.030089997494471,0.140228280744232));
#1450=CARTESIAN_POINT('',(0.0513826643791755,0.0272794092593319,0.162616624085166));
#1451=CARTESIAN_POINT('',(0.0530776039775199,0.0254368658440475,0.177540028846059));
#1452=CARTESIAN_POINT('',(0.00583528792066288,0.0530895141549329,9.22094556144072E-5));
#1453=CARTESIAN_POINT('',(0.0106275106498926,0.0525019872848382,0.0147036795265309));
#1454=CARTESIAN_POINT('',(0.0179740333743928,0.0515600376386745,0.0365621901464644));
#1455=CARTESIAN_POINT('',(0.0271386431773615,0.0500244829095531,0.0658383736542389));
#1456=CARTESIAN_POINT('',(0.0333493940548281,0.0488262632280566,0.0879545888612755));
#1457=CARTESIAN_POINT('',(0.0388572371245851,0.0477038908958843,0.110207971104441));
#1458=CARTESIAN_POINT('',(0.0455337838017527,0.0463566534066615,0.139996483533455));
#1459=CARTESIAN_POINT('',(0.0500445552117253,0.0455030159421917,0.162412440694098));
#1460=CARTESIAN_POINT('',(0.0530430591565394,0.0449647120793372,0.177348991508276));
#1461=CARTESIAN_POINT('',(-0.00392863519698236,0.053085155537061,-6.21302779587014E-5));
#1462=CARTESIAN_POINT('',(0.00185620813516773,0.0534844891424563,0.0145340656944327));
#1463=CARTESIAN_POINT('',(0.0106834306603299,0.0540108382316871,0.0363721247489121));
#1464=CARTESIAN_POINT('',(0.0216651001951158,0.0543071198621829,0.0656582657392213));
#1465=CARTESIAN_POINT('',(0.0291301804377315,0.0543799927361618,0.0877975159232118));
#1466=CARTESIAN_POINT('',(0.035782736448584,0.0544118715905271,0.110072964906853));
#1467=CARTESIAN_POINT('',(0.0438790062377501,0.0544889558249087,0.13988680466794));
#1468=CARTESIAN_POINT('',(0.0493698020885649,0.0546144443691815,0.162315185666367));
#1469=CARTESIAN_POINT('',(0.0530207472846776,0.0547286351969823,0.177257710872691));
#1470=CARTESIAN_POINT('',(0.0500039233301073,0.000470965238410192,0.00228599999999999));
#1471=CARTESIAN_POINT('',(0.041447207773529,0.000389594536115066,0.0268596283044665));
#1472=CARTESIAN_POINT('',(0.0213520607166705,0.000198498289204844,0.0848337338163127));
#1473=CARTESIAN_POINT('',(0.00810771559016568,7.25502362099171E-5,0.143821245834415));
#1474=CARTESIAN_POINT('',(0.000478535586785293,0.,0.1778));
#1475=CARTESIAN_POINT('',(0.0502668257171643,0.0168266042742767,0.00228599999999999));
#1476=CARTESIAN_POINT('',(0.0445359446942055,0.013919399038362,0.0268596283044665));
#1477=CARTESIAN_POINT('',(0.0310771711542601,0.00709192927453879,0.0848337338163127));
#1478=CARTESIAN_POINT('',(0.0222067388435062,0.00259206840579288,0.143821245834415));
#1479=CARTESIAN_POINT('',(0.0170970770097087,0.,0.1778));
#1480=CARTESIAN_POINT('',(0.0505297281042212,0.0331822433101432,0.00228599999999999));
#1481=CARTESIAN_POINT('',(0.0476246816148819,0.0274492035406089,0.0268596283044665));
#1482=CARTESIAN_POINT('',(0.0408022815918495,0.0139853602598726,0.0848337338163127));
#1483=CARTESIAN_POINT('',(0.0363057620968466,0.00511158657537579,0.143821245834415));
#1484=CARTESIAN_POINT('',(0.0337156184326321,0.,0.1778));
#1485=CARTESIAN_POINT('',(0.0507926304912781,0.0495378823460097,0.00228599999999999));
#1486=CARTESIAN_POINT('',(0.0507134185355585,0.0409790080428559,0.0268596283044665));
#1487=CARTESIAN_POINT('',(0.0505273920294391,0.0208787912452065,0.0848337338163127));
#1488=CARTESIAN_POINT('',(0.0504047853501871,0.00763110474495876,0.143821245834415));
#1489=CARTESIAN_POINT('',(0.0503341598555555,0.,0.1778));
#1490=CARTESIAN_POINT('',(0.0500385731504047,5.9841680862719E-21,0.1778));
#1491=CARTESIAN_POINT('',(0.050036196994343,0.00331309253142079,0.162960765125954));
#1492=CARTESIAN_POINT('',(0.0500374610170157,0.00826743230870568,0.140698525995386));
#1493=CARTESIAN_POINT('',(0.0500802687229585,0.0153872969420096,0.111132497589065));
#1494=CARTESIAN_POINT('',(0.050151050354226,0.0211126568904241,0.0890615022956334));
#1495=CARTESIAN_POINT('',(0.0502800018327195,0.0274043481745089,0.0671335700912156));
#1496=CARTESIAN_POINT('',(0.0505280344932611,0.0366048342003828,0.0381566925973871));
#1497=CARTESIAN_POINT('',(0.050704324317044,0.0441414553015462,0.0166279166256071));
#1498=CARTESIAN_POINT('',(0.0507870411709628,0.0491901604916846,0.00228600000000021));
#1499=CARTESIAN_POINT('',(0.0507870411709628,0.0491901604916847,0.002286));
#1500=CARTESIAN_POINT('',(0.0507870411709627,0.0491901604916847,0.002286));
#1501=CARTESIAN_POINT('',(0.0505275606004823,0.0330473989325055,0.002286));
#1502=CARTESIAN_POINT('',(0.0502680800300018,0.0169046373733262,0.002286));
#1503=CARTESIAN_POINT('',(0.0500085994595214,0.000761875814146929,0.002286));
#1504=CARTESIAN_POINT('',(0.0500085994595214,0.000761875814146947,0.002286));
#1505=CARTESIAN_POINT('',(0.0500085994595214,0.000761875814146946,0.00228600000000001));
#1506=CARTESIAN_POINT('',(0.0450365615100655,0.000769302037169527,0.0166532498322331));
#1507=CARTESIAN_POINT('',(0.0376413038599517,0.000770490433744651,0.0382284797073781));
#1508=CARTESIAN_POINT('',(0.0285298027020526,0.000637061672769055,0.0672323930122458));
#1509=CARTESIAN_POINT('',(0.020117820610203,0.000427449203105513,0.0964563304983903));
#1510=CARTESIAN_POINT('',(0.0108668306313485,0.000174204656982576,0.133319380573476));
#1511=CARTESIAN_POINT('',(0.00414311928949228,5.16101676962465E-5,0.16297379790155));
#1512=CARTESIAN_POINT('',(0.000780168147603023,2.72530940664281E-21,0.1778));
#1513=CARTESIAN_POINT('',(0.000470965238410192,0.00079607666989267,0.002286));
#1514=CARTESIAN_POINT('',(0.000389594536115073,0.00935279222647098,0.0268596283044665));
#1515=CARTESIAN_POINT('',(0.000198498289204867,0.0294479392833295,0.0848337338163127));
#1516=CARTESIAN_POINT('',(7.25502362099255E-5,0.0426922844098343,0.143821245834415));
#1517=CARTESIAN_POINT('',(0.,0.0503214644132147,0.1778));
#1518=CARTESIAN_POINT('',(0.0168266042742767,0.000533174282835746,0.002286));
#1519=CARTESIAN_POINT('',(0.013919399038362,0.00626405530579451,0.0268596283044665));
#1520=CARTESIAN_POINT('',(0.00709192927453873,0.01972282884574,0.0848337338163127));
#1521=CARTESIAN_POINT('',(0.00259206840579286,0.0285932611564938,0.143821245834415));
#1522=CARTESIAN_POINT('',(0.,0.0337029229902913,0.1778));
#1523=CARTESIAN_POINT('',(0.0331822433101431,0.00027027189577882,0.002286));
#1524=CARTESIAN_POINT('',(0.0274492035406089,0.00317531838511802,0.0268596283044665));
#1525=CARTESIAN_POINT('',(0.0139853602598726,0.00999771840815044,0.0848337338163127));
#1526=CARTESIAN_POINT('',(0.00511158657537582,0.0144942379031534,0.143821245834415));
#1527=CARTESIAN_POINT('',(0.,0.0170843815673679,0.1778));
#1528=CARTESIAN_POINT('',(0.0495378823460096,7.36950872189477E-6,0.002286));
#1529=CARTESIAN_POINT('',(0.0409790080428558,8.65814644415346E-5,0.0268596283044665));
#1530=CARTESIAN_POINT('',(0.0208787912452065,0.000272607970560905,0.0848337338163127));
#1531=CARTESIAN_POINT('',(0.00763110474495876,0.00039521464981295,0.143821245834415));
#1532=CARTESIAN_POINT('',(0.,0.000465840144444515,0.1778));
#1533=CARTESIAN_POINT('',(-1.32117996709883E-21,0.000761426849595305,0.1778));
#1534=CARTESIAN_POINT('',(0.00331309253142079,0.000763803005656967,0.162960765125954));
#1535=CARTESIAN_POINT('',(0.00826743230870569,0.000762538982984219,0.140698525995386));
#1536=CARTESIAN_POINT('',(0.0153872969420096,0.00071973127704154,0.111132497589065));
#1537=CARTESIAN_POINT('',(0.0211126568904241,0.000648949645773927,0.0890615022956335));
#1538=CARTESIAN_POINT('',(0.0274043481745089,0.000519998167280562,0.0671335700912156));
#1539=CARTESIAN_POINT('',(0.0366048342003827,0.000271965506738931,0.0381566925973871));
#1540=CARTESIAN_POINT('',(0.0441414553015462,9.56756829560126E-5,0.0166279166256071));
#1541=CARTESIAN_POINT('',(0.0491901604916846,1.29588290372571E-5,0.00228600000000021));
#1542=CARTESIAN_POINT('',(0.0491901604916847,1.29588290372562E-5,0.002286));
#1543=CARTESIAN_POINT('',(0.0491901604916847,1.29588290372555E-5,0.002286));
#1544=CARTESIAN_POINT('',(0.0330473989325054,0.000272439399517709,0.002286));
#1545=CARTESIAN_POINT('',(0.0169046373733262,0.000531919969998163,0.002286));
#1546=CARTESIAN_POINT('',(0.000761875814146929,0.000791400540478615,0.002286));
#1547=CARTESIAN_POINT('',(0.000761875814146948,0.000791400540478616,0.002286));
#1548=CARTESIAN_POINT('',(0.000761875814146947,0.000791400540478614,0.002286));
#1549=CARTESIAN_POINT('',(0.000769302037169529,0.00576343848993452,0.016653249832233));
#1550=CARTESIAN_POINT('',(0.000770490433744652,0.0131586961400483,0.0382284797073781));
#1551=CARTESIAN_POINT('',(0.000637061672769046,0.0222701972979474,0.0672323930122457));
#1552=CARTESIAN_POINT('',(0.000427449203105555,0.030682179389797,0.0964563304983903));
#1553=CARTESIAN_POINT('',(0.000174204656982565,0.0399331693686516,0.133319380573476));
#1554=CARTESIAN_POINT('',(5.1610167696249E-5,0.0466568807105078,0.16297379790155));
#1555=CARTESIAN_POINT('',(-4.31507322718222E-21,0.050019831852397,0.1778));
#1556=CARTESIAN_POINT('',(0.00079607666989267,0.0503290347615898,0.002286));
#1557=CARTESIAN_POINT('',(0.00935279222647098,0.050410405463885,0.0268596283044665));
#1558=CARTESIAN_POINT('',(0.0294479392833295,0.0506015017107951,0.0848337338163127));
#1559=CARTESIAN_POINT('',(0.0426922844098344,0.0507274497637901,0.143821245834415));
#1560=CARTESIAN_POINT('',(0.0503214644132148,0.0508,0.1778));
#1561=CARTESIAN_POINT('',(0.000533174282835746,0.0339733957257234,0.002286));
#1562=CARTESIAN_POINT('',(0.00626405530579451,0.036880600961638,0.0268596283044665));
#1563=CARTESIAN_POINT('',(0.01972282884574,0.0437080707254613,0.0848337338163127));
#1564=CARTESIAN_POINT('',(0.0285932611564939,0.0482079315942071,0.143821245834415));
#1565=CARTESIAN_POINT('',(0.0337029229902913,0.0508,0.1778));
#1566=CARTESIAN_POINT('',(0.00027027189577882,0.0176177566898569,0.002286));
#1567=CARTESIAN_POINT('',(0.00317531838511802,0.0233507964593911,0.0268596283044665));
#1568=CARTESIAN_POINT('',(0.00999771840815044,0.0368146397401274,0.0848337338163127));
#1569=CARTESIAN_POINT('',(0.0144942379031534,0.0456884134246242,0.143821245834415));
#1570=CARTESIAN_POINT('',(0.017084381567368,0.0508,0.1778));
#1571=CARTESIAN_POINT('',(7.36950872189488E-6,0.00126211765399039,0.002286));
#1572=CARTESIAN_POINT('',(8.65814644415359E-5,0.00982099195714418,0.0268596283044665));
#1573=CARTESIAN_POINT('',(0.000272607970560909,0.0299212087547935,0.0848337338163127));
#1574=CARTESIAN_POINT('',(0.000395214649812944,0.0431688952550413,0.143821245834415));
#1575=CARTESIAN_POINT('',(0.000465840144444505,0.0508,0.1778));
#1576=CARTESIAN_POINT('',(0.000761426849595306,0.0508,0.1778));
#1577=CARTESIAN_POINT('',(0.000763803005656972,0.0474869074685792,0.162960765125954));
#1578=CARTESIAN_POINT('',(0.000762538982984225,0.0425325676912943,0.140698525995386));
#1579=CARTESIAN_POINT('',(0.000719731277041542,0.0354127030579904,0.111132497589065));
#1580=CARTESIAN_POINT('',(0.000648949645773939,0.0296873431095759,0.0890615022956334));
#1581=CARTESIAN_POINT('',(0.00051999816728056,0.0233956518254911,0.0671335700912156));
#1582=CARTESIAN_POINT('',(0.000271965506738905,0.0141951657996172,0.038156692597387));
#1583=CARTESIAN_POINT('',(9.5675682956014E-5,0.00665854469845379,0.016627916625607));
#1584=CARTESIAN_POINT('',(1.29588290372572E-5,0.00160983950831539,0.00228600000000016));
#1585=CARTESIAN_POINT('',(1.29588290372565E-5,0.00160983950831533,0.002286));
#1586=CARTESIAN_POINT('',(1.29588290372563E-5,0.00160983950831533,0.002286));
#1587=CARTESIAN_POINT('',(0.000272439399517709,0.0177526010674946,0.002286));
#1588=CARTESIAN_POINT('',(0.000531919969998164,0.0338953626266739,0.002286));
#1589=CARTESIAN_POINT('',(0.000791400540478615,0.0500381241858531,0.002286));
#1590=CARTESIAN_POINT('',(0.000791400540478615,0.0500381241858531,0.002286));
#1591=CARTESIAN_POINT('',(0.000791400540478613,0.050038124185853,0.002286));
#1592=CARTESIAN_POINT('',(0.00576343848993451,0.0500306979628304,0.0166532498322331));
#1593=CARTESIAN_POINT('',(0.0131586961400483,0.0500295095662554,0.0382284797073781));
#1594=CARTESIAN_POINT('',(0.0222701972979474,0.0501629383272309,0.0672323930122457));
#1595=CARTESIAN_POINT('',(0.030682179389797,0.0503725507968944,0.0964563304983903));
#1596=CARTESIAN_POINT('',(0.0399331693686516,0.0506257953430174,0.133319380573476));
#1597=CARTESIAN_POINT('',(0.0466568807105077,0.0507483898323037,0.16297379790155));
#1598=CARTESIAN_POINT('',(0.050019831852397,0.0508,0.1778));
#1599=CARTESIAN_POINT('',(0.0503290347615899,0.0500039233301073,0.00228599999999999));
#1600=CARTESIAN_POINT('',(0.050410405463885,0.041447207773529,0.0268596283044666));
#1601=CARTESIAN_POINT('',(0.0506015017107952,0.0213520607166705,0.0848337338163127));
#1602=CARTESIAN_POINT('',(0.0507274497637901,0.00810771559016562,0.143821245834415));
#1603=CARTESIAN_POINT('',(0.0508,0.00047853558678522,0.1778));
#1604=CARTESIAN_POINT('',(0.0339733957257234,0.0502668257171643,0.00228599999999999));
#1605=CARTESIAN_POINT('',(0.0368806009616381,0.0445359446942055,0.0268596283044666));
#1606=CARTESIAN_POINT('',(0.0437080707254613,0.03107717115426,0.0848337338163127));
#1607=CARTESIAN_POINT('',(0.0482079315942071,0.0222067388435061,0.143821245834415));
#1608=CARTESIAN_POINT('',(0.0508,0.0170970770097086,0.1778));
#1609=CARTESIAN_POINT('',(0.0176177566898569,0.0505297281042212,0.00228599999999999));
#1610=CARTESIAN_POINT('',(0.0233507964593911,0.047624681614882,0.0268596283044666));
#1611=CARTESIAN_POINT('',(0.0368146397401274,0.0408022815918495,0.0848337338163127));
#1612=CARTESIAN_POINT('',(0.0456884134246241,0.0363057620968466,0.143821245834415));
#1613=CARTESIAN_POINT('',(0.0508,0.0337156184326321,0.1778));
#1614=CARTESIAN_POINT('',(0.00126211765399038,0.0507926304912781,0.00228599999999999));
#1615=CARTESIAN_POINT('',(0.00982099195714417,0.0507134185355585,0.0268596283044666));
#1616=CARTESIAN_POINT('',(0.0299212087547935,0.0505273920294391,0.0848337338163127));
#1617=CARTESIAN_POINT('',(0.0431688952550413,0.050404785350187,0.143821245834415));
#1618=CARTESIAN_POINT('',(0.0508,0.0503341598555555,0.1778));
#1619=CARTESIAN_POINT('',(0.0508,0.0500385731504047,0.1778));
#1620=CARTESIAN_POINT('',(0.0474869074685792,0.050036196994343,0.162960765125954));
#1621=CARTESIAN_POINT('',(0.0425325676912943,0.0500374610170157,0.140698525995386));
#1622=CARTESIAN_POINT('',(0.0354127030579904,0.0500802687229585,0.111132497589065));
#1623=CARTESIAN_POINT('',(0.0296873431095759,0.050151050354226,0.0890615022956334));
#1624=CARTESIAN_POINT('',(0.0233956518254911,0.0502800018327195,0.0671335700912156));
#1625=CARTESIAN_POINT('',(0.0141951657996172,0.050528034493261,0.038156692597387));
#1626=CARTESIAN_POINT('',(0.00665854469845379,0.050704324317044,0.0166279166256071));
#1627=CARTESIAN_POINT('',(0.00160983950831539,0.0507870411709627,0.00228600000000017));
#1628=CARTESIAN_POINT('',(0.00160983950831533,0.0507870411709628,0.002286));
#1629=CARTESIAN_POINT('',(0.00160983950831533,0.0507870411709627,0.002286));
#1630=CARTESIAN_POINT('',(0.0177526010674946,0.0505275606004823,0.002286));
#1631=CARTESIAN_POINT('',(0.0338953626266738,0.0502680800300018,0.002286));
#1632=CARTESIAN_POINT('',(0.050038124185853,0.0500085994595214,0.002286));
#1633=CARTESIAN_POINT('',(0.050038124185853,0.0500085994595214,0.002286));
#1634=CARTESIAN_POINT('',(0.050038124185853,0.0500085994595214,0.00228600000000001));
#1635=CARTESIAN_POINT('',(0.0500306979628305,0.0450365615100655,0.0166532498322331));
#1636=CARTESIAN_POINT('',(0.0500295095662553,0.0376413038599517,0.0382284797073781));
#1637=CARTESIAN_POINT('',(0.050162938327231,0.0285298027020526,0.0672323930122458));
#1638=CARTESIAN_POINT('',(0.0503725507968944,0.020117820610203,0.0964563304983903));
#1639=CARTESIAN_POINT('',(0.0506257953430174,0.0108668306313484,0.133319380573476));
#1640=CARTESIAN_POINT('',(0.0507483898323037,0.00414311928949228,0.16297379790155));
#1641=CARTESIAN_POINT('',(0.0508,0.000780168147603015,0.1778));
#1642=CARTESIAN_POINT('',(0.000761325755305898,0.000432948209190191,0.00125039756349119));
#1643=CARTESIAN_POINT('',(1.40511363928906E-6,0.000440190777479149,0.00125215743554618));
#1644=CARTESIAN_POINT('',(5.63352987523278E-6,0.00115832362711872,0.00100355682343764));
#1645=CARTESIAN_POINT('',(0.000769260092066872,0.005471952341293,0.0158061034670801));
#1646=CARTESIAN_POINT('',(1.71121569509374E-6,0.00557674485688553,0.0158632465561074));
#1647=CARTESIAN_POINT('',(8.78271269101038E-5,0.00627477784003333,0.0155340142575302));
#1648=CARTESIAN_POINT('',(0.000772262671469651,0.0129727868894316,0.0376555667981139));
#1649=CARTESIAN_POINT('',(2.27914891457353E-6,0.0132381657473938,0.0377013312528154));
#1650=CARTESIAN_POINT('',(0.000264289960405477,0.01392427645126,0.0373423632815014));
#1651=CARTESIAN_POINT('',(0.000638461110102201,0.0222076620783065,0.0670187614416019));
#1652=CARTESIAN_POINT('',(2.21522037762791E-6,0.0226732127522143,0.0668664080450586));
#1653=CARTESIAN_POINT('',(0.000517046237561225,0.0232681008036271,0.0667036056131134));
#1654=CARTESIAN_POINT('',(0.000480107059207718,0.0285996732201536,0.0892118357709323));
#1655=CARTESIAN_POINT('',(1.73223238551707E-6,0.029198201177209,0.0890006351396151));
#1656=CARTESIAN_POINT('',(0.000648668969482811,0.0296549258937835,0.0889312290572018));
#1657=CARTESIAN_POINT('',(0.000321033291802129,0.034467454083353,0.111548429737354));
#1658=CARTESIAN_POINT('',(1.28435683257724E-6,0.0351497151589826,0.1113359135423));
#1659=CARTESIAN_POINT('',(0.000720280219609891,0.035457837317604,0.111306410410764));
#1660=CARTESIAN_POINT('',(0.000141225948071987,0.0417917019168711,0.141471523581275));
#1661=CARTESIAN_POINT('',(8.20270340625296E-7,0.042517400294741,0.141229764833929));
#1662=CARTESIAN_POINT('',(0.000763022989500596,0.0426674483214064,0.141275846611475));
#1663=CARTESIAN_POINT('',(4.74313073218354E-5,0.0468914904718394,0.164009250986305));
#1664=CARTESIAN_POINT('',(6.49166445652444E-7,0.0476313628539347,0.163820447121878));
#1665=CARTESIAN_POINT('',(0.000763861700974106,0.0476818142103403,0.163835942152716));
#1666=CARTESIAN_POINT('',(-4.2649208827517E-6,0.0502993510466299,0.179032264631311));
#1667=CARTESIAN_POINT('',(5.70647589858842E-7,0.0510417431520066,0.178866493956141));
#1668=CARTESIAN_POINT('',(0.000761248174328688,0.0510388610529197,0.178869769839807));
#1669=CARTESIAN_POINT('',(0.000761875814146947,0.000791400540478617,0.002286));
#1670=CARTESIAN_POINT('',(0.000554680045674605,0.00079473102863625,0.002286));
#1671=CARTESIAN_POINT('',(0.000157192079031496,0.000989641951959844,0.002286));
#1672=CARTESIAN_POINT('',(9.63327451144585E-6,0.00140295067011518,0.002286));
#1673=CARTESIAN_POINT('',(1.29588290372564E-5,0.00160983950831533,0.002286));
#1674=CARTESIAN_POINT('',(0.000432948209190502,0.0500386742446941,0.00125039756349208));
#1675=CARTESIAN_POINT('',(0.000440190777479457,0.0507985948863607,0.00125215743554708));
#1676=CARTESIAN_POINT('',(0.00115832362711904,0.0507943664701248,0.00100355682343853));
#1677=CARTESIAN_POINT('',(0.00547195234126684,0.0500307399091834,0.0158061034669731));
#1678=CARTESIAN_POINT('',(0.0055767448541031,0.0507982887844321,0.015863246545499));
#1679=CARTESIAN_POINT('',(0.00627477783981585,0.0507121728730918,0.0155340142574126));
#1680=CARTESIAN_POINT('',(0.0129727868894278,0.0500277373282485,0.0376555667981074));
#1681=CARTESIAN_POINT('',(0.0132381657492918,0.050797720851054,0.0377013312588934));
#1682=CARTESIAN_POINT('',(0.0139242764512988,0.0505357100395939,0.0373423632815));
#1683=CARTESIAN_POINT('',(0.0222076620782875,0.0501615388899505,0.0670187614415433));
#1684=CARTESIAN_POINT('',(0.022673212751492,0.0507977847796317,0.0668664080427207));
#1685=CARTESIAN_POINT('',(0.0232681008036003,0.0502829537624401,0.0667036056130498));
#1686=CARTESIAN_POINT('',(0.0285996732201407,0.0503198929407776,0.0892118357708662));
#1687=CARTESIAN_POINT('',(0.0291982011776181,0.0507982677675985,0.0890006351411484));
#1688=CARTESIAN_POINT('',(0.029654925893771,0.0501513310305145,0.0889312290571529));
#1689=CARTESIAN_POINT('',(0.0344674540833048,0.0504789667082009,0.111548429737245));
#1690=CARTESIAN_POINT('',(0.0351497151583354,0.0507987156432217,0.111335913539469));
#1691=CARTESIAN_POINT('',(0.0354578373175625,0.0500797197804016,0.111306410410591));
#1692=CARTESIAN_POINT('',(0.0417917019169771,0.0506587740519251,0.141471523581255));
#1693=CARTESIAN_POINT('',(0.0425174002962456,0.0507991797293743,0.141229764841381));
#1694=CARTESIAN_POINT('',(0.0426674483214766,0.0500369770104393,0.141275846611793));
#1695=CARTESIAN_POINT('',(0.0468914904712192,0.0507525686926779,0.164009250985745));
#1696=CARTESIAN_POINT('',(0.0476313628517791,0.0507993508348144,0.163820447108592));
#1697=CARTESIAN_POINT('',(0.0476818142098831,0.0500361382992931,0.163835942150657));
#1698=CARTESIAN_POINT('',(0.0502993510465966,0.0508042649208822,0.179032264631164));
#1699=CARTESIAN_POINT('',(0.0510417431519733,0.0507994293524101,0.178866493955994));
#1700=CARTESIAN_POINT('',(0.0510388610528869,0.0500387518256713,0.17886976983966));
#1701=CARTESIAN_POINT('',(0.000791400540478617,0.0500381241858531,0.002286));
#1702=CARTESIAN_POINT('',(0.000794731028636262,0.0502453199543254,0.002286));
#1703=CARTESIAN_POINT('',(0.000989641951959862,0.0506428079209685,0.002286));
#1704=CARTESIAN_POINT('',(0.00140295067011517,0.0507903667254886,0.002286));
#1705=CARTESIAN_POINT('',(0.00160983950831533,0.0507870411709628,0.002286));
#1706=CARTESIAN_POINT('',(0.0500386742446941,0.0503670517908097,0.00125039756349138));
#1707=CARTESIAN_POINT('',(0.0507985948863607,0.0503598092225208,0.00125215743554637));
#1708=CARTESIAN_POINT('',(0.0507943664701248,0.0496416763728812,0.00100355682343783));
#1709=CARTESIAN_POINT('',(0.0500307399076895,0.0453280476587757,0.015806103466888));
#1710=CARTESIAN_POINT('',(0.0507982887842596,0.0452232551428502,0.0158632465564397));
#1711=CARTESIAN_POINT('',(0.0507121728730876,0.044525222159549,0.0155340142573424));
#1712=CARTESIAN_POINT('',(0.0500277373285853,0.0378272131105535,0.0376555667981565));
#1713=CARTESIAN_POINT('',(0.0507977208510935,0.0375618342527004,0.0377013312526778));
#1714=CARTESIAN_POINT('',(0.0505357100395946,0.0368757235488354,0.0373423632815414));
#1715=CARTESIAN_POINT('',(0.0501615388898874,0.0285923379217012,0.0670187614415774));
#1716=CARTESIAN_POINT('',(0.0507977847796241,0.0281267872477932,0.0668664080449676));
#1717=CARTESIAN_POINT('',(0.0502829537624395,0.027531899196359,0.0667036056130916));
#1718=CARTESIAN_POINT('',(0.050319892940795,0.0222003267798408,0.0892118357709513));
#1719=CARTESIAN_POINT('',(0.0507982677676011,0.0216017988226781,0.0890006351401204));
#1720=CARTESIAN_POINT('',(0.0501513310305142,0.0211450741062203,0.088931229057211));
#1721=CARTESIAN_POINT('',(0.0504789667081967,0.0163325459166818,0.111548429737229));
#1722=CARTESIAN_POINT('',(0.0507987156432188,0.015650284841365,0.111335913540744));
#1723=CARTESIAN_POINT('',(0.0500797197804015,0.0153421626824146,0.111306410410676));
#1724=CARTESIAN_POINT('',(0.0506587740519302,0.00900829808297023,0.141471523581833));
#1725=CARTESIAN_POINT('',(0.0507991797293877,0.00828259970430944,0.14122976483853));
#1726=CARTESIAN_POINT('',(0.0500369770104391,0.00813255167851348,0.141275846611839));
#1727=CARTESIAN_POINT('',(0.0507525686926697,0.00390850952888896,0.16400925098372));
#1728=CARTESIAN_POINT('',(0.0507993508347563,0.0031686371476063,0.163820447113295));
#1729=CARTESIAN_POINT('',(0.0500361382992933,0.00311818579004297,0.163835942150994));
#1730=CARTESIAN_POINT('',(0.0508042649208827,0.000500648953375755,0.179032264631286));
#1731=CARTESIAN_POINT('',(0.0507994293524101,-0.000241743152000925,0.178866493956116));
#1732=CARTESIAN_POINT('',(0.0500387518256713,-0.000238861052914103,0.178869769839782));
#1733=CARTESIAN_POINT('',(0.050038124185853,0.0500085994595214,0.002286));
#1734=CARTESIAN_POINT('',(0.0502453199543253,0.0500052689713638,0.002286));
#1735=CARTESIAN_POINT('',(0.0506428079209685,0.0498103580480402,0.002286));
#1736=CARTESIAN_POINT('',(0.0507903667254885,0.0493970493298849,0.002286));
#1737=CARTESIAN_POINT('',(0.0507870411709627,0.0491901604916847,0.002286));
#1738=CARTESIAN_POINT('',(0.0503670517908096,0.000761325755305897,0.00125039756349179));
#1739=CARTESIAN_POINT('',(0.0503598092225206,1.40511363928494E-6,0.00125215743554678));
#1740=CARTESIAN_POINT('',(0.0496416763728811,5.63352987523603E-6,0.00100355682343824));
#1741=CARTESIAN_POINT('',(0.0453280476586773,0.000769260092077114,0.0158061034671661));
#1742=CARTESIAN_POINT('',(0.0452232551441802,1.71121602835283E-6,0.0158632465528835));
#1743=CARTESIAN_POINT('',(0.0445252221599277,8.78271269103429E-5,0.0155340142575206));
#1744=CARTESIAN_POINT('',(0.037827213110581,0.0007722626714673,0.0376555667980813));
#1745=CARTESIAN_POINT('',(0.0375618342519876,2.2791488386734E-6,0.0377013312546332));
#1746=CARTESIAN_POINT('',(0.0368757235487558,0.000264289960404937,0.037342363281485));
#1747=CARTESIAN_POINT('',(0.0285923379217069,0.000638461110102934,0.0670187614415516));
#1748=CARTESIAN_POINT('',(0.0281267872480141,2.2152203918725E-6,0.0668664080443556));
#1749=CARTESIAN_POINT('',(0.0275318991963846,0.00051704623756141,0.066703605613068));
#1750=CARTESIAN_POINT('',(0.0222003267798495,0.000480107059207764,0.08921183577094));
#1751=CARTESIAN_POINT('',(0.0216017988226967,1.7322323821398E-6,0.0890006351399574));
#1752=CARTESIAN_POINT('',(0.0211450741062253,0.000648668969480793,0.0889312290571763));
#1753=CARTESIAN_POINT('',(0.0163325459167068,0.000321033291803419,0.111548429737062));
#1754=CARTESIAN_POINT('',(0.0156502848411671,1.28435683189174E-6,0.111335913541628));
#1755=CARTESIAN_POINT('',(0.0153421626824344,0.000720280219616325,0.111306410410599));
#1756=CARTESIAN_POINT('',(0.00900829808291882,0.000141225948068033,0.141471523582397));
#1757=CARTESIAN_POINT('',(0.00828259970489361,8.20270348855885E-7,0.141229764835853));
#1758=CARTESIAN_POINT('',(0.00813255167849501,0.000763022989465597,0.141275846611918));
#1759=CARTESIAN_POINT('',(0.00390850952920092,4.74313073415547E-5,0.164009250980863));
#1760=CARTESIAN_POINT('',(0.00316863714705653,6.49166406322177E-7,0.163820447116068));
#1761=CARTESIAN_POINT('',(0.00311818579020365,0.000763861701129109,0.163835942150283));
#1762=CARTESIAN_POINT('',(0.000500648953394118,-4.26492088238925E-6,0.179032264631205));
#1763=CARTESIAN_POINT('',(-0.000241743151982592,5.70647589853351E-7,0.178866493956035));
#1764=CARTESIAN_POINT('',(-0.000238861052896012,0.000761248174328703,0.178869769839701));
#1765=CARTESIAN_POINT('',(0.0500085994595214,0.000761875814146947,0.002286));
#1766=CARTESIAN_POINT('',(0.0500052689713638,0.000554680045674605,0.002286));
#1767=CARTESIAN_POINT('',(0.0498103580480402,0.000157192079031495,0.002286));
#1768=CARTESIAN_POINT('',(0.0493970493298848,9.63327451145927E-6,0.002286));
#1769=CARTESIAN_POINT('',(0.0491901604916847,1.29588290372559E-5,0.002286));
#1770=CARTESIAN_POINT('',(0.0254,0.0254,0.002286));
#1771=CARTESIAN_POINT('',(0.0254,0.0254,0.));
#1772=MECHANICAL_DESIGN_GEOMETRIC_PRESENTATION_REPRESENTATION('',(#493),
#1773);
#1773=(
GEOMETRIC_REPRESENTATION_CONTEXT(3)
GLOBAL_UNCERTAINTY_ASSIGNED_CONTEXT((#1774))
GLOBAL_UNIT_ASSIGNED_CONTEXT((#1777,#1776,#1775))
REPRESENTATION_CONTEXT('Part 1','TOP_LEVEL_ASSEMBLY_PART')
);
#1774=UNCERTAINTY_MEASURE_WITH_UNIT(LENGTH_MEASURE(2.E-5),#1777,
'DISTANCE_ACCURACY_VALUE','Maximum Tolerance applied to model');
#1775=(
NAMED_UNIT(*)
SI_UNIT($,.STERADIAN.)
SOLID_ANGLE_UNIT()
);
#1776=(
NAMED_UNIT(*)
PLANE_ANGLE_UNIT()
SI_UNIT($,.RADIAN.)
);
#1777=(
LENGTH_UNIT()
NAMED_UNIT(*)
SI_UNIT($,.METRE.)
);
#1778=PRODUCT_DEFINITION_SHAPE('','',#1779);
#1779=PRODUCT_DEFINITION('','',#1781,#1780);
#1780=PRODUCT_DEFINITION_CONTEXT('',#1787,'design');
#1781=PRODUCT_DEFINITION_FORMATION_WITH_SPECIFIED_SOURCE('','',#1783,
 .NOT_KNOWN.);
#1782=PRODUCT_RELATED_PRODUCT_CATEGORY('','',(#1783));
#1783=PRODUCT('Part 1','Part 1','Part 1',(#1785));
#1784=PRODUCT_CATEGORY('','');
#1785=PRODUCT_CONTEXT('',#1787,'mechanical');
#1786=APPLICATION_PROTOCOL_DEFINITION('international standard',
'ap242_managed_model_based_3d_engineering',2020,#1787);
#1787=APPLICATION_CONTEXT('managed model based 3d engineering');
ENDSEC;
END-ISO-10303-21;
