ISO-10303-21;
HEADER;
/* Generated by software containing ST-Developer
 * from STEP Tools, Inc. (www.steptools.com) 
 */
/* OPTION: using custom renumber hook */

FILE_DESCRIPTION(
/* description */ ('STEP AP242 Edition 2',
'CAx-IF Rec.Pracs.---Representation and Presentation of Product Manufa
cturing Information (PMI)---4.0---2014-10-13',
'CAx-IF Rec.Pracs.---3D Tessellated Geometry---0.4---2014-09-14','2;1',
'CAx-IF Rec.Pracs.---User Defined Attributes---1.5---2016-08-15'),
/* implementation_level */ '2;1');

FILE_NAME(
/* name */ 'Part Studio 1',
/* time_stamp */ '2026-06-16T17:29:28Z',
/* author */ (''),
/* organization */ (''),
/* preprocessor_version */ 'ST-DEVELOPER v20',
/* originating_system */ 'ONSHAPE BY PTC INC, 1.216',
/* authorisation */ '  ');

FILE_SCHEMA (('AP242_MANAGED_MODEL_BASED_3D_ENGINEERING_MIM_LF { 1 0 10303 442 3 1 4 }'));
ENDSEC;

DATA;
#10=MANIFOLD_SURFACE_SHAPE_REPRESENTATION('',(#32),#6675);
#11=B_SPLINE_CURVE_WITH_KNOTS('',3,(#2106,#2107,#2108,#2109,#2110,#2111,
#2112,#2113,#2114,#2115,#2116,#2117,#2118,#2119,#2120,#2121),
 .UNSPECIFIED.,.F.,.F.,(4,1,1,1,1,1,1,1,1,1,1,1,1,4),(0.,0.125,0.1875,0.21875,
0.25,0.28125,0.3125,0.375,0.4375,0.5,0.5625,0.625,0.75,1.),
 .UNSPECIFIED.);
#12=B_SPLINE_CURVE_WITH_KNOTS('',3,(#2123,#2124,#2125,#2126,#2127,#2128,
#2129,#2130,#2131,#2132,#2133,#2134,#2135,#2136,#2137,#2138,#2139,#2140,
#2141,#2142,#2143,#2144,#2145,#2146),.UNSPECIFIED.,.F.,.F.,(4,1,1,1,1,1,
1,1,1,1,1,1,1,1,1,1,1,1,1,1,1,4),(0.,0.0625,0.125,0.1875,0.25,0.3125,0.375,
0.5,0.5625,0.625,0.6875,0.71875,0.75,0.78125,0.8125,0.84375,0.859375,0.875,
0.890625,0.90625,0.9375,1.),.UNSPECIFIED.);
#13=B_SPLINE_CURVE_WITH_KNOTS('',5,(#2150,#2151,#2152,#2153,#2154,#2155),
 .UNSPECIFIED.,.F.,.F.,(6,6),(0.,1.),.PIECEWISE_BEZIER_KNOTS.);
#14=B_SPLINE_CURVE_WITH_KNOTS('',3,(#3349,#3350,#3351,#3352,#3353,#3354,
#3355,#3356,#3357,#3358,#3359,#3360,#3361,#3362,#3363,#3364),
 .UNSPECIFIED.,.F.,.F.,(4,1,1,1,1,1,1,1,1,1,1,1,1,4),(0.,0.125,0.1875,0.21875,
0.25,0.28125,0.3125,0.375,0.4375,0.5,0.5625,0.625,0.75,1.),
 .UNSPECIFIED.);
#15=B_SPLINE_CURVE_WITH_KNOTS('',3,(#3365,#3366,#3367,#3368,#3369,#3370,
#3371,#3372,#3373,#3374,#3375,#3376,#3377,#3378,#3379,#3380,#3381,#3382,
#3383,#3384,#3385,#3386,#3387,#3388),.UNSPECIFIED.,.F.,.F.,(4,1,1,1,1,1,
1,1,1,1,1,1,1,1,1,1,1,1,1,1,1,4),(0.,0.0625,0.125,0.1875,0.25,0.3125,0.375,
0.5,0.5625,0.625,0.6875,0.71875,0.75,0.78125,0.8125,0.84375,0.859375,0.875,
0.890625,0.90625,0.9375,1.),.UNSPECIFIED.);
#16=B_SPLINE_CURVE_WITH_KNOTS('',5,(#3392,#3393,#3394,#3395,#3396,#3397),
 .UNSPECIFIED.,.F.,.F.,(6,6),(0.,1.),.PIECEWISE_BEZIER_KNOTS.);
#17=B_SPLINE_CURVE_WITH_KNOTS('',5,(#4590,#4591,#4592,#4593,#4594,#4595),
 .UNSPECIFIED.,.F.,.F.,(6,6),(0.,1.),.PIECEWISE_BEZIER_KNOTS.);
#18=B_SPLINE_CURVE_WITH_KNOTS('',5,(#5790,#5791,#5792,#5793,#5794,#5795),
 .UNSPECIFIED.,.F.,.F.,(6,6),(0.,1.),.PIECEWISE_BEZIER_KNOTS.);
#19=B_SPLINE_CURVE_WITH_KNOTS('',5,(#6021,#6022,#6023,#6024,#6025,#6026),
 .UNSPECIFIED.,.F.,.F.,(6,6),(0.,1.),.PIECEWISE_BEZIER_KNOTS.);
#20=B_SPLINE_CURVE_WITH_KNOTS('',5,(#6231,#6232,#6233,#6234,#6235,#6236),
 .UNSPECIFIED.,.F.,.F.,(6,6),(0.,1.),.PIECEWISE_BEZIER_KNOTS.);
#21=B_SPLINE_CURVE_WITH_KNOTS('',5,(#6443,#6444,#6445,#6446,#6447,#6448),
 .UNSPECIFIED.,.F.,.F.,(6,6),(0.,1.),.PIECEWISE_BEZIER_KNOTS.);
#22=B_SPLINE_CURVE_WITH_KNOTS('',5,(#6657,#6658,#6659,#6660,#6661,#6662),
 .UNSPECIFIED.,.F.,.F.,(6,6),(0.,1.),.PIECEWISE_BEZIER_KNOTS.);
#23=B_SPLINE_SURFACE_WITH_KNOTS('',3,3,((#913,#914,#915,#916,#917,#918,
#919,#920,#921,#922,#923,#924,#925,#926,#927,#928,#929,#930,#931,#932,#933,
#934,#935,#936,#937,#938,#939,#940,#941,#942,#943,#944,#945,#946,#947),
(#948,#949,#950,#951,#952,#953,#954,#955,#956,#957,#958,#959,#960,#961,
#962,#963,#964,#965,#966,#967,#968,#969,#970,#971,#972,#973,#974,#975,#976,
#977,#978,#979,#980,#981,#982),(#983,#984,#985,#986,#987,#988,#989,#990,
#991,#992,#993,#994,#995,#996,#997,#998,#999,#1000,#1001,#1002,#1003,#1004,
#1005,#1006,#1007,#1008,#1009,#1010,#1011,#1012,#1013,#1014,#1015,#1016,
#1017),(#1018,#1019,#1020,#1021,#1022,#1023,#1024,#1025,#1026,#1027,#1028,
#1029,#1030,#1031,#1032,#1033,#1034,#1035,#1036,#1037,#1038,#1039,#1040,
#1041,#1042,#1043,#1044,#1045,#1046,#1047,#1048,#1049,#1050,#1051,#1052),
(#1053,#1054,#1055,#1056,#1057,#1058,#1059,#1060,#1061,#1062,#1063,#1064,
#1065,#1066,#1067,#1068,#1069,#1070,#1071,#1072,#1073,#1074,#1075,#1076,
#1077,#1078,#1079,#1080,#1081,#1082,#1083,#1084,#1085,#1086,#1087),(#1088,
#1089,#1090,#1091,#1092,#1093,#1094,#1095,#1096,#1097,#1098,#1099,#1100,
#1101,#1102,#1103,#1104,#1105,#1106,#1107,#1108,#1109,#1110,#1111,#1112,
#1113,#1114,#1115,#1116,#1117,#1118,#1119,#1120,#1121,#1122),(#1123,#1124,
#1125,#1126,#1127,#1128,#1129,#1130,#1131,#1132,#1133,#1134,#1135,#1136,
#1137,#1138,#1139,#1140,#1141,#1142,#1143,#1144,#1145,#1146,#1147,#1148,
#1149,#1150,#1151,#1152,#1153,#1154,#1155,#1156,#1157),(#1158,#1159,#1160,
#1161,#1162,#1163,#1164,#1165,#1166,#1167,#1168,#1169,#1170,#1171,#1172,
#1173,#1174,#1175,#1176,#1177,#1178,#1179,#1180,#1181,#1182,#1183,#1184,
#1185,#1186,#1187,#1188,#1189,#1190,#1191,#1192),(#1193,#1194,#1195,#1196,
#1197,#1198,#1199,#1200,#1201,#1202,#1203,#1204,#1205,#1206,#1207,#1208,
#1209,#1210,#1211,#1212,#1213,#1214,#1215,#1216,#1217,#1218,#1219,#1220,
#1221,#1222,#1223,#1224,#1225,#1226,#1227),(#1228,#1229,#1230,#1231,#1232,
#1233,#1234,#1235,#1236,#1237,#1238,#1239,#1240,#1241,#1242,#1243,#1244,
#1245,#1246,#1247,#1248,#1249,#1250,#1251,#1252,#1253,#1254,#1255,#1256,
#1257,#1258,#1259,#1260,#1261,#1262),(#1263,#1264,#1265,#1266,#1267,#1268,
#1269,#1270,#1271,#1272,#1273,#1274,#1275,#1276,#1277,#1278,#1279,#1280,
#1281,#1282,#1283,#1284,#1285,#1286,#1287,#1288,#1289,#1290,#1291,#1292,
#1293,#1294,#1295,#1296,#1297),(#1298,#1299,#1300,#1301,#1302,#1303,#1304,
#1305,#1306,#1307,#1308,#1309,#1310,#1311,#1312,#1313,#1314,#1315,#1316,
#1317,#1318,#1319,#1320,#1321,#1322,#1323,#1324,#1325,#1326,#1327,#1328,
#1329,#1330,#1331,#1332),(#1333,#1334,#1335,#1336,#1337,#1338,#1339,#1340,
#1341,#1342,#1343,#1344,#1345,#1346,#1347,#1348,#1349,#1350,#1351,#1352,
#1353,#1354,#1355,#1356,#1357,#1358,#1359,#1360,#1361,#1362,#1363,#1364,
#1365,#1366,#1367),(#1368,#1369,#1370,#1371,#1372,#1373,#1374,#1375,#1376,
#1377,#1378,#1379,#1380,#1381,#1382,#1383,#1384,#1385,#1386,#1387,#1388,
#1389,#1390,#1391,#1392,#1393,#1394,#1395,#1396,#1397,#1398,#1399,#1400,
#1401,#1402),(#1403,#1404,#1405,#1406,#1407,#1408,#1409,#1410,#1411,#1412,
#1413,#1414,#1415,#1416,#1417,#1418,#1419,#1420,#1421,#1422,#1423,#1424,
#1425,#1426,#1427,#1428,#1429,#1430,#1431,#1432,#1433,#1434,#1435,#1436,
#1437),(#1438,#1439,#1440,#1441,#1442,#1443,#1444,#1445,#1446,#1447,#1448,
#1449,#1450,#1451,#1452,#1453,#1454,#1455,#1456,#1457,#1458,#1459,#1460,
#1461,#1462,#1463,#1464,#1465,#1466,#1467,#1468,#1469,#1470,#1471,#1472),
(#1473,#1474,#1475,#1476,#1477,#1478,#1479,#1480,#1481,#1482,#1483,#1484,
#1485,#1486,#1487,#1488,#1489,#1490,#1491,#1492,#1493,#1494,#1495,#1496,
#1497,#1498,#1499,#1500,#1501,#1502,#1503,#1504,#1505,#1506,#1507),(#1508,
#1509,#1510,#1511,#1512,#1513,#1514,#1515,#1516,#1517,#1518,#1519,#1520,
#1521,#1522,#1523,#1524,#1525,#1526,#1527,#1528,#1529,#1530,#1531,#1532,
#1533,#1534,#1535,#1536,#1537,#1538,#1539,#1540,#1541,#1542),(#1543,#1544,
#1545,#1546,#1547,#1548,#1549,#1550,#1551,#1552,#1553,#1554,#1555,#1556,
#1557,#1558,#1559,#1560,#1561,#1562,#1563,#1564,#1565,#1566,#1567,#1568,
#1569,#1570,#1571,#1572,#1573,#1574,#1575,#1576,#1577),(#1578,#1579,#1580,
#1581,#1582,#1583,#1584,#1585,#1586,#1587,#1588,#1589,#1590,#1591,#1592,
#1593,#1594,#1595,#1596,#1597,#1598,#1599,#1600,#1601,#1602,#1603,#1604,
#1605,#1606,#1607,#1608,#1609,#1610,#1611,#1612),(#1613,#1614,#1615,#1616,
#1617,#1618,#1619,#1620,#1621,#1622,#1623,#1624,#1625,#1626,#1627,#1628,
#1629,#1630,#1631,#1632,#1633,#1634,#1635,#1636,#1637,#1638,#1639,#1640,
#1641,#1642,#1643,#1644,#1645,#1646,#1647),(#1648,#1649,#1650,#1651,#1652,
#1653,#1654,#1655,#1656,#1657,#1658,#1659,#1660,#1661,#1662,#1663,#1664,
#1665,#1666,#1667,#1668,#1669,#1670,#1671,#1672,#1673,#1674,#1675,#1676,
#1677,#1678,#1679,#1680,#1681,#1682),(#1683,#1684,#1685,#1686,#1687,#1688,
#1689,#1690,#1691,#1692,#1693,#1694,#1695,#1696,#1697,#1698,#1699,#1700,
#1701,#1702,#1703,#1704,#1705,#1706,#1707,#1708,#1709,#1710,#1711,#1712,
#1713,#1714,#1715,#1716,#1717),(#1718,#1719,#1720,#1721,#1722,#1723,#1724,
#1725,#1726,#1727,#1728,#1729,#1730,#1731,#1732,#1733,#1734,#1735,#1736,
#1737,#1738,#1739,#1740,#1741,#1742,#1743,#1744,#1745,#1746,#1747,#1748,
#1749,#1750,#1751,#1752),(#1753,#1754,#1755,#1756,#1757,#1758,#1759,#1760,
#1761,#1762,#1763,#1764,#1765,#1766,#1767,#1768,#1769,#1770,#1771,#1772,
#1773,#1774,#1775,#1776,#1777,#1778,#1779,#1780,#1781,#1782,#1783,#1784,
#1785,#1786,#1787),(#1788,#1789,#1790,#1791,#1792,#1793,#1794,#1795,#1796,
#1797,#1798,#1799,#1800,#1801,#1802,#1803,#1804,#1805,#1806,#1807,#1808,
#1809,#1810,#1811,#1812,#1813,#1814,#1815,#1816,#1817,#1818,#1819,#1820,
#1821,#1822),(#1823,#1824,#1825,#1826,#1827,#1828,#1829,#1830,#1831,#1832,
#1833,#1834,#1835,#1836,#1837,#1838,#1839,#1840,#1841,#1842,#1843,#1844,
#1845,#1846,#1847,#1848,#1849,#1850,#1851,#1852,#1853,#1854,#1855,#1856,
#1857),(#1858,#1859,#1860,#1861,#1862,#1863,#1864,#1865,#1866,#1867,#1868,
#1869,#1870,#1871,#1872,#1873,#1874,#1875,#1876,#1877,#1878,#1879,#1880,
#1881,#1882,#1883,#1884,#1885,#1886,#1887,#1888,#1889,#1890,#1891,#1892),
(#1893,#1894,#1895,#1896,#1897,#1898,#1899,#1900,#1901,#1902,#1903,#1904,
#1905,#1906,#1907,#1908,#1909,#1910,#1911,#1912,#1913,#1914,#1915,#1916,
#1917,#1918,#1919,#1920,#1921,#1922,#1923,#1924,#1925,#1926,#1927),(#1928,
#1929,#1930,#1931,#1932,#1933,#1934,#1935,#1936,#1937,#1938,#1939,#1940,
#1941,#1942,#1943,#1944,#1945,#1946,#1947,#1948,#1949,#1950,#1951,#1952,
#1953,#1954,#1955,#1956,#1957,#1958,#1959,#1960,#1961,#1962),(#1963,#1964,
#1965,#1966,#1967,#1968,#1969,#1970,#1971,#1972,#1973,#1974,#1975,#1976,
#1977,#1978,#1979,#1980,#1981,#1982,#1983,#1984,#1985,#1986,#1987,#1988,
#1989,#1990,#1991,#1992,#1993,#1994,#1995,#1996,#1997),(#1998,#1999,#2000,
#2001,#2002,#2003,#2004,#2005,#2006,#2007,#2008,#2009,#2010,#2011,#2012,
#2013,#2014,#2015,#2016,#2017,#2018,#2019,#2020,#2021,#2022,#2023,#2024,
#2025,#2026,#2027,#2028,#2029,#2030,#2031,#2032),(#2033,#2034,#2035,#2036,
#2037,#2038,#2039,#2040,#2041,#2042,#2043,#2044,#2045,#2046,#2047,#2048,
#2049,#2050,#2051,#2052,#2053,#2054,#2055,#2056,#2057,#2058,#2059,#2060,
#2061,#2062,#2063,#2064,#2065,#2066,#2067),(#2068,#2069,#2070,#2071,#2072,
#2073,#2074,#2075,#2076,#2077,#2078,#2079,#2080,#2081,#2082,#2083,#2084,
#2085,#2086,#2087,#2088,#2089,#2090,#2091,#2092,#2093,#2094,#2095,#2096,
#2097,#2098,#2099,#2100,#2101,#2102)),.UNSPECIFIED.,.F.,.F.,.F.,(4,1,1,
1,1,1,1,1,1,1,1,1,1,1,1,1,1,1,1,1,1,1,1,1,1,1,1,1,1,1,1,4),(4,1,1,1,1,1,
1,1,1,1,1,1,1,1,1,1,1,1,1,1,1,1,1,1,1,1,1,1,1,1,1,1,4),(-0.0106233648318723,
-0.0102630536060567,-0.00990274238024103,-0.00954243115442541,-0.00918211992860978,
-0.00846149747697853,-0.00774087502534728,-0.00629963012208478,-0.00485838521882227,
-0.00341714031555977,-0.00197589541229727,-0.000534650509034765,0.000906594394227737,
0.00234783929749024,0.00306846174912149,0.00378908420075275,0.00450970665238399,
0.00487001787819962,0.00523032910401525,0.00559064032983087,0.0059509515556465,
0.00631126278146212,0.00649141839436994,0.00667157400727775,0.00703188523309337,
0.007392196458909,0.00775250768472462,0.00811281891054025,0.0088334413621715,
0.00955406381380275,0.0109953087170653,0.0124365536203278),(-0.0126078978699991,
-0.0123996885788789,-0.0121914792877588,-0.0119832699966386,-0.0117750607055184,
-0.0113586421232781,-0.011150432832158,-0.0109422235410378,-0.0107340142499176,
-0.0105258049587975,-0.0103175956676773,-0.0101093863765572,-0.00990117708543701,
-0.00969296779431685,-0.00927654921207653,-0.00844371204759589,-0.00761087488311525,
-0.00594520055415396,-0.00427952622519268,-0.0026138518962314,-0.000948177567270114,
0.000717496761691168,0.00155033392617181,0.00238317109065245,0.00404884541961373,
0.00488168258409438,0.00571451974857502,0.00654735691305566,0.0073801940775363,
0.00904586840649758,0.0107115427354589,0.0123772170644201,0.0140428913933814),
 .UNSPECIFIED.);
#24=B_SPLINE_SURFACE_WITH_KNOTS('',3,3,((#2156,#2157,#2158,#2159,#2160,
#2161,#2162,#2163,#2164,#2165,#2166,#2167,#2168,#2169,#2170,#2171,#2172,
#2173,#2174,#2175,#2176,#2177,#2178,#2179,#2180,#2181,#2182,#2183,#2184,
#2185,#2186,#2187,#2188,#2189,#2190),(#2191,#2192,#2193,#2194,#2195,#2196,
#2197,#2198,#2199,#2200,#2201,#2202,#2203,#2204,#2205,#2206,#2207,#2208,
#2209,#2210,#2211,#2212,#2213,#2214,#2215,#2216,#2217,#2218,#2219,#2220,
#2221,#2222,#2223,#2224,#2225),(#2226,#2227,#2228,#2229,#2230,#2231,#2232,
#2233,#2234,#2235,#2236,#2237,#2238,#2239,#2240,#2241,#2242,#2243,#2244,
#2245,#2246,#2247,#2248,#2249,#2250,#2251,#2252,#2253,#2254,#2255,#2256,
#2257,#2258,#2259,#2260),(#2261,#2262,#2263,#2264,#2265,#2266,#2267,#2268,
#2269,#2270,#2271,#2272,#2273,#2274,#2275,#2276,#2277,#2278,#2279,#2280,
#2281,#2282,#2283,#2284,#2285,#2286,#2287,#2288,#2289,#2290,#2291,#2292,
#2293,#2294,#2295),(#2296,#2297,#2298,#2299,#2300,#2301,#2302,#2303,#2304,
#2305,#2306,#2307,#2308,#2309,#2310,#2311,#2312,#2313,#2314,#2315,#2316,
#2317,#2318,#2319,#2320,#2321,#2322,#2323,#2324,#2325,#2326,#2327,#2328,
#2329,#2330),(#2331,#2332,#2333,#2334,#2335,#2336,#2337,#2338,#2339,#2340,
#2341,#2342,#2343,#2344,#2345,#2346,#2347,#2348,#2349,#2350,#2351,#2352,
#2353,#2354,#2355,#2356,#2357,#2358,#2359,#2360,#2361,#2362,#2363,#2364,
#2365),(#2366,#2367,#2368,#2369,#2370,#2371,#2372,#2373,#2374,#2375,#2376,
#2377,#2378,#2379,#2380,#2381,#2382,#2383,#2384,#2385,#2386,#2387,#2388,
#2389,#2390,#2391,#2392,#2393,#2394,#2395,#2396,#2397,#2398,#2399,#2400),
(#2401,#2402,#2403,#2404,#2405,#2406,#2407,#2408,#2409,#2410,#2411,#2412,
#2413,#2414,#2415,#2416,#2417,#2418,#2419,#2420,#2421,#2422,#2423,#2424,
#2425,#2426,#2427,#2428,#2429,#2430,#2431,#2432,#2433,#2434,#2435),(#2436,
#2437,#2438,#2439,#2440,#2441,#2442,#2443,#2444,#2445,#2446,#2447,#2448,
#2449,#2450,#2451,#2452,#2453,#2454,#2455,#2456,#2457,#2458,#2459,#2460,
#2461,#2462,#2463,#2464,#2465,#2466,#2467,#2468,#2469,#2470),(#2471,#2472,
#2473,#2474,#2475,#2476,#2477,#2478,#2479,#2480,#2481,#2482,#2483,#2484,
#2485,#2486,#2487,#2488,#2489,#2490,#2491,#2492,#2493,#2494,#2495,#2496,
#2497,#2498,#2499,#2500,#2501,#2502,#2503,#2504,#2505),(#2506,#2507,#2508,
#2509,#2510,#2511,#2512,#2513,#2514,#2515,#2516,#2517,#2518,#2519,#2520,
#2521,#2522,#2523,#2524,#2525,#2526,#2527,#2528,#2529,#2530,#2531,#2532,
#2533,#2534,#2535,#2536,#2537,#2538,#2539,#2540),(#2541,#2542,#2543,#2544,
#2545,#2546,#2547,#2548,#2549,#2550,#2551,#2552,#2553,#2554,#2555,#2556,
#2557,#2558,#2559,#2560,#2561,#2562,#2563,#2564,#2565,#2566,#2567,#2568,
#2569,#2570,#2571,#2572,#2573,#2574,#2575),(#2576,#2577,#2578,#2579,#2580,
#2581,#2582,#2583,#2584,#2585,#2586,#2587,#2588,#2589,#2590,#2591,#2592,
#2593,#2594,#2595,#2596,#2597,#2598,#2599,#2600,#2601,#2602,#2603,#2604,
#2605,#2606,#2607,#2608,#2609,#2610),(#2611,#2612,#2613,#2614,#2615,#2616,
#2617,#2618,#2619,#2620,#2621,#2622,#2623,#2624,#2625,#2626,#2627,#2628,
#2629,#2630,#2631,#2632,#2633,#2634,#2635,#2636,#2637,#2638,#2639,#2640,
#2641,#2642,#2643,#2644,#2645),(#2646,#2647,#2648,#2649,#2650,#2651,#2652,
#2653,#2654,#2655,#2656,#2657,#2658,#2659,#2660,#2661,#2662,#2663,#2664,
#2665,#2666,#2667,#2668,#2669,#2670,#2671,#2672,#2673,#2674,#2675,#2676,
#2677,#2678,#2679,#2680),(#2681,#2682,#2683,#2684,#2685,#2686,#2687,#2688,
#2689,#2690,#2691,#2692,#2693,#2694,#2695,#2696,#2697,#2698,#2699,#2700,
#2701,#2702,#2703,#2704,#2705,#2706,#2707,#2708,#2709,#2710,#2711,#2712,
#2713,#2714,#2715),(#2716,#2717,#2718,#2719,#2720,#2721,#2722,#2723,#2724,
#2725,#2726,#2727,#2728,#2729,#2730,#2731,#2732,#2733,#2734,#2735,#2736,
#2737,#2738,#2739,#2740,#2741,#2742,#2743,#2744,#2745,#2746,#2747,#2748,
#2749,#2750),(#2751,#2752,#2753,#2754,#2755,#2756,#2757,#2758,#2759,#2760,
#2761,#2762,#2763,#2764,#2765,#2766,#2767,#2768,#2769,#2770,#2771,#2772,
#2773,#2774,#2775,#2776,#2777,#2778,#2779,#2780,#2781,#2782,#2783,#2784,
#2785),(#2786,#2787,#2788,#2789,#2790,#2791,#2792,#2793,#2794,#2795,#2796,
#2797,#2798,#2799,#2800,#2801,#2802,#2803,#2804,#2805,#2806,#2807,#2808,
#2809,#2810,#2811,#2812,#2813,#2814,#2815,#2816,#2817,#2818,#2819,#2820),
(#2821,#2822,#2823,#2824,#2825,#2826,#2827,#2828,#2829,#2830,#2831,#2832,
#2833,#2834,#2835,#2836,#2837,#2838,#2839,#2840,#2841,#2842,#2843,#2844,
#2845,#2846,#2847,#2848,#2849,#2850,#2851,#2852,#2853,#2854,#2855),(#2856,
#2857,#2858,#2859,#2860,#2861,#2862,#2863,#2864,#2865,#2866,#2867,#2868,
#2869,#2870,#2871,#2872,#2873,#2874,#2875,#2876,#2877,#2878,#2879,#2880,
#2881,#2882,#2883,#2884,#2885,#2886,#2887,#2888,#2889,#2890),(#2891,#2892,
#2893,#2894,#2895,#2896,#2897,#2898,#2899,#2900,#2901,#2902,#2903,#2904,
#2905,#2906,#2907,#2908,#2909,#2910,#2911,#2912,#2913,#2914,#2915,#2916,
#2917,#2918,#2919,#2920,#2921,#2922,#2923,#2924,#2925),(#2926,#2927,#2928,
#2929,#2930,#2931,#2932,#2933,#2934,#2935,#2936,#2937,#2938,#2939,#2940,
#2941,#2942,#2943,#2944,#2945,#2946,#2947,#2948,#2949,#2950,#2951,#2952,
#2953,#2954,#2955,#2956,#2957,#2958,#2959,#2960),(#2961,#2962,#2963,#2964,
#2965,#2966,#2967,#2968,#2969,#2970,#2971,#2972,#2973,#2974,#2975,#2976,
#2977,#2978,#2979,#2980,#2981,#2982,#2983,#2984,#2985,#2986,#2987,#2988,
#2989,#2990,#2991,#2992,#2993,#2994,#2995),(#2996,#2997,#2998,#2999,#3000,
#3001,#3002,#3003,#3004,#3005,#3006,#3007,#3008,#3009,#3010,#3011,#3012,
#3013,#3014,#3015,#3016,#3017,#3018,#3019,#3020,#3021,#3022,#3023,#3024,
#3025,#3026,#3027,#3028,#3029,#3030),(#3031,#3032,#3033,#3034,#3035,#3036,
#3037,#3038,#3039,#3040,#3041,#3042,#3043,#3044,#3045,#3046,#3047,#3048,
#3049,#3050,#3051,#3052,#3053,#3054,#3055,#3056,#3057,#3058,#3059,#3060,
#3061,#3062,#3063,#3064,#3065),(#3066,#3067,#3068,#3069,#3070,#3071,#3072,
#3073,#3074,#3075,#3076,#3077,#3078,#3079,#3080,#3081,#3082,#3083,#3084,
#3085,#3086,#3087,#3088,#3089,#3090,#3091,#3092,#3093,#3094,#3095,#3096,
#3097,#3098,#3099,#3100),(#3101,#3102,#3103,#3104,#3105,#3106,#3107,#3108,
#3109,#3110,#3111,#3112,#3113,#3114,#3115,#3116,#3117,#3118,#3119,#3120,
#3121,#3122,#3123,#3124,#3125,#3126,#3127,#3128,#3129,#3130,#3131,#3132,
#3133,#3134,#3135),(#3136,#3137,#3138,#3139,#3140,#3141,#3142,#3143,#3144,
#3145,#3146,#3147,#3148,#3149,#3150,#3151,#3152,#3153,#3154,#3155,#3156,
#3157,#3158,#3159,#3160,#3161,#3162,#3163,#3164,#3165,#3166,#3167,#3168,
#3169,#3170),(#3171,#3172,#3173,#3174,#3175,#3176,#3177,#3178,#3179,#3180,
#3181,#3182,#3183,#3184,#3185,#3186,#3187,#3188,#3189,#3190,#3191,#3192,
#3193,#3194,#3195,#3196,#3197,#3198,#3199,#3200,#3201,#3202,#3203,#3204,
#3205),(#3206,#3207,#3208,#3209,#3210,#3211,#3212,#3213,#3214,#3215,#3216,
#3217,#3218,#3219,#3220,#3221,#3222,#3223,#3224,#3225,#3226,#3227,#3228,
#3229,#3230,#3231,#3232,#3233,#3234,#3235,#3236,#3237,#3238,#3239,#3240),
(#3241,#3242,#3243,#3244,#3245,#3246,#3247,#3248,#3249,#3250,#3251,#3252,
#3253,#3254,#3255,#3256,#3257,#3258,#3259,#3260,#3261,#3262,#3263,#3264,
#3265,#3266,#3267,#3268,#3269,#3270,#3271,#3272,#3273,#3274,#3275),(#3276,
#3277,#3278,#3279,#3280,#3281,#3282,#3283,#3284,#3285,#3286,#3287,#3288,
#3289,#3290,#3291,#3292,#3293,#3294,#3295,#3296,#3297,#3298,#3299,#3300,
#3301,#3302,#3303,#3304,#3305,#3306,#3307,#3308,#3309,#3310),(#3311,#3312,
#3313,#3314,#3315,#3316,#3317,#3318,#3319,#3320,#3321,#3322,#3323,#3324,
#3325,#3326,#3327,#3328,#3329,#3330,#3331,#3332,#3333,#3334,#3335,#3336,
#3337,#3338,#3339,#3340,#3341,#3342,#3343,#3344,#3345)),.UNSPECIFIED.,.F.,
 .F.,.F.,(4,1,1,1,1,1,1,1,1,1,1,1,1,1,1,1,1,1,1,1,1,1,1,1,1,1,1,1,1,1,1,
4),(4,1,1,1,1,1,1,1,1,1,1,1,1,1,1,1,1,1,1,1,1,1,1,1,1,1,1,1,1,1,1,1,4),
(-0.0106233648318723,-0.0102630536060567,-0.00990274238024103,-0.00954243115442541,
-0.00918211992860978,-0.00846149747697853,-0.00774087502534728,-0.00629963012208478,
-0.00485838521882227,-0.00341714031555977,-0.00197589541229727,-0.000534650509034765,
0.000906594394227737,0.00234783929749024,0.00306846174912149,0.00378908420075275,
0.00450970665238399,0.00487001787819962,0.00523032910401525,0.00559064032983087,
0.0059509515556465,0.00631126278146212,0.00649141839436994,0.00667157400727775,
0.00703188523309337,0.007392196458909,0.00775250768472462,0.00811281891054025,
0.0088334413621715,0.00955406381380275,0.0109953087170653,0.0124365536203278),
(-0.0126078978699991,-0.0123996885788789,-0.0121914792877588,-0.0119832699966386,
-0.0117750607055184,-0.0113586421232781,-0.011150432832158,-0.0109422235410378,
-0.0107340142499176,-0.0105258049587975,-0.0103175956676773,-0.0101093863765572,
-0.00990117708543701,-0.00969296779431685,-0.00927654921207653,-0.00844371204759589,
-0.00761087488311525,-0.00594520055415396,-0.00427952622519268,-0.0026138518962314,
-0.000948177567270114,0.000717496761691168,0.00155033392617181,0.00238317109065245,
0.00404884541961373,0.00488168258409438,0.00571451974857502,0.00654735691305566,
0.0073801940775363,0.00904586840649758,0.0107115427354589,0.0123772170644201,
0.0140428913933814),.UNSPECIFIED.);
#25=B_SPLINE_SURFACE_WITH_KNOTS('',3,3,((#3398,#3399,#3400,#3401,#3402,
#3403,#3404,#3405,#3406,#3407,#3408,#3409,#3410,#3411,#3412,#3413,#3414,
#3415,#3416,#3417,#3418,#3419,#3420,#3421,#3422,#3423,#3424,#3425,#3426,
#3427,#3428,#3429,#3430,#3431,#3432),(#3433,#3434,#3435,#3436,#3437,#3438,
#3439,#3440,#3441,#3442,#3443,#3444,#3445,#3446,#3447,#3448,#3449,#3450,
#3451,#3452,#3453,#3454,#3455,#3456,#3457,#3458,#3459,#3460,#3461,#3462,
#3463,#3464,#3465,#3466,#3467),(#3468,#3469,#3470,#3471,#3472,#3473,#3474,
#3475,#3476,#3477,#3478,#3479,#3480,#3481,#3482,#3483,#3484,#3485,#3486,
#3487,#3488,#3489,#3490,#3491,#3492,#3493,#3494,#3495,#3496,#3497,#3498,
#3499,#3500,#3501,#3502),(#3503,#3504,#3505,#3506,#3507,#3508,#3509,#3510,
#3511,#3512,#3513,#3514,#3515,#3516,#3517,#3518,#3519,#3520,#3521,#3522,
#3523,#3524,#3525,#3526,#3527,#3528,#3529,#3530,#3531,#3532,#3533,#3534,
#3535,#3536,#3537),(#3538,#3539,#3540,#3541,#3542,#3543,#3544,#3545,#3546,
#3547,#3548,#3549,#3550,#3551,#3552,#3553,#3554,#3555,#3556,#3557,#3558,
#3559,#3560,#3561,#3562,#3563,#3564,#3565,#3566,#3567,#3568,#3569,#3570,
#3571,#3572),(#3573,#3574,#3575,#3576,#3577,#3578,#3579,#3580,#3581,#3582,
#3583,#3584,#3585,#3586,#3587,#3588,#3589,#3590,#3591,#3592,#3593,#3594,
#3595,#3596,#3597,#3598,#3599,#3600,#3601,#3602,#3603,#3604,#3605,#3606,
#3607),(#3608,#3609,#3610,#3611,#3612,#3613,#3614,#3615,#3616,#3617,#3618,
#3619,#3620,#3621,#3622,#3623,#3624,#3625,#3626,#3627,#3628,#3629,#3630,
#3631,#3632,#3633,#3634,#3635,#3636,#3637,#3638,#3639,#3640,#3641,#3642),
(#3643,#3644,#3645,#3646,#3647,#3648,#3649,#3650,#3651,#3652,#3653,#3654,
#3655,#3656,#3657,#3658,#3659,#3660,#3661,#3662,#3663,#3664,#3665,#3666,
#3667,#3668,#3669,#3670,#3671,#3672,#3673,#3674,#3675,#3676,#3677),(#3678,
#3679,#3680,#3681,#3682,#3683,#3684,#3685,#3686,#3687,#3688,#3689,#3690,
#3691,#3692,#3693,#3694,#3695,#3696,#3697,#3698,#3699,#3700,#3701,#3702,
#3703,#3704,#3705,#3706,#3707,#3708,#3709,#3710,#3711,#3712),(#3713,#3714,
#3715,#3716,#3717,#3718,#3719,#3720,#3721,#3722,#3723,#3724,#3725,#3726,
#3727,#3728,#3729,#3730,#3731,#3732,#3733,#3734,#3735,#3736,#3737,#3738,
#3739,#3740,#3741,#3742,#3743,#3744,#3745,#3746,#3747),(#3748,#3749,#3750,
#3751,#3752,#3753,#3754,#3755,#3756,#3757,#3758,#3759,#3760,#3761,#3762,
#3763,#3764,#3765,#3766,#3767,#3768,#3769,#3770,#3771,#3772,#3773,#3774,
#3775,#3776,#3777,#3778,#3779,#3780,#3781,#3782),(#3783,#3784,#3785,#3786,
#3787,#3788,#3789,#3790,#3791,#3792,#3793,#3794,#3795,#3796,#3797,#3798,
#3799,#3800,#3801,#3802,#3803,#3804,#3805,#3806,#3807,#3808,#3809,#3810,
#3811,#3812,#3813,#3814,#3815,#3816,#3817),(#3818,#3819,#3820,#3821,#3822,
#3823,#3824,#3825,#3826,#3827,#3828,#3829,#3830,#3831,#3832,#3833,#3834,
#3835,#3836,#3837,#3838,#3839,#3840,#3841,#3842,#3843,#3844,#3845,#3846,
#3847,#3848,#3849,#3850,#3851,#3852),(#3853,#3854,#3855,#3856,#3857,#3858,
#3859,#3860,#3861,#3862,#3863,#3864,#3865,#3866,#3867,#3868,#3869,#3870,
#3871,#3872,#3873,#3874,#3875,#3876,#3877,#3878,#3879,#3880,#3881,#3882,
#3883,#3884,#3885,#3886,#3887),(#3888,#3889,#3890,#3891,#3892,#3893,#3894,
#3895,#3896,#3897,#3898,#3899,#3900,#3901,#3902,#3903,#3904,#3905,#3906,
#3907,#3908,#3909,#3910,#3911,#3912,#3913,#3914,#3915,#3916,#3917,#3918,
#3919,#3920,#3921,#3922),(#3923,#3924,#3925,#3926,#3927,#3928,#3929,#3930,
#3931,#3932,#3933,#3934,#3935,#3936,#3937,#3938,#3939,#3940,#3941,#3942,
#3943,#3944,#3945,#3946,#3947,#3948,#3949,#3950,#3951,#3952,#3953,#3954,
#3955,#3956,#3957),(#3958,#3959,#3960,#3961,#3962,#3963,#3964,#3965,#3966,
#3967,#3968,#3969,#3970,#3971,#3972,#3973,#3974,#3975,#3976,#3977,#3978,
#3979,#3980,#3981,#3982,#3983,#3984,#3985,#3986,#3987,#3988,#3989,#3990,
#3991,#3992),(#3993,#3994,#3995,#3996,#3997,#3998,#3999,#4000,#4001,#4002,
#4003,#4004,#4005,#4006,#4007,#4008,#4009,#4010,#4011,#4012,#4013,#4014,
#4015,#4016,#4017,#4018,#4019,#4020,#4021,#4022,#4023,#4024,#4025,#4026,
#4027),(#4028,#4029,#4030,#4031,#4032,#4033,#4034,#4035,#4036,#4037,#4038,
#4039,#4040,#4041,#4042,#4043,#4044,#4045,#4046,#4047,#4048,#4049,#4050,
#4051,#4052,#4053,#4054,#4055,#4056,#4057,#4058,#4059,#4060,#4061,#4062),
(#4063,#4064,#4065,#4066,#4067,#4068,#4069,#4070,#4071,#4072,#4073,#4074,
#4075,#4076,#4077,#4078,#4079,#4080,#4081,#4082,#4083,#4084,#4085,#4086,
#4087,#4088,#4089,#4090,#4091,#4092,#4093,#4094,#4095,#4096,#4097),(#4098,
#4099,#4100,#4101,#4102,#4103,#4104,#4105,#4106,#4107,#4108,#4109,#4110,
#4111,#4112,#4113,#4114,#4115,#4116,#4117,#4118,#4119,#4120,#4121,#4122,
#4123,#4124,#4125,#4126,#4127,#4128,#4129,#4130,#4131,#4132),(#4133,#4134,
#4135,#4136,#4137,#4138,#4139,#4140,#4141,#4142,#4143,#4144,#4145,#4146,
#4147,#4148,#4149,#4150,#4151,#4152,#4153,#4154,#4155,#4156,#4157,#4158,
#4159,#4160,#4161,#4162,#4163,#4164,#4165,#4166,#4167),(#4168,#4169,#4170,
#4171,#4172,#4173,#4174,#4175,#4176,#4177,#4178,#4179,#4180,#4181,#4182,
#4183,#4184,#4185,#4186,#4187,#4188,#4189,#4190,#4191,#4192,#4193,#4194,
#4195,#4196,#4197,#4198,#4199,#4200,#4201,#4202),(#4203,#4204,#4205,#4206,
#4207,#4208,#4209,#4210,#4211,#4212,#4213,#4214,#4215,#4216,#4217,#4218,
#4219,#4220,#4221,#4222,#4223,#4224,#4225,#4226,#4227,#4228,#4229,#4230,
#4231,#4232,#4233,#4234,#4235,#4236,#4237),(#4238,#4239,#4240,#4241,#4242,
#4243,#4244,#4245,#4246,#4247,#4248,#4249,#4250,#4251,#4252,#4253,#4254,
#4255,#4256,#4257,#4258,#4259,#4260,#4261,#4262,#4263,#4264,#4265,#4266,
#4267,#4268,#4269,#4270,#4271,#4272),(#4273,#4274,#4275,#4276,#4277,#4278,
#4279,#4280,#4281,#4282,#4283,#4284,#4285,#4286,#4287,#4288,#4289,#4290,
#4291,#4292,#4293,#4294,#4295,#4296,#4297,#4298,#4299,#4300,#4301,#4302,
#4303,#4304,#4305,#4306,#4307),(#4308,#4309,#4310,#4311,#4312,#4313,#4314,
#4315,#4316,#4317,#4318,#4319,#4320,#4321,#4322,#4323,#4324,#4325,#4326,
#4327,#4328,#4329,#4330,#4331,#4332,#4333,#4334,#4335,#4336,#4337,#4338,
#4339,#4340,#4341,#4342),(#4343,#4344,#4345,#4346,#4347,#4348,#4349,#4350,
#4351,#4352,#4353,#4354,#4355,#4356,#4357,#4358,#4359,#4360,#4361,#4362,
#4363,#4364,#4365,#4366,#4367,#4368,#4369,#4370,#4371,#4372,#4373,#4374,
#4375,#4376,#4377),(#4378,#4379,#4380,#4381,#4382,#4383,#4384,#4385,#4386,
#4387,#4388,#4389,#4390,#4391,#4392,#4393,#4394,#4395,#4396,#4397,#4398,
#4399,#4400,#4401,#4402,#4403,#4404,#4405,#4406,#4407,#4408,#4409,#4410,
#4411,#4412),(#4413,#4414,#4415,#4416,#4417,#4418,#4419,#4420,#4421,#4422,
#4423,#4424,#4425,#4426,#4427,#4428,#4429,#4430,#4431,#4432,#4433,#4434,
#4435,#4436,#4437,#4438,#4439,#4440,#4441,#4442,#4443,#4444,#4445,#4446,
#4447),(#4448,#4449,#4450,#4451,#4452,#4453,#4454,#4455,#4456,#4457,#4458,
#4459,#4460,#4461,#4462,#4463,#4464,#4465,#4466,#4467,#4468,#4469,#4470,
#4471,#4472,#4473,#4474,#4475,#4476,#4477,#4478,#4479,#4480,#4481,#4482),
(#4483,#4484,#4485,#4486,#4487,#4488,#4489,#4490,#4491,#4492,#4493,#4494,
#4495,#4496,#4497,#4498,#4499,#4500,#4501,#4502,#4503,#4504,#4505,#4506,
#4507,#4508,#4509,#4510,#4511,#4512,#4513,#4514,#4515,#4516,#4517),(#4518,
#4519,#4520,#4521,#4522,#4523,#4524,#4525,#4526,#4527,#4528,#4529,#4530,
#4531,#4532,#4533,#4534,#4535,#4536,#4537,#4538,#4539,#4540,#4541,#4542,
#4543,#4544,#4545,#4546,#4547,#4548,#4549,#4550,#4551,#4552),(#4553,#4554,
#4555,#4556,#4557,#4558,#4559,#4560,#4561,#4562,#4563,#4564,#4565,#4566,
#4567,#4568,#4569,#4570,#4571,#4572,#4573,#4574,#4575,#4576,#4577,#4578,
#4579,#4580,#4581,#4582,#4583,#4584,#4585,#4586,#4587)),.UNSPECIFIED.,.F.,
 .F.,.F.,(4,1,1,1,1,1,1,1,1,1,1,1,1,1,1,1,1,1,1,1,1,1,1,1,1,1,1,1,1,1,1,
4),(4,1,1,1,1,1,1,1,1,1,1,1,1,1,1,1,1,1,1,1,1,1,1,1,1,1,1,1,1,1,1,1,4),
(-0.0106233648318723,-0.0102630536060567,-0.00990274238024103,-0.00954243115442541,
-0.00918211992860978,-0.00846149747697853,-0.00774087502534728,-0.00629963012208478,
-0.00485838521882227,-0.00341714031555977,-0.00197589541229727,-0.000534650509034765,
0.000906594394227737,0.00234783929749024,0.00306846174912149,0.00378908420075275,
0.00450970665238399,0.00487001787819962,0.00523032910401525,0.00559064032983087,
0.0059509515556465,0.00631126278146212,0.00649141839436994,0.00667157400727775,
0.00703188523309337,0.007392196458909,0.00775250768472462,0.00811281891054025,
0.0088334413621715,0.00955406381380275,0.0109953087170653,0.0124365536203278),
(-0.0126078978699991,-0.0123996885788789,-0.0121914792877588,-0.0119832699966386,
-0.0117750607055184,-0.0113586421232781,-0.011150432832158,-0.0109422235410378,
-0.0107340142499176,-0.0105258049587975,-0.0103175956676773,-0.0101093863765572,
-0.00990117708543701,-0.00969296779431685,-0.00927654921207653,-0.00844371204759589,
-0.00761087488311525,-0.00594520055415396,-0.00427952622519268,-0.0026138518962314,
-0.000948177567270114,0.000717496761691168,0.00155033392617181,0.00238317109065245,
0.00404884541961373,0.00488168258409438,0.00571451974857502,0.00654735691305566,
0.0073801940775363,0.00904586840649758,0.0107115427354589,0.0123772170644201,
0.0140428913933814),.UNSPECIFIED.);
#26=B_SPLINE_SURFACE_WITH_KNOTS('',3,3,((#4598,#4599,#4600,#4601,#4602,
#4603,#4604,#4605,#4606,#4607,#4608,#4609,#4610,#4611,#4612,#4613,#4614,
#4615,#4616,#4617,#4618,#4619,#4620,#4621,#4622,#4623,#4624,#4625,#4626,
#4627,#4628,#4629,#4630,#4631,#4632),(#4633,#4634,#4635,#4636,#4637,#4638,
#4639,#4640,#4641,#4642,#4643,#4644,#4645,#4646,#4647,#4648,#4649,#4650,
#4651,#4652,#4653,#4654,#4655,#4656,#4657,#4658,#4659,#4660,#4661,#4662,
#4663,#4664,#4665,#4666,#4667),(#4668,#4669,#4670,#4671,#4672,#4673,#4674,
#4675,#4676,#4677,#4678,#4679,#4680,#4681,#4682,#4683,#4684,#4685,#4686,
#4687,#4688,#4689,#4690,#4691,#4692,#4693,#4694,#4695,#4696,#4697,#4698,
#4699,#4700,#4701,#4702),(#4703,#4704,#4705,#4706,#4707,#4708,#4709,#4710,
#4711,#4712,#4713,#4714,#4715,#4716,#4717,#4718,#4719,#4720,#4721,#4722,
#4723,#4724,#4725,#4726,#4727,#4728,#4729,#4730,#4731,#4732,#4733,#4734,
#4735,#4736,#4737),(#4738,#4739,#4740,#4741,#4742,#4743,#4744,#4745,#4746,
#4747,#4748,#4749,#4750,#4751,#4752,#4753,#4754,#4755,#4756,#4757,#4758,
#4759,#4760,#4761,#4762,#4763,#4764,#4765,#4766,#4767,#4768,#4769,#4770,
#4771,#4772),(#4773,#4774,#4775,#4776,#4777,#4778,#4779,#4780,#4781,#4782,
#4783,#4784,#4785,#4786,#4787,#4788,#4789,#4790,#4791,#4792,#4793,#4794,
#4795,#4796,#4797,#4798,#4799,#4800,#4801,#4802,#4803,#4804,#4805,#4806,
#4807),(#4808,#4809,#4810,#4811,#4812,#4813,#4814,#4815,#4816,#4817,#4818,
#4819,#4820,#4821,#4822,#4823,#4824,#4825,#4826,#4827,#4828,#4829,#4830,
#4831,#4832,#4833,#4834,#4835,#4836,#4837,#4838,#4839,#4840,#4841,#4842),
(#4843,#4844,#4845,#4846,#4847,#4848,#4849,#4850,#4851,#4852,#4853,#4854,
#4855,#4856,#4857,#4858,#4859,#4860,#4861,#4862,#4863,#4864,#4865,#4866,
#4867,#4868,#4869,#4870,#4871,#4872,#4873,#4874,#4875,#4876,#4877),(#4878,
#4879,#4880,#4881,#4882,#4883,#4884,#4885,#4886,#4887,#4888,#4889,#4890,
#4891,#4892,#4893,#4894,#4895,#4896,#4897,#4898,#4899,#4900,#4901,#4902,
#4903,#4904,#4905,#4906,#4907,#4908,#4909,#4910,#4911,#4912),(#4913,#4914,
#4915,#4916,#4917,#4918,#4919,#4920,#4921,#4922,#4923,#4924,#4925,#4926,
#4927,#4928,#4929,#4930,#4931,#4932,#4933,#4934,#4935,#4936,#4937,#4938,
#4939,#4940,#4941,#4942,#4943,#4944,#4945,#4946,#4947),(#4948,#4949,#4950,
#4951,#4952,#4953,#4954,#4955,#4956,#4957,#4958,#4959,#4960,#4961,#4962,
#4963,#4964,#4965,#4966,#4967,#4968,#4969,#4970,#4971,#4972,#4973,#4974,
#4975,#4976,#4977,#4978,#4979,#4980,#4981,#4982),(#4983,#4984,#4985,#4986,
#4987,#4988,#4989,#4990,#4991,#4992,#4993,#4994,#4995,#4996,#4997,#4998,
#4999,#5000,#5001,#5002,#5003,#5004,#5005,#5006,#5007,#5008,#5009,#5010,
#5011,#5012,#5013,#5014,#5015,#5016,#5017),(#5018,#5019,#5020,#5021,#5022,
#5023,#5024,#5025,#5026,#5027,#5028,#5029,#5030,#5031,#5032,#5033,#5034,
#5035,#5036,#5037,#5038,#5039,#5040,#5041,#5042,#5043,#5044,#5045,#5046,
#5047,#5048,#5049,#5050,#5051,#5052),(#5053,#5054,#5055,#5056,#5057,#5058,
#5059,#5060,#5061,#5062,#5063,#5064,#5065,#5066,#5067,#5068,#5069,#5070,
#5071,#5072,#5073,#5074,#5075,#5076,#5077,#5078,#5079,#5080,#5081,#5082,
#5083,#5084,#5085,#5086,#5087),(#5088,#5089,#5090,#5091,#5092,#5093,#5094,
#5095,#5096,#5097,#5098,#5099,#5100,#5101,#5102,#5103,#5104,#5105,#5106,
#5107,#5108,#5109,#5110,#5111,#5112,#5113,#5114,#5115,#5116,#5117,#5118,
#5119,#5120,#5121,#5122),(#5123,#5124,#5125,#5126,#5127,#5128,#5129,#5130,
#5131,#5132,#5133,#5134,#5135,#5136,#5137,#5138,#5139,#5140,#5141,#5142,
#5143,#5144,#5145,#5146,#5147,#5148,#5149,#5150,#5151,#5152,#5153,#5154,
#5155,#5156,#5157),(#5158,#5159,#5160,#5161,#5162,#5163,#5164,#5165,#5166,
#5167,#5168,#5169,#5170,#5171,#5172,#5173,#5174,#5175,#5176,#5177,#5178,
#5179,#5180,#5181,#5182,#5183,#5184,#5185,#5186,#5187,#5188,#5189,#5190,
#5191,#5192),(#5193,#5194,#5195,#5196,#5197,#5198,#5199,#5200,#5201,#5202,
#5203,#5204,#5205,#5206,#5207,#5208,#5209,#5210,#5211,#5212,#5213,#5214,
#5215,#5216,#5217,#5218,#5219,#5220,#5221,#5222,#5223,#5224,#5225,#5226,
#5227),(#5228,#5229,#5230,#5231,#5232,#5233,#5234,#5235,#5236,#5237,#5238,
#5239,#5240,#5241,#5242,#5243,#5244,#5245,#5246,#5247,#5248,#5249,#5250,
#5251,#5252,#5253,#5254,#5255,#5256,#5257,#5258,#5259,#5260,#5261,#5262),
(#5263,#5264,#5265,#5266,#5267,#5268,#5269,#5270,#5271,#5272,#5273,#5274,
#5275,#5276,#5277,#5278,#5279,#5280,#5281,#5282,#5283,#5284,#5285,#5286,
#5287,#5288,#5289,#5290,#5291,#5292,#5293,#5294,#5295,#5296,#5297),(#5298,
#5299,#5300,#5301,#5302,#5303,#5304,#5305,#5306,#5307,#5308,#5309,#5310,
#5311,#5312,#5313,#5314,#5315,#5316,#5317,#5318,#5319,#5320,#5321,#5322,
#5323,#5324,#5325,#5326,#5327,#5328,#5329,#5330,#5331,#5332),(#5333,#5334,
#5335,#5336,#5337,#5338,#5339,#5340,#5341,#5342,#5343,#5344,#5345,#5346,
#5347,#5348,#5349,#5350,#5351,#5352,#5353,#5354,#5355,#5356,#5357,#5358,
#5359,#5360,#5361,#5362,#5363,#5364,#5365,#5366,#5367),(#5368,#5369,#5370,
#5371,#5372,#5373,#5374,#5375,#5376,#5377,#5378,#5379,#5380,#5381,#5382,
#5383,#5384,#5385,#5386,#5387,#5388,#5389,#5390,#5391,#5392,#5393,#5394,
#5395,#5396,#5397,#5398,#5399,#5400,#5401,#5402),(#5403,#5404,#5405,#5406,
#5407,#5408,#5409,#5410,#5411,#5412,#5413,#5414,#5415,#5416,#5417,#5418,
#5419,#5420,#5421,#5422,#5423,#5424,#5425,#5426,#5427,#5428,#5429,#5430,
#5431,#5432,#5433,#5434,#5435,#5436,#5437),(#5438,#5439,#5440,#5441,#5442,
#5443,#5444,#5445,#5446,#5447,#5448,#5449,#5450,#5451,#5452,#5453,#5454,
#5455,#5456,#5457,#5458,#5459,#5460,#5461,#5462,#5463,#5464,#5465,#5466,
#5467,#5468,#5469,#5470,#5471,#5472),(#5473,#5474,#5475,#5476,#5477,#5478,
#5479,#5480,#5481,#5482,#5483,#5484,#5485,#5486,#5487,#5488,#5489,#5490,
#5491,#5492,#5493,#5494,#5495,#5496,#5497,#5498,#5499,#5500,#5501,#5502,
#5503,#5504,#5505,#5506,#5507),(#5508,#5509,#5510,#5511,#5512,#5513,#5514,
#5515,#5516,#5517,#5518,#5519,#5520,#5521,#5522,#5523,#5524,#5525,#5526,
#5527,#5528,#5529,#5530,#5531,#5532,#5533,#5534,#5535,#5536,#5537,#5538,
#5539,#5540,#5541,#5542),(#5543,#5544,#5545,#5546,#5547,#5548,#5549,#5550,
#5551,#5552,#5553,#5554,#5555,#5556,#5557,#5558,#5559,#5560,#5561,#5562,
#5563,#5564,#5565,#5566,#5567,#5568,#5569,#5570,#5571,#5572,#5573,#5574,
#5575,#5576,#5577),(#5578,#5579,#5580,#5581,#5582,#5583,#5584,#5585,#5586,
#5587,#5588,#5589,#5590,#5591,#5592,#5593,#5594,#5595,#5596,#5597,#5598,
#5599,#5600,#5601,#5602,#5603,#5604,#5605,#5606,#5607,#5608,#5609,#5610,
#5611,#5612),(#5613,#5614,#5615,#5616,#5617,#5618,#5619,#5620,#5621,#5622,
#5623,#5624,#5625,#5626,#5627,#5628,#5629,#5630,#5631,#5632,#5633,#5634,
#5635,#5636,#5637,#5638,#5639,#5640,#5641,#5642,#5643,#5644,#5645,#5646,
#5647),(#5648,#5649,#5650,#5651,#5652,#5653,#5654,#5655,#5656,#5657,#5658,
#5659,#5660,#5661,#5662,#5663,#5664,#5665,#5666,#5667,#5668,#5669,#5670,
#5671,#5672,#5673,#5674,#5675,#5676,#5677,#5678,#5679,#5680,#5681,#5682),
(#5683,#5684,#5685,#5686,#5687,#5688,#5689,#5690,#5691,#5692,#5693,#5694,
#5695,#5696,#5697,#5698,#5699,#5700,#5701,#5702,#5703,#5704,#5705,#5706,
#5707,#5708,#5709,#5710,#5711,#5712,#5713,#5714,#5715,#5716,#5717),(#5718,
#5719,#5720,#5721,#5722,#5723,#5724,#5725,#5726,#5727,#5728,#5729,#5730,
#5731,#5732,#5733,#5734,#5735,#5736,#5737,#5738,#5739,#5740,#5741,#5742,
#5743,#5744,#5745,#5746,#5747,#5748,#5749,#5750,#5751,#5752),(#5753,#5754,
#5755,#5756,#5757,#5758,#5759,#5760,#5761,#5762,#5763,#5764,#5765,#5766,
#5767,#5768,#5769,#5770,#5771,#5772,#5773,#5774,#5775,#5776,#5777,#5778,
#5779,#5780,#5781,#5782,#5783,#5784,#5785,#5786,#5787)),.UNSPECIFIED.,.F.,
 .F.,.F.,(4,1,1,1,1,1,1,1,1,1,1,1,1,1,1,1,1,1,1,1,1,1,1,1,1,1,1,1,1,1,1,
4),(4,1,1,1,1,1,1,1,1,1,1,1,1,1,1,1,1,1,1,1,1,1,1,1,1,1,1,1,1,1,1,1,4),
(-0.0106233648318723,-0.0102630536060567,-0.00990274238024103,-0.00954243115442541,
-0.00918211992860978,-0.00846149747697853,-0.00774087502534728,-0.00629963012208478,
-0.00485838521882227,-0.00341714031555977,-0.00197589541229727,-0.000534650509034765,
0.000906594394227737,0.00234783929749024,0.00306846174912149,0.00378908420075275,
0.00450970665238399,0.00487001787819962,0.00523032910401525,0.00559064032983087,
0.0059509515556465,0.00631126278146212,0.00649141839436994,0.00667157400727775,
0.00703188523309337,0.007392196458909,0.00775250768472462,0.00811281891054025,
0.0088334413621715,0.00955406381380275,0.0109953087170653,0.0124365536203278),
(-0.0126078978699991,-0.0123996885788789,-0.0121914792877588,-0.0119832699966386,
-0.0117750607055184,-0.0113586421232781,-0.011150432832158,-0.0109422235410378,
-0.0107340142499176,-0.0105258049587975,-0.0103175956676773,-0.0101093863765572,
-0.00990117708543701,-0.00969296779431685,-0.00927654921207653,-0.00844371204759589,
-0.00761087488311525,-0.00594520055415396,-0.00427952622519268,-0.0026138518962314,
-0.000948177567270114,0.000717496761691168,0.00155033392617181,0.00238317109065245,
0.00404884541961373,0.00488168258409438,0.00571451974857502,0.00654735691305566,
0.0073801940775363,0.00904586840649758,0.0107115427354589,0.0123772170644201,
0.0140428913933814),.UNSPECIFIED.);
#27=B_SPLINE_SURFACE_WITH_KNOTS('',3,3,((#5815,#5816,#5817,#5818,#5819,
#5820,#5821,#5822,#5823,#5824,#5825,#5826,#5827,#5828,#5829,#5830,#5831,
#5832,#5833,#5834,#5835,#5836,#5837,#5838,#5839,#5840,#5841,#5842,#5843,
#5844,#5845,#5846,#5847,#5848),(#5849,#5850,#5851,#5852,#5853,#5854,#5855,
#5856,#5857,#5858,#5859,#5860,#5861,#5862,#5863,#5864,#5865,#5866,#5867,
#5868,#5869,#5870,#5871,#5872,#5873,#5874,#5875,#5876,#5877,#5878,#5879,
#5880,#5881,#5882),(#5883,#5884,#5885,#5886,#5887,#5888,#5889,#5890,#5891,
#5892,#5893,#5894,#5895,#5896,#5897,#5898,#5899,#5900,#5901,#5902,#5903,
#5904,#5905,#5906,#5907,#5908,#5909,#5910,#5911,#5912,#5913,#5914,#5915,
#5916),(#5917,#5918,#5919,#5920,#5921,#5922,#5923,#5924,#5925,#5926,#5927,
#5928,#5929,#5930,#5931,#5932,#5933,#5934,#5935,#5936,#5937,#5938,#5939,
#5940,#5941,#5942,#5943,#5944,#5945,#5946,#5947,#5948,#5949,#5950),(#5951,
#5952,#5953,#5954,#5955,#5956,#5957,#5958,#5959,#5960,#5961,#5962,#5963,
#5964,#5965,#5966,#5967,#5968,#5969,#5970,#5971,#5972,#5973,#5974,#5975,
#5976,#5977,#5978,#5979,#5980,#5981,#5982,#5983,#5984),(#5985,#5986,#5987,
#5988,#5989,#5990,#5991,#5992,#5993,#5994,#5995,#5996,#5997,#5998,#5999,
#6000,#6001,#6002,#6003,#6004,#6005,#6006,#6007,#6008,#6009,#6010,#6011,
#6012,#6013,#6014,#6015,#6016,#6017,#6018)),.UNSPECIFIED.,.F.,.F.,.F.,(4,
2,4),(4,2,2,2,2,2,2,2,2,2,2,2,2,2,2,2,4),(0.,0.5,1.),(0.,0.0625,0.125,0.1875,
0.25,0.3125,0.375,0.4375,0.5,0.5625,0.625,0.6875,0.75,0.8125,0.875,0.9375,
1.),.UNSPECIFIED.);
#28=B_SPLINE_SURFACE_WITH_KNOTS('',3,3,((#6027,#6028,#6029,#6030,#6031,
#6032,#6033,#6034,#6035,#6036,#6037,#6038,#6039,#6040,#6041,#6042,#6043,
#6044,#6045,#6046,#6047,#6048,#6049,#6050,#6051,#6052,#6053,#6054,#6055,
#6056,#6057,#6058,#6059,#6060),(#6061,#6062,#6063,#6064,#6065,#6066,#6067,
#6068,#6069,#6070,#6071,#6072,#6073,#6074,#6075,#6076,#6077,#6078,#6079,
#6080,#6081,#6082,#6083,#6084,#6085,#6086,#6087,#6088,#6089,#6090,#6091,
#6092,#6093,#6094),(#6095,#6096,#6097,#6098,#6099,#6100,#6101,#6102,#6103,
#6104,#6105,#6106,#6107,#6108,#6109,#6110,#6111,#6112,#6113,#6114,#6115,
#6116,#6117,#6118,#6119,#6120,#6121,#6122,#6123,#6124,#6125,#6126,#6127,
#6128),(#6129,#6130,#6131,#6132,#6133,#6134,#6135,#6136,#6137,#6138,#6139,
#6140,#6141,#6142,#6143,#6144,#6145,#6146,#6147,#6148,#6149,#6150,#6151,
#6152,#6153,#6154,#6155,#6156,#6157,#6158,#6159,#6160,#6161,#6162),(#6163,
#6164,#6165,#6166,#6167,#6168,#6169,#6170,#6171,#6172,#6173,#6174,#6175,
#6176,#6177,#6178,#6179,#6180,#6181,#6182,#6183,#6184,#6185,#6186,#6187,
#6188,#6189,#6190,#6191,#6192,#6193,#6194,#6195,#6196),(#6197,#6198,#6199,
#6200,#6201,#6202,#6203,#6204,#6205,#6206,#6207,#6208,#6209,#6210,#6211,
#6212,#6213,#6214,#6215,#6216,#6217,#6218,#6219,#6220,#6221,#6222,#6223,
#6224,#6225,#6226,#6227,#6228,#6229,#6230)),.UNSPECIFIED.,.F.,.F.,.F.,(4,
2,4),(4,2,2,2,2,2,2,2,2,2,2,2,2,2,2,2,4),(0.,0.5,1.),(0.,0.0625,0.125,0.1875,
0.25,0.3125,0.375,0.4375,0.5,0.5625,0.625,0.6875,0.75,0.8125,0.875,0.9375,
1.),.UNSPECIFIED.);
#29=B_SPLINE_SURFACE_WITH_KNOTS('',3,3,((#6239,#6240,#6241,#6242,#6243,
#6244,#6245,#6246,#6247,#6248,#6249,#6250,#6251,#6252,#6253,#6254,#6255,
#6256,#6257,#6258,#6259,#6260,#6261,#6262,#6263,#6264,#6265,#6266,#6267,
#6268,#6269,#6270,#6271,#6272),(#6273,#6274,#6275,#6276,#6277,#6278,#6279,
#6280,#6281,#6282,#6283,#6284,#6285,#6286,#6287,#6288,#6289,#6290,#6291,
#6292,#6293,#6294,#6295,#6296,#6297,#6298,#6299,#6300,#6301,#6302,#6303,
#6304,#6305,#6306),(#6307,#6308,#6309,#6310,#6311,#6312,#6313,#6314,#6315,
#6316,#6317,#6318,#6319,#6320,#6321,#6322,#6323,#6324,#6325,#6326,#6327,
#6328,#6329,#6330,#6331,#6332,#6333,#6334,#6335,#6336,#6337,#6338,#6339,
#6340),(#6341,#6342,#6343,#6344,#6345,#6346,#6347,#6348,#6349,#6350,#6351,
#6352,#6353,#6354,#6355,#6356,#6357,#6358,#6359,#6360,#6361,#6362,#6363,
#6364,#6365,#6366,#6367,#6368,#6369,#6370,#6371,#6372,#6373,#6374),(#6375,
#6376,#6377,#6378,#6379,#6380,#6381,#6382,#6383,#6384,#6385,#6386,#6387,
#6388,#6389,#6390,#6391,#6392,#6393,#6394,#6395,#6396,#6397,#6398,#6399,
#6400,#6401,#6402,#6403,#6404,#6405,#6406,#6407,#6408),(#6409,#6410,#6411,
#6412,#6413,#6414,#6415,#6416,#6417,#6418,#6419,#6420,#6421,#6422,#6423,
#6424,#6425,#6426,#6427,#6428,#6429,#6430,#6431,#6432,#6433,#6434,#6435,
#6436,#6437,#6438,#6439,#6440,#6441,#6442)),.UNSPECIFIED.,.F.,.F.,.F.,(4,
2,4),(4,2,2,2,2,2,2,2,2,2,2,2,2,2,2,2,4),(0.,0.5,1.),(0.,0.0625,0.125,0.1875,
0.25,0.3125,0.375,0.4375,0.5,0.5625,0.625,0.6875,0.75,0.8125,0.875,0.9375,
1.),.UNSPECIFIED.);
#30=B_SPLINE_SURFACE_WITH_KNOTS('',3,3,((#6451,#6452,#6453,#6454,#6455,
#6456,#6457,#6458,#6459,#6460,#6461,#6462,#6463,#6464,#6465,#6466,#6467,
#6468,#6469,#6470,#6471,#6472,#6473,#6474,#6475,#6476,#6477,#6478,#6479,
#6480,#6481,#6482,#6483,#6484),(#6485,#6486,#6487,#6488,#6489,#6490,#6491,
#6492,#6493,#6494,#6495,#6496,#6497,#6498,#6499,#6500,#6501,#6502,#6503,
#6504,#6505,#6506,#6507,#6508,#6509,#6510,#6511,#6512,#6513,#6514,#6515,
#6516,#6517,#6518),(#6519,#6520,#6521,#6522,#6523,#6524,#6525,#6526,#6527,
#6528,#6529,#6530,#6531,#6532,#6533,#6534,#6535,#6536,#6537,#6538,#6539,
#6540,#6541,#6542,#6543,#6544,#6545,#6546,#6547,#6548,#6549,#6550,#6551,
#6552),(#6553,#6554,#6555,#6556,#6557,#6558,#6559,#6560,#6561,#6562,#6563,
#6564,#6565,#6566,#6567,#6568,#6569,#6570,#6571,#6572,#6573,#6574,#6575,
#6576,#6577,#6578,#6579,#6580,#6581,#6582,#6583,#6584,#6585,#6586),(#6587,
#6588,#6589,#6590,#6591,#6592,#6593,#6594,#6595,#6596,#6597,#6598,#6599,
#6600,#6601,#6602,#6603,#6604,#6605,#6606,#6607,#6608,#6609,#6610,#6611,
#6612,#6613,#6614,#6615,#6616,#6617,#6618,#6619,#6620),(#6621,#6622,#6623,
#6624,#6625,#6626,#6627,#6628,#6629,#6630,#6631,#6632,#6633,#6634,#6635,
#6636,#6637,#6638,#6639,#6640,#6641,#6642,#6643,#6644,#6645,#6646,#6647,
#6648,#6649,#6650,#6651,#6652,#6653,#6654)),.UNSPECIFIED.,.F.,.F.,.F.,(4,
2,4),(4,2,2,2,2,2,2,2,2,2,2,2,2,2,2,2,4),(0.,0.5,1.),(0.,0.0625,0.125,0.1875,
0.25,0.3125,0.375,0.4375,0.5,0.5625,0.625,0.6875,0.75,0.8125,0.875,0.9375,
1.),.UNSPECIFIED.);
#31=OPEN_SHELL('',(#317,#318,#319,#320,#321,#322,#323,#324,#325,#326,#327,
#328,#329,#330,#331,#332));
#32=SHELL_BASED_SURFACE_MODEL('Surface 1',(#31));
#33=SHAPE_REPRESENTATION_RELATIONSHIP('','',#353,#35);
#34=SHAPE_REPRESENTATION_RELATIONSHIP('','',#354,#10);
#35=ADVANCED_BREP_SHAPE_REPRESENTATION('',(#350),#6674);
#36=TOROIDAL_SURFACE('',#358,0.025,0.002);
#37=TOROIDAL_SURFACE('',#361,0.025,0.002);
#38=TOROIDAL_SURFACE('',#364,0.025,0.002);
#39=TOROIDAL_SURFACE('',#367,0.025,0.002);
#40=TOROIDAL_SURFACE('',#377,0.0383333333333334,0.0283333333333333);
#41=TOROIDAL_SURFACE('',#382,0.0383333333333334,0.0283333333333333);
#42=TOROIDAL_SURFACE('',#384,0.0383333333333334,0.0283333333333333);
#43=TOROIDAL_SURFACE('',#386,0.0383333333333334,0.0283333333333333);
#44=TOROIDAL_SURFACE('',#394,0.0383333333333334,0.0283333333333333);
#45=TOROIDAL_SURFACE('',#397,0.0383333333333334,0.0283333333333333);
#46=TOROIDAL_SURFACE('',#399,0.0383333333333334,0.0283333333333333);
#47=TOROIDAL_SURFACE('',#401,0.0383333333333334,0.0283333333333333);
#48=ORIENTED_EDGE('',*,*,#132,.F.);
#49=ORIENTED_EDGE('',*,*,#133,.T.);
#50=ORIENTED_EDGE('',*,*,#133,.F.);
#51=ORIENTED_EDGE('',*,*,#134,.T.);
#52=ORIENTED_EDGE('',*,*,#134,.F.);
#53=ORIENTED_EDGE('',*,*,#135,.T.);
#54=ORIENTED_EDGE('',*,*,#135,.F.);
#55=ORIENTED_EDGE('',*,*,#136,.T.);
#56=ORIENTED_EDGE('',*,*,#136,.F.);
#57=ORIENTED_EDGE('',*,*,#137,.T.);
#58=ORIENTED_EDGE('',*,*,#137,.F.);
#59=ORIENTED_EDGE('',*,*,#138,.T.);
#60=ORIENTED_EDGE('',*,*,#138,.F.);
#61=ORIENTED_EDGE('',*,*,#139,.T.);
#62=ORIENTED_EDGE('',*,*,#139,.F.);
#63=ORIENTED_EDGE('',*,*,#132,.T.);
#64=ORIENTED_EDGE('',*,*,#140,.F.);
#65=ORIENTED_EDGE('',*,*,#141,.T.);
#66=ORIENTED_EDGE('',*,*,#142,.T.);
#67=ORIENTED_EDGE('',*,*,#143,.T.);
#68=ORIENTED_EDGE('',*,*,#144,.T.);
#69=ORIENTED_EDGE('',*,*,#145,.T.);
#70=ORIENTED_EDGE('',*,*,#146,.T.);
#71=ORIENTED_EDGE('',*,*,#147,.T.);
#72=ORIENTED_EDGE('',*,*,#148,.F.);
#73=ORIENTED_EDGE('',*,*,#149,.T.);
#74=ORIENTED_EDGE('',*,*,#150,.T.);
#75=ORIENTED_EDGE('',*,*,#151,.F.);
#76=ORIENTED_EDGE('',*,*,#152,.T.);
#77=ORIENTED_EDGE('',*,*,#142,.F.);
#78=ORIENTED_EDGE('',*,*,#146,.F.);
#79=ORIENTED_EDGE('',*,*,#153,.F.);
#80=ORIENTED_EDGE('',*,*,#154,.F.);
#81=ORIENTED_EDGE('',*,*,#155,.F.);
#82=ORIENTED_EDGE('',*,*,#147,.F.);
#83=ORIENTED_EDGE('',*,*,#141,.F.);
#84=ORIENTED_EDGE('',*,*,#156,.T.);
#85=ORIENTED_EDGE('',*,*,#157,.T.);
#86=ORIENTED_EDGE('',*,*,#158,.F.);
#87=ORIENTED_EDGE('',*,*,#159,.F.);
#88=ORIENTED_EDGE('',*,*,#157,.F.);
#89=ORIENTED_EDGE('',*,*,#153,.T.);
#90=ORIENTED_EDGE('',*,*,#160,.T.);
#91=ORIENTED_EDGE('',*,*,#145,.F.);
#92=ORIENTED_EDGE('',*,*,#160,.F.);
#93=ORIENTED_EDGE('',*,*,#140,.T.);
#94=ORIENTED_EDGE('',*,*,#161,.T.);
#95=ORIENTED_EDGE('',*,*,#150,.F.);
#96=ORIENTED_EDGE('',*,*,#161,.F.);
#97=ORIENTED_EDGE('',*,*,#162,.T.);
#98=ORIENTED_EDGE('',*,*,#163,.T.);
#99=ORIENTED_EDGE('',*,*,#164,.F.);
#100=ORIENTED_EDGE('',*,*,#144,.F.);
#101=ORIENTED_EDGE('',*,*,#165,.T.);
#102=ORIENTED_EDGE('',*,*,#166,.T.);
#103=ORIENTED_EDGE('',*,*,#162,.F.);
#104=ORIENTED_EDGE('',*,*,#151,.T.);
#105=ORIENTED_EDGE('',*,*,#164,.T.);
#106=ORIENTED_EDGE('',*,*,#167,.F.);
#107=ORIENTED_EDGE('',*,*,#168,.T.);
#108=ORIENTED_EDGE('',*,*,#154,.T.);
#109=ORIENTED_EDGE('',*,*,#156,.F.);
#110=ORIENTED_EDGE('',*,*,#169,.F.);
#111=ORIENTED_EDGE('',*,*,#170,.F.);
#112=ORIENTED_EDGE('',*,*,#149,.F.);
#113=ORIENTED_EDGE('',*,*,#171,.F.);
#114=ORIENTED_EDGE('',*,*,#172,.T.);
#115=ORIENTED_EDGE('',*,*,#158,.T.);
#116=ORIENTED_EDGE('',*,*,#171,.T.);
#117=ORIENTED_EDGE('',*,*,#173,.T.);
#118=ORIENTED_EDGE('',*,*,#168,.F.);
#119=ORIENTED_EDGE('',*,*,#174,.F.);
#120=ORIENTED_EDGE('',*,*,#173,.F.);
#121=ORIENTED_EDGE('',*,*,#148,.T.);
#122=ORIENTED_EDGE('',*,*,#175,.T.);
#123=ORIENTED_EDGE('',*,*,#152,.F.);
#124=ORIENTED_EDGE('',*,*,#175,.F.);
#125=ORIENTED_EDGE('',*,*,#155,.T.);
#126=ORIENTED_EDGE('',*,*,#176,.T.);
#127=ORIENTED_EDGE('',*,*,#143,.F.);
#128=ORIENTED_EDGE('',*,*,#176,.F.);
#129=ORIENTED_EDGE('',*,*,#170,.T.);
#130=ORIENTED_EDGE('',*,*,#177,.T.);
#131=ORIENTED_EDGE('',*,*,#165,.F.);
#132=EDGE_CURVE('',#178,#178,#207,.T.);
#133=EDGE_CURVE('',#179,#179,#208,.T.);
#134=EDGE_CURVE('',#180,#180,#209,.T.);
#135=EDGE_CURVE('',#181,#181,#210,.T.);
#136=EDGE_CURVE('',#182,#182,#211,.T.);
#137=EDGE_CURVE('',#183,#183,#212,.T.);
#138=EDGE_CURVE('',#184,#184,#213,.T.);
#139=EDGE_CURVE('',#185,#185,#214,.T.);
#140=EDGE_CURVE('',#186,#187,#215,.T.);
#141=EDGE_CURVE('',#186,#188,#11,.T.);
#142=EDGE_CURVE('',#188,#189,#12,.T.);
#143=EDGE_CURVE('',#189,#190,#216,.T.);
#144=EDGE_CURVE('',#190,#187,#13,.T.);
#145=EDGE_CURVE('',#191,#192,#217,.T.);
#146=EDGE_CURVE('',#192,#188,#14,.T.);
#147=EDGE_CURVE('',#188,#193,#15,.T.);
#148=EDGE_CURVE('',#194,#193,#218,.T.);
#149=EDGE_CURVE('',#194,#191,#16,.T.);
#150=EDGE_CURVE('',#192,#195,#219,.T.);
#151=EDGE_CURVE('',#196,#195,#17,.T.);
#152=EDGE_CURVE('',#196,#189,#220,.T.);
#153=EDGE_CURVE('',#197,#186,#221,.T.);
#154=EDGE_CURVE('',#198,#197,#18,.T.);
#155=EDGE_CURVE('',#193,#198,#222,.T.);
#156=EDGE_CURVE('',#199,#197,#223,.T.);
#157=EDGE_CURVE('',#197,#191,#224,.T.);
#158=EDGE_CURVE('',#200,#191,#225,.T.);
#159=EDGE_CURVE('',#199,#200,#226,.T.);
#160=EDGE_CURVE('',#186,#192,#227,.T.);
#161=EDGE_CURVE('',#187,#195,#228,.T.);
#162=EDGE_CURVE('',#187,#201,#229,.T.);
#163=EDGE_CURVE('',#201,#202,#230,.T.);
#164=EDGE_CURVE('',#195,#202,#231,.T.);
#165=EDGE_CURVE('',#190,#203,#232,.T.);
#166=EDGE_CURVE('',#203,#201,#19,.T.);
#167=EDGE_CURVE('',#204,#202,#20,.T.);
#168=EDGE_CURVE('',#204,#196,#233,.T.);
#169=EDGE_CURVE('',#205,#199,#21,.T.);
#170=EDGE_CURVE('',#198,#205,#234,.T.);
#171=EDGE_CURVE('',#206,#194,#235,.T.);
#172=EDGE_CURVE('',#206,#200,#22,.T.);
#173=EDGE_CURVE('',#194,#196,#236,.T.);
#174=EDGE_CURVE('',#206,#204,#237,.T.);
#175=EDGE_CURVE('',#193,#189,#238,.T.);
#176=EDGE_CURVE('',#198,#190,#239,.T.);
#177=EDGE_CURVE('',#205,#203,#240,.T.);
#178=VERTEX_POINT('',#599);
#179=VERTEX_POINT('',#601);
#180=VERTEX_POINT('',#604);
#181=VERTEX_POINT('',#704);
#182=VERTEX_POINT('',#707);
#183=VERTEX_POINT('',#807);
#184=VERTEX_POINT('',#810);
#185=VERTEX_POINT('',#910);
#186=VERTEX_POINT('',#2104);
#187=VERTEX_POINT('',#2105);
#188=VERTEX_POINT('',#2122);
#189=VERTEX_POINT('',#2147);
#190=VERTEX_POINT('',#2149);
#191=VERTEX_POINT('',#3347);
#192=VERTEX_POINT('',#3348);
#193=VERTEX_POINT('',#3389);
#194=VERTEX_POINT('',#3391);
#195=VERTEX_POINT('',#4589);
#196=VERTEX_POINT('',#4596);
#197=VERTEX_POINT('',#5789);
#198=VERTEX_POINT('',#5796);
#199=VERTEX_POINT('',#5800);
#200=VERTEX_POINT('',#5803);
#201=VERTEX_POINT('',#5811);
#202=VERTEX_POINT('',#5813);
#203=VERTEX_POINT('',#6020);
#204=VERTEX_POINT('',#6237);
#205=VERTEX_POINT('',#6449);
#206=VERTEX_POINT('',#6656);
#207=CIRCLE('',#356,0.002);
#208=CIRCLE('',#357,0.002);
#209=CIRCLE('',#359,0.002);
#210=CIRCLE('',#360,0.002);
#211=CIRCLE('',#362,0.002);
#212=CIRCLE('',#363,0.002);
#213=CIRCLE('',#365,0.002);
#214=CIRCLE('',#366,0.002);
#215=CIRCLE('',#369,0.0283333333333333);
#216=CIRCLE('',#370,0.0283333333333333);
#217=CIRCLE('',#371,0.0283333333333333);
#218=CIRCLE('',#372,0.0283333333333333);
#219=CIRCLE('',#373,0.0283333333333333);
#220=CIRCLE('',#374,0.0283333333333333);
#221=CIRCLE('',#375,0.0283333333333333);
#222=CIRCLE('',#376,0.0283333333333333);
#223=CIRCLE('',#378,0.0283333333333333);
#224=CIRCLE('',#379,0.0173148229727541);
#225=CIRCLE('',#380,0.0283333333333333);
#226=CIRCLE('',#381,0.025);
#227=CIRCLE('',#383,0.01);
#228=CIRCLE('',#385,0.0173148229727541);
#229=CIRCLE('',#387,0.0283333333333333);
#230=CIRCLE('',#388,0.025);
#231=CIRCLE('',#389,0.0283333333333333);
#232=CIRCLE('',#390,0.0283333333333333);
#233=CIRCLE('',#391,0.0283333333333333);
#234=CIRCLE('',#392,0.0283333333333333);
#235=CIRCLE('',#393,0.0283333333333333);
#236=CIRCLE('',#395,0.0173148229727541);
#237=CIRCLE('',#396,0.025);
#238=CIRCLE('',#398,0.01);
#239=CIRCLE('',#400,0.0173148229727541);
#240=CIRCLE('',#402,0.025);
#241=EDGE_LOOP('',(#48));
#242=EDGE_LOOP('',(#49));
#243=EDGE_LOOP('',(#50));
#244=EDGE_LOOP('',(#51));
#245=EDGE_LOOP('',(#52));
#246=EDGE_LOOP('',(#53));
#247=EDGE_LOOP('',(#54));
#248=EDGE_LOOP('',(#55));
#249=EDGE_LOOP('',(#56));
#250=EDGE_LOOP('',(#57));
#251=EDGE_LOOP('',(#58));
#252=EDGE_LOOP('',(#59));
#253=EDGE_LOOP('',(#60));
#254=EDGE_LOOP('',(#61));
#255=EDGE_LOOP('',(#62));
#256=EDGE_LOOP('',(#63));
#257=EDGE_LOOP('',(#64,#65,#66,#67,#68));
#258=EDGE_LOOP('',(#69,#70,#71,#72,#73));
#259=EDGE_LOOP('',(#74,#75,#76,#77,#78));
#260=EDGE_LOOP('',(#79,#80,#81,#82,#83));
#261=EDGE_LOOP('',(#84,#85,#86,#87));
#262=EDGE_LOOP('',(#88,#89,#90,#91));
#263=EDGE_LOOP('',(#92,#93,#94,#95));
#264=EDGE_LOOP('',(#96,#97,#98,#99));
#265=EDGE_LOOP('',(#100,#101,#102,#103));
#266=EDGE_LOOP('',(#104,#105,#106,#107));
#267=EDGE_LOOP('',(#108,#109,#110,#111));
#268=EDGE_LOOP('',(#112,#113,#114,#115));
#269=EDGE_LOOP('',(#116,#117,#118,#119));
#270=EDGE_LOOP('',(#120,#121,#122,#123));
#271=EDGE_LOOP('',(#124,#125,#126,#127));
#272=EDGE_LOOP('',(#128,#129,#130,#131));
#273=FACE_BOUND('',#241,.T.);
#274=FACE_BOUND('',#242,.T.);
#275=FACE_BOUND('',#243,.T.);
#276=FACE_BOUND('',#244,.T.);
#277=FACE_BOUND('',#245,.T.);
#278=FACE_BOUND('',#246,.T.);
#279=FACE_BOUND('',#247,.T.);
#280=FACE_BOUND('',#248,.T.);
#281=FACE_BOUND('',#249,.T.);
#282=FACE_BOUND('',#250,.T.);
#283=FACE_BOUND('',#251,.T.);
#284=FACE_BOUND('',#252,.T.);
#285=FACE_BOUND('',#253,.T.);
#286=FACE_BOUND('',#254,.T.);
#287=FACE_BOUND('',#255,.T.);
#288=FACE_BOUND('',#256,.T.);
#289=FACE_BOUND('',#257,.T.);
#290=FACE_BOUND('',#258,.T.);
#291=FACE_BOUND('',#259,.T.);
#292=FACE_BOUND('',#260,.T.);
#293=FACE_BOUND('',#261,.T.);
#294=FACE_BOUND('',#262,.T.);
#295=FACE_BOUND('',#263,.T.);
#296=FACE_BOUND('',#264,.T.);
#297=FACE_BOUND('',#265,.T.);
#298=FACE_BOUND('',#266,.T.);
#299=FACE_BOUND('',#267,.T.);
#300=FACE_BOUND('',#268,.T.);
#301=FACE_BOUND('',#269,.T.);
#302=FACE_BOUND('',#270,.T.);
#303=FACE_BOUND('',#271,.T.);
#304=FACE_BOUND('',#272,.T.);
#305=(
BOUNDED_SURFACE()
B_SPLINE_SURFACE(3,3,((#500,#501,#502,#503,#504,#505,#506,#507,#508,#509,
#510,#511,#512,#513),(#514,#515,#516,#517,#518,#519,#520,#521,#522,#523,
#524,#525,#526,#527),(#528,#529,#530,#531,#532,#533,#534,#535,#536,#537,
#538,#539,#540,#541),(#542,#543,#544,#545,#546,#547,#548,#549,#550,#551,
#552,#553,#554,#555),(#556,#557,#558,#559,#560,#561,#562,#563,#564,#565,
#566,#567,#568,#569),(#570,#571,#572,#573,#574,#575,#576,#577,#578,#579,
#580,#581,#582,#583),(#584,#585,#586,#587,#588,#589,#590,#591,#592,#593,
#594,#595,#596,#597)),.UNSPECIFIED.,.T.,.F.,.F.)
B_SPLINE_SURFACE_WITH_KNOTS((4,3,4),(4,2,2,2,2,2,4),(0.,0.5,1.),(0.849629464598216,
0.855972098448662,0.862314732299108,0.875,0.887685267700892,0.894027901551338,
0.900370535401784),.UNSPECIFIED.)
GEOMETRIC_REPRESENTATION_ITEM()
RATIONAL_B_SPLINE_SURFACE(((1.,1.,1.,1.,1.,1.,1.,1.,1.,1.,1.,1.,1.,1.),
(0.333333333333334,0.333333333333334,0.333333333333334,0.333333333333334,
0.333333333333334,0.333333333333334,0.333333333333334,0.333333333333334,
0.333333333333334,0.333333333333334,0.333333333333334,0.333333333333334,
0.333333333333334,0.333333333333334),(0.333333333333334,0.333333333333334,
0.333333333333334,0.333333333333334,0.333333333333334,0.333333333333334,
0.333333333333334,0.333333333333334,0.333333333333334,0.333333333333334,
0.333333333333334,0.333333333333334,0.333333333333334,0.333333333333334),
(1.,1.,1.,1.,1.,1.,1.,1.,1.,1.,1.,1.,1.,1.),(0.333333333333334,0.333333333333334,
0.333333333333334,0.333333333333334,0.333333333333334,0.333333333333334,
0.333333333333334,0.333333333333334,0.333333333333334,0.333333333333334,
0.333333333333334,0.333333333333334,0.333333333333334,0.333333333333334),
(0.333333333333334,0.333333333333334,0.333333333333334,0.333333333333334,
0.333333333333334,0.333333333333334,0.333333333333334,0.333333333333334,
0.333333333333334,0.333333333333334,0.333333333333334,0.333333333333334,
0.333333333333334,0.333333333333334),(1.,1.,1.,1.,1.,1.,1.,1.,1.,1.,1.,
1.,1.,1.)))
REPRESENTATION_ITEM('')
SURFACE()
);
#306=(
BOUNDED_SURFACE()
B_SPLINE_SURFACE(3,3,((#605,#606,#607,#608,#609,#610,#611,#612,#613,#614,
#615,#616,#617,#618),(#619,#620,#621,#622,#623,#624,#625,#626,#627,#628,
#629,#630,#631,#632),(#633,#634,#635,#636,#637,#638,#639,#640,#641,#642,
#643,#644,#645,#646),(#647,#648,#649,#650,#651,#652,#653,#654,#655,#656,
#657,#658,#659,#660),(#661,#662,#663,#664,#665,#666,#667,#668,#669,#670,
#671,#672,#673,#674),(#675,#676,#677,#678,#679,#680,#681,#682,#683,#684,
#685,#686,#687,#688),(#689,#690,#691,#692,#693,#694,#695,#696,#697,#698,
#699,#700,#701,#702)),.UNSPECIFIED.,.T.,.F.,.F.)
B_SPLINE_SURFACE_WITH_KNOTS((4,3,4),(4,2,2,2,2,2,4),(0.,0.5,1.),(0.599629464598216,
0.605972098448662,0.612314732299108,0.625,0.637685267700892,0.644027901551338,
0.650370535401784),.UNSPECIFIED.)
GEOMETRIC_REPRESENTATION_ITEM()
RATIONAL_B_SPLINE_SURFACE(((1.,1.,1.,1.,1.,1.,1.,1.,1.,1.,1.,1.,1.,1.),
(0.333333333333334,0.333333333333334,0.333333333333334,0.333333333333334,
0.333333333333334,0.333333333333334,0.333333333333334,0.333333333333334,
0.333333333333334,0.333333333333334,0.333333333333334,0.333333333333334,
0.333333333333334,0.333333333333334),(0.333333333333334,0.333333333333334,
0.333333333333334,0.333333333333334,0.333333333333334,0.333333333333334,
0.333333333333334,0.333333333333334,0.333333333333334,0.333333333333334,
0.333333333333334,0.333333333333334,0.333333333333334,0.333333333333334),
(1.,1.,1.,1.,1.,1.,1.,1.,1.,1.,1.,1.,1.,1.),(0.333333333333334,0.333333333333334,
0.333333333333334,0.333333333333334,0.333333333333334,0.333333333333334,
0.333333333333334,0.333333333333334,0.333333333333334,0.333333333333334,
0.333333333333334,0.333333333333334,0.333333333333334,0.333333333333334),
(0.333333333333334,0.333333333333334,0.333333333333334,0.333333333333334,
0.333333333333334,0.333333333333334,0.333333333333334,0.333333333333334,
0.333333333333334,0.333333333333334,0.333333333333334,0.333333333333334,
0.333333333333334,0.333333333333334),(1.,1.,1.,1.,1.,1.,1.,1.,1.,1.,1.,
1.,1.,1.)))
REPRESENTATION_ITEM('')
SURFACE()
);
#307=(
BOUNDED_SURFACE()
B_SPLINE_SURFACE(3,3,((#708,#709,#710,#711,#712,#713,#714,#715,#716,#717,
#718,#719,#720,#721),(#722,#723,#724,#725,#726,#727,#728,#729,#730,#731,
#732,#733,#734,#735),(#736,#737,#738,#739,#740,#741,#742,#743,#744,#745,
#746,#747,#748,#749),(#750,#751,#752,#753,#754,#755,#756,#757,#758,#759,
#760,#761,#762,#763),(#764,#765,#766,#767,#768,#769,#770,#771,#772,#773,
#774,#775,#776,#777),(#778,#779,#780,#781,#782,#783,#784,#785,#786,#787,
#788,#789,#790,#791),(#792,#793,#794,#795,#796,#797,#798,#799,#800,#801,
#802,#803,#804,#805)),.UNSPECIFIED.,.T.,.F.,.F.)
B_SPLINE_SURFACE_WITH_KNOTS((4,3,4),(4,2,2,2,2,2,4),(0.,0.5,1.),(0.349629464598216,
0.355972098448662,0.362314732299108,0.375,0.387685267700892,0.394027901551338,
0.400370535401784),.UNSPECIFIED.)
GEOMETRIC_REPRESENTATION_ITEM()
RATIONAL_B_SPLINE_SURFACE(((1.,1.,1.,1.,1.,1.,1.,1.,1.,1.,1.,1.,1.,1.),
(0.333333333333334,0.333333333333334,0.333333333333334,0.333333333333334,
0.333333333333334,0.333333333333334,0.333333333333334,0.333333333333334,
0.333333333333334,0.333333333333334,0.333333333333334,0.333333333333334,
0.333333333333334,0.333333333333334),(0.333333333333334,0.333333333333334,
0.333333333333334,0.333333333333334,0.333333333333334,0.333333333333334,
0.333333333333334,0.333333333333334,0.333333333333334,0.333333333333334,
0.333333333333334,0.333333333333334,0.333333333333334,0.333333333333334),
(1.,1.,1.,1.,1.,1.,1.,1.,1.,1.,1.,1.,1.,1.),(0.333333333333334,0.333333333333334,
0.333333333333334,0.333333333333334,0.333333333333334,0.333333333333334,
0.333333333333334,0.333333333333334,0.333333333333334,0.333333333333334,
0.333333333333334,0.333333333333334,0.333333333333334,0.333333333333334),
(0.333333333333334,0.333333333333334,0.333333333333334,0.333333333333334,
0.333333333333334,0.333333333333334,0.333333333333334,0.333333333333334,
0.333333333333334,0.333333333333334,0.333333333333334,0.333333333333334,
0.333333333333334,0.333333333333334),(1.,1.,1.,1.,1.,1.,1.,1.,1.,1.,1.,
1.,1.,1.)))
REPRESENTATION_ITEM('')
SURFACE()
);
#308=(
BOUNDED_SURFACE()
B_SPLINE_SURFACE(3,3,((#811,#812,#813,#814,#815,#816,#817,#818,#819,#820,
#821,#822,#823,#824),(#825,#826,#827,#828,#829,#830,#831,#832,#833,#834,
#835,#836,#837,#838),(#839,#840,#841,#842,#843,#844,#845,#846,#847,#848,
#849,#850,#851,#852),(#853,#854,#855,#856,#857,#858,#859,#860,#861,#862,
#863,#864,#865,#866),(#867,#868,#869,#870,#871,#872,#873,#874,#875,#876,
#877,#878,#879,#880),(#881,#882,#883,#884,#885,#886,#887,#888,#889,#890,
#891,#892,#893,#894),(#895,#896,#897,#898,#899,#900,#901,#902,#903,#904,
#905,#906,#907,#908)),.UNSPECIFIED.,.T.,.F.,.F.)
B_SPLINE_SURFACE_WITH_KNOTS((4,3,4),(4,2,2,2,2,2,4),(0.,0.5,1.),(0.0996294645982162,
0.105972098448662,0.112314732299108,0.125,0.137685267700892,0.144027901551338,
0.150370535401784),.UNSPECIFIED.)
GEOMETRIC_REPRESENTATION_ITEM()
RATIONAL_B_SPLINE_SURFACE(((1.,1.,1.,1.,1.,1.,1.,1.,1.,1.,1.,1.,1.,1.),
(0.333333333333334,0.333333333333334,0.333333333333334,0.333333333333334,
0.333333333333334,0.333333333333334,0.333333333333334,0.333333333333334,
0.333333333333334,0.333333333333334,0.333333333333334,0.333333333333334,
0.333333333333334,0.333333333333334),(0.333333333333334,0.333333333333334,
0.333333333333334,0.333333333333334,0.333333333333334,0.333333333333334,
0.333333333333334,0.333333333333334,0.333333333333334,0.333333333333334,
0.333333333333334,0.333333333333334,0.333333333333334,0.333333333333334),
(1.,1.,1.,1.,1.,1.,1.,1.,1.,1.,1.,1.,1.,1.),(0.333333333333334,0.333333333333334,
0.333333333333334,0.333333333333334,0.333333333333334,0.333333333333334,
0.333333333333334,0.333333333333334,0.333333333333334,0.333333333333334,
0.333333333333334,0.333333333333334,0.333333333333334,0.333333333333334),
(0.333333333333334,0.333333333333334,0.333333333333334,0.333333333333334,
0.333333333333334,0.333333333333334,0.333333333333334,0.333333333333334,
0.333333333333334,0.333333333333334,0.333333333333334,0.333333333333334,
0.333333333333334,0.333333333333334),(1.,1.,1.,1.,1.,1.,1.,1.,1.,1.,1.,
1.,1.,1.)))
REPRESENTATION_ITEM('')
SURFACE()
);
#309=ADVANCED_FACE('',(#273,#274),#305,.T.);
#310=ADVANCED_FACE('',(#275,#276),#36,.T.);
#311=ADVANCED_FACE('',(#277,#278),#306,.T.);
#312=ADVANCED_FACE('',(#279,#280),#37,.T.);
#313=ADVANCED_FACE('',(#281,#282),#307,.T.);
#314=ADVANCED_FACE('',(#283,#284),#38,.T.);
#315=ADVANCED_FACE('',(#285,#286),#308,.T.);
#316=ADVANCED_FACE('',(#287,#288),#39,.T.);
#317=ADVANCED_FACE('',(#289),#23,.T.);
#318=ADVANCED_FACE('',(#290),#24,.T.);
#319=ADVANCED_FACE('',(#291),#25,.F.);
#320=ADVANCED_FACE('',(#292),#26,.F.);
#321=ADVANCED_FACE('',(#293),#40,.T.);
#322=ADVANCED_FACE('',(#294),#41,.T.);
#323=ADVANCED_FACE('',(#295),#42,.T.);
#324=ADVANCED_FACE('',(#296),#43,.T.);
#325=ADVANCED_FACE('',(#297),#27,.F.);
#326=ADVANCED_FACE('',(#298),#28,.T.);
#327=ADVANCED_FACE('',(#299),#29,.T.);
#328=ADVANCED_FACE('',(#300),#30,.F.);
#329=ADVANCED_FACE('',(#301),#44,.F.);
#330=ADVANCED_FACE('',(#302),#45,.F.);
#331=ADVANCED_FACE('',(#303),#46,.F.);
#332=ADVANCED_FACE('',(#304),#47,.F.);
#333=CLOSED_SHELL('',(#309,#310,#311,#312,#313,#314,#315,#316));
#334=STYLED_ITEM('',(#336),#350);
#335=STYLED_ITEM('',(#337),#32);
#336=PRESENTATION_STYLE_ASSIGNMENT((#338));
#337=PRESENTATION_STYLE_ASSIGNMENT((#339));
#338=SURFACE_STYLE_USAGE(.BOTH.,#340);
#339=SURFACE_STYLE_USAGE(.BOTH.,#341);
#340=SURFACE_SIDE_STYLE('',(#342));
#341=SURFACE_SIDE_STYLE('',(#343));
#342=SURFACE_STYLE_FILL_AREA(#344);
#343=SURFACE_STYLE_FILL_AREA(#345);
#344=FILL_AREA_STYLE('',(#346));
#345=FILL_AREA_STYLE('',(#347));
#346=FILL_AREA_STYLE_COLOUR('',#348);
#347=FILL_AREA_STYLE_COLOUR('',#349);
#348=COLOUR_RGB('',0.980392156862745,0.713725490196078,0.00392156862745098);
#349=COLOUR_RGB('',0.596078431372549,0.12156862745098,0.674509803921569);
#350=MANIFOLD_SOLID_BREP('Part 1',#333);
#351=SHAPE_DEFINITION_REPRESENTATION(#6684,#353);
#352=SHAPE_DEFINITION_REPRESENTATION(#6685,#354);
#353=SHAPE_REPRESENTATION('Part 1',(#355),#6674);
#354=SHAPE_REPRESENTATION('Surface 1',(#368),#6675);
#355=AXIS2_PLACEMENT_3D('',#499,#403,#404);
#356=AXIS2_PLACEMENT_3D('',#598,#405,#406);
#357=AXIS2_PLACEMENT_3D('',#600,#407,#408);
#358=AXIS2_PLACEMENT_3D('',#602,#409,#410);
#359=AXIS2_PLACEMENT_3D('',#603,#411,#412);
#360=AXIS2_PLACEMENT_3D('',#703,#413,#414);
#361=AXIS2_PLACEMENT_3D('',#705,#415,#416);
#362=AXIS2_PLACEMENT_3D('',#706,#417,#418);
#363=AXIS2_PLACEMENT_3D('',#806,#419,#420);
#364=AXIS2_PLACEMENT_3D('',#808,#421,#422);
#365=AXIS2_PLACEMENT_3D('',#809,#423,#424);
#366=AXIS2_PLACEMENT_3D('',#909,#425,#426);
#367=AXIS2_PLACEMENT_3D('',#911,#427,#428);
#368=AXIS2_PLACEMENT_3D('',#912,#429,#430);
#369=AXIS2_PLACEMENT_3D('',#2103,#431,#432);
#370=AXIS2_PLACEMENT_3D('',#2148,#433,#434);
#371=AXIS2_PLACEMENT_3D('',#3346,#435,#436);
#372=AXIS2_PLACEMENT_3D('',#3390,#437,#438);
#373=AXIS2_PLACEMENT_3D('',#4588,#439,#440);
#374=AXIS2_PLACEMENT_3D('',#4597,#441,#442);
#375=AXIS2_PLACEMENT_3D('',#5788,#443,#444);
#376=AXIS2_PLACEMENT_3D('',#5797,#445,#446);
#377=AXIS2_PLACEMENT_3D('',#5798,#447,#448);
#378=AXIS2_PLACEMENT_3D('',#5799,#449,#450);
#379=AXIS2_PLACEMENT_3D('',#5801,#451,#452);
#380=AXIS2_PLACEMENT_3D('',#5802,#453,#454);
#381=AXIS2_PLACEMENT_3D('',#5804,#455,#456);
#382=AXIS2_PLACEMENT_3D('',#5805,#457,#458);
#383=AXIS2_PLACEMENT_3D('',#5806,#459,#460);
#384=AXIS2_PLACEMENT_3D('',#5807,#461,#462);
#385=AXIS2_PLACEMENT_3D('',#5808,#463,#464);
#386=AXIS2_PLACEMENT_3D('',#5809,#465,#466);
#387=AXIS2_PLACEMENT_3D('',#5810,#467,#468);
#388=AXIS2_PLACEMENT_3D('',#5812,#469,#470);
#389=AXIS2_PLACEMENT_3D('',#5814,#471,#472);
#390=AXIS2_PLACEMENT_3D('',#6019,#473,#474);
#391=AXIS2_PLACEMENT_3D('',#6238,#475,#476);
#392=AXIS2_PLACEMENT_3D('',#6450,#477,#478);
#393=AXIS2_PLACEMENT_3D('',#6655,#479,#480);
#394=AXIS2_PLACEMENT_3D('',#6663,#481,#482);
#395=AXIS2_PLACEMENT_3D('',#6664,#483,#484);
#396=AXIS2_PLACEMENT_3D('',#6665,#485,#486);
#397=AXIS2_PLACEMENT_3D('',#6666,#487,#488);
#398=AXIS2_PLACEMENT_3D('',#6667,#489,#490);
#399=AXIS2_PLACEMENT_3D('',#6668,#491,#492);
#400=AXIS2_PLACEMENT_3D('',#6669,#493,#494);
#401=AXIS2_PLACEMENT_3D('',#6670,#495,#496);
#402=AXIS2_PLACEMENT_3D('',#6671,#497,#498);
#403=DIRECTION('',(0.,0.,1.));
#404=DIRECTION('',(1.,0.,0.));
#405=DIRECTION('',(-1.,0.,0.));
#406=DIRECTION('',(0.,6.83588748083484E-16,-1.));
#407=DIRECTION('',(-1.,2.39499538233421E-16,-2.08166817117217E-16));
#408=DIRECTION('',(2.08163227771819E-16,-1.49867596692434E-5,-0.999999999887698));
#409=DIRECTION('',(-2.39499538233421E-16,-1.,-6.12323399573677E-17));
#410=DIRECTION('',(1.,-2.39499538233421E-16,0.));
#411=DIRECTION('',(1.,0.,0.));
#412=DIRECTION('',(0.,-1.49867596693601E-5,0.999999999887698));
#413=DIRECTION('',(1.,6.93889390390723E-17,2.39499538233421E-16));
#414=DIRECTION('',(-2.39499538233421E-16,1.73830062147739E-15,1.));
#415=DIRECTION('',(2.39499538233421E-16,0.,-1.));
#416=DIRECTION('',(-1.,0.,-2.39499538233421E-16));
#417=DIRECTION('',(-1.,0.,0.));
#418=DIRECTION('',(0.,-1.73830062147739E-15,1.));
#419=DIRECTION('',(-1.,2.39499538233421E-16,-6.93889390390723E-17));
#420=DIRECTION('',(-6.93853497092595E-17,1.49867596688548E-5,0.999999999887698));
#421=DIRECTION('',(2.39499538233421E-16,1.,6.12323399573677E-17));
#422=DIRECTION('',(-1.,2.39499538233421E-16,0.));
#423=DIRECTION('',(1.,0.,0.));
#424=DIRECTION('',(0.,1.49867596689715E-5,-0.999999999887698));
#425=DIRECTION('',(1.,0.,0.));
#426=DIRECTION('',(0.,-2.39499538233421E-16,-1.));
#427=DIRECTION('',(-2.39499538233421E-16,0.,1.));
#428=DIRECTION('',(1.,0.,2.39499538233421E-16));
#429=DIRECTION('',(0.,0.,1.));
#430=DIRECTION('',(1.,0.,0.));
#431=DIRECTION('',(1.,-2.39499538233421E-16,1.83697019872103E-16));
#432=DIRECTION('',(-1.24877465560265E-16,-0.882352941176471,-0.470588235294117));
#433=DIRECTION('',(-1.,-3.06161699786839E-16,-2.39499538233421E-16));
#434=DIRECTION('',(3.55399215988002E-16,-0.470588235294117,-0.882352941176471));
#435=DIRECTION('',(-1.,2.39499538233421E-16,-3.06161699786839E-16));
#436=DIRECTION('',(-3.55399215988002E-16,-0.882352941176471,0.470588235294117));
#437=DIRECTION('',(1.,1.83697019872103E-16,2.39499538233421E-16));
#438=DIRECTION('',(1.24877465560265E-16,0.470588235294117,-0.882352941176471));
#439=DIRECTION('',(-1.,2.39499538233421E-16,-3.06161699786839E-16));
#440=DIRECTION('',(-3.55399215988002E-16,-0.882352941176471,0.470588235294117));
#441=DIRECTION('',(-1.,-3.06161699786839E-16,-2.39499538233421E-16));
#442=DIRECTION('',(3.55399215988002E-16,-0.470588235294117,-0.882352941176471));
#443=DIRECTION('',(1.,-2.39499538233421E-16,1.83697019872103E-16));
#444=DIRECTION('',(-1.24877465560265E-16,-0.882352941176471,-0.470588235294117));
#445=DIRECTION('',(1.,1.83697019872103E-16,2.39499538233421E-16));
#446=DIRECTION('',(1.24877465560265E-16,0.470588235294117,-0.882352941176471));
#447=DIRECTION('',(-2.39499538233421E-16,-1.,-6.12323399573677E-17));
#448=DIRECTION('',(1.,-2.39499538233421E-16,-1.46651171447414E-32));
#449=DIRECTION('',(1.,-2.39499538233421E-16,1.83697019872103E-16));
#450=DIRECTION('',(-1.24877465560265E-16,-0.882352941176471,-0.470588235294117));
#451=DIRECTION('',(0.,1.,6.12323399573677E-17));
#452=DIRECTION('',(1.,0.,0.));
#453=DIRECTION('',(-1.,2.39499538233421E-16,-3.06161699786839E-16));
#454=DIRECTION('',(-3.55399215988002E-16,-0.882352941176471,0.470588235294117));
#455=DIRECTION('',(2.39499538233421E-16,1.,6.12323399573677E-17));
#456=DIRECTION('',(1.,-2.39499538233421E-16,-1.46651171447414E-32));
#457=DIRECTION('',(-2.39499538233421E-16,-1.,-6.12323399573677E-17));
#458=DIRECTION('',(1.,-2.39499538233421E-16,-1.46651171447414E-32));
#459=DIRECTION('',(0.,1.,6.12323399573677E-17));
#460=DIRECTION('',(1.,0.,0.));
#461=DIRECTION('',(-2.39499538233421E-16,-1.,-6.12323399573677E-17));
#462=DIRECTION('',(1.,-2.39499538233421E-16,-1.46651171447414E-32));
#463=DIRECTION('',(0.,1.,6.12323399573677E-17));
#464=DIRECTION('',(1.,0.,0.));
#465=DIRECTION('',(-2.39499538233421E-16,-1.,-6.12323399573677E-17));
#466=DIRECTION('',(1.,-2.39499538233421E-16,-1.46651171447414E-32));
#467=DIRECTION('',(1.,-2.39499538233421E-16,1.83697019872103E-16));
#468=DIRECTION('',(-1.24877465560265E-16,-0.882352941176471,-0.470588235294117));
#469=DIRECTION('',(2.39499538233421E-16,1.,6.12323399573677E-17));
#470=DIRECTION('',(1.,-2.39499538233421E-16,-1.46651171447414E-32));
#471=DIRECTION('',(-1.,2.39499538233421E-16,-3.06161699786839E-16));
#472=DIRECTION('',(-3.55399215988002E-16,-0.882352941176471,0.470588235294117));
#473=DIRECTION('',(-1.,-3.06161699786839E-16,-2.39499538233421E-16));
#474=DIRECTION('',(3.55399215988002E-16,-0.470588235294117,-0.882352941176471));
#475=DIRECTION('',(-1.,-3.06161699786839E-16,-2.39499538233421E-16));
#476=DIRECTION('',(3.55399215988002E-16,-0.470588235294117,-0.882352941176471));
#477=DIRECTION('',(1.,1.83697019872103E-16,2.39499538233421E-16));
#478=DIRECTION('',(1.24877465560265E-16,0.470588235294117,-0.882352941176471));
#479=DIRECTION('',(1.,1.83697019872103E-16,2.39499538233421E-16));
#480=DIRECTION('',(1.24877465560265E-16,0.470588235294117,-0.882352941176471));
#481=DIRECTION('',(2.39499538233421E-16,0.,-1.));
#482=DIRECTION('',(-1.,0.,-2.39499538233421E-16));
#483=DIRECTION('',(0.,0.,-1.));
#484=DIRECTION('',(-1.,0.,0.));
#485=DIRECTION('',(2.39499538233421E-16,0.,-1.));
#486=DIRECTION('',(-1.,0.,-2.39499538233421E-16));
#487=DIRECTION('',(2.39499538233421E-16,0.,-1.));
#488=DIRECTION('',(-1.,0.,-2.39499538233421E-16));
#489=DIRECTION('',(0.,0.,-1.));
#490=DIRECTION('',(-1.,0.,0.));
#491=DIRECTION('',(2.39499538233421E-16,0.,-1.));
#492=DIRECTION('',(-1.,0.,-2.39499538233421E-16));
#493=DIRECTION('',(0.,0.,-1.));
#494=DIRECTION('',(-1.,0.,0.));
#495=DIRECTION('',(2.39499538233421E-16,0.,-1.));
#496=DIRECTION('',(-1.,0.,-2.39499538233421E-16));
#497=DIRECTION('',(2.39499538233421E-16,0.,-1.));
#498=DIRECTION('',(-1.,0.,-2.39499538233421E-16));
#499=CARTESIAN_POINT('',(0.,0.,0.));
#500=CARTESIAN_POINT('',(0.01,0.0249999700264807,0.0230000000002246));
#501=CARTESIAN_POINT('',(0.00955589635738549,0.0249999700264807,0.0230000000002246));
#502=CARTESIAN_POINT('',(0.00909130588676984,0.0250040606052471,0.0229980138390666));
#503=CARTESIAN_POINT('',(0.00777048802556643,0.0250096289429424,0.0229966344894242));
#504=CARTESIAN_POINT('',(0.00695193555175002,0.0250115870554679,0.0229968566497008));
#505=CARTESIAN_POINT('',(0.00422273630011867,0.0250139218882761,0.022999750975334));
#506=CARTESIAN_POINT('',(0.00209296319664227,0.0250112338704466,0.0230042528729901));
#507=CARTESIAN_POINT('',(-0.00209964303039183,0.025004232308566,0.0230112544347979));
#508=CARTESIAN_POINT('',(-0.00422841879754896,0.024999734286837,0.0230139362960841));
#509=CARTESIAN_POINT('',(-0.00694970944996275,0.0249968483481029,0.0230116082292446));
#510=CARTESIAN_POINT('',(-0.00776626684686219,0.024996630432193,0.0230096493920844));
#511=CARTESIAN_POINT('',(-0.00907448860540681,0.0249979966247257,0.023004134159833));
#512=CARTESIAN_POINT('',(-0.00953784892451093,0.025,0.023));
#513=CARTESIAN_POINT('',(-0.01,0.025,0.023));
#514=CARTESIAN_POINT('',(0.01,0.0209999700269299,0.0230000599472633));
#515=CARTESIAN_POINT('',(0.00953159402966996,0.0209999700269299,0.0230000599472633));
#516=CARTESIAN_POINT('',(0.00906707610294904,0.0210041272096523,0.0229980469991122));
#517=CARTESIAN_POINT('',(0.00776099345004292,0.0210096334225461,0.0229966830415622));
#518=CARTESIAN_POINT('',(0.00694501298242009,0.0210115915142634,0.0229969003642763));
#519=CARTESIAN_POINT('',(0.00422631587800846,0.0210139173621917,0.0229997835526314));
#520=CARTESIAN_POINT('',(0.00209848892883826,0.0210112375207132,0.0230042791962969));
#521=CARTESIAN_POINT('',(-0.00209180889486932,0.021004239813835,0.0230112769032188));
#522=CARTESIAN_POINT('',(-0.00422063321026349,0.0209997402941498,0.0230139629014496));
#523=CARTESIAN_POINT('',(-0.00694723915092666,0.0209968487186307,0.0230116302873351));
#524=CARTESIAN_POINT('',(-0.00776521475527855,0.0209966271514246,0.0230096729202716));
#525=CARTESIAN_POINT('',(-0.00908389388838224,0.0209980042664836,0.0230041136003569));
#526=CARTESIAN_POINT('',(-0.00954964200349372,0.021,0.023));
#527=CARTESIAN_POINT('',(-0.01,0.021,0.023));
#528=CARTESIAN_POINT('',(0.01,0.0210000299739685,0.0270000599468141));
#529=CARTESIAN_POINT('',(0.00951980131489901,0.0210000299739685,0.0270000599468141));
#530=CARTESIAN_POINT('',(0.00905767118309197,0.0210042077151694,0.026998039357307));
#531=CARTESIAN_POINT('',(0.00776204568392611,0.0210096698413298,0.0269966863220515));
#532=CARTESIAN_POINT('',(0.00694748338519969,0.0210116294031447,0.0269968999935438));
#533=CARTESIAN_POINT('',(0.00423410141165589,0.0210139507039327,0.0269997775452771));
#534=CARTESIAN_POINT('',(0.00210632298154883,0.0210112749992729,0.0270042716910897));
#535=CARTESIAN_POINT('',(-0.00208628328008102,0.0210042734374578,0.0270112732530575));
#536=CARTESIAN_POINT('',(-0.00421705374905439,0.0209997676638005,0.0270139674275826));
#537=CARTESIAN_POINT('',(-0.00695416175727895,0.0209968649510884,0.0270116258286591));
#538=CARTESIAN_POINT('',(-0.00777470934657118,0.0209966385463743,0.0270096684407639));
#539=CARTESIAN_POINT('',(-0.00910812353125049,0.0209980310533625,0.0270040469967096));
#540=CARTESIAN_POINT('',(-0.00957394415447191,0.021,0.027));
#541=CARTESIAN_POINT('',(-0.01,0.021,0.027));
#542=CARTESIAN_POINT('',(0.01,0.0250000299735194,0.0269999999997754));
#543=CARTESIAN_POINT('',(0.00954410364261452,0.0250000299735194,0.0269999999997754));
#544=CARTESIAN_POINT('',(0.00908190096691278,0.0250041411107647,0.0269980061972614));
#545=CARTESIAN_POINT('',(0.00777154025944963,0.0250096653617255,0.0269966377699135));
#546=CARTESIAN_POINT('',(0.00695440595452962,0.0250116249443484,0.0269968562789683));
#547=CARTESIAN_POINT('',(0.00423052183376609,0.0250139552300187,0.0269997449679797));
#548=CARTESIAN_POINT('',(0.00210079724935283,0.0250112713490026,0.0270042453677829));
#549=CARTESIAN_POINT('',(-0.00209411741560354,0.0250042659321925,0.0270112507846367));
#550=CARTESIAN_POINT('',(-0.00422483933633987,0.0249997616564894,0.0270139408222171));
#551=CARTESIAN_POINT('',(-0.00695663205631505,0.0249968645805599,0.0270116037705687));
#552=CARTESIAN_POINT('',(-0.00777576143815453,0.0249966418271425,0.0270096449125767));
#553=CARTESIAN_POINT('',(-0.00909871824827533,0.0249980234116046,0.0270040675561857));
#554=CARTESIAN_POINT('',(-0.00956215107548911,0.025,0.027));
#555=CARTESIAN_POINT('',(-0.01,0.025,0.027));
#556=CARTESIAN_POINT('',(0.01,0.0290000299730701,0.0269999400527367));
#557=CARTESIAN_POINT('',(0.00956840597033003,0.0290000299730701,0.0269999400527367));
#558=CARTESIAN_POINT('',(0.00910613075073356,0.0290040745063601,0.0269979730372159));
#559=CARTESIAN_POINT('',(0.00778103483497313,0.0290096608821212,0.0269965892177756));
#560=CARTESIAN_POINT('',(0.00696132852385954,0.0290116204855521,0.0269968125643927));
#561=CARTESIAN_POINT('',(0.00422694225587628,0.0290139597561046,0.0269997123906822));
#562=CARTESIAN_POINT('',(0.00209527151715684,0.0290112676987323,0.0270042190444761));
#563=CARTESIAN_POINT('',(-0.00210195155112604,0.0290042584269271,0.0270112283162158));
#564=CARTESIAN_POINT('',(-0.00423262492362534,0.0289997556491781,0.0270139142168515));
#565=CARTESIAN_POINT('',(-0.00695910235535115,0.0289968642100313,0.0270115817124781));
#566=CARTESIAN_POINT('',(-0.00777681352973788,0.0289966451079108,0.0270096213843894));
#567=CARTESIAN_POINT('',(-0.00908931296530016,0.0289980157698467,0.0270040881156617));
#568=CARTESIAN_POINT('',(-0.00955035799650629,0.029,0.027));
#569=CARTESIAN_POINT('',(-0.01,0.029,0.027));
#570=CARTESIAN_POINT('',(0.01,0.0289999700260314,0.0229999400531859));
#571=CARTESIAN_POINT('',(0.009580198685101,0.0289999700260314,0.0229999400531859));
#572=CARTESIAN_POINT('',(0.00911553567059063,0.0290039940008419,0.0229979806790211));
#573=CARTESIAN_POINT('',(0.00777998260108995,0.0290096244633386,0.0229965859372862));
#574=CARTESIAN_POINT('',(0.00695885812107994,0.0290115825966724,0.0229968129351252));
#575=CARTESIAN_POINT('',(0.00421915672222887,0.0290139264143604,0.0229997183980365));
#576=CARTESIAN_POINT('',(0.00208743746444628,0.0290112302201799,0.0230042265496833));
#577=CARTESIAN_POINT('',(-0.00210747716591435,0.029004224803297,0.0230112319663771));
#578=CARTESIAN_POINT('',(-0.00423620438483445,0.0289997282795242,0.0230139096907185));
#579=CARTESIAN_POINT('',(-0.00695217974899885,0.0289968479775751,0.023011586171154));
#580=CARTESIAN_POINT('',(-0.00776731893844582,0.0289966337129612,0.0230096258638971));
#581=CARTESIAN_POINT('',(-0.00906508332243136,0.0289979889829678,0.023004154719309));
#582=CARTESIAN_POINT('',(-0.00952605584552812,0.029,0.023));
#583=CARTESIAN_POINT('',(-0.01,0.029,0.023));
#584=CARTESIAN_POINT('',(0.01,0.0249999700264807,0.0230000000002246));
#585=CARTESIAN_POINT('',(0.00955589635738549,0.0249999700264807,0.0230000000002246));
#586=CARTESIAN_POINT('',(0.00909130588676984,0.0250040606052471,0.0229980138390666));
#587=CARTESIAN_POINT('',(0.00777048802556643,0.0250096289429424,0.0229966344894242));
#588=CARTESIAN_POINT('',(0.00695193555175002,0.0250115870554679,0.0229968566497008));
#589=CARTESIAN_POINT('',(0.00422273630011867,0.0250139218882761,0.022999750975334));
#590=CARTESIAN_POINT('',(0.00209296319664227,0.0250112338704466,0.0230042528729901));
#591=CARTESIAN_POINT('',(-0.00209964303039183,0.025004232308566,0.0230112544347979));
#592=CARTESIAN_POINT('',(-0.00422841879754896,0.024999734286837,0.0230139362960841));
#593=CARTESIAN_POINT('',(-0.00694970944996275,0.0249968483481029,0.0230116082292446));
#594=CARTESIAN_POINT('',(-0.00776626684686219,0.024996630432193,0.0230096493920844));
#595=CARTESIAN_POINT('',(-0.00907448860540681,0.0249979966247257,0.023004134159833));
#596=CARTESIAN_POINT('',(-0.00953784892451093,0.025,0.023));
#597=CARTESIAN_POINT('',(-0.01,0.025,0.023));
#598=CARTESIAN_POINT('',(-0.01,0.025,0.025));
#599=CARTESIAN_POINT('',(-0.01,0.025,0.023));
#600=CARTESIAN_POINT('',(0.01,0.025,0.025));
#601=CARTESIAN_POINT('',(0.01,0.0249999700264807,0.0230000000002246));
#602=CARTESIAN_POINT('',(0.01,0.025,0.));
#603=CARTESIAN_POINT('',(0.01,0.025,-0.025));
#604=CARTESIAN_POINT('',(0.01,0.0249999700264807,-0.0230000000002246));
#605=CARTESIAN_POINT('',(-0.01,0.025,-0.023));
#606=CARTESIAN_POINT('',(-0.0095378489245109,0.025,-0.023));
#607=CARTESIAN_POINT('',(-0.00907448860540679,0.024997996624728,-0.023004134159833));
#608=CARTESIAN_POINT('',(-0.00776626684686217,0.0249966304321907,-0.0230096493920844));
#609=CARTESIAN_POINT('',(-0.0069497094499631,0.0249968483481029,-0.023011608229243));
#610=CARTESIAN_POINT('',(-0.00422841879754813,0.024999734286837,-0.0230139362960872));
#611=CARTESIAN_POINT('',(-0.00209964303039174,0.0250042323085733,-0.0230112544347979));
#612=CARTESIAN_POINT('',(0.00209296319664234,0.0250112338704393,-0.0230042528729901));
#613=CARTESIAN_POINT('',(0.00422273630012658,0.0250139218882761,-0.0229997509753372));
#614=CARTESIAN_POINT('',(0.0069519355517461,0.0250115870554679,-0.0229968566496992));
#615=CARTESIAN_POINT('',(0.00777048802556701,0.0250096289429378,-0.0229966344894219));
#616=CARTESIAN_POINT('',(0.00909130588676929,0.0250040606052516,-0.0229980138390689));
#617=CARTESIAN_POINT('',(0.00955589635738548,0.0249999700264807,-0.0230000000002246));
#618=CARTESIAN_POINT('',(0.01,0.0249999700264807,-0.0230000000002246));
#619=CARTESIAN_POINT('',(-0.01,0.021,-0.023));
#620=CARTESIAN_POINT('',(-0.00954964200349375,0.021,-0.023));
#621=CARTESIAN_POINT('',(-0.00908389388838195,0.0209980042664871,-0.0230041136003569));
#622=CARTESIAN_POINT('',(-0.00776521475527881,0.0209966271514212,-0.0230096729202716));
#623=CARTESIAN_POINT('',(-0.00694723915092682,0.0209968487186283,-0.0230116302873335));
#624=CARTESIAN_POINT('',(-0.00422063321026305,0.0209997402941545,-0.0230139629014527));
#625=CARTESIAN_POINT('',(-0.00209180889486923,0.021004239813835,-0.0230112769032188));
#626=CARTESIAN_POINT('',(0.00209848892883833,0.0210112375207132,-0.0230042791962969));
#627=CARTESIAN_POINT('',(0.00422631587801637,0.0210139173621917,-0.0229997835526346));
#628=CARTESIAN_POINT('',(0.00694501298241617,0.0210115915142634,-0.0229969003642747));
#629=CARTESIAN_POINT('',(0.00776099345004319,0.0210096334225426,-0.0229966830415605));
#630=CARTESIAN_POINT('',(0.00906707610294875,0.0210041272096557,-0.0229980469991139));
#631=CARTESIAN_POINT('',(0.00953159402967002,0.0209999700269298,-0.0230000599472633));
#632=CARTESIAN_POINT('',(0.01,0.0209999700269298,-0.0230000599472633));
#633=CARTESIAN_POINT('',(-0.01,0.021,-0.027));
#634=CARTESIAN_POINT('',(-0.00957394415447194,0.021,-0.027));
#635=CARTESIAN_POINT('',(-0.00910812353125073,0.0209980310533653,-0.0270040469967108));
#636=CARTESIAN_POINT('',(-0.00777470934657085,0.0209966385463714,-0.0270096684407628));
#637=CARTESIAN_POINT('',(-0.00695416175728011,0.0209968649510853,-0.0270116258286576));
#638=CARTESIAN_POINT('',(-0.00421705374905199,0.0209997676638068,-0.0270139674275857));
#639=CARTESIAN_POINT('',(-0.00208628328008091,0.0210042734374542,-0.0270112732530612));
#640=CARTESIAN_POINT('',(0.0021063229815489,0.0210112749992765,-0.0270042716910861));
#641=CARTESIAN_POINT('',(0.00423410141164958,0.0210139507039343,-0.0269997775452771));
#642=CARTESIAN_POINT('',(0.00694748338520284,0.0210116294031439,-0.0269968999935438));
#643=CARTESIAN_POINT('',(0.0077620456839261,0.0210096698413275,-0.026996686322051));
#644=CARTESIAN_POINT('',(0.00905767118309197,0.0210042077151716,-0.0269980393573076));
#645=CARTESIAN_POINT('',(0.00951980131489907,0.0210000299739685,-0.0270000599468141));
#646=CARTESIAN_POINT('',(0.01,0.0210000299739685,-0.0270000599468141));
#647=CARTESIAN_POINT('',(-0.01,0.025,-0.027));
#648=CARTESIAN_POINT('',(-0.0095621510754891,0.025,-0.027));
#649=CARTESIAN_POINT('',(-0.00909871824827586,0.0249980234116069,-0.0270040675561868));
#650=CARTESIAN_POINT('',(-0.00777576143815392,0.0249966418271402,-0.0270096449125756));
#651=CARTESIAN_POINT('',(-0.0069566320563162,0.0249968645805599,-0.027011603770567));
#652=CARTESIAN_POINT('',(-0.00422483933633747,0.0249997616564894,-0.0270139408222202));
#653=CARTESIAN_POINT('',(-0.00209411741560343,0.0250042659321925,-0.0270112507846403));
#654=CARTESIAN_POINT('',(0.00210079724935291,0.0250112713490026,-0.0270042453677793));
#655=CARTESIAN_POINT('',(0.00423052183375979,0.0250139552300187,-0.0269997449679797));
#656=CARTESIAN_POINT('',(0.00695440595453277,0.0250116249443484,-0.0269968562789683));
#657=CARTESIAN_POINT('',(0.00777154025944963,0.0250096653617233,-0.0269966377699124));
#658=CARTESIAN_POINT('',(0.0090819009669128,0.025004141110767,-0.0269980061972626));
#659=CARTESIAN_POINT('',(0.00954410364261454,0.0250000299735194,-0.0269999999997754));
#660=CARTESIAN_POINT('',(0.01,0.0250000299735194,-0.0269999999997754));
#661=CARTESIAN_POINT('',(-0.01,0.029,-0.027));
#662=CARTESIAN_POINT('',(-0.00955035799650625,0.029,-0.027));
#663=CARTESIAN_POINT('',(-0.00908931296530098,0.0289980157698484,-0.0270040881156629));
#664=CARTESIAN_POINT('',(-0.00777681352973698,0.0289966451079091,-0.0270096213843882));
#665=CARTESIAN_POINT('',(-0.00695910235535229,0.0289968642100344,-0.0270115817124765));
#666=CARTESIAN_POINT('',(-0.00423262492362294,0.0289997556491718,-0.0270139142168546));
#667=CARTESIAN_POINT('',(-0.00210195155112595,0.0290042584269307,-0.0270112283162195));
#668=CARTESIAN_POINT('',(0.00209527151715692,0.0290112676987287,-0.0270042190444725));
#669=CARTESIAN_POINT('',(0.00422694225586999,0.029013959756103,-0.0269997123906822));
#670=CARTESIAN_POINT('',(0.00696132852386271,0.0290116204855529,-0.0269968125643927));
#671=CARTESIAN_POINT('',(0.00778103483497317,0.0290096608821189,-0.0269965892177739));
#672=CARTESIAN_POINT('',(0.00910613075073361,0.0290040745063624,-0.0269979730372176));
#673=CARTESIAN_POINT('',(0.00956840597032997,0.0290000299730701,-0.0269999400527367));
#674=CARTESIAN_POINT('',(0.01,0.0290000299730701,-0.0269999400527367));
#675=CARTESIAN_POINT('',(-0.01,0.029,-0.023));
#676=CARTESIAN_POINT('',(-0.00952605584552806,0.029,-0.023));
#677=CARTESIAN_POINT('',(-0.00906508332243161,0.0289979889829689,-0.023004154719309));
#678=CARTESIAN_POINT('',(-0.00776731893844552,0.0289966337129601,-0.0230096258638971));
#679=CARTESIAN_POINT('',(-0.00695217974899939,0.0289968479775774,-0.0230115861711525));
#680=CARTESIAN_POINT('',(-0.00423620438483321,0.0289997282795195,-0.0230139096907216));
#681=CARTESIAN_POINT('',(-0.00210747716591426,0.0290042248033116,-0.0230112319663771));
#682=CARTESIAN_POINT('',(0.00208743746444635,0.0290112302201653,-0.0230042265496833));
#683=CARTESIAN_POINT('',(0.00421915672223679,0.0290139264143604,-0.0229997183980397));
#684=CARTESIAN_POINT('',(0.00695885812107603,0.0290115825966724,-0.0229968129351236));
#685=CARTESIAN_POINT('',(0.00777998260109083,0.0290096244633329,-0.0229965859372833));
#686=CARTESIAN_POINT('',(0.00911553567058983,0.0290039940008476,-0.0229979806790239));
#687=CARTESIAN_POINT('',(0.00958019868510092,0.0289999700260314,-0.0229999400531859));
#688=CARTESIAN_POINT('',(0.01,0.0289999700260314,-0.0229999400531859));
#689=CARTESIAN_POINT('',(-0.01,0.025,-0.023));
#690=CARTESIAN_POINT('',(-0.0095378489245109,0.025,-0.023));
#691=CARTESIAN_POINT('',(-0.00907448860540679,0.024997996624728,-0.023004134159833));
#692=CARTESIAN_POINT('',(-0.00776626684686217,0.0249966304321907,-0.0230096493920844));
#693=CARTESIAN_POINT('',(-0.0069497094499631,0.0249968483481029,-0.023011608229243));
#694=CARTESIAN_POINT('',(-0.00422841879754813,0.024999734286837,-0.0230139362960872));
#695=CARTESIAN_POINT('',(-0.00209964303039174,0.0250042323085733,-0.0230112544347979));
#696=CARTESIAN_POINT('',(0.00209296319664234,0.0250112338704393,-0.0230042528729901));
#697=CARTESIAN_POINT('',(0.00422273630012658,0.0250139218882761,-0.0229997509753372));
#698=CARTESIAN_POINT('',(0.0069519355517461,0.0250115870554679,-0.0229968566496992));
#699=CARTESIAN_POINT('',(0.00777048802556701,0.0250096289429378,-0.0229966344894219));
#700=CARTESIAN_POINT('',(0.00909130588676929,0.0250040606052516,-0.0229980138390689));
#701=CARTESIAN_POINT('',(0.00955589635738548,0.0249999700264807,-0.0230000000002246));
#702=CARTESIAN_POINT('',(0.01,0.0249999700264807,-0.0230000000002246));
#703=CARTESIAN_POINT('',(-0.01,0.025,-0.025));
#704=CARTESIAN_POINT('',(-0.01,0.025,-0.023));
#705=CARTESIAN_POINT('',(-0.01,0.,-0.025));
#706=CARTESIAN_POINT('',(-0.01,-0.025,-0.025));
#707=CARTESIAN_POINT('',(-0.01,-0.025,-0.023));
#708=CARTESIAN_POINT('',(0.01,-0.0249999700264807,-0.0230000000002246));
#709=CARTESIAN_POINT('',(0.00955589635738547,-0.0249999700264807,-0.0230000000002246));
#710=CARTESIAN_POINT('',(0.00909130588677328,-0.0250040606052483,-0.0229980138390689));
#711=CARTESIAN_POINT('',(0.00777048802556301,-0.0250096289429412,-0.0229966344894219));
#712=CARTESIAN_POINT('',(0.00695193555174609,-0.0250115870554663,-0.0229968566496992));
#713=CARTESIAN_POINT('',(0.00422273630012657,-0.0250139218882792,-0.0229997509753372));
#714=CARTESIAN_POINT('',(0.00209296319663927,-0.0250112338704393,-0.0230042528729901));
#715=CARTESIAN_POINT('',(-0.0020996430303888,-0.0250042323085732,-0.0230112544347979));
#716=CARTESIAN_POINT('',(-0.00422841879754898,-0.0249997342868338,-0.0230139362960809));
#717=CARTESIAN_POINT('',(-0.00694970944996274,-0.0249968483481045,-0.0230116082292461));
#718=CARTESIAN_POINT('',(-0.00776626684686208,-0.0249966304321907,-0.0230096493920843));
#719=CARTESIAN_POINT('',(-0.00907448860540693,-0.024997996624728,-0.0230041341598331));
#720=CARTESIAN_POINT('',(-0.0095378489245109,-0.025,-0.023));
#721=CARTESIAN_POINT('',(-0.01,-0.025,-0.023));
#722=CARTESIAN_POINT('',(0.01,-0.0209999700269298,-0.0230000599472633));
#723=CARTESIAN_POINT('',(0.00953159402967002,-0.0209999700269298,-0.0230000599472633));
#724=CARTESIAN_POINT('',(0.00906707610294603,-0.021004127209654,-0.0229980469991139));
#725=CARTESIAN_POINT('',(0.00776099345004591,-0.0210096334225443,-0.0229966830415605));
#726=CARTESIAN_POINT('',(0.00694501298241615,-0.0210115915142626,-0.0229969003642755));
#727=CARTESIAN_POINT('',(0.00422631587801634,-0.0210139173621932,-0.022999783552633));
#728=CARTESIAN_POINT('',(0.00209848892883525,-0.0210112375207132,-0.0230042791962969));
#729=CARTESIAN_POINT('',(-0.00209180889486626,-0.021004239813835,-0.0230112769032188));
#730=CARTESIAN_POINT('',(-0.00422063321028438,-0.0209997402941498,-0.0230139629014464));
#731=CARTESIAN_POINT('',(-0.0069472391509162,-0.0209968487186306,-0.0230116302873366));
#732=CARTESIAN_POINT('',(-0.00776521475526484,-0.0209966271514229,-0.0230096729202721));
#733=CARTESIAN_POINT('',(-0.00908389388839597,-0.0209980042664853,-0.0230041136003564));
#734=CARTESIAN_POINT('',(-0.00954964200349369,-0.021,-0.023));
#735=CARTESIAN_POINT('',(-0.01,-0.021,-0.023));
#736=CARTESIAN_POINT('',(0.01,-0.0210000299739685,-0.0270000599468141));
#737=CARTESIAN_POINT('',(0.00951980131489907,-0.0210000299739685,-0.0270000599468141));
#738=CARTESIAN_POINT('',(0.00905767118308106,-0.0210042077151705,-0.0269980393573087));
#739=CARTESIAN_POINT('',(0.007762045683937,-0.0210096698413286,-0.0269966863220498));
#740=CARTESIAN_POINT('',(0.00694748338520283,-0.0210116294031431,-0.026996899993543));
#741=CARTESIAN_POINT('',(0.00423410141164956,-0.0210139507039359,-0.0269997775452787));
#742=CARTESIAN_POINT('',(0.00210632298155273,-0.0210112749992802,-0.0270042716910897));
#743=CARTESIAN_POINT('',(-0.00208628328008487,-0.0210042734374506,-0.0270112732530575));
#744=CARTESIAN_POINT('',(-0.00421705374907529,-0.0209997676638005,-0.0270139674275794));
#745=CARTESIAN_POINT('',(-0.00695416175726851,-0.0209968649510884,-0.0270116258286607));
#746=CARTESIAN_POINT('',(-0.00777470934655699,-0.0209966385463737,-0.0270096684407656));
#747=CARTESIAN_POINT('',(-0.00910812353126464,-0.020998031053363,-0.027004046996708));
#748=CARTESIAN_POINT('',(-0.00957394415447191,-0.021,-0.027));
#749=CARTESIAN_POINT('',(-0.01,-0.021,-0.027));
#750=CARTESIAN_POINT('',(0.01,-0.0250000299735194,-0.0269999999997754));
#751=CARTESIAN_POINT('',(0.00954410364261453,-0.0250000299735194,-0.0269999999997754));
#752=CARTESIAN_POINT('',(0.00908190096690888,-0.0250041411107659,-0.0269980061972637));
#753=CARTESIAN_POINT('',(0.00777154025945353,-0.0250096653617244,-0.0269966377699113));
#754=CARTESIAN_POINT('',(0.00695440595453277,-0.0250116249443469,-0.0269968562789667));
#755=CARTESIAN_POINT('',(0.00423052183375978,-0.0250139552300218,-0.0269997449679828));
#756=CARTESIAN_POINT('',(0.00210079724935676,-0.0250112713490099,-0.0270042453677829));
#757=CARTESIAN_POINT('',(-0.00209411741560741,-0.0250042659321852,-0.0270112507846367));
#758=CARTESIAN_POINT('',(-0.00422483933633988,-0.0249997616564861,-0.0270139408222138));
#759=CARTESIAN_POINT('',(-0.00695663205631505,-0.0249968645805615,-0.0270116037705702));
#760=CARTESIAN_POINT('',(-0.00777576143815395,-0.0249966418271425,-0.0270096449125778));
#761=CARTESIAN_POINT('',(-0.00909871824827588,-0.0249980234116046,-0.0270040675561846));
#762=CARTESIAN_POINT('',(-0.00956215107548912,-0.025,-0.027));
#763=CARTESIAN_POINT('',(-0.01,-0.025,-0.027));
#764=CARTESIAN_POINT('',(0.01,-0.0290000299730701,-0.0269999400527367));
#765=CARTESIAN_POINT('',(0.00956840597032997,-0.0290000299730701,-0.0269999400527367));
#766=CARTESIAN_POINT('',(0.0091061307507367,-0.0290040745063613,-0.0269979730372187));
#767=CARTESIAN_POINT('',(0.00778103483497005,-0.02900966088212,-0.0269965892177727));
#768=CARTESIAN_POINT('',(0.00696132852386271,-0.0290116204855505,-0.0269968125643904));
#769=CARTESIAN_POINT('',(0.00422694225586999,-0.0290139597561078,-0.026999712390687));
#770=CARTESIAN_POINT('',(0.00209527151716078,-0.0290112676987396,-0.0270042190444761));
#771=CARTESIAN_POINT('',(-0.00210195155112995,-0.0290042584269198,-0.0270112283162158));
#772=CARTESIAN_POINT('',(-0.00423262492360447,-0.0289997556491718,-0.0270139142168483));
#773=CARTESIAN_POINT('',(-0.00695910235536159,-0.0289968642100344,-0.0270115817124797));
#774=CARTESIAN_POINT('',(-0.0077768135297509,-0.0289966451079114,-0.0270096213843899));
#775=CARTESIAN_POINT('',(-0.00908931296528711,-0.0289980157698461,-0.0270040881156612));
#776=CARTESIAN_POINT('',(-0.00955035799650631,-0.029,-0.027));
#777=CARTESIAN_POINT('',(-0.01,-0.029,-0.027));
#778=CARTESIAN_POINT('',(0.01,-0.0289999700260314,-0.0229999400531859));
#779=CARTESIAN_POINT('',(0.00958019868510091,-0.0289999700260314,-0.0229999400531859));
#780=CARTESIAN_POINT('',(0.00911553567060054,-0.0290039940008425,-0.0229979806790239));
#781=CARTESIAN_POINT('',(0.0077799826010801,-0.029009624463338,-0.0229965859372834));
#782=CARTESIAN_POINT('',(0.00695885812107603,-0.0290115825966701,-0.0229968129351228));
#783=CARTESIAN_POINT('',(0.00421915672223678,-0.0290139264143652,-0.0229997183980413));
#784=CARTESIAN_POINT('',(0.00208743746444329,-0.0290112302201653,-0.0230042265496833));
#785=CARTESIAN_POINT('',(-0.00210747716591134,-0.0290042248033116,-0.0230112319663771));
#786=CARTESIAN_POINT('',(-0.00423620438481356,-0.0289997282795179,-0.0230139096907153));
#787=CARTESIAN_POINT('',(-0.00695217974900927,-0.0289968479775782,-0.0230115861711556));
#788=CARTESIAN_POINT('',(-0.00776731893845932,-0.0289966337129584,-0.0230096258638965));
#789=CARTESIAN_POINT('',(-0.00906508332241788,-0.0289979889829707,-0.0230041547193097));
#790=CARTESIAN_POINT('',(-0.00952605584552809,-0.029,-0.023));
#791=CARTESIAN_POINT('',(-0.01,-0.029,-0.023));
#792=CARTESIAN_POINT('',(0.01,-0.0249999700264807,-0.0230000000002246));
#793=CARTESIAN_POINT('',(0.00955589635738547,-0.0249999700264807,-0.0230000000002246));
#794=CARTESIAN_POINT('',(0.00909130588677328,-0.0250040606052483,-0.0229980138390689));
#795=CARTESIAN_POINT('',(0.00777048802556301,-0.0250096289429412,-0.0229966344894219));
#796=CARTESIAN_POINT('',(0.00695193555174609,-0.0250115870554663,-0.0229968566496992));
#797=CARTESIAN_POINT('',(0.00422273630012657,-0.0250139218882792,-0.0229997509753372));
#798=CARTESIAN_POINT('',(0.00209296319663927,-0.0250112338704393,-0.0230042528729901));
#799=CARTESIAN_POINT('',(-0.0020996430303888,-0.0250042323085732,-0.0230112544347979));
#800=CARTESIAN_POINT('',(-0.00422841879754898,-0.0249997342868338,-0.0230139362960809));
#801=CARTESIAN_POINT('',(-0.00694970944996274,-0.0249968483481045,-0.0230116082292461));
#802=CARTESIAN_POINT('',(-0.00776626684686208,-0.0249966304321907,-0.0230096493920843));
#803=CARTESIAN_POINT('',(-0.00907448860540693,-0.024997996624728,-0.0230041341598331));
#804=CARTESIAN_POINT('',(-0.0095378489245109,-0.025,-0.023));
#805=CARTESIAN_POINT('',(-0.01,-0.025,-0.023));
#806=CARTESIAN_POINT('',(0.01,-0.025,-0.025));
#807=CARTESIAN_POINT('',(0.01,-0.0249999700264807,-0.0230000000002246));
#808=CARTESIAN_POINT('',(0.01,-0.025,0.));
#809=CARTESIAN_POINT('',(0.01,-0.025,0.025));
#810=CARTESIAN_POINT('',(0.01,-0.0249999700264807,0.0230000000002246));
#811=CARTESIAN_POINT('',(-0.01,-0.025,0.023));
#812=CARTESIAN_POINT('',(-0.00953784892451089,-0.025,0.023));
#813=CARTESIAN_POINT('',(-0.00907448860540115,-0.0249979966247303,0.0230041341598296));
#814=CARTESIAN_POINT('',(-0.00776626684686782,-0.0249966304321883,0.0230096493920878));
#815=CARTESIAN_POINT('',(-0.0069497094499623,-0.0249968483481045,0.0230116082292493));
#816=CARTESIAN_POINT('',(-0.00422841879754971,-0.0249997342868338,0.0230139362960746));
#817=CARTESIAN_POINT('',(-0.0020996430303887,-0.0250042323085732,0.0230112544347944));
#818=CARTESIAN_POINT('',(0.00209296319663922,-0.0250112338704393,0.0230042528729937));
#819=CARTESIAN_POINT('',(0.00422273630012897,-0.0250139218882761,0.0229997509753403));
#820=CARTESIAN_POINT('',(0.00695193555174494,-0.0250115870554679,0.0229968566496976));
#821=CARTESIAN_POINT('',(0.00777048802556245,-0.0250096289429423,0.0229966344894208));
#822=CARTESIAN_POINT('',(0.00909130588677386,-0.0250040606052471,0.0229980138390701));
#823=CARTESIAN_POINT('',(0.00955589635738547,-0.0249999700264807,0.0230000000002246));
#824=CARTESIAN_POINT('',(0.01,-0.0249999700264807,0.0230000000002246));
#825=CARTESIAN_POINT('',(-0.01,-0.021,0.023));
#826=CARTESIAN_POINT('',(-0.00954964200349364,-0.021,0.023));
#827=CARTESIAN_POINT('',(-0.00908389388839024,-0.0209980042664882,0.0230041136003541));
#828=CARTESIAN_POINT('',(-0.00776521475527054,-0.0209966271514201,0.0230096729202744));
#829=CARTESIAN_POINT('',(-0.00694723915092285,-0.020996848718633,0.0230116302873398));
#830=CARTESIAN_POINT('',(-0.00422063321027093,-0.0209997402941451,0.0230139629014401));
#831=CARTESIAN_POINT('',(-0.00209180889486616,-0.0210042398138331,0.023011276903217));
#832=CARTESIAN_POINT('',(0.00209848892883519,-0.0210112375207151,0.0230042791962987));
#833=CARTESIAN_POINT('',(0.00422631587801875,-0.0210139173621917,0.0229997835526362));
#834=CARTESIAN_POINT('',(0.00694501298241501,-0.0210115915142634,0.022996900364274));
#835=CARTESIAN_POINT('',(0.00776099345004541,-0.0210096334225466,0.0229966830415587));
#836=CARTESIAN_POINT('',(0.00906707610294654,-0.0210041272096517,0.0229980469991156));
#837=CARTESIAN_POINT('',(0.00953159402966999,-0.0209999700269299,0.0230000599472633));
#838=CARTESIAN_POINT('',(0.00999999999999998,-0.0209999700269299,0.0230000599472633));
#839=CARTESIAN_POINT('',(-0.01,-0.021,0.027));
#840=CARTESIAN_POINT('',(-0.00957394415447186,-0.021,0.027));
#841=CARTESIAN_POINT('',(-0.00910812353127237,-0.0209980310533671,0.0270040469967079));
#842=CARTESIAN_POINT('',(-0.00777470934654922,-0.0209966385463697,0.0270096684407656));
#843=CARTESIAN_POINT('',(-0.00695416175727594,-0.0209968649510916,0.0270116258286623));
#844=CARTESIAN_POINT('',(-0.00421705374906025,-0.0209997676637942,0.0270139674275763));
#845=CARTESIAN_POINT('',(-0.0020862832800848,-0.0210042734374542,0.0270112732530558));
#846=CARTESIAN_POINT('',(0.0021063229815527,-0.0210112749992766,0.0270042716910915));
#847=CARTESIAN_POINT('',(0.00423410141165197,-0.0210139507039327,0.0269997775452819));
#848=CARTESIAN_POINT('',(0.00694748338520169,-0.0210116294031447,0.0269968999935415));
#849=CARTESIAN_POINT('',(0.00776204568393627,-0.0210096698413315,0.0269966863220481));
#850=CARTESIAN_POINT('',(0.00905767118308182,-0.0210042077151677,0.0269980393573104));
#851=CARTESIAN_POINT('',(0.00951980131489903,-0.0210000299739685,0.0270000599468141));
#852=CARTESIAN_POINT('',(0.00999999999999998,-0.0210000299739685,0.0270000599468141));
#853=CARTESIAN_POINT('',(-0.01,-0.025,0.027));
#854=CARTESIAN_POINT('',(-0.00956215107548911,-0.025,0.027));
#855=CARTESIAN_POINT('',(-0.00909871824828328,-0.0249980234116092,0.0270040675561834));
#856=CARTESIAN_POINT('',(-0.00777576143814651,-0.024996641827138,0.0270096449125789));
#857=CARTESIAN_POINT('',(-0.0069566320563154,-0.0249968645805646,0.0270116037705718));
#858=CARTESIAN_POINT('',(-0.00422483933633904,-0.0249997616564798,0.0270139408222107));
#859=CARTESIAN_POINT('',(-0.00209411741560734,-0.0250042659321924,0.0270112507846331));
#860=CARTESIAN_POINT('',(0.00210079724935674,-0.0250112713490026,0.0270042453677865));
#861=CARTESIAN_POINT('',(0.00423052183376219,-0.0250139552300187,0.026999744967986));
#862=CARTESIAN_POINT('',(0.00695440595453162,-0.0250116249443484,0.0269968562789651));
#863=CARTESIAN_POINT('',(0.00777154025945301,-0.0250096653617278,0.0269966377699101));
#864=CARTESIAN_POINT('',(0.00908190096690942,-0.0250041411107625,0.0269980061972648));
#865=CARTESIAN_POINT('',(0.00954410364261451,-0.0250000299735194,0.0269999999997754));
#866=CARTESIAN_POINT('',(0.01,-0.0250000299735194,0.0269999999997754));
#867=CARTESIAN_POINT('',(-0.01,-0.029,0.027));
#868=CARTESIAN_POINT('',(-0.00955035799650634,-0.029,0.027));
#869=CARTESIAN_POINT('',(-0.00908931296529418,-0.0289980157698512,0.0270040881156589));
#870=CARTESIAN_POINT('',(-0.00777681352974379,-0.0289966451079063,0.0270096213843922));
#871=CARTESIAN_POINT('',(-0.00695910235535485,-0.0289968642100376,0.0270115817124813));
#872=CARTESIAN_POINT('',(-0.00423262492361783,-0.0289997556491655,0.0270139142168451));
#873=CARTESIAN_POINT('',(-0.00210195155112988,-0.0290042584269307,0.0270112283162104));
#874=CARTESIAN_POINT('',(0.00209527151716077,-0.0290112676987287,0.0270042190444815));
#875=CARTESIAN_POINT('',(0.00422694225587241,-0.0290139597561046,0.0269997123906901));
#876=CARTESIAN_POINT('',(0.00696132852386155,-0.0290116204855521,0.0269968125643888));
#877=CARTESIAN_POINT('',(0.00778103483496976,-0.029009660882124,0.0269965892177721));
#878=CARTESIAN_POINT('',(0.00910613075073701,-0.0290040745063572,0.0269979730372193));
#879=CARTESIAN_POINT('',(0.00956840597032997,-0.0290000299730701,0.0269999400527367));
#880=CARTESIAN_POINT('',(0.00999999999999998,-0.0290000299730701,0.0269999400527367));
#881=CARTESIAN_POINT('',(-0.01,-0.029,0.023));
#882=CARTESIAN_POINT('',(-0.00952605584552812,-0.029,0.023));
#883=CARTESIAN_POINT('',(-0.00906508332241206,-0.0289979889829724,0.0230041547193051));
#884=CARTESIAN_POINT('',(-0.00776731893846511,-0.0289966337129566,0.023009625863901));
#885=CARTESIAN_POINT('',(-0.00695217974900176,-0.0289968479775759,0.0230115861711588));
#886=CARTESIAN_POINT('',(-0.0042362043848285,-0.0289997282795226,0.023013909690709));
#887=CARTESIAN_POINT('',(-0.00210747716591124,-0.0290042248033133,0.0230112319663716));
#888=CARTESIAN_POINT('',(0.00208743746444326,-0.0290112302201636,0.0230042265496888));
#889=CARTESIAN_POINT('',(0.00421915672223918,-0.0290139264143604,0.0229997183980444));
#890=CARTESIAN_POINT('',(0.00695885812107487,-0.0290115825966724,0.0229968129351213));
#891=CARTESIAN_POINT('',(0.00777998260107947,-0.029009624463338,0.0229965859372828));
#892=CARTESIAN_POINT('',(0.00911553567060117,-0.0290039940008425,0.0229979806790245));
#893=CARTESIAN_POINT('',(0.00958019868510094,-0.0289999700260314,0.0229999400531859));
#894=CARTESIAN_POINT('',(0.00999999999999998,-0.0289999700260314,0.0229999400531859));
#895=CARTESIAN_POINT('',(-0.01,-0.025,0.023));
#896=CARTESIAN_POINT('',(-0.00953784892451089,-0.025,0.023));
#897=CARTESIAN_POINT('',(-0.00907448860540115,-0.0249979966247303,0.0230041341598296));
#898=CARTESIAN_POINT('',(-0.00776626684686782,-0.0249966304321883,0.0230096493920878));
#899=CARTESIAN_POINT('',(-0.0069497094499623,-0.0249968483481045,0.0230116082292493));
#900=CARTESIAN_POINT('',(-0.00422841879754971,-0.0249997342868338,0.0230139362960746));
#901=CARTESIAN_POINT('',(-0.0020996430303887,-0.0250042323085732,0.0230112544347944));
#902=CARTESIAN_POINT('',(0.00209296319663922,-0.0250112338704393,0.0230042528729937));
#903=CARTESIAN_POINT('',(0.00422273630012897,-0.0250139218882761,0.0229997509753403));
#904=CARTESIAN_POINT('',(0.00695193555174494,-0.0250115870554679,0.0229968566496976));
#905=CARTESIAN_POINT('',(0.00777048802556245,-0.0250096289429423,0.0229966344894208));
#906=CARTESIAN_POINT('',(0.00909130588677386,-0.0250040606052471,0.0229980138390701));
#907=CARTESIAN_POINT('',(0.00955589635738547,-0.0249999700264807,0.0230000000002246));
#908=CARTESIAN_POINT('',(0.01,-0.0249999700264807,0.0230000000002246));
#909=CARTESIAN_POINT('',(-0.01,-0.025,0.025));
#910=CARTESIAN_POINT('',(-0.01,-0.025,0.023));
#911=CARTESIAN_POINT('',(-0.01,0.,0.025));
#912=CARTESIAN_POINT('',(0.,0.,0.));
#913=CARTESIAN_POINT('',(-0.00998969968824115,0.0190440762095003,0.0207644313092752));
#914=CARTESIAN_POINT('',(-0.0099962673155151,0.0189926108150441,0.0207157395221859));
#915=CARTESIAN_POINT('',(-0.0100094096612648,0.0188899400560056,0.0206180031203211));
#916=CARTESIAN_POINT('',(-0.0100291454862584,0.0187367249705303,0.0204703329710488));
#917=CARTESIAN_POINT('',(-0.0100489046701816,0.0185843226605211,0.0203215813878368));
#918=CARTESIAN_POINT('',(-0.0100752814501532,0.018382239120552,0.0201217777371985));
#919=CARTESIAN_POINT('',(-0.0101017017295339,0.0181818992782257,0.019919725528813));
#920=CARTESIAN_POINT('',(-0.0101281395927634,0.017983424613289,0.0197153523639902));
#921=CARTESIAN_POINT('',(-0.0101479635679725,0.0178355196135268,0.0195609083210805));
#922=CARTESIAN_POINT('',(-0.0101677654250565,0.0176885606706394,0.0194053168474248));
#923=CARTESIAN_POINT('',(-0.0101875259308179,0.0175425108303502,0.0192486133703413));
#924=CARTESIAN_POINT('',(-0.0102072376012616,0.0173972593811361,0.0190908567620812));
#925=CARTESIAN_POINT('',(-0.0102269187253036,0.0172530320683727,0.0189317340032917));
#926=CARTESIAN_POINT('',(-0.010246580913777,0.0171099931055054,0.0187709983423741));
#927=CARTESIAN_POINT('',(-0.0102727718209101,0.0169205836466013,0.0185546708830563));
#928=CARTESIAN_POINT('',(-0.0103184962934158,0.0165923185449181,0.0181709562099089));
#929=CARTESIAN_POINT('',(-0.0103830991053376,0.0161329617484031,0.0176083267820431));
#930=CARTESIAN_POINT('',(-0.010483130555708,0.015419808417335,0.0166782306108287));
#931=CARTESIAN_POINT('',(-0.0105984874541602,0.0145720787775654,0.0154613632869676));
#932=CARTESIAN_POINT('',(-0.010710977909587,0.013630768964698,0.0139135510335712));
#933=CARTESIAN_POINT('',(-0.0107890852420655,0.0127736553997574,0.0122805448078768));
#934=CARTESIAN_POINT('',(-0.0108245579629995,0.0120133766546657,0.0105712910657877));
#935=CARTESIAN_POINT('',(-0.0108108099857017,0.0114671405301119,0.00908324054483295));
#936=CARTESIAN_POINT('',(-0.0107704856329025,0.0110870016642016,0.00785101413894569));
#937=CARTESIAN_POINT('',(-0.0107105123949618,0.0107473425386518,0.00659406747607983));
#938=CARTESIAN_POINT('',(-0.010622092296578,0.010472473061625,0.00530539306406372));
#939=CARTESIAN_POINT('',(-0.0105030002980735,0.0102662708166933,0.00399433084305119));
#940=CARTESIAN_POINT('',(-0.0103991005860652,0.0101463898072837,0.00300213086856529));
#941=CARTESIAN_POINT('',(-0.0102815815378004,0.0100613368452747,0.00200333196960416));
#942=CARTESIAN_POINT('',(-0.0101040406835772,0.00999414906344065,0.00066474588737782));
#943=CARTESIAN_POINT('',(-0.00984983862926578,0.00999474734556219,-0.00101636391093062));
#944=CARTESIAN_POINT('',(-0.00944381461246847,0.0101298855694713,-0.00301787329853342));
#945=CARTESIAN_POINT('',(-0.00887477152812668,0.0103156890713418,-0.00502690876646412));
#946=CARTESIAN_POINT('',(-0.00838499452247337,0.0104404314133265,-0.00637184245102019));
#947=CARTESIAN_POINT('',(-0.00811332066730854,0.0105007729397898,-0.00704526825850468));
#948=CARTESIAN_POINT('',(-0.00985713087964539,0.0190326003033067,0.020752932869817));
#949=CARTESIAN_POINT('',(-0.0098637066420903,0.0189811189234182,0.0207042684897754));
#950=CARTESIAN_POINT('',(-0.00987686519286562,0.0188784159517375,0.0206065868882677));
#951=CARTESIAN_POINT('',(-0.00989662472118662,0.018725149805966,0.0204589982868242));
#952=CARTESIAN_POINT('',(-0.00991640717695619,0.0185726933374862,0.0203103264341142));
#953=CARTESIAN_POINT('',(-0.00994281514013183,0.0183705359792618,0.0201106222244747));
#954=CARTESIAN_POINT('',(-0.00996926871077,0.0181701251233497,0.0199086505399093));
#955=CARTESIAN_POINT('',(-0.00999574842534366,0.017971633335958,0.0197042851522204));
#956=CARTESIAN_POINT('',(-0.0100156099488647,0.0178237695312389,0.0195497854361463));
#957=CARTESIAN_POINT('',(-0.010035456424094,0.0176769505402981,0.0193940393956622));
#958=CARTESIAN_POINT('',(-0.0100552664412586,0.0175311703801479,0.0192370655470884));
#959=CARTESIAN_POINT('',(-0.0100750231451754,0.0173863872475496,0.0190788921404136));
#960=CARTESIAN_POINT('',(-0.0100947420101249,0.0172423119290094,0.0189196771551876));
#961=CARTESIAN_POINT('',(-0.0101144413119333,0.0170992033057735,0.0187590783973662));
#962=CARTESIAN_POINT('',(-0.0101406978211038,0.0169097173356957,0.0185429038499478));
#963=CARTESIAN_POINT('',(-0.0101865831004301,0.0165813200382148,0.0181593935478424));
#964=CARTESIAN_POINT('',(-0.010251493963524,0.0161219047253928,0.0175968259874427));
#965=CARTESIAN_POINT('',(-0.0103520567882231,0.0154090804901509,0.0166665533177688));
#966=CARTESIAN_POINT('',(-0.0104680769311829,0.0145625661165975,0.0154494099474974));
#967=CARTESIAN_POINT('',(-0.010581172747148,0.0136243769941898,0.0139030376627964));
#968=CARTESIAN_POINT('',(-0.0106596305299292,0.0127714209476525,0.0122731382969751));
#969=CARTESIAN_POINT('',(-0.010695064574404,0.0120150582707724,0.0105673009579775));
#970=CARTESIAN_POINT('',(-0.0106809723416247,0.0114716523040049,0.00908243555915779));
#971=CARTESIAN_POINT('',(-0.0106399841080069,0.0110933586081275,0.00785348972942693));
#972=CARTESIAN_POINT('',(-0.0105791862156834,0.0107551424623098,0.00660022954600702));
#973=CARTESIAN_POINT('',(-0.0104896049019236,0.0104808206315015,0.00531556803003484));
#974=CARTESIAN_POINT('',(-0.0103697113161635,0.01027404808501,0.00400847172035998));
#975=CARTESIAN_POINT('',(-0.0102652961014949,0.0101531204215568,0.00301913695521446));
#976=CARTESIAN_POINT('',(-0.0101470448479808,0.0100664248628655,0.00202286950291627));
#977=CARTESIAN_POINT('',(-0.00996880068683574,0.00999609486664098,0.000687386008048251));
#978=CARTESIAN_POINT('',(-0.00971939424299039,0.0099920036794482,-0.000989708680895436));
#979=CARTESIAN_POINT('',(-0.00930798034701951,0.0101180874265784,-0.00298856440627756));
#980=CARTESIAN_POINT('',(-0.00873787083810261,0.0102939013116516,-0.00499435205108112));
#981=CARTESIAN_POINT('',(-0.00824613458362279,0.0104117370882316,-0.00633722267377474));
#982=CARTESIAN_POINT('',(-0.00797394187699272,0.0104686296553409,-0.00700950104412451));
#983=CARTESIAN_POINT('',(-0.00959215137282795,0.0190113758258064,0.0207283677743477));
#984=CARTESIAN_POINT('',(-0.0095987435472354,0.0189598627453039,0.0206797588004516));
#985=CARTESIAN_POINT('',(-0.00961193464865141,0.0188570935132197,0.0205821900955864));
#986=CARTESIAN_POINT('',(-0.00963174200371388,0.0187037161287067,0.0204347788366076));
#987=CARTESIAN_POINT('',(-0.00965157115232395,0.0185511306037073,0.0202862942821975));
#988=CARTESIAN_POINT('',(-0.00967804081936222,0.0183487712133458,0.0200868542026657));
#989=CARTESIAN_POINT('',(-0.00970455822713367,0.0181481079177497,0.0198851658083148));
#990=CARTESIAN_POINT('',(-0.00973111696103108,0.0179493379420451,0.0196810610076248));
#991=CARTESIAN_POINT('',(-0.00975105038347659,0.0178012777169778,0.0195267172160506));
#992=CARTESIAN_POINT('',(-0.00977098623108283,0.0176543134648304,0.0193710489740437));
#993=CARTESIAN_POINT('',(-0.00979090477539901,0.0175085320173329,0.019213997745871));
#994=CARTESIAN_POINT('',(-0.00981077346723064,0.0173639279025864,0.0190556044770773));
#995=CARTESIAN_POINT('',(-0.00983056349786422,0.0172203218950667,0.0188960648645451));
#996=CARTESIAN_POINT('',(-0.00985034691176196,0.0170775267686672,0.0187353095676821));
#997=CARTESIAN_POINT('',(-0.00987673875227022,0.0168883467297521,0.0185190155246811));
#998=CARTESIAN_POINT('',(-0.0099229352480825,0.0165602434656002,0.0181354148302879));
#999=CARTESIAN_POINT('',(-0.00998840981295212,0.0161009716974304,0.0175728364940057));
#1000=CARTESIAN_POINT('',(-0.0100899796428321,0.0153888067936425,0.016642366265702));
#1001=CARTESIAN_POINT('',(-0.010207303065323,0.014544354841582,0.0154250302388706));
#1002=CARTESIAN_POINT('',(-0.0103216441704269,0.0136117747559117,0.0138818415140836));
#1003=CARTESIAN_POINT('',(-0.0104008750593382,0.012766360652007,0.0122583654927549));
#1004=CARTESIAN_POINT('',(-0.0104363300215713,0.0120170046049571,0.0105595271673083));
#1005=CARTESIAN_POINT('',(-0.01042168180396,0.0114785438858676,0.00908112459599199));
#1006=CARTESIAN_POINT('',(-0.0103794872768428,0.0111033571238752,0.00785880222403556));
#1007=CARTESIAN_POINT('',(-0.0103171776164841,0.010767441617815,0.00661293763652368));
#1008=CARTESIAN_POINT('',(-0.0102254182832484,0.0104936192219712,0.00533624477323199));
#1009=CARTESIAN_POINT('',(-0.0101039399063006,0.0102851610642259,0.00403698013967504));
#1010=CARTESIAN_POINT('',(-0.00999862066498913,0.010161767719185,0.00305328464060925));
#1011=CARTESIAN_POINT('',(-0.00987884872235746,0.0100714601682352,0.00206203704361401));
#1012=CARTESIAN_POINT('',(-0.00970061522147302,0.00999462389641251,0.000732931630169536));
#1013=CARTESIAN_POINT('',(-0.00945636248729268,0.00998129385199594,-0.000936473457489094));
#1014=CARTESIAN_POINT('',(-0.00903804494647445,0.0100895369178458,-0.00292912050737562));
#1015=CARTESIAN_POINT('',(-0.00846468443615416,0.0102454451063596,-0.00492857041870466));
#1016=CARTESIAN_POINT('',(-0.00796972427216073,0.0103494504209842,-0.00626712653682612));
#1017=CARTESIAN_POINT('',(-0.00769638165157462,0.010399443020169,-0.00693712888710461));
#1018=CARTESIAN_POINT('',(-0.00919514562069785,0.018984758383487,0.0206867313075084));
#1019=CARTESIAN_POINT('',(-0.00920176490168116,0.0189332122274527,0.0206381982902367));
#1020=CARTESIAN_POINT('',(-0.0092150093816116,0.0188303684618528,0.0205407884547355));
#1021=CARTESIAN_POINT('',(-0.00923489416942402,0.0186768483386345,0.0203936414867038));
#1022=CARTESIAN_POINT('',(-0.00925479805612829,0.0185240768784178,0.0202454571960974));
#1023=CARTESIAN_POINT('',(-0.00928136420419067,0.0183213917166924,0.0200464800914407));
#1024=CARTESIAN_POINT('',(-0.00930797558190892,0.0181202546574511,0.0198453691310933));
#1025=CARTESIAN_POINT('',(-0.00933463802445697,0.01792077969684,0.0196420089491625));
#1026=CARTESIAN_POINT('',(-0.00935466027754587,0.0177720490414577,0.0194883228691126));
#1027=CARTESIAN_POINT('',(-0.00937470556321906,0.0176242580831328,0.0193334145773915));
#1028=CARTESIAN_POINT('',(-0.00939476631569967,0.0174775049370987,0.0191772022653967));
#1029=CARTESIAN_POINT('',(-0.00941482855425968,0.0173320403659807,0.0190194720580316));
#1030=CARTESIAN_POINT('',(-0.00943486758724523,0.0171884043156075,0.0188597483224973));
#1031=CARTESIAN_POINT('',(-0.00945485172308339,0.0170464139438097,0.0186981949640382));
#1032=CARTESIAN_POINT('',(-0.00948146227201613,0.0168584002183122,0.0184809567814849));
#1033=CARTESIAN_POINT('',(-0.00952799985456134,0.0165319478179009,0.0180963528723004));
#1034=CARTESIAN_POINT('',(-0.0095941390834145,0.0160734036803054,0.0175336319816798));
#1035=CARTESIAN_POINT('',(-0.00969706231964072,0.015362022222145,0.0166035896277745));
#1036=CARTESIAN_POINT('',(-0.00981626618442144,0.0145195469744148,0.0153870668818412));
#1037=CARTESIAN_POINT('',(-0.00993259275490245,0.0135934509494391,0.0138495753161911));
#1038=CARTESIAN_POINT('',(-0.0100131961055914,0.0127569929176477,0.0122363206577361));
#1039=CARTESIAN_POINT('',(-0.0100489785615881,0.0120156684595298,0.0105484979362252));
#1040=CARTESIAN_POINT('',(-0.0100338905978818,0.0114824708410745,0.00908006900219389));
#1041=CARTESIAN_POINT('',(-0.0099902520540246,0.0111101877305057,0.00786789185841161));
#1042=CARTESIAN_POINT('',(-0.00992611525339543,0.0107759549793469,0.00663319254986169));
#1043=CARTESIAN_POINT('',(-0.00983150116324578,0.0105010617440178,0.00536825500984773));
#1044=CARTESIAN_POINT('',(-0.00970786157727267,0.0102884406061264,0.00408045865085128));
#1045=CARTESIAN_POINT('',(-0.00960106491173481,0.0101601854409578,0.00310487549115553));
#1046=CARTESIAN_POINT('',(-0.00947932031585103,0.0100634265685116,0.00212091697846981));
#1047=CARTESIAN_POINT('',(-0.0093032331503711,0.00997644571092493,0.000801778001077492));
#1048=CARTESIAN_POINT('',(-0.00905680258728115,0.00994943251008262,-0.000856453042832949));
#1049=CARTESIAN_POINT('',(-0.00863815775580663,0.0100319008246993,-0.00283751879720323));
#1050=CARTESIAN_POINT('',(-0.0080568766829967,0.0101580506449938,-0.00482785628302445));
#1051=CARTESIAN_POINT('',(-0.00755913042036556,0.010241314076088,-0.00615937168365815));
#1052=CARTESIAN_POINT('',(-0.00728365953834482,0.0102808955360548,-0.00682601465864001));
#1053=CARTESIAN_POINT('',(-0.0087985657797887,0.0189634107514358,0.0206401748466026));
#1054=CARTESIAN_POINT('',(-0.00880521694559691,0.0189118645357273,0.020591693290872));
#1055=CARTESIAN_POINT('',(-0.00881852421400445,0.0188090134846864,0.0204943927992188));
#1056=CARTESIAN_POINT('',(-0.00883850017412905,0.0186554587089661,0.0203474311794331));
#1057=CARTESIAN_POINT('',(-0.00885849228080765,0.0185026244514342,0.0201994571365862));
#1058=CARTESIAN_POINT('',(-0.00888517273407758,0.018299812239206,0.0200007971052435));
#1059=CARTESIAN_POINT('',(-0.00891189558568137,0.0180984752426345,0.0198000607490954));
#1060=CARTESIAN_POINT('',(-0.00893867546337006,0.0178987327938488,0.0195971088637921));
#1061=CARTESIAN_POINT('',(-0.00895879299005206,0.0177497841238851,0.0194437216294584));
#1062=CARTESIAN_POINT('',(-0.00897894827243449,0.0176018008169692,0.019289051175758));
#1063=CARTESIAN_POINT('',(-0.0089991491083986,0.0174549683587585,0.0191329126600295));
#1064=CARTESIAN_POINT('',(-0.00901939587365676,0.0173094884851903,0.0189751092662273));
#1065=CARTESIAN_POINT('',(-0.00903962997387823,0.017165391093429,0.0188156959115688));
#1066=CARTESIAN_POINT('',(-0.00905981060729134,0.0170227165988471,0.0186546640844959));
#1067=CARTESIAN_POINT('',(-0.00908665475194879,0.0168342447153202,0.018437822796236));
#1068=CARTESIAN_POINT('',(-0.00913352093058217,0.016508071541448,0.0180533123902859));
#1069=CARTESIAN_POINT('',(-0.00920017725507365,0.0160501576652745,0.0174908976035734));
#1070=CARTESIAN_POINT('',(-0.00930430306878523,0.0153389953455327,0.0165621642156676));
#1071=CARTESIAN_POINT('',(-0.00942532069802065,0.0144974814342454,0.0153479195177758));
#1072=CARTESIAN_POINT('',(-0.00954377352817148,0.0135758012960527,0.0138169271485557));
#1073=CARTESIAN_POINT('',(-0.00962591835314726,0.0127458151812639,0.0122143750553463));
#1074=CARTESIAN_POINT('',(-0.00966242372583346,0.0120100655512935,0.0105380446836105));
#1075=CARTESIAN_POINT('',(-0.00964712306443068,0.0114799464337453,0.00908006501252424));
#1076=CARTESIAN_POINT('',(-0.00960258446745406,0.0111088210077843,0.00787824090547933));
#1077=CARTESIAN_POINT('',(-0.00953689572352548,0.0107743598129995,0.00665468885025972));
#1078=CARTESIAN_POINT('',(-0.00944017286713969,0.0104966533499374,0.00540138061057883));
#1079=CARTESIAN_POINT('',(-0.00931447385392683,0.0102781680137762,0.00412472132488016));
#1080=CARTESIAN_POINT('',(-0.00920596789950401,0.0101440126690994,0.00315691371042899));
#1081=CARTESIAN_POINT('',(-0.00908320808616542,0.0100399965003142,0.00218026721051107));
#1082=CARTESIAN_POINT('',(-0.00890591693171652,0.00994252213939127,0.00087017925841181));
#1083=CARTESIAN_POINT('',(-0.00865965436304252,0.00990186287366043,-0.000774398335129326));
#1084=CARTESIAN_POINT('',(-0.00824045984649448,0.00995940601929803,-0.00274417956531697));
#1085=CARTESIAN_POINT('',(-0.00765308843884822,0.0100558962418899,-0.00472455400330112));
#1086=CARTESIAN_POINT('',(-0.00715202696781373,0.0101183746149318,-0.00604908612290376));
#1087=CARTESIAN_POINT('',(-0.00687482804700676,0.0101474455420358,-0.0067121941061303));
#1088=CARTESIAN_POINT('',(-0.0082702505945801,0.0189418395475035,0.0205715572666556));
#1089=CARTESIAN_POINT('',(-0.00827695310150112,0.0188903493804085,0.0205230989328633));
#1090=CARTESIAN_POINT('',(-0.00829036159335459,0.0187876048976232,0.0204258501708676));
#1091=CARTESIAN_POINT('',(-0.00831048516783784,0.0186341960815373,0.0202789795578708));
#1092=CARTESIAN_POINT('',(-0.00833062114609063,0.0184814996101626,0.0201311043119967));
#1093=CARTESIAN_POINT('',(-0.00835748979607776,0.0182788710823737,0.0199325744578134));
#1094=CARTESIAN_POINT('',(-0.00838439888940795,0.0180777410912868,0.0197319380752045));
#1095=CARTESIAN_POINT('',(-0.00841137685888496,0.0178783005072147,0.0195289645416712));
#1096=CARTESIAN_POINT('',(-0.0084316522446124,0.0177296294854403,0.0193754885792638));
#1097=CARTESIAN_POINT('',(-0.00845197360755563,0.0175819167748144,0.0192207025450449));
#1098=CARTESIAN_POINT('',(-0.00847233500093779,0.0174351653501955,0.0190645940616645));
#1099=CARTESIAN_POINT('',(-0.00849271861852968,0.0172893923308821,0.0189071763184882));
#1100=CARTESIAN_POINT('',(-0.00851310315493004,0.0171447321390768,0.0187483590344946));
#1101=CARTESIAN_POINT('',(-0.00853346896186111,0.0170012539161096,0.0185880856388228));
#1102=CARTESIAN_POINT('',(-0.00856058165614762,0.0168115253606537,0.018372427842016));
#1103=CARTESIAN_POINT('',(-0.00860791226561107,0.0164836082102889,0.0179897901449052));
#1104=CARTESIAN_POINT('',(-0.008675218446482,0.016025229307509,0.0174290480796976));
#1105=CARTESIAN_POINT('',(-0.00878080099447928,0.015313356071416,0.0165034322868716));
#1106=CARTESIAN_POINT('',(-0.00890419414930812,0.0144717809594478,0.0152941995745822));
#1107=CARTESIAN_POINT('',(-0.00902560939293977,0.0135532449382251,0.0137731073054731));
#1108=CARTESIAN_POINT('',(-0.00911008683393605,0.012728457960893,0.0121851017602759));
#1109=CARTESIAN_POINT('',(-0.00914803697144055,0.0119968661376662,0.0105248825709658));
#1110=CARTESIAN_POINT('',(-0.00913282738590625,0.0114680203955263,0.00908172799093124));
#1111=CARTESIAN_POINT('',(-0.00908768619098205,0.0110959815383275,0.0078938915247605));
#1112=CARTESIAN_POINT('',(-0.00902067791756933,0.0107587637554218,0.00668517098228322));
#1113=CARTESIAN_POINT('',(-0.00892192183916466,0.0104749837631763,0.00544722714192956));
#1114=CARTESIAN_POINT('',(-0.00879386260965827,0.0102466283846656,0.00418507891093981));
#1115=CARTESIAN_POINT('',(-0.00868321476336918,0.0101033181914115,0.00322740187036033));
#1116=CARTESIAN_POINT('',(-0.00855946406692517,0.00998889005743066,0.0022605390533553));
#1117=CARTESIAN_POINT('',(-0.00837802685129566,0.00987656581488389,0.000962003953031065));
#1118=CARTESIAN_POINT('',(-0.00813552566146322,0.00981801349610559,-0.000662079820265301));
#1119=CARTESIAN_POINT('',(-0.00771327513217214,0.009842675744018,-0.00261725867257987));
#1120=CARTESIAN_POINT('',(-0.0071204925819253,0.00990006599402064,-0.00458320356847112));
#1121=CARTESIAN_POINT('',(-0.00661438591561193,0.00993445519791152,-0.00589841387246844));
#1122=CARTESIAN_POINT('',(-0.00633526770923351,0.00994945139338819,-0.00655657679750772));
#1123=CARTESIAN_POINT('',(-0.00761037459421609,0.0189269240756683,0.0204742090954395));
#1124=CARTESIAN_POINT('',(-0.00761716017230887,0.01887559713005,0.020425703048308));
#1125=CARTESIAN_POINT('',(-0.00763073263792128,0.0187731760664093,0.0203283625307212));
#1126=CARTESIAN_POINT('',(-0.00765109564652933,0.0186202479440972,0.020181360950687));
#1127=CARTESIAN_POINT('',(-0.0076714641020517,0.0184680356491541,0.0200333542764079));
#1128=CARTESIAN_POINT('',(-0.00769863198404219,0.0182660634031101,0.0198346439523427));
#1129=CARTESIAN_POINT('',(-0.00772582125095419,0.0180655984787157,0.019633828941588));
#1130=CARTESIAN_POINT('',(-0.0077530497470696,0.017866712124614,0.0194307982618785));
#1131=CARTESIAN_POINT('',(-0.00777349473440686,0.0177183493882398,0.0192773937487864));
#1132=CARTESIAN_POINT('',(-0.00779396366773939,0.0175708086034934,0.0191228366445832));
#1133=CARTESIAN_POINT('',(-0.00781445162354838,0.0174241153169638,0.0189671055021481));
#1134=CARTESIAN_POINT('',(-0.00783494536596296,0.0172782345326486,0.018810210473723));
#1135=CARTESIAN_POINT('',(-0.00785544600651063,0.017133149857633,0.0186521421171202));
#1136=CARTESIAN_POINT('',(-0.00787595536082043,0.0169889299232176,0.0184928374395425));
#1137=CARTESIAN_POINT('',(-0.00790331138094698,0.0167979054217539,0.0182786824433785));
#1138=CARTESIAN_POINT('',(-0.00795119316377949,0.0164671260490449,0.0178991705183123));
#1139=CARTESIAN_POINT('',(-0.00801942800597484,0.0160054127841688,0.0173428743562566));
#1140=CARTESIAN_POINT('',(-0.00812675247819574,0.0152905097613957,0.0164238004321196));
#1141=CARTESIAN_POINT('',(-0.00825306798009819,0.0144463461580478,0.015224213614034));
#1142=CARTESIAN_POINT('',(-0.0083783956206935,0.0135267744450823,0.013717871658282));
#1143=CARTESIAN_POINT('',(-0.00846635198990314,0.0127021782127167,0.0121485855356924));
#1144=CARTESIAN_POINT('',(-0.00850695350835612,0.0119696612603757,0.0105100533236035));
#1145=CARTESIAN_POINT('',(-0.00849275002859138,0.0114371505204566,0.00908714931916371));
#1146=CARTESIAN_POINT('',(-0.00844801389803442,0.0110594548838848,0.00791719996218406));
#1147=CARTESIAN_POINT('',(-0.00838087996300437,0.0107143503034507,0.00672708430907952));
#1148=CARTESIAN_POINT('',(-0.00828120270890539,0.0104188267748117,0.00550818379651966));
#1149=CARTESIAN_POINT('',(-0.00815119521113769,0.0101746433165136,0.00426385067502873));
#1150=CARTESIAN_POINT('',(-0.00803916113028834,0.0100179299723443,0.00331900199032396));
#1151=CARTESIAN_POINT('',(-0.00791331445627231,0.00988889449015103,0.0023641290013924));
#1152=CARTESIAN_POINT('',(-0.00773111810118993,0.0097573343668985,0.00108266736854994));
#1153=CARTESIAN_POINT('',(-0.00748598323281493,0.0096738000479766,-0.00051865120986974));
#1154=CARTESIAN_POINT('',(-0.00706446669922416,0.00965987311112482,-0.0024522939411304));
#1155=CARTESIAN_POINT('',(-0.00646459349970693,0.00966778251745513,-0.00439999648267731));
#1156=CARTESIAN_POINT('',(-0.00595382656673813,0.00966687216388945,-0.00570241744366461));
#1157=CARTESIAN_POINT('',(-0.00567234784497636,0.00966393002327713,-0.00635418844455056));
#1158=CARTESIAN_POINT('',(-0.0065535984791202,0.018921959310573,0.020300172446291));
#1159=CARTESIAN_POINT('',(-0.00656055530295895,0.0188709308366058,0.0202515806851798));
#1160=CARTESIAN_POINT('',(-0.0065744652778275,0.0187690864982009,0.0201540908145307));
#1161=CARTESIAN_POINT('',(-0.00659531896365886,0.0186169599855303,0.0200069343736018));
#1162=CARTESIAN_POINT('',(-0.00661615998419861,0.0184654781403997,0.019858851386411));
#1163=CARTESIAN_POINT('',(-0.00664392684312152,0.0182643681527492,0.0196601670707551));
#1164=CARTESIAN_POINT('',(-0.00667165077137946,0.0180645619665686,0.0194596223805494));
#1165=CARTESIAN_POINT('',(-0.00669930520430473,0.0178660538908352,0.0192572425380527));
#1166=CARTESIAN_POINT('',(-0.00672000948399757,0.0177178111212822,0.0191045468743238));
#1167=CARTESIAN_POINT('',(-0.00674068711845824,0.0175701787654722,0.0189509359677246));
#1168=CARTESIAN_POINT('',(-0.00676136309562815,0.0174231336183524,0.0187963787767287));
#1169=CARTESIAN_POINT('',(-0.00678208182003354,0.0172767437435861,0.0186407722316417));
#1170=CARTESIAN_POINT('',(-0.00680286330174023,0.0171310741448287,0.0184840393695687));
#1171=CARTESIAN_POINT('',(-0.00682370961086662,0.0169861506977412,0.0183261522031902));
#1172=CARTESIAN_POINT('',(-0.00685158168884977,0.0167939495104213,0.0181140779993265));
#1173=CARTESIAN_POINT('',(-0.00690051881079785,0.0164604743541739,0.0177387696222945));
#1174=CARTESIAN_POINT('',(-0.0069705650513664,0.015993372688522,0.0171902737046612));
#1175=CARTESIAN_POINT('',(-0.00708107424166496,0.0152702962171849,0.0162855348312338));
#1176=CARTESIAN_POINT('',(-0.00721216385317173,0.0144172283434399,0.0151065148827412));
#1177=CARTESIAN_POINT('',(-0.00734424623566463,0.0134866713628848,0.0136283877697066));
#1178=CARTESIAN_POINT('',(-0.0074390226031669,0.0126504292841118,0.0120914056026667));
#1179=CARTESIAN_POINT('',(-0.00748577910346206,0.0119038884846584,0.0104908179081891));
#1180=CARTESIAN_POINT('',(-0.00747586685465752,0.0113548388741463,0.0091034682794189));
#1181=CARTESIAN_POINT('',(-0.00743462955625037,0.0109594461752116,0.00796354739592657));
#1182=CARTESIAN_POINT('',(-0.00737085083206089,0.0105933326403131,0.00680415402400949));
#1183=CARTESIAN_POINT('',(-0.00727365332014246,0.0102713899304668,0.00561618475944409));
#1184=CARTESIAN_POINT('',(-0.0071451635204144,0.00999606768072754,0.00440160081522203));
#1185=CARTESIAN_POINT('',(-0.00703394297501702,0.00981434137540181,0.00347848575221114));
#1186=CARTESIAN_POINT('',(-0.00690961884649984,0.0096597364983711,0.00254556580594211));
#1187=CARTESIAN_POINT('',(-0.00672905159662763,0.00949292548776782,0.00129335132847676));
#1188=CARTESIAN_POINT('',(-0.0064754858143592,0.00936528933655268,-0.000275313195949518));
#1189=CARTESIAN_POINT('',(-0.00605324282852213,0.00928866469634056,-0.002173142672431));
#1190=CARTESIAN_POINT('',(-0.00544309402297916,0.00921536207590509,-0.00408900794856391));
#1191=CARTESIAN_POINT('',(-0.00492742882920747,0.00915716877565913,-0.00536930358166912));
#1192=CARTESIAN_POINT('',(-0.00464332731360858,0.00912479686590594,-0.00600988655111815));
#1193=CARTESIAN_POINT('',(-0.00522712407679804,0.0189376930058724,0.0200614351773467));
#1194=CARTESIAN_POINT('',(-0.00523436336591322,0.0188869164634791,0.0200129141911574));
#1195=CARTESIAN_POINT('',(-0.00524883240784413,0.0187855318178542,0.0199156146837795));
#1196=CARTESIAN_POINT('',(-0.00527050644905055,0.0186339593516075,0.0197688931043314));
#1197=CARTESIAN_POINT('',(-0.0052921492098227,0.0184828900165438,0.0196213977969948));
#1198=CARTESIAN_POINT('',(-0.0053209630635881,0.0182821345401885,0.0194236980920864));
#1199=CARTESIAN_POINT('',(-0.00534971499175239,0.0180823895400561,0.0192244149368475));
#1200=CARTESIAN_POINT('',(-0.00537842346780696,0.0178836923637956,0.0190234501388045));
#1201=CARTESIAN_POINT('',(-0.00539994004830031,0.0177352219641516,0.018871850494171));
#1202=CARTESIAN_POINT('',(-0.00542144992042664,0.0175873616051275,0.0187193403056831));
#1203=CARTESIAN_POINT('',(-0.00544297624253427,0.0174401561460617,0.0185658920477722));
#1204=CARTESIAN_POINT('',(-0.00546453993661753,0.0172935296577913,0.0184115473442921));
#1205=CARTESIAN_POINT('',(-0.00548615392803871,0.0171474494036415,0.0182563201852067));
#1206=CARTESIAN_POINT('',(-0.00550782482441253,0.0170019421667277,0.0181001849254468));
#1207=CARTESIAN_POINT('',(-0.00553679453281481,0.0168087604560097,0.0178907455769249));
#1208=CARTESIAN_POINT('',(-0.00558766447793003,0.0164730319954147,0.0175208227660883));
#1209=CARTESIAN_POINT('',(-0.00566055460339759,0.0160011602352889,0.0169821549975253));
#1210=CARTESIAN_POINT('',(-0.00577586920122104,0.0152669818737142,0.0160977250054915));
#1211=CARTESIAN_POINT('',(-0.00591357123881366,0.0143955826850341,0.0149504254154008));
#1212=CARTESIAN_POINT('',(-0.00605525318350311,0.0134369948722117,0.0135147152310425));
#1213=CARTESIAN_POINT('',(-0.0061610363183848,0.0125671899203882,0.0120242472273105));
#1214=CARTESIAN_POINT('',(-0.00621974811855623,0.0117818910210202,0.0104770983821336));
#1215=CARTESIAN_POINT('',(-0.00622113524292027,0.011194132291411,0.00913935252366545));
#1216=CARTESIAN_POINT('',(-0.00619035264652061,0.010762713487772,0.00804049318234542));
#1217=CARTESIAN_POINT('',(-0.00613785070033415,0.0103570904370726,0.00692266705383336));
#1218=CARTESIAN_POINT('',(-0.00605272968315786,0.00999060497657655,0.00577652561368368));
#1219=CARTESIAN_POINT('',(-0.005936616109016,0.00966731688990671,0.00460360107731648));
#1220=CARTESIAN_POINT('',(-0.00583491024318043,0.0094485625076837,0.00371180818717815));
#1221=CARTESIAN_POINT('',(-0.00571940134257132,0.0092561474276139,0.00281002648212447));
#1222=CARTESIAN_POINT('',(-0.00554739125725235,0.00903862243535349,0.00159833792384349));
#1223=CARTESIAN_POINT('',(-0.00529007529618956,0.00883988399661177,6.73372608812478E-5));
#1224=CARTESIAN_POINT('',(-0.00484918881583396,0.00867672199896182,-0.00178802005216831));
#1225=CARTESIAN_POINT('',(-0.00423612378735275,0.00849948319166848,-0.00365808642565204));
#1226=CARTESIAN_POINT('',(-0.00371863569743633,0.00836753342428188,-0.00490757836844807));
#1227=CARTESIAN_POINT('',(-0.00343335934992554,0.00829670658477059,-0.00553219055410374));
#1228=CARTESIAN_POINT('',(-0.0036250760267857,0.0189692807098304,0.0197602335698946));
#1229=CARTESIAN_POINT('',(-0.00363289263286006,0.0189187069311121,0.019711834144889));
#1230=CARTESIAN_POINT('',(-0.00364851683774974,0.0188176846645202,0.0196148280859353));
#1231=CARTESIAN_POINT('',(-0.00367192700904407,0.0186665283196473,0.0194686952627883));
#1232=CARTESIAN_POINT('',(-0.00369531352092015,0.0185157523834359,0.0193219334019104));
#1233=CARTESIAN_POINT('',(-0.00372646852981424,0.0183152317120429,0.0191254025926244));
#1234=CARTESIAN_POINT('',(-0.00375758898332658,0.0181154925636335,0.0189275841443524));
#1235=CARTESIAN_POINT('',(-0.00378869793313822,0.017916559671396,0.0187284562488794));
#1236=CARTESIAN_POINT('',(-0.00381203337656208,0.0177677578986201,0.0185784537517701));
#1237=CARTESIAN_POINT('',(-0.0038353805099626,0.0176193272523897,0.0184277926897598));
#1238=CARTESIAN_POINT('',(-0.00385873023428092,0.017471277704439,0.0182764654592282));
#1239=CARTESIAN_POINT('',(-0.00388207958330182,0.0173236978508522,0.018124413423107));
#1240=CARTESIAN_POINT('',(-0.00390542831773913,0.0171766389054062,0.017971601420575));
#1241=CARTESIAN_POINT('',(-0.00392877589191794,0.017030118539194,0.0178180190937835));
#1242=CARTESIAN_POINT('',(-0.00395990253898881,0.0168354901438443,0.0176122114634239));
#1243=CARTESIAN_POINT('',(-0.00401435485032922,0.0164968702914267,0.017249321479771));
#1244=CARTESIAN_POINT('',(-0.00409196428664343,0.0160192433397167,0.0167230094978977));
#1245=CARTESIAN_POINT('',(-0.00421463988988622,0.0152711032121379,0.0158635953423766));
#1246=CARTESIAN_POINT('',(-0.00436211447952579,0.0143721128412651,0.0147568765107013));
#1247=CARTESIAN_POINT('',(-0.00451826115260629,0.0133655313666189,0.0133795904972088));
#1248=CARTESIAN_POINT('',(-0.00464220947334146,0.0124355437387598,0.0119549278873867));
#1249=CARTESIAN_POINT('',(-0.00472364150657791,0.0115799581556978,0.0104816318294777));
#1250=CARTESIAN_POINT('',(-0.00474903264923085,0.0109256157991672,0.00921150374530353));
#1251=CARTESIAN_POINT('',(-0.00474123349524577,0.0104361704818955,0.00816916505140264));
#1252=CARTESIAN_POINT('',(-0.00471431130933577,0.00996952823958294,0.00710912371833294));
#1253=CARTESIAN_POINT('',(-0.00465856888518651,0.00953800842929636,0.00602230732101166));
#1254=CARTESIAN_POINT('',(-0.00457418720872217,0.00914653687937916,0.00490927462284887));
#1255=CARTESIAN_POINT('',(-0.00449623280203555,0.00887493209925634,0.00406192592186998));
#1256=CARTESIAN_POINT('',(-0.00440244454982915,0.00862749670141617,0.00320276757214093));
#1257=CARTESIAN_POINT('',(-0.00425246072836769,0.00833179886074781,0.0020422076614883));
#1258=CARTESIAN_POINT('',(-0.00401080135348396,0.00802883252266456,0.000569213435821765));
#1259=CARTESIAN_POINT('',(-0.00356149813941144,0.007727099036941,-0.00123064930511573));
#1260=CARTESIAN_POINT('',(-0.00296443872578193,0.00742454887410689,-0.00304041492541));
#1261=CARTESIAN_POINT('',(-0.00245381273286952,0.00719502549213464,-0.00424661654497374));
#1262=CARTESIAN_POINT('',(-0.00217277093988381,0.00707321981853924,-0.00484965283984842));
#1263=CARTESIAN_POINT('',(-0.00201756113782992,0.0190092246135985,0.0194519691667986));
#1264=CARTESIAN_POINT('',(-0.00202617397067239,0.0189587735024917,0.0194037080118991));
#1265=CARTESIAN_POINT('',(-0.00204338649904345,0.0188579486682877,0.0193070395521423));
#1266=CARTESIAN_POINT('',(-0.002069165352745,0.0187069442634927,0.0191615983623881));
#1267=CARTESIAN_POINT('',(-0.00209490319383634,0.018556174651806,0.0190157179393155));
#1268=CARTESIAN_POINT('',(-0.00212916550744471,0.0183554658822256,0.0188206218982096));
#1269=CARTESIAN_POINT('',(-0.00216335255239292,0.0181552443029261,0.0186246312212197));
#1270=CARTESIAN_POINT('',(-0.00219747357382926,0.017955519857346,0.018427693766868));
#1271=CARTESIAN_POINT('',(-0.00222303079493764,0.0178059850483187,0.0182794950815912));
#1272=CARTESIAN_POINT('',(-0.00224855430020813,0.0176567363923101,0.0181307785521299));
#1273=CARTESIAN_POINT('',(-0.00227404938323022,0.017507786670334,0.0179815302827396));
#1274=CARTESIAN_POINT('',(-0.00229951680883746,0.0173591138658937,0.0178317640122134));
#1275=CARTESIAN_POINT('',(-0.00232495512306895,0.0172107230062813,0.0176814802556961));
#1276=CARTESIAN_POINT('',(-0.00235036188860501,0.0170626398969089,0.0175306679710771));
#1277=CARTESIAN_POINT('',(-0.00238419086386498,0.0168656477727069,0.0173288633662074));
#1278=CARTESIAN_POINT('',(-0.00244325315446567,0.0165222020732246,0.0169737791163394));
#1279=CARTESIAN_POINT('',(-0.00252711440297293,0.016035837205322,0.0164608798729292));
#1280=CARTESIAN_POINT('',(-0.0026594502717478,0.0152691724363196,0.0156280124139132));
#1281=CARTESIAN_POINT('',(-0.00281937872472733,0.0143371166640336,0.0145639119545724));
#1282=CARTESIAN_POINT('',(-0.00299391573937077,0.0132734927729178,0.0132504355768484));
#1283=CARTESIAN_POINT('',(-0.00314171985061281,0.0122712442143836,0.0118997342458684));
#1284=CARTESIAN_POINT('',(-0.00325421478961663,0.0113311623136142,0.0105094081547737));
#1285=CARTESIAN_POINT('',(-0.00331297063259752,0.0105982625111675,0.00931507272123968));
#1286=CARTESIAN_POINT('',(-0.00333706834283731,0.0100420484114639,0.00833666314869214));
#1287=CARTESIAN_POINT('',(-0.00334561904354768,0.00950629712646481,0.00734253048485977));
#1288=CARTESIAN_POINT('',(-0.00333065410070246,0.00900247616547919,0.00632425683925644));
#1289=CARTESIAN_POINT('',(-0.00329090612159688,0.00853525245511881,0.00528098289585775));
#1290=CARTESIAN_POINT('',(-0.00324760233083681,0.00820471326069022,0.00448587136278378));
#1291=CARTESIAN_POINT('',(-0.00318865165029253,0.00789556580759747,0.00367796807853154));
#1292=CARTESIAN_POINT('',(-0.00308454811699358,0.00751348021958003,0.00258385642334229));
#1293=CARTESIAN_POINT('',(-0.0028890707347259,0.00709164070599137,0.00118237613004406));
#1294=CARTESIAN_POINT('',(-0.00248922051670571,0.00663602773559772,-0.000545382842461537));
#1295=CARTESIAN_POINT('',(-0.0019223553037676,0.00617876553872066,-0.00229203288577123));
#1296=CARTESIAN_POINT('',(-0.00143823911140196,0.00583554096879766,-0.00345156506464043));
#1297=CARTESIAN_POINT('',(-0.00116927300461465,0.00565604660627846,-0.00402938814064202));
#1298=CARTESIAN_POINT('',(-0.000407710868057796,0.0190533968863592,0.0191410665624187));
#1299=CARTESIAN_POINT('',(-0.00041721899899022,0.0190029149833377,0.0190929457259272));
#1300=CARTESIAN_POINT('',(-0.000436218392825038,0.0189019740250368,0.0189966188290895));
#1301=CARTESIAN_POINT('',(-0.000464667876932779,0.0187506314482014,0.018851871778099));
#1302=CARTESIAN_POINT('',(-0.000493069324621129,0.0185993586662563,0.0187068652411952));
#1303=CARTESIAN_POINT('',(-0.000530872117106546,0.0183977563817516,0.0185131721682453));
#1304=CARTESIAN_POINT('',(-0.000568557953476157,0.0181962957047653,0.0183189466457132));
#1305=CARTESIAN_POINT('',(-0.000606098154115174,0.0179950169911061,0.0181241785454118));
#1306=CARTESIAN_POINT('',(-0.000634182014655035,0.0178441536034799,0.0179778267595034));
#1307=CARTESIAN_POINT('',(-0.000662201105221445,0.017693375883018,0.0178311915963067));
#1308=CARTESIAN_POINT('',(-0.000690156143194874,0.0175426871717809,0.0176842666973938));
#1309=CARTESIAN_POINT('',(-0.000718048142570366,0.0173921140994295,0.0175370350729923));
#1310=CARTESIAN_POINT('',(-0.000745877715358853,0.0172416732988616,0.0173894892247477));
#1311=CARTESIAN_POINT('',(-0.000773644702343215,0.017091375087098,0.0172416287867177));
#1312=CARTESIAN_POINT('',(-0.000810582836968613,0.0168911830493144,0.0170440634153076));
#1313=CARTESIAN_POINT('',(-0.000874997637040873,0.016541441759219,0.0166972252507793));
#1314=CARTESIAN_POINT('',(-0.000966318782900037,0.0160439027344056,0.0161985860293833));
#1315=CARTESIAN_POINT('',(-0.0011105188389449,0.0152543681980556,0.0153939041111012));
#1316=CARTESIAN_POINT('',(-0.00128594609619798,0.0142837420917998,0.0143749911904252));
#1317=CARTESIAN_POINT('',(-0.00148315634444067,0.013156748351569,0.0131301038250426));
#1318=CARTESIAN_POINT('',(-0.0016603785262453,0.0120753442011809,0.0118600893777952));
#1319=CARTESIAN_POINT('',(-0.00181112090422949,0.0110432516510823,0.010560583869136));
#1320=CARTESIAN_POINT('',(-0.00191041372599848,0.0102255717095376,0.00944918755065801));
#1321=CARTESIAN_POINT('',(-0.00197259442430862,0.00959791115879043,0.0085409692925139));
#1322=CARTESIAN_POINT('',(-0.00202303647366761,0.00898854941287093,0.00761944099703993));
#1323=CARTESIAN_POINT('',(-0.00205558269592454,0.00840798764403168,0.00667711742306419));
#1324=CARTESIAN_POINT('',(-0.00206833320468796,0.00785992593286174,0.00571199946878529));
#1325=CARTESIAN_POINT('',(-0.00206661372720266,0.00746610012868353,0.00497605341925357));
#1326=CARTESIAN_POINT('',(-0.00205112605994745,0.00709022457107949,0.00422707293502768));
#1327=CARTESIAN_POINT('',(-0.00200647208229692,0.00661293473690402,0.00320926040779892));
#1328=CARTESIAN_POINT('',(-0.00189220396841759,0.00605807046910262,0.00189774378311895));
#1329=CARTESIAN_POINT('',(-0.00160370389636069,0.00543873940433415,0.000259420376124434));
#1330=CARTESIAN_POINT('',(-0.00113067974603302,0.00480111804684587,-0.00140967505412109));
#1331=CARTESIAN_POINT('',(-0.000704291475200826,0.00433889301374896,-0.00251185710622241));
#1332=CARTESIAN_POINT('',(-0.000470104392227425,0.00409959956597681,-0.00306503015054967));
#1333=CARTESIAN_POINT('',(0.00120098052221874,0.0190966609258449,0.0188288600947946));
#1334=CARTESIAN_POINT('',(0.00119054271803647,0.0190459810682588,0.0187808728015791));
#1335=CARTESIAN_POINT('',(0.00116969554648675,0.0189445884581536,0.0186848800081351));
#1336=CARTESIAN_POINT('',(0.00113851089324563,0.0187924003534104,0.0185408358330808));
#1337=CARTESIAN_POINT('',(0.00110741253236587,0.0186401119346887,0.0183967355993582));
#1338=CARTESIAN_POINT('',(0.00106605542427726,0.0184369262382008,0.0182045244611826));
#1339=CARTESIAN_POINT('',(0.00102482256679661,0.0182335476417182,0.0180121877106059));
#1340=CARTESIAN_POINT('',(0.000983701374122432,0.0180299499494566,0.0178197188081501));
#1341=CARTESIAN_POINT('',(0.000952931511872836,0.0178771442300167,0.0176753026635506));
#1342=CARTESIAN_POINT('',(0.000922242776458353,0.0177242444203333,0.0175308235191699));
#1343=CARTESIAN_POINT('',(0.000891637227808152,0.0175712591534996,0.0173862804252672));
#1344=CARTESIAN_POINT('',(0.000861114996613205,0.0174181874548061,0.017241678118852));
#1345=CARTESIAN_POINT('',(0.000830675331423057,0.0172650369005892,0.0170970168439465));
#1346=CARTESIAN_POINT('',(0.000800317158490536,0.0171118211041518,0.0169522941339021));
#1347=CARTESIAN_POINT('',(0.000759946999173334,0.016907466872053,0.0167592458220357));
#1348=CARTESIAN_POINT('',(0.000689578959203735,0.0165497266650808,0.0164211871415273));
#1349=CARTESIAN_POINT('',(0.000589850558063414,0.0160386604330232,0.0159376154077913));
#1350=CARTESIAN_POINT('',(0.000432074218250763,0.0152225748155308,0.0151626370334771));
#1351=CARTESIAN_POINT('',(0.000238619321979044,0.0142089892770329,0.0141914313108815));
#1352=CARTESIAN_POINT('',(1.49739878285533E-5,0.0130142211302702,0.0130195263354035));
#1353=CARTESIAN_POINT('',(-0.000196358269960444,0.0118499838942644,0.0118358165814381));
#1354=CARTESIAN_POINT('',(-0.000390928056410475,0.0107224893741003,0.0106334249518473));
#1355=CARTESIAN_POINT('',(-0.000535726586300309,0.00981727312963435,0.00961039926066043));
#1356=CARTESIAN_POINT('',(-0.000639778162564735,0.00911593620033981,0.00877683930686124));
#1357=CARTESIAN_POINT('',(-0.000735677830517158,0.00843066883999711,0.00793252637443507));
#1358=CARTESIAN_POINT('',(-0.000818959124661847,0.00777087355861518,0.00707114693836367));
#1359=CARTESIAN_POINT('',(-0.000887830478947181,0.00713902045412283,0.00619009434456872));
#1360=CARTESIAN_POINT('',(-0.000931164270256429,0.00667941319628123,0.00551838682257033));
#1361=CARTESIAN_POINT('',(-0.000964247810525283,0.00623396231979827,0.0048342838144828));
#1362=CARTESIAN_POINT('',(-0.000990884808922751,0.00565803862162349,0.00390325057728116));
#1363=CARTESIAN_POINT('',(-0.000981197593934428,0.00496806317395503,0.00269970327597719));
#1364=CARTESIAN_POINT('',(-0.000855640794356871,0.00417443833109048,0.00117654225567164));
#1365=CARTESIAN_POINT('',(-0.000570017522057128,0.00335832665546174,-0.000398469022729487));
#1366=CARTESIAN_POINT('',(-0.0002736797080574,0.00277719341884571,-0.00145083187639719));
#1367=CARTESIAN_POINT('',(-9.64054856066326E-5,0.00247714872974388,-0.00197317754108755));
#1368=CARTESIAN_POINT('',(0.00280618238153997,0.0191361431640556,0.0185190833660662));
#1369=CARTESIAN_POINT('',(0.00279474969340834,0.0190850458908394,0.0184711994464285));
#1370=CARTESIAN_POINT('',(0.00277191929435443,0.0189827646451587,0.0183754843322749));
#1371=CARTESIAN_POINT('',(0.00273777795114036,0.0188290829083034,0.0182320703778892));
#1372=CARTESIAN_POINT('',(0.00270374161741167,0.0186751407793322,0.0180888162011434));
#1373=CARTESIAN_POINT('',(0.00265851231794941,0.0184695319227523,0.0178980251966743));
#1374=CARTESIAN_POINT('',(0.00261356171274767,0.0182633616919047,0.0177075619045742));
#1375=CARTESIAN_POINT('',(0.00256884001645995,0.0180566058892491,0.0175174190270565));
#1376=CARTESIAN_POINT('',(0.0025353939344362,0.0179012460634424,0.0173749722332032));
#1377=CARTESIAN_POINT('',(0.0025020340770955,0.0177455912142786,0.0172326882887443));
#1378=CARTESIAN_POINT('',(0.00246875926435231,0.0175896455775864,0.0170905726705824));
#1379=CARTESIAN_POINT('',(0.00243557014678047,0.0174334217743073,0.016948628161567));
#1380=CARTESIAN_POINT('',(0.00240246765382676,0.0172769295248741,0.0168068606714834));
#1381=CARTESIAN_POINT('',(0.00236945231453974,0.0171201772700381,0.016665277853119));
#1382=CARTESIAN_POINT('',(0.00232554779265823,0.0169108403858481,0.0164767569447773));
#1383=CARTESIAN_POINT('',(0.00224901579257432,0.0165436646845238,0.0161475406945281));
#1384=CARTESIAN_POINT('',(0.00214050555559411,0.0160170076454491,0.0156793330730673));
#1385=CARTESIAN_POINT('',(0.00196838134522002,0.0151712433378715,0.0149350019745931));
#1386=CARTESIAN_POINT('',(0.00175551184835446,0.0141113177155006,0.014013576676222));
#1387=CARTESIAN_POINT('',(0.00150292735114754,0.0128460444452908,0.0129183268899765));
#1388=CARTESIAN_POINT('',(0.00125413723020807,0.0115974886180609,0.0118253375343409));
#1389=CARTESIAN_POINT('',(0.00101175437987562,0.0103737372537432,0.0107246915982079));
#1390=CARTESIAN_POINT('',(0.000818011559009313,0.00938024969338924,0.0097936742677104));
#1391=CARTESIAN_POINT('',(0.000669581027138137,0.00860445131416454,0.00903748345197216));
#1392=CARTESIAN_POINT('',(0.000525948697016598,0.00784235078345132,0.00827302564929754));
#1393=CARTESIAN_POINT('',(0.000390031098157633,0.00710221839245211,0.00749532546054812));
#1394=CARTESIAN_POINT('',(0.000262894099861121,0.00638569920582756,0.00670205601470876));
#1395=CARTESIAN_POINT('',(0.000172395125115771,0.00585999820339297,0.00609822782037068));
#1396=CARTESIAN_POINT('',(8.74592362123864E-5,0.0053453814613814,0.00548387196892995));
#1397=CARTESIAN_POINT('',(-1.67264566211206E-5,0.00467237241263009,0.00464776195162112));
#1398=CARTESIAN_POINT('',(-0.000124681797505723,0.00385261535548322,0.00356370619850015));
#1399=CARTESIAN_POINT('',(-0.000196178462405081,0.00287930260986927,0.00218325791644305));
#1400=CARTESIAN_POINT('',(-0.000161738153805709,0.00189056708122987,0.000732888693502744));
#1401=CARTESIAN_POINT('',(-6.29503044885487E-5,0.0012136227483674,-0.000267339289706991));
#1402=CARTESIAN_POINT('',(7.9322338466795E-6,0.000870217891518123,-0.000773809937640341));
#1403=CARTESIAN_POINT('',(0.00413713836959729,0.0191635211750699,0.0182665472511494));
#1404=CARTESIAN_POINT('',(0.00412491290169005,0.0191118557843716,0.018218712782132));
#1405=CARTESIAN_POINT('',(0.00410050870544777,0.019008390434842,0.0181231515114489));
#1406=CARTESIAN_POINT('',(0.00406404290568035,0.0188527876112725,0.0179801333474693));
#1407=CARTESIAN_POINT('',(0.00402771576077418,0.0186967769245186,0.0178374419874411));
#1408=CARTESIAN_POINT('',(0.00397944948503626,0.0184882137232308,0.0176476300881331));
#1409=CARTESIAN_POINT('',(0.00393139027738248,0.0182788362533688,0.0174584917391416));
#1410=CARTESIAN_POINT('',(0.00388358416958335,0.0180686361072075,0.0172700473146896));
#1411=CARTESIAN_POINT('',(0.00384786265892115,0.0179105696657012,0.0171290686669657));
#1412=CARTESIAN_POINT('',(0.00381227335170407,0.0177520856104185,0.0169884531033027));
#1413=CARTESIAN_POINT('',(0.00377681094617298,0.0175931825058525,0.0168482093343913));
#1414=CARTESIAN_POINT('',(0.00374146916777303,0.0174338575894399,0.0167083492072392));
#1415=CARTESIAN_POINT('',(0.00370624142523073,0.0172741123135676,0.0165688842978494));
#1416=CARTESIAN_POINT('',(0.00367112097711067,0.0171139511335064,0.0164298262038651));
#1417=CARTESIAN_POINT('',(0.00362442764429807,0.0168998565669451,0.0162449738388318));
#1418=CARTESIAN_POINT('',(0.0035430414203252,0.0165237832868106,0.0159229907177033));
#1419=CARTESIAN_POINT('',(0.00342756450035378,0.0159827136994682,0.0154675482589535));
#1420=CARTESIAN_POINT('',(0.00324381785891016,0.0151101017802847,0.0147491141592571));
#1421=CARTESIAN_POINT('',(0.00301474818811154,0.0140095172574834,0.0138702981804383));
#1422=CARTESIAN_POINT('',(0.0027373309739108,0.0126845899146376,0.0128408232340496));
#1423=CARTESIAN_POINT('',(0.00245591263572624,0.0113661483864627,0.0118256469194127));
#1424=CARTESIAN_POINT('',(0.00217168274079024,0.0100630894364527,0.0108121406689113));
#1425=CARTESIAN_POINT('',(0.00193513610782324,0.0089966273567511,0.00995957987828031));
#1426=CARTESIAN_POINT('',(0.00174796921969441,0.00815898574949281,0.0092690584771005));
#1427=CARTESIAN_POINT('',(0.00156272652864265,0.00733291708127112,0.00857221342371587));
#1428=CARTESIAN_POINT('',(0.00138097415730812,0.00652580071674275,0.00786526511298853));
#1429=CARTESIAN_POINT('',(0.00120297562453435,0.0057391630824765,0.00714684034039939));
#1430=CARTESIAN_POINT('',(0.00107116168378458,0.00515913907354995,0.00660146661209749));
#1431=CARTESIAN_POINT('',(0.000940833068932002,0.00458824204615175,0.00604813620390001));
#1432=CARTESIAN_POINT('',(0.000768725702361512,0.003837420786817,0.00529657526244052));
#1433=CARTESIAN_POINT('',(0.000556185500154832,0.00291228089535127,0.0043238140350985));
#1434=CARTESIAN_POINT('',(0.000320353845096738,0.00180312824991511,0.00308367015732194));
#1435=CARTESIAN_POINT('',(0.000129966277692799,0.000682857284232964,0.0017694832853914));
#1436=CARTESIAN_POINT('',(3.50782054687608E-5,-7.17938631866859E-5,0.000852879879136848));
#1437=CARTESIAN_POINT('',(-1.1504284733011E-6,-0.000450336430538484,0.000384764408761609));
#1438=CARTESIAN_POINT('',(0.00519661092613094,0.0191775142488167,0.0180692005038278));
#1439=CARTESIAN_POINT('',(0.00518376411520628,0.0191253296911353,0.0180213914237437));
#1440=CARTESIAN_POINT('',(0.00515812265998377,0.0190207903232848,0.0179259256843458));
#1441=CARTESIAN_POINT('',(0.00511981816030005,0.0188634702681848,0.0177831836255321));
#1442=CARTESIAN_POINT('',(0.00508167381901813,0.0187056394604922,0.01764089649622));
#1443=CARTESIAN_POINT('',(0.00503103375808781,0.0184945194368867,0.01745178822747));
#1444=CARTESIAN_POINT('',(0.00498073747714776,0.0182823622318243,0.0172636146748088));
#1445=CARTESIAN_POINT('',(0.00493075670519829,0.0180691491885362,0.0170764169435008));
#1446=CARTESIAN_POINT('',(0.00489342338947564,0.0179087088391454,0.0169365191317645));
#1447=CARTESIAN_POINT('',(0.00485623706579456,0.0177477335346711,0.0167971378889999));
#1448=CARTESIAN_POINT('',(0.00481919169121897,0.0175862197720458,0.0166582921675858));
#1449=CARTESIAN_POINT('',(0.00478227961320673,0.0174241663059948,0.0165200013152085));
#1450=CARTESIAN_POINT('',(0.00474549200356249,0.0172615722524072,0.0163822856470063));
#1451=CARTESIAN_POINT('',(0.00470881926331266,0.0170984382528044,0.016245165292361));
#1452=CARTESIAN_POINT('',(0.00466006196054094,0.0168802102865896,0.0160631572275697));
#1453=CARTESIAN_POINT('',(0.00457506680290228,0.0164964511520959,0.0157468538471991));
#1454=CARTESIAN_POINT('',(0.00445437266081711,0.0159430884355151,0.015301597198494));
#1455=CARTESIAN_POINT('',(0.00426184984864389,0.0150480437825399,0.0146039166748829));
#1456=CARTESIAN_POINT('',(0.00402039321644212,0.01391443473497,0.0137591176508737));
#1457=CARTESIAN_POINT('',(0.00372356225407144,0.0125423539525986,0.0127819304842406));
#1458=CARTESIAN_POINT('',(0.00341616826114213,0.0111693379135183,0.0118288434346822));
#1459=CARTESIAN_POINT('',(0.00309825419166454,0.00980438665314289,0.0108853205317585));
#1460=CARTESIAN_POINT('',(0.00282692859141397,0.00868063423082906,0.0100960186638644));
#1461=CARTESIAN_POINT('',(0.00260799921738361,0.00779420844773705,0.00945843729930147));
#1462=CARTESIAN_POINT('',(0.00238842897851802,0.00691756439984343,0.00881606756857377));
#1463=CARTESIAN_POINT('',(0.00216857014516926,0.00605741168522724,0.0081661040136597));
#1464=CARTESIAN_POINT('',(0.00194810627892025,0.00521547597129979,0.00750816486029636));
#1465=CARTESIAN_POINT('',(0.00178176328495739,0.00459282664826526,0.00701020122691928));
#1466=CARTESIAN_POINT('',(0.00161326043408565,0.00397801545106564,0.00650651108212831));
#1467=CARTESIAN_POINT('',(0.00138421134147704,0.0031666723212644,0.00582473647728035));
#1468=CARTESIAN_POINT('',(0.00108607579223137,0.00216353348101375,0.00494430486815978));
#1469=CARTESIAN_POINT('',(0.000707907396022499,0.000956465923897381,0.00381321203667159));
#1470=CARTESIAN_POINT('',(0.00033437294518259,-0.000247279958965168,0.00259860681741415));
#1471=CARTESIAN_POINT('',(9.9380880676342E-5,-0.00104467388654513,0.00174278208189648));
#1472=CARTESIAN_POINT('',(-1.20007891740262E-5,-0.00144377107419359,0.00130947490276711));
#1473=CARTESIAN_POINT('',(0.00598801743643081,0.0191826836932812,0.0179241915397445));
#1474=CARTESIAN_POINT('',(0.00597476184145091,0.0191300873171848,0.0178763773726582));
#1475=CARTESIAN_POINT('',(0.00594830467049536,0.0190246973201247,0.0177809384923713));
#1476=CARTESIAN_POINT('',(0.00590878000896079,0.0188660203335971,0.0176383476176626));
#1477=CARTESIAN_POINT('',(0.00586942305044071,0.0187067491527334,0.0174963220072649));
#1478=CARTESIAN_POINT('',(0.00581720203194756,0.018493590629201,0.0173076984051322));
#1479=CARTESIAN_POINT('',(0.00576536566169029,0.0182792411149519,0.0171201811052249));
#1480=CARTESIAN_POINT('',(0.00571388724465141,0.018063671314958,0.0169338364219631));
#1481=CARTESIAN_POINT('',(0.00567544684645732,0.0179013748267853,0.0167946901818255));
#1482=CARTESIAN_POINT('',(0.00563716400922078,0.0177384520970818,0.0166561837493119));
#1483=CARTESIAN_POINT('',(0.00559902771308366,0.0175748971833849,0.0165183448559036));
#1484=CARTESIAN_POINT('',(0.00556102706386506,0.01741070532257,0.0163812013011485));
#1485=CARTESIAN_POINT('',(0.00552315104769515,0.0172458747020456,0.0162447792263945));
#1486=CARTESIAN_POINT('',(0.00548538843792687,0.0170804062196643,0.0161091027477399));
#1487=CARTESIAN_POINT('',(0.00543517422341035,0.0168589357925657,0.0159292239746493));
#1488=CARTESIAN_POINT('',(0.00534761518585335,0.0164691640405668,0.0156171892795661));
#1489=CARTESIAN_POINT('',(0.00522319012206183,0.0159062694665243,0.0151795901872274));
#1490=CARTESIAN_POINT('',(0.00502438776617859,0.014994102869294,0.0144973878040945));
#1491=CARTESIAN_POINT('',(0.00477405217413583,0.0138358002964912,0.0136776834648022));
#1492=CARTESIAN_POINT('',(0.00446310620749972,0.012429006463933,0.0127389456508852));
#1493=CARTESIAN_POINT('',(0.00413657154412207,0.0110160404934233,0.0118318011162755));
#1494=CARTESIAN_POINT('',(0.00379361956607538,0.00960572563131901,0.0109405334366944));
#1495=CARTESIAN_POINT('',(0.00349622107336891,0.00843976249206021,0.0101987919711142));
#1496=CARTESIAN_POINT('',(0.00325326173836103,0.00751727158150652,0.00960109417385827));
#1497=CARTESIAN_POINT('',(0.00300756776227616,0.00660318929666795,0.00899978682138962));
#1498=CARTESIAN_POINT('',(0.00275848142079496,0.00570374350727939,0.0083928003268162));
#1499=CARTESIAN_POINT('',(0.00250539085096177,0.00482093608362269,0.00778057541042405));
#1500=CARTESIAN_POINT('',(0.00231249088801717,0.00416685971763496,0.00731850011321978));
#1501=CARTESIAN_POINT('',(0.00211476481279366,0.00351988978656439,0.00685248057896292));
#1502=CARTESIAN_POINT('',(0.00184140461812603,0.00266435936849722,0.00622306356246742));
#1503=CARTESIAN_POINT('',(0.00147827252917362,0.00160460890569105,0.00541396020207222));
#1504=CARTESIAN_POINT('',(0.000991307711806059,0.000331480911688596,0.00436107363633524));
#1505=CARTESIAN_POINT('',(0.000488512852317582,-0.000928974805682502,0.0032233236697293));
#1506=CARTESIAN_POINT('',(0.000162974694983248,-0.00175652439711589,0.00241566031341694));
#1507=CARTESIAN_POINT('',(3.53007589964402E-6,-0.00216976897330975,0.00200431483215374));
#1508=CARTESIAN_POINT('',(0.0066447110135548,0.0191811649292611,0.0178067291424836));
#1509=CARTESIAN_POINT('',(0.0066311740023542,0.019128209465766,0.0177588679908));
#1510=CARTESIAN_POINT('',(0.00660416185401604,0.0190220764600759,0.0176633704882749));
#1511=CARTESIAN_POINT('',(0.00656382897259164,0.0188622125100057,0.0175207948503491));
#1512=CARTESIAN_POINT('',(0.00652367650031761,0.018701686727026,0.017378876852634));
#1513=CARTESIAN_POINT('',(0.00647037060136244,0.0184867679254551,0.0171905111642769));
#1514=CARTESIAN_POINT('',(0.00641741917350847,0.0182705106864951,0.0170034491623916));
#1515=CARTESIAN_POINT('',(0.00636481957382854,0.0180528835895399,0.0168177784173912));
#1516=CARTESIAN_POINT('',(0.00632553746298827,0.0178889674813836,0.016679251859764));
#1517=CARTESIAN_POINT('',(0.00628641168608785,0.017724345209212,0.0165414844197751));
#1518=CARTESIAN_POINT('',(0.00624743015608989,0.0175590089034188,0.0164045081352628));
#1519=CARTESIAN_POINT('',(0.00620858072101119,0.0173929542007384,0.0162683526951804));
#1520=CARTESIAN_POINT('',(0.00616985152738268,0.0172261799490889,0.0161330451687866));
#1521=CARTESIAN_POINT('',(0.00613123097070449,0.0170586884848251,0.0159986095508207));
#1522=CARTESIAN_POINT('',(0.0060798663287994,0.0168344178618015,0.0158205523171477));
#1523=CARTESIAN_POINT('',(0.00599027684480578,0.0164394847780326,0.0155121382095151));
#1524=CARTESIAN_POINT('',(0.00586289714815251,0.0158685227358529,0.0150809102914433));
#1525=CARTESIAN_POINT('',(0.00565915249056458,0.0149421283208367,0.0144113087907465));
#1526=CARTESIAN_POINT('',(0.00540185401425889,0.0137636959252122,0.0136116752169261));
#1527=CARTESIAN_POINT('',(0.00507969014968047,0.0123288657081182,0.0127036867714628));
#1528=CARTESIAN_POINT('',(0.00473774148375838,0.0108836939924955,0.0118337439523366));
#1529=CARTESIAN_POINT('',(0.0043744433126642,0.0094366968807008,0.0109854560348969));
#1530=CARTESIAN_POINT('',(0.00405564414802042,0.00823637909175151,0.0102833269121164));
#1531=CARTESIAN_POINT('',(0.0037927286938888,0.00728444338285366,0.00971901103124182));
#1532=CARTESIAN_POINT('',(0.00352516898437237,0.00633976706664852,0.00915213900123735));
#1533=CARTESIAN_POINT('',(0.0032513948929723,0.00540823184973637,0.00858124618735866));
#1534=CARTESIAN_POINT('',(0.00297070861827899,0.00449209815011923,0.00800752368430651));
#1535=CARTESIAN_POINT('',(0.00275546149693672,0.00381249317880376,0.00757572668361492));
#1536=CARTESIAN_POINT('',(0.00253313475218564,0.00313946030469843,0.0071415214309049));
#1537=CARTESIAN_POINT('',(0.00222309386344185,0.00224878848313544,0.00655628287543548));
#1538=CARTESIAN_POINT('',(0.00180316007658705,0.00114259912907658,0.00580565707334681));
#1539=CARTESIAN_POINT('',(0.0012318392631385,-0.000180107055181545,0.00481957722186154));
#1540=CARTESIAN_POINT('',(0.000634303001092635,-0.00148483673720281,0.00374654226945549));
#1541=CARTESIAN_POINT('',(0.00024261651215894,-0.0023360279298133,0.00297974932867702));
#1542=CARTESIAN_POINT('',(4.77398432756843E-5,-0.00276086131498507,0.00258712158123085));
#1543=CARTESIAN_POINT('',(0.00716871842532635,0.0191750722444179,0.0177155299557645));
#1544=CARTESIAN_POINT('',(0.00715497540246263,0.0191218349779439,0.0176675891852526));
#1545=CARTESIAN_POINT('',(0.00712754835618664,0.0190151138355961,0.0175719683561295));
#1546=CARTESIAN_POINT('',(0.00708659762938796,0.0188542961862565,0.0174293112369558));
#1547=CARTESIAN_POINT('',(0.00704583486168055,0.018692751818197,0.0172874091431487));
#1548=CARTESIAN_POINT('',(0.00699172907724098,0.0184763970562801,0.0170991983101833));
#1549=CARTESIAN_POINT('',(0.00693799683912291,0.0182585879381702,0.0169124887887892));
#1550=CARTESIAN_POINT('',(0.00688459716453985,0.0180392724277506,0.0167273845610376));
#1551=CARTESIAN_POINT('',(0.00684470107791666,0.0178740208837545,0.0165893903144975));
#1552=CARTESIAN_POINT('',(0.0068049477672229,0.017707995966884,0.0164522604365633));
#1553=CARTESIAN_POINT('',(0.00676532708093422,0.0175411928136303,0.0163160234632004));
#1554=CARTESIAN_POINT('',(0.00672582927558472,0.0173736101124977,0.0161807056360546));
#1555=CARTESIAN_POINT('',(0.00668644468630627,0.0172052501214465,0.0160463304800114));
#1556=CARTESIAN_POINT('',(0.00664716346818408,0.0170361182848043,0.0159129187708325));
#1557=CARTESIAN_POINT('',(0.0065949126558467,0.0168095912023713,0.0157363450894427));
#1558=CARTESIAN_POINT('',(0.00650376148093216,0.0164105353151139,0.0154308295531837));
#1559=CARTESIAN_POINT('',(0.00637412408341526,0.0158332223170437,0.0150045688004409));
#1560=CARTESIAN_POINT('',(0.0061666311153524,0.014895758888447,0.014344591982297));
#1561=CARTESIAN_POINT('',(0.00590406731959178,0.0137017881836623,0.0135600978019351));
#1562=CARTESIAN_POINT('',(0.0055733470910085,0.0122452770700382,0.0126754578440842));
#1563=CARTESIAN_POINT('',(0.00521955439200805,0.0107751416024996,0.0118342232530837));
#1564=CARTESIAN_POINT('',(0.00484052272778672,0.00929961125555826,0.011019708467533));
#1565=CARTESIAN_POINT('',(0.0045050430599628,0.00807242025782702,0.0103491671824415));
#1566=CARTESIAN_POINT('',(0.00422640524306101,0.00709740661685843,0.00981164606997498));
#1567=CARTESIAN_POINT('',(0.00394150092844912,0.00612875806926526,0.0092724850126533));
#1568=CARTESIAN_POINT('',(0.00364797824264561,0.00517212114386522,0.00873070945755718));
#1569=CARTESIAN_POINT('',(0.0033452617421639,0.0042299994071589,0.00818810258764184));
#1570=CARTESIAN_POINT('',(0.00311224179920473,0.00353047771487893,0.00778087029514899));
#1571=CARTESIAN_POINT('',(0.00287060321187576,0.00283726714676349,0.00737244470820851));
#1572=CARTESIAN_POINT('',(0.00253182317982083,0.00191933154518393,0.00682333035471219));
#1573=CARTESIAN_POINT('',(0.00206736489160901,0.00077808878101219,0.00611878559641945));
#1574=CARTESIAN_POINT('',(0.00143422704064221,-0.000581996072407135,0.00518835227010851));
#1575=CARTESIAN_POINT('',(0.000769839722333951,-0.001919066649925,0.00416599557314445));
#1576=CARTESIAN_POINT('',(0.000328290739567418,-0.00279051863657438,0.0034318543775327));
#1577=CARTESIAN_POINT('',(0.000107627108956397,-0.00322445946406494,0.00305439197846275));
#1578=CARTESIAN_POINT('',(0.00756098034700407,0.0191675636970075,0.0176488315492636));
#1579=CARTESIAN_POINT('',(0.00754710783276025,0.019114126370693,0.0176008069828527));
#1580=CARTESIAN_POINT('',(0.00751941390566947,0.0190069819381537,0.017505052069242));
#1581=CARTESIAN_POINT('',(0.00747802392917442,0.0188454647872334,0.0173622925052463));
#1582=CARTESIAN_POINT('',(0.00743684242495427,0.018683169745886,0.0172203699499976));
#1583=CARTESIAN_POINT('',(0.00738221668034492,0.0184657449851465,0.017032246078711));
#1584=CARTESIAN_POINT('',(0.00732795127215332,0.0182467534000722,0.0168458138130991));
#1585=CARTESIAN_POINT('',(0.00727397864128245,0.0180261434523708,0.016661169180237));
#1586=CARTESIAN_POINT('',(0.00723363726393936,0.0178598686276048,0.0165236045304512));
#1587=CARTESIAN_POINT('',(0.00719342628122206,0.0176927726335614,0.0163869826617738));
#1588=CARTESIAN_POINT('',(0.00715333847305829,0.0175248552200495,0.016251326279986));
#1589=CARTESIAN_POINT('',(0.00711336660309684,0.0173561190864104,0.0161166566410128));
#1590=CARTESIAN_POINT('',(0.0070735030660096,0.0171865694531129,0.0159829934108442));
#1591=CARTESIAN_POINT('',(0.00703373960385346,0.0170162139531886,0.0158503543868686));
#1592=CARTESIAN_POINT('',(0.00698084291316661,0.0167880120620994,0.0156748889316994));
#1593=CARTESIAN_POINT('',(0.00688855638965052,0.0163859156894866,0.0153715114189478));
#1594=CARTESIAN_POINT('',(0.00675728597874904,0.0158039601501492,0.0149488499663211));
#1595=CARTESIAN_POINT('',(0.00654709284133323,0.0148584458426186,0.0142957639449811));
#1596=CARTESIAN_POINT('',(0.00628073847082593,0.0136531845989899,0.0135220446383077));
#1597=CARTESIAN_POINT('',(0.00594382891922345,0.0121808366370376,0.0126541601261698));
#1598=CARTESIAN_POINT('',(0.00558144073880336,0.0106924103782801,0.0118338191679402));
#1599=CARTESIAN_POINT('',(0.00519094459708017,0.00919591893386384,0.011044250782364));
#1600=CARTESIAN_POINT('',(0.00484324356962608,0.00794890674864354,0.01039732211564));
#1601=CARTESIAN_POINT('',(0.00455299599447858,0.00695685319516729,0.00987993957023323));
#1602=CARTESIAN_POINT('',(0.00425521749085741,0.00597051139649526,0.00936165464452588));
#1603=CARTESIAN_POINT('',(0.00394695568809768,0.00499538840571969,0.00884184978611194));
#1604=CARTESIAN_POINT('',(0.00362782315074128,0.00403417144749258,0.00832276614070124));
#1605=CARTESIAN_POINT('',(0.00338162414511819,0.00332003649552116,0.00793411784448782));
#1606=CARTESIAN_POINT('',(0.00312576457465926,0.00261200647490039,0.00754530587453168));
#1607=CARTESIAN_POINT('',(0.00276601648297897,0.00167422302123566,0.00702349674461157));
#1608=CARTESIAN_POINT('',(0.00226917669212004,0.000507698645768492,0.00635399015653649));
#1609=CARTESIAN_POINT('',(0.00159298345029057,-0.000879121264411876,0.0054656240386069));
#1610=CARTESIAN_POINT('',(0.000881944612373034,-0.0022394628138866,0.00448068343822665));
#1611=CARTESIAN_POINT('',(0.00040490782951072,-0.00312623775579394,0.00377092785631312));
#1612=CARTESIAN_POINT('',(0.000165890972170805,-0.0035671392827531,0.00340490330388673));
#1613=CARTESIAN_POINT('',(0.00795241625545354,0.0191565033373516,0.0175842634102301));
#1614=CARTESIAN_POINT('',(0.0079384551799451,0.0191028895213099,0.017536126343228));
#1615=CARTESIAN_POINT('',(0.00791057683508805,0.018995363145028,0.0174401868969371));
#1616=CARTESIAN_POINT('',(0.00786890127777219,0.0188331909391572,0.0172972662333037));
#1617=CARTESIAN_POINT('',(0.00782740355260824,0.0186701683637377,0.0171552990167675));
#1618=CARTESIAN_POINT('',(0.00777228830721522,0.0184516775538936,0.0169672749727764));
#1619=CARTESIAN_POINT('',(0.00771747142380868,0.0182314746569168,0.0167811704636568));
#1620=CARTESIAN_POINT('',(0.0076629198933527,0.0180095396227082,0.016597037337856));
#1621=CARTESIAN_POINT('',(0.0076221339376852,0.0178422256519343,0.0164599350109962));
#1622=CARTESIAN_POINT('',(0.00758147070146929,0.0176740538731619,0.0163238438798262));
#1623=CARTESIAN_POINT('',(0.00754092502475138,0.0175050296734494,0.0161887794338965));
#1624=CARTESIAN_POINT('',(0.00750049133996188,0.0173351589190612,0.0160547581676746));
#1625=CARTESIAN_POINT('',(0.00746016338122751,0.0171644483886559,0.0159217965670877));
#1626=CARTESIAN_POINT('',(0.00741993392141565,0.0169929062351678,0.0157899102968308));
#1627=CARTESIAN_POINT('',(0.00736641475844254,0.0167630877743863,0.0156155147080797));
#1628=CARTESIAN_POINT('',(0.00727303734363468,0.0163580713610371,0.0153141795971773));
#1629=CARTESIAN_POINT('',(0.00714020339806586,0.0157716781605059,0.0148949108144636));
#1630=CARTESIAN_POINT('',(0.00692742780806431,0.0148184680360639,0.0142482721238521));
#1631=CARTESIAN_POINT('',(0.00665744241405647,0.0136023582359221,0.0134846201426708));
#1632=CARTESIAN_POINT('',(0.00631458690672904,0.0121146416899162,0.0126326014263566));
#1633=CARTESIAN_POINT('',(0.00594393696916073,0.0106083826563844,0.0118324001749473));
#1634=CARTESIAN_POINT('',(0.00554237853830669,0.00909139812924882,0.0110673098228563));
#1635=CARTESIAN_POINT('',(0.00518281877169882,0.0078249265106839,0.0104438824906499));
#1636=CARTESIAN_POINT('',(0.00488120776770457,0.00681612983527646,0.00994667800392649));
#1637=CARTESIAN_POINT('',(0.0045707580666192,0.00581241749795464,0.0094493692540384));
#1638=CARTESIAN_POINT('',(0.00424790322371542,0.00481919950928184,0.00895168618158011));
#1639=CARTESIAN_POINT('',(0.00391256756247046,0.00383935648501367,0.00845632404863345));
#1640=CARTESIAN_POINT('',(0.0036534243161676,0.00311099586672535,0.00808643440104182));
#1641=CARTESIAN_POINT('',(0.0033837272438138,0.00238850104887029,0.00771751616177921));
#1642=CARTESIAN_POINT('',(0.0030038032738559,0.00143150736181856,0.00722329578716007));
#1643=CARTESIAN_POINT('',(0.00247624353544751,0.000240847205295923,0.00658953249545784));
#1644=CARTESIAN_POINT('',(0.00176022852853444,-0.00117144023031329,0.00574283456991655));
#1645=CARTESIAN_POINT('',(0.00100544297365994,-0.0025544014517119,0.00479500132330875));
#1646=CARTESIAN_POINT('',(0.000494818514700722,-0.00345643938255258,0.00410948178268858));
#1647=CARTESIAN_POINT('',(0.000238394301070088,-0.00390439423891137,0.00375492567513459));
#1648=CARTESIAN_POINT('',(0.00834328318092657,0.0191410988865008,0.0175224167624343));
#1649=CARTESIAN_POINT('',(0.00832924979759864,0.019087347577488,0.0174741381605393));
#1650=CARTESIAN_POINT('',(0.00830123547343175,0.0189795017265347,0.0173779687926158));
#1651=CARTESIAN_POINT('',(0.00825933597437196,0.0188167362008077,0.017234854935308));
#1652=CARTESIAN_POINT('',(0.00821751153496798,0.0186530177597388,0.0170928491905561));
#1653=CARTESIAN_POINT('',(0.00816188050478842,0.0184334556486411,0.0169049711530431));
#1654=CARTESIAN_POINT('',(0.00810649403855959,0.0182120015730792,0.0167192648654695));
#1655=CARTESIAN_POINT('',(0.00805136613327841,0.0179887394237309,0.0165356749810938));
#1656=CARTESIAN_POINT('',(0.00801014467107982,0.0178204072759841,0.0163990370365513));
#1657=CARTESIAN_POINT('',(0.00796904311353739,0.0176512008397364,0.0162634597564158));
#1658=CARTESIAN_POINT('',(0.00792805694994514,0.017481126902159,0.0161289554468986));
#1659=CARTESIAN_POINT('',(0.00788718131181673,0.0173101902565529,0.0159955393177274));
#1660=CARTESIAN_POINT('',(0.00784641055761506,0.0171383956016984,0.0158632272375078));
#1661=CARTESIAN_POINT('',(0.00780573791417155,0.0169657488592346,0.015732034342034));
#1662=CARTESIAN_POINT('',(0.00775162764769855,0.0167344276493196,0.0155586209971151));
#1663=CARTESIAN_POINT('',(0.00765721539884115,0.0163266969992425,0.0152591546718742));
#1664=CARTESIAN_POINT('',(0.00752289645894316,0.0157361630500111,0.0148429790291468));
#1665=CARTESIAN_POINT('',(0.00730765855195897,0.0147757184138826,0.0142022208647642));
#1666=CARTESIAN_POINT('',(0.00703419686068041,0.0135492728159004,0.0134478002837061));
#1667=CARTESIAN_POINT('',(0.00668564998147032,0.0120466934674171,0.0126106249558849));
#1668=CARTESIAN_POINT('',(0.00630712057611234,0.010523078143883,0.01182968960414));
#1669=CARTESIAN_POINT('',(0.00589497073371919,0.00898609385468523,0.0110885165433084));
#1670=CARTESIAN_POINT('',(0.00552399043715186,0.00770055090186014,0.0104884398599064));
#1671=CARTESIAN_POINT('',(0.00521132965009387,0.0066753359527483,0.0100114467586171));
#1672=CARTESIAN_POINT('',(0.00488848329781399,0.00565460986606634,0.00953521932213454));
#1673=CARTESIAN_POINT('',(0.00455126245354556,0.00464373990202872,0.00905982605220388));
#1674=CARTESIAN_POINT('',(0.00420005015172764,0.00364580860737032,0.00858838880360575));
#1675=CARTESIAN_POINT('',(0.003928295574359,0.00290368613933148,0.00823744536307065));
#1676=CARTESIAN_POINT('',(0.00364524788192573,0.00216716454512368,0.00788863637642118));
#1677=CARTESIAN_POINT('',(0.00324615627469131,0.00119156116720228,0.00742246533189116));
#1678=CARTESIAN_POINT('',(0.0026899784709975,-2.19334669763274E-5,0.00682482208555468));
#1679=CARTESIAN_POINT('',(0.00193726339727682,-0.00145848444880835,0.00601895797339158));
#1680=CARTESIAN_POINT('',(0.00114100387760592,-0.00286369863051782,0.00510839764219131));
#1681=CARTESIAN_POINT('',(0.000598711780222626,-0.00378085177768732,0.00444687645364167));
#1682=CARTESIAN_POINT('',(0.000325751313498771,-0.00423589792412597,0.00410384075647632));
#1683=CARTESIAN_POINT('',(0.00866890918380404,0.019123733059068,0.0174739121028758));
#1684=CARTESIAN_POINT('',(0.00865473723281245,0.019069915428859,0.0174254925025376));
#1685=CARTESIAN_POINT('',(0.0086264656838819,0.0189618890678853,0.0173290983978642));
#1686=CARTESIAN_POINT('',(0.00858420708250718,0.0187987037122109,0.0171858173432544));
#1687=CARTESIAN_POINT('',(0.00854204463977551,0.0186344065098942,0.0170438149311625));
#1688=CARTESIAN_POINT('',(0.00848597887309962,0.0184139254860211,0.0168561167344671));
#1689=CARTESIAN_POINT('',(0.00843016176592811,0.0181914567202862,0.016670740894307));
#1690=CARTESIAN_POINT('',(0.00837459214580601,0.0179671887388847,0.016487534274461));
#1691=CARTESIAN_POINT('',(0.00833303472141482,0.017798105654085,0.016351210975296));
#1692=CARTESIAN_POINT('',(0.00829159392530699,0.017628146727868,0.0162159793282588));
#1693=CARTESIAN_POINT('',(0.00825026650758453,0.0174573130088012,0.0160818550457894));
#1694=CARTESIAN_POINT('',(0.00820904849005115,0.0172856042187148,0.0159488552710304));
#1695=CARTESIAN_POINT('',(0.00816793470928229,0.0171130210643364,0.0158169963090707));
#1696=CARTESIAN_POINT('',(0.00812691854046241,0.0169395664643325,0.0156862927457531));
#1697=CARTESIAN_POINT('',(0.00807234946348137,0.016707139342968,0.0155135788036932));
#1698=CARTESIAN_POINT('',(0.00797713142146681,0.0162973922246701,0.0152154562256562));
#1699=CARTESIAN_POINT('',(0.00784164537273702,0.0157037283317192,0.0148015308841901));
#1700=CARTESIAN_POINT('',(0.00762445154314913,0.014737720405788,0.0141651018830828));
#1701=CARTESIAN_POINT('',(0.00734821244971805,0.0135031354704495,0.0134175764624403));
#1702=CARTESIAN_POINT('',(0.00699514024959189,0.0119886164248933,0.0125918131543199));
#1703=CARTESIAN_POINT('',(0.00661040586867787,0.0104509427037086,0.0118261034064588));
#1704=CARTESIAN_POINT('',(0.00618988069315436,0.00889771932494562,0.0111043109722587));
#1705=CARTESIAN_POINT('',(0.00580981049051672,0.00759662869131165,0.0105235278932062));
#1706=CARTESIAN_POINT('',(0.00548826039619624,0.00655802324677381,0.0100633971954265));
#1707=CARTESIAN_POINT('',(0.00515536982015602,0.00552344666341833,0.00960482626074419));
#1708=CARTESIAN_POINT('',(0.00480644178113303,0.00449826739499526,0.0091481601644723));
#1709=CARTESIAN_POINT('',(0.00444236132512083,0.00348577442938243,0.00869682907128348));
#1710=CARTESIAN_POINT('',(0.0041604807862653,0.00273260433563009,0.0083618340254006));
#1711=CARTESIAN_POINT('',(0.00386676819533061,0.00198491408327848,0.00802990539080857));
#1712=CARTESIAN_POINT('',(0.00345272008291548,0.000994218268761912,0.00758751619304266));
#1713=CARTESIAN_POINT('',(0.00287476435764471,-0.00023698415849832,0.00701989355833243));
#1714=CARTESIAN_POINT('',(0.00209367141204567,-0.00169292489864362,0.00624739314993373));
#1715=CARTESIAN_POINT('',(0.00126447262799529,-0.0031166763708708,0.00536814686624807));
#1716=CARTESIAN_POINT('',(0.000697288845407492,-0.00404617965217626,0.0047265105545702));
#1717=CARTESIAN_POINT('',(0.000411236711247276,-0.00450716789522549,0.004393108012366));
#1718=CARTESIAN_POINT('',(0.00892938619108315,0.0191064477897973,0.0174376261815176));
#1719=CARTESIAN_POINT('',(0.008915041124764,0.0190525924165363,0.017389078757686));
#1720=CARTESIAN_POINT('',(0.00888644587076965,0.0189444484526018,0.0172924852904229));
#1721=CARTESIAN_POINT('',(0.00884379229740792,0.018780931067639,0.0171490788510284));
#1722=CARTESIAN_POINT('',(0.00880132956098752,0.0186161752241354,0.0170070899132842));
#1723=CARTESIAN_POINT('',(0.0087449203252,0.0183950328477821,0.0168194858168297));
#1724=CARTESIAN_POINT('',(0.00868878220100203,0.0181719171186789,0.0166342336868203));
#1725=CARTESIAN_POINT('',(0.00863288184885051,0.0179470204195704,0.0164511849289372));
#1726=CARTESIAN_POINT('',(0.0085910730536108,0.0177774640420933,0.0163150079628363));
#1727=CARTESIAN_POINT('',(0.00854937902623044,0.0176070222953124,0.0161799566593589));
#1728=CARTESIAN_POINT('',(0.00850779746247281,0.0174356910311742,0.0160460491250593));
#1729=CARTESIAN_POINT('',(0.00846632474094783,0.0172634667818665,0.0159133022249637));
#1730=CARTESIAN_POINT('',(0.00842495564584232,0.0170903483094805,0.0157817305128868));
#1731=CARTESIAN_POINT('',(0.00838368327217432,0.0169163372194073,0.0156513462776974));
#1732=CARTESIAN_POINT('',(0.00832877089201953,0.0166831386026023,0.0154790979314996));
#1733=CARTESIAN_POINT('',(0.00823294619036286,0.0162719614322094,0.0151818883572686));
#1734=CARTESIAN_POINT('',(0.00809656861396038,0.0156760207447975,0.0147695277211382));
#1735=CARTESIAN_POINT('',(0.00787785998519656,0.0147058790699786,0.0141361692067319));
#1736=CARTESIAN_POINT('',(0.00759946218928737,0.0134650840142903,0.0133936286908064));
#1737=CARTESIAN_POINT('',(0.00724290057264987,0.0119412915746573,0.0125763629722376));
#1738=CARTESIAN_POINT('',(0.00685344637200494,0.0103926138917292,0.0118222761727979));
#1739=CARTESIAN_POINT('',(0.00642652607408138,0.00882666221218681,0.0111156039976102));
#1740=CARTESIAN_POINT('',(0.00603947636930344,0.00751335291948167,0.010550128447765));
#1741=CARTESIAN_POINT('',(0.0057110379671357,0.00646422171054864,0.0101034910958986));
#1742=CARTESIAN_POINT('',(0.00537032032544408,0.00541877713726856,0.00965909937179702));
#1743=CARTESIAN_POINT('',(0.00501222273723246,0.00438240888048013,0.00921750662538601));
#1744=CARTESIAN_POINT('',(0.00463813215031164,0.00335859731373382,0.0087823677210854));
#1745=CARTESIAN_POINT('',(0.00434841911171403,0.00259687031586135,0.00846020687534871));
#1746=CARTESIAN_POINT('',(0.00404654930932784,0.00184060141951046,0.0081418721228329));
#1747=CARTESIAN_POINT('',(0.00362109925677434,0.000838226210813879,0.00771858871275704));
#1748=CARTESIAN_POINT('',(0.00302724616261727,-0.000406298996423838,0.00717492902267999));
#1749=CARTESIAN_POINT('',(0.00222432762319395,-0.00187757759187545,0.00642871736464376));
#1750=CARTESIAN_POINT('',(0.00136975519492395,-0.00331610950467915,0.00557466418547575));
#1751=CARTESIAN_POINT('',(0.000783435969483216,-0.00425538602809777,0.00494893928518609));
#1752=CARTESIAN_POINT('',(0.000487313434957113,-0.00472112013314906,0.00462326018757652));
#1753=CARTESIAN_POINT('',(0.00918977329575414,0.0190866226106901,0.0174033297682774));
#1754=CARTESIAN_POINT('',(0.0091752342727159,0.0190327267921753,0.0173546461808117));
#1755=CARTESIAN_POINT('',(0.00914627406767218,0.0189244752967301,0.0172578239712585));
#1756=CARTESIAN_POINT('',(0.00910320720107265,0.0187606064993257,0.0171143022213517));
#1757=CARTESIAN_POINT('',(0.00906043243254393,0.0185954421257369,0.0169722867012866));
#1758=CARTESIAN_POINT('',(0.00900367168881645,0.0183737778469071,0.0167846533674407));
#1759=CARTESIAN_POINT('',(0.008947212194652,0.0181501918482771,0.0165993670745815));
#1760=CARTESIAN_POINT('',(0.00889098837637347,0.0179248194793456,0.0164163456578926));
#1761=CARTESIAN_POINT('',(0.00884893688994888,0.0177548919425159,0.016280230820911));
#1762=CARTESIAN_POINT('',(0.00880700072694627,0.0175840579940377,0.0161452873688899));
#1763=CARTESIAN_POINT('',(0.00876517759601284,0.0174123103999434,0.0160115329096382));
#1764=CARTESIAN_POINT('',(0.00872346345615181,0.0172396446539818,0.0158789812618578));
#1765=CARTESIAN_POINT('',(0.00868185240994455,0.0170660592835454,0.0157476430066498));
#1766=CARTESIAN_POINT('',(0.00864033680997814,0.0168915557869136,0.0156175266090488));
#1767=CARTESIAN_POINT('',(0.00858509755798699,0.0166576661975881,0.0154456768472836));
#1768=CARTESIAN_POINT('',(0.00848869201842666,0.0162451887169491,0.0151492649431671));
#1769=CARTESIAN_POINT('',(0.00835145003088208,0.0156471305667868,0.0147383025295928));
#1770=CARTESIAN_POINT('',(0.00813125584681993,0.0146730747065301,0.0141077396351867));
#1771=CARTESIAN_POINT('',(0.0078507381206031,0.0134262728808425,0.0133698153717224));
#1772=CARTESIAN_POINT('',(0.00749077372126089,0.0118933953534791,0.0125606086916189));
#1773=CARTESIAN_POINT('',(0.00709677203466164,0.010333873996393,0.0118177536664428));
#1774=CARTESIAN_POINT('',(0.00666367141701336,0.00875537064218381,0.0111259266329437));
#1775=CARTESIAN_POINT('',(0.00626984838697399,0.00742999291336341,0.0105756629113466));
#1776=CARTESIAN_POINT('',(0.0059346802727647,0.00637046444042984,0.0101425177135985));
#1777=CARTESIAN_POINT('',(0.00558628600958772,0.00531429739885628,0.00971234056581641));
#1778=CARTESIAN_POINT('',(0.00521916176565211,0.0042669196092075,0.00928588223683679));
#1779=CARTESIAN_POINT('',(0.00483527200031811,0.00323201054922578,0.00886700724910617));
#1780=CARTESIAN_POINT('',(0.00453791893400723,0.00246192955186012,0.00855772648432229));
#1781=CARTESIAN_POINT('',(0.00422816976253152,0.00169730835004195,0.0082530443455557));
#1782=CARTESIAN_POINT('',(0.0037916958416335,0.000683621201968111,0.00784887486766263));
#1783=CARTESIAN_POINT('',(0.00318299351544013,-0.00057372559251568,0.00732916580331333));
#1784=CARTESIAN_POINT('',(0.00235870389071975,-0.00206031388974556,0.00660894212806975));
#1785=CARTESIAN_POINT('',(0.00147941661200786,-0.0035135479396493,0.00578019159311302));
#1786=CARTESIAN_POINT('',(0.000874444718152963,-0.00446255301029849,0.00517038489389848));
#1787=CARTESIAN_POINT('',(0.000568516065278013,-0.00493301535895264,0.00485244823845265));
#1788=CARTESIAN_POINT('',(0.00951486980678158,0.0190567408635345,0.0173645371850042));
#1789=CARTESIAN_POINT('',(0.00950012299880888,0.0190026956932643,0.0173157516404719));
#1790=CARTESIAN_POINT('',(0.00947078522577555,0.0188941130276241,0.0172187871421472));
#1791=CARTESIAN_POINT('',(0.00942725574998677,0.0187298669230702,0.0170750443686713));
#1792=CARTESIAN_POINT('',(0.00938407908610449,0.0185644839699705,0.0169327052305674));
#1793=CARTESIAN_POINT('',(0.00932683127749463,0.0183426289289992,0.0167445923913014));
#1794=CARTESIAN_POINT('',(0.00926993572759577,0.0181188678326519,0.0165588939969225));
#1795=CARTESIAN_POINT('',(0.00921330617964745,0.0178932166196645,0.0163756433935482));
#1796=CARTESIAN_POINT('',(0.00917096218098544,0.0177230250003432,0.0162394465853588));
#1797=CARTESIAN_POINT('',(0.00912874197528848,0.017551873153334,0.0161045048903527));
#1798=CARTESIAN_POINT('',(0.00908664018665042,0.0173797581537933,0.0159708254867688));
#1799=CARTESIAN_POINT('',(0.00904464961863146,0.0172066801128387,0.0158384112403899));
#1800=CARTESIAN_POINT('',(0.00900276168873511,0.0170326409931346,0.015707263589024));
#1801=CARTESIAN_POINT('',(0.00896096679843058,0.0168576442480428,0.0155773837961837));
#1802=CARTESIAN_POINT('',(0.00890534998784018,0.0166230457991288,0.0154059035606483));
#1803=CARTESIAN_POINT('',(0.00880826653047893,0.0162091932444898,0.0151102652296895));
#1804=CARTESIAN_POINT('',(0.00866999175895043,0.0156087962860486,0.0147007269345163));
#1805=CARTESIAN_POINT('',(0.00844798605389634,0.0146302680916019,0.0140731246404915));
#1806=CARTESIAN_POINT('',(0.00816488427053244,0.0133763395399919,0.0133402572267723));
#1807=CARTESIAN_POINT('',(0.00780082701754345,0.0118324627999477,0.01254027275361));
#1808=CARTESIAN_POINT('',(0.00740148230517107,0.0102596827803625,0.0118106884483703));
#1809=CARTESIAN_POINT('',(0.00696108034055181,0.00866582208611459,0.0111368653701125));
#1810=CARTESIAN_POINT('',(0.00655919622723966,0.00732564780004143,0.0106054145495158));
#1811=CARTESIAN_POINT('',(0.00621593150348778,0.00625337114031893,0.0101891253559394));
#1812=CARTESIAN_POINT('',(0.00585824139530133,0.00518408069113194,0.00977677882129182));
#1813=CARTESIAN_POINT('',(0.00548012961767138,0.00412328920927599,0.00936935595929064));
#1814=CARTESIAN_POINT('',(0.00508441412238845,0.00307491958182054,0.00897093805550796));
#1815=CARTESIAN_POINT('',(0.00477791858193939,0.00229479844138606,0.00867784920323804));
#1816=CARTESIAN_POINT('',(0.00445884184413677,0.0015201391269579,0.00839030878291109));
#1817=CARTESIAN_POINT('',(0.00400941559524876,0.000493162459091871,0.00801003990568513));
#1818=CARTESIAN_POINT('',(0.0033839611949241,-0.00077946689925623,0.0075201843566335));
#1819=CARTESIAN_POINT('',(0.00253369665079515,-0.00228516540890424,0.00683189854401357));
#1820=CARTESIAN_POINT('',(0.0016247337227225,-0.00375658486090164,0.00603498715952955));
#1821=CARTESIAN_POINT('',(0.000997304799851926,-0.00471768847958499,0.00544510359840211));
#1822=CARTESIAN_POINT('',(0.000679603075539953,-0.00519401341148569,0.00513689292577466));
#1823=CARTESIAN_POINT('',(0.00990450887437939,0.0190115954266625,0.017325381187651));
#1824=CARTESIAN_POINT('',(0.00988961232867665,0.0189575635462351,0.0172762622138007));
#1825=CARTESIAN_POINT('',(0.00985998536404804,0.0188491123812399,0.0171785822404658));
#1826=CARTESIAN_POINT('',(0.00981594057593699,0.0186852687914969,0.0170336633305899));
#1827=CARTESIAN_POINT('',(0.00977221031758771,0.0185202845239904,0.0168902643038895));
#1828=CARTESIAN_POINT('',(0.00971426383887965,0.0182988464458711,0.0167009987477734));
#1829=CARTESIAN_POINT('',(0.009656786621295,0.0180752664162967,0.016514542921524));
#1830=CARTESIAN_POINT('',(0.00959967097352045,0.017849581034132,0.0163308400117307));
#1831=CARTESIAN_POINT('',(0.00955699650260637,0.0176792716779421,0.0161944313987573));
#1832=CARTESIAN_POINT('',(0.00951446850871011,0.0175079258915168,0.0160593777728937));
#1833=CARTESIAN_POINT('',(0.00947207082922815,0.0173355523819091,0.0159256658073059));
#1834=CARTESIAN_POINT('',(0.00942978832267792,0.0171621592616223,0.0157932858385573));
#1835=CARTESIAN_POINT('',(0.00938760720686231,0.0169877535199691,0.0156622307722236));
#1836=CARTESIAN_POINT('',(0.00934551435049147,0.0168123406216038,0.015532494842924));
#1837=CARTESIAN_POINT('',(0.0092894907553992,0.0165771202056418,0.0153612663871353));
#1838=CARTESIAN_POINT('',(0.00919166366986022,0.0161620040289875,0.0150662113202449));
#1839=CARTESIAN_POINT('',(0.0090522118039868,0.0155592958310599,0.014657864283473));
#1840=CARTESIAN_POINT('',(0.00882806743819275,0.0145760602736034,0.0140329307829249));
#1841=CARTESIAN_POINT('',(0.00854194721328854,0.0133141752640587,0.0133049496779281));
#1842=CARTESIAN_POINT('',(0.00817322707321471,0.0117576782299548,0.0125145901050679));
#1843=CARTESIAN_POINT('',(0.00776807634751003,0.0101694401482017,0.0117995948343932));
#1844=CARTESIAN_POINT('',(0.00731965709886414,0.00855767662003373,0.0111463685026422));
#1845=CARTESIAN_POINT('',(0.00690880003253521,0.00720023512014137,0.0106370890802998));
#1846=CARTESIAN_POINT('',(0.00655637287211477,0.00611307796749226,0.0102409839371254));
#1847=CARTESIAN_POINT('',(0.00618805889284791,0.0050285153761959,0.00985011568245702));
#1848=CARTESIAN_POINT('',(0.00579731820626167,0.0039521931968164,0.00946572822216248));
#1849=CARTESIAN_POINT('',(0.00538816722794422,0.00288833124384962,0.0090920342568628));
#1850=CARTESIAN_POINT('',(0.00507148077170533,0.00209676098531295,0.00881853289934624));
#1851=CARTESIAN_POINT('',(0.00474205395352805,0.00131078549478478,0.00855159029320582));
#1852=CARTESIAN_POINT('',(0.0042787247947622,0.000269101045749296,0.00820001423118159));
#1853=CARTESIAN_POINT('',(0.00363503950303378,-0.00102126838917777,0.0077452983275288));
#1854=CARTESIAN_POINT('',(0.00275503292787321,-0.00254926614016073,0.0070950295668511));
#1855=CARTESIAN_POINT('',(0.00181217009079412,-0.00404233786479313,0.00633648548661355));
#1856=CARTESIAN_POINT('',(0.00115914303013915,-0.005017741188819,0.00577067650866032));
#1857=CARTESIAN_POINT('',(0.000828028133377574,-0.00550103526906687,0.00547421728345583));
#1858=CARTESIAN_POINT('',(0.0102936622061675,0.0189656522167247,0.0172836782279782));
#1859=CARTESIAN_POINT('',(0.0102786264373404,0.0189112372949841,0.0172348106944131));
#1860=CARTESIAN_POINT('',(0.0102486688957763,0.0188021428305844,0.0171374774481852));
#1861=CARTESIAN_POINT('',(0.0102040659557623,0.018637722536824,0.0169926754583453));
#1862=CARTESIAN_POINT('',(0.0101598034119582,0.0184724283701173,0.0168491785131996));
#1863=CARTESIAN_POINT('',(0.0101012334712975,0.0182507440592526,0.0166596968395736));
#1864=CARTESIAN_POINT('',(0.0100432579241009,0.0180270174909598,0.0164730183375135));
#1865=CARTESIAN_POINT('',(0.00998572133619681,0.0178011859545885,0.0162891187940845));
#1866=CARTESIAN_POINT('',(0.00994275937660067,0.0176307541557758,0.0161525801944972));
#1867=CARTESIAN_POINT('',(0.0098999606627595,0.0174592599736639,0.0160174233312109));
#1868=CARTESIAN_POINT('',(0.00985730142165503,0.0172867045080029,0.0158836418552156));
#1869=CARTESIAN_POINT('',(0.00981476039426014,0.0171130926208339,0.015751229300535));
#1870=CARTESIAN_POINT('',(0.00977231855656179,0.0169384302420553,0.0156201799547971));
#1871=CARTESIAN_POINT('',(0.00972995861249695,0.0167627223924011,0.0154904879202201));
#1872=CARTESIAN_POINT('',(0.00967356560482857,0.0165270556292817,0.0153193662571773));
#1873=CARTESIAN_POINT('',(0.00957505084546084,0.0161109915481146,0.0150246076041456));
#1874=CARTESIAN_POINT('',(0.00943447035126713,0.0155064446475444,0.0146169950476439));
#1875=CARTESIAN_POINT('',(0.00920818381540931,0.0145190775576691,0.0139938554674395));
#1876=CARTESIAN_POINT('',(0.0089191009796395,0.0132498090060845,0.0132695918563751));
#1877=CARTESIAN_POINT('',(0.00854596107673085,0.011681264852063,0.0124873550919187));
#1878=CARTESIAN_POINT('',(0.00813566622203642,0.0100779969119892,0.0117855253319308));
#1879=CARTESIAN_POINT('',(0.00768003658130788,0.00844883593037462,0.0111517526311355));
#1880=CARTESIAN_POINT('',(0.00726094121202259,0.00707464591636511,0.0106641475003249));
#1881=CARTESIAN_POINT('',(0.00689993560461787,0.0059730461616963,0.0102881442068591));
#1882=CARTESIAN_POINT('',(0.00652157398025906,0.00487371271080637,0.00991880968369581));
#1883=CARTESIAN_POINT('',(0.0061188263637773,0.00378242059711574,0.00955764400432553));
#1884=CARTESIAN_POINT('',(0.00569707212993567,0.00270369983487471,0.00920882807560637));
#1885=CARTESIAN_POINT('',(0.00537100754351359,0.00190119162511801,0.00895502558678375));
#1886=CARTESIAN_POINT('',(0.00503222292279618,0.00110464254507218,0.00870873652097999));
#1887=CARTESIAN_POINT('',(0.00455638261430966,4.90696241981538E-5,0.00838558542098595));
#1888=CARTESIAN_POINT('',(0.00389557996198639,-0.00125864311543917,0.00796500219130901));
#1889=CARTESIAN_POINT('',(0.00298760641678252,-0.00280778861637872,0.00735306147383362));
#1890=CARTESIAN_POINT('',(0.0020123772280565,-0.00432238630315036,0.00663291282011848));
#1891=CARTESIAN_POINT('',(0.00133507304498102,-0.00531177383537176,0.00609143340071727));
#1892=CARTESIAN_POINT('',(0.00099121989327236,-0.00580196786488843,0.00580681453929082));
#1893=CARTESIAN_POINT('',(0.0108113969636862,0.0189008652269137,0.0172281789450704));
#1894=CARTESIAN_POINT('',(0.0107962052767444,0.0188462104878444,0.0171794412983877));
#1895=CARTESIAN_POINT('',(0.0107659329000182,0.0187366107399912,0.0170823986864792));
#1896=CARTESIAN_POINT('',(0.0107208589981886,0.0185713404804649,0.016938132084463));
#1897=CARTESIAN_POINT('',(0.0106761165877166,0.0184052246673739,0.0167951327176514));
#1898=CARTESIAN_POINT('',(0.010616898843519,0.0181825924837622,0.0166061648250269));
#1899=CARTESIAN_POINT('',(0.0105583257571977,0.017958163366071,0.0164197972211883));
#1900=CARTESIAN_POINT('',(0.0105002753455122,0.0177317919796362,0.0162360641356887));
#1901=CARTESIAN_POINT('',(0.0104569571795425,0.0175610165994606,0.0160995829572282));
#1902=CARTESIAN_POINT('',(0.0104138212442742,0.0173892203244229,0.0159644330010274));
#1903=CARTESIAN_POINT('',(0.0103708366675761,0.0172163807304721,0.0158306329295119));
#1904=CARTESIAN_POINT('',(0.0103279770730832,0.0170424799481249,0.0156981965391178));
#1905=CARTESIAN_POINT('',(0.0102852169346726,0.0168675059752772,0.015567129913591));
#1906=CARTESIAN_POINT('',(0.0102425308858313,0.0166914537751499,0.0154374353372171));
#1907=CARTESIAN_POINT('',(0.0101856828972825,0.0164552835123115,0.0152663419259717));
#1908=CARTESIAN_POINT('',(0.0100862914124833,0.0160382583854011,0.0149717502108064));
#1909=CARTESIAN_POINT('',(0.00994427365580086,0.0154317836202883,0.0145646433698945));
#1910=CARTESIAN_POINT('',(0.00971511033883438,0.0144395026072494,0.0139428211683427));
#1911=CARTESIAN_POINT('',(0.0094220839800928,0.0131611257037377,0.0132220390554718));
#1912=CARTESIAN_POINT('',(0.00904340427299434,0.0115772512986883,0.012448585775481));
#1913=CARTESIAN_POINT('',(0.00862718085969046,0.00995449145269539,0.0117623232673745));
#1914=CARTESIAN_POINT('',(0.00816309901546976,0.0083027536619498,0.0111527712278667));
#1915=CARTESIAN_POINT('',(0.0077340069744287,0.00690697221855378,0.0106932601087169));
#1916=CARTESIAN_POINT('',(0.00736235605177072,0.00578673332324093,0.0103438846248749));
#1917=CARTESIAN_POINT('',(0.00697140593295677,0.00466839689408785,0.0100032749490747));
#1918=CARTESIAN_POINT('',(0.00655357021101161,0.00355787669302535,0.00967332087891101));
#1919=CARTESIAN_POINT('',(0.00611617754662521,0.00246009698730959,0.00935782972037705));
#1920=CARTESIAN_POINT('',(0.00577868004530757,0.00164360666863322,0.00913036741397215));
#1921=CARTESIAN_POINT('',(0.00542884281377256,0.000833670911646902,0.00891167382447603));
#1922=CARTESIAN_POINT('',(0.00493777873966193,-0.000239616286473963,0.0086258111654707));
#1923=CARTESIAN_POINT('',(0.00425492159824091,-0.00156966575022978,0.00824932029095111));
#1924=CARTESIAN_POINT('',(0.00331225613807536,-0.00314558511233896,0.0076893329864384));
#1925=CARTESIAN_POINT('',(0.00229581916770317,-0.00468838081638314,0.00702044098310933));
#1926=CARTESIAN_POINT('',(0.00158784320432562,-0.00569604334582683,0.00651177266107448));
#1927=CARTESIAN_POINT('',(0.00122786082367546,-0.0061952932300737,0.00624306799696615));
#1928=CARTESIAN_POINT('',(0.0114571846603385,0.018813126059715,0.0171605385236993));
#1929=CARTESIAN_POINT('',(0.0114419030206423,0.0187581672668235,0.017112038103153));
#1930=CARTESIAN_POINT('',(0.0114114405055923,0.0186479711645384,0.0170154440755345));
#1931=CARTESIAN_POINT('',(0.0113660497356264,0.0184818389012909,0.0168717775151284));
#1932=CARTESIAN_POINT('',(0.0113209638683536,0.0183148497724332,0.016729355170591));
#1933=CARTESIAN_POINT('',(0.0112612501411568,0.0180910413450876,0.0165411234885774));
#1934=CARTESIAN_POINT('',(0.0112021132883145,0.0178654845029109,0.0163553790964306));
#1935=CARTESIAN_POINT('',(0.011143478716034,0.0176381090286347,0.0161721351578087));
#1936=CARTESIAN_POINT('',(0.0110997282865652,0.017466641599763,0.0160359637645861));
#1937=CARTESIAN_POINT('',(0.0110561733254077,0.017294211123922,0.0159010655275198));
#1938=CARTESIAN_POINT('',(0.0110127812987822,0.0171207913132668,0.0157674536300486));
#1939=CARTESIAN_POINT('',(0.0109695193609665,0.0169463578109732,0.0156351446718551));
#1940=CARTESIAN_POINT('',(0.0109263560987316,0.0167708897589182,0.0155041570875743));
#1941=CARTESIAN_POINT('',(0.010883261818649,0.0165943703747258,0.0153745081482419));
#1942=CARTESIAN_POINT('',(0.0108258573601059,0.0163575906478322,0.0152034464127462));
#1943=CARTESIAN_POINT('',(0.0107254551785249,0.0159394427509757,0.0149088570163121));
#1944=CARTESIAN_POINT('',(0.0105817346268844,0.0153308607366756,0.0145017085362754));
#1945=CARTESIAN_POINT('',(0.0103492526425141,0.0143336415844811,0.0138801376681378));
#1946=CARTESIAN_POINT('',(0.010050873545462,0.0130449875875814,0.0131609924732615));
#1947=CARTESIAN_POINT('',(0.00966626232050564,0.0114433233276439,0.0123948185387972));
#1948=CARTESIAN_POINT('',(0.00924427435836908,0.00979717545570743,0.0117241126636153));
#1949=CARTESIAN_POINT('',(0.00877202901608759,0.00811824810829633,0.0111412707431526));
#1950=CARTESIAN_POINT('',(0.00833218257070579,0.00669696151779024,0.0107150579314924));
#1951=CARTESIAN_POINT('',(0.00794868551652644,0.0055546695730152,0.0103984704486353));
#1952=CARTESIAN_POINT('',(0.00754356346502403,0.00441391352339848,0.0100936690973691));
#1953=CARTESIAN_POINT('',(0.0071087632314242,0.00328060876722564,0.00980311301271157));
#1954=CARTESIAN_POINT('',(0.00665406517720364,0.00216027805800443,0.00952961826722512));
#1955=CARTESIAN_POINT('',(0.00630415443089348,0.00132718773360652,0.00933478846254712));
#1956=CARTESIAN_POINT('',(0.00594296671761189,0.000501439005380201,0.00915085814121687));
#1957=CARTESIAN_POINT('',(0.00543502032962698,-0.00059273551882464,0.0089096395198274));
#1958=CARTESIAN_POINT('',(0.00472560091987658,-0.00194865304439034,0.00858694652084059));
#1959=CARTESIAN_POINT('',(0.00374406666281335,-0.00355605133599607,0.00809310765718539));
#1960=CARTESIAN_POINT('',(0.00267990555342618,-0.00513251398161315,0.00748898216685279));
#1961=CARTESIAN_POINT('',(0.0019365406042746,-0.00616239541036386,0.00702181261599977));
#1962=CARTESIAN_POINT('',(0.00155794992770911,-0.00667262761145772,0.0067733132785633));
#1963=CARTESIAN_POINT('',(0.0124897830669721,0.0186601535091031,0.0170552836668515));
#1964=CARTESIAN_POINT('',(0.0124744179434623,0.0186048078835271,0.0170070051853303));
#1965=CARTESIAN_POINT('',(0.0124437719405326,0.0184938278696247,0.0169108466057806));
#1966=CARTESIAN_POINT('',(0.0123980549417061,0.018326491718538,0.0167678030519869));
#1967=CARTESIAN_POINT('',(0.0123525860179314,0.018158295580666,0.0166259450516892));
#1968=CARTESIAN_POINT('',(0.0122922848193244,0.0179328828409822,0.0164383827993893));
#1969=CARTESIAN_POINT('',(0.0122324559171317,0.01770572206588,0.0162532068605392));
#1970=CARTESIAN_POINT('',(0.0121730444687553,0.0174767610822215,0.0160704375626129));
#1971=CARTESIAN_POINT('',(0.0121286751890203,0.0173041244851515,0.0159345693204723));
#1972=CARTESIAN_POINT('',(0.012084473292587,0.0171305527670833,0.0157999189652825));
#1973=CARTESIAN_POINT('',(0.0120404147511044,0.0169560236163698,0.0156664982672418));
#1974=CARTESIAN_POINT('',(0.0119964736276305,0.0167805124955694,0.0155343196959504));
#1975=CARTESIAN_POINT('',(0.0119526223669466,0.0166039928915171,0.0154033961487877));
#1976=CARTESIAN_POINT('',(0.011908832723746,0.0164264367049423,0.0152737413778269));
#1977=CARTESIAN_POINT('',(0.0118504913227616,0.0161882748108876,0.0151025796309899));
#1978=CARTESIAN_POINT('',(0.0117484133712816,0.0157676698106727,0.0148075926285226));
#1979=CARTESIAN_POINT('',(0.0116020953645958,0.015155530295687,0.0143995204445428));
#1980=CARTESIAN_POINT('',(0.0113650609390826,0.0141510730372191,0.0137764630505159));
#1981=CARTESIAN_POINT('',(0.0110579545911612,0.0128481945779734,0.0130560995308304));
#1982=CARTESIAN_POINT('',(0.0106660337067737,0.0112206021301468,0.0122945238113629));
#1983=CARTESIAN_POINT('',(0.010238482432667,0.00953939995572275,0.0116399257332676));
#1984=CARTESIAN_POINT('',(0.0097580648623002,0.00781835052887107,0.0110910843182952));
#1985=CARTESIAN_POINT('',(0.00930400474453286,0.00636005321658406,0.0107125357781999));
#1986=CARTESIAN_POINT('',(0.00890404673007394,0.00518547337741852,0.0104463159482577));
#1987=CARTESIAN_POINT('',(0.00847930946256439,0.00401224984211846,0.0101975246433078));
#1988=CARTESIAN_POINT('',(0.00802319449342018,0.00284311015131634,0.00997105350332389));
#1989=CARTESIAN_POINT('',(0.00754445927095029,0.00168958697346743,0.00976486223221389));
#1990=CARTESIAN_POINT('',(0.007178960459986,0.000830814834078535,0.00962204883369845));
#1991=CARTESIAN_POINT('',(0.00680256769264602,-1.90519123723764E-5,0.00949078907995369));
#1992=CARTESIAN_POINT('',(0.00627027315605879,-0.00114381951730031,0.00932011365735982));
#1993=CARTESIAN_POINT('',(0.00552117788014548,-0.00253731030697235,0.00908327040840559));
#1994=CARTESIAN_POINT('',(0.00448418813429055,-0.00419164882554496,0.00869770930957157));
#1995=CARTESIAN_POINT('',(0.0033518852598108,-0.00581802892808269,0.00819923073012128));
#1996=CARTESIAN_POINT('',(0.00255745679701917,-0.00688168452233809,0.00779955026866344));
#1997=CARTESIAN_POINT('',(0.00215212907890491,-0.00740865962165914,0.00758399245777928));
#1998=CARTESIAN_POINT('',(0.0137811974207537,0.0184493810443999,0.0169233824697449));
#1999=CARTESIAN_POINT('',(0.013765742464283,0.0183935872033378,0.0168751737460414));
#2000=CARTESIAN_POINT('',(0.0137348979187879,0.0182817100566933,0.0167791313629818));
#2001=CARTESIAN_POINT('',(0.0136888260569701,0.0181130241850303,0.0166361936713614));
#2002=CARTESIAN_POINT('',(0.0136429470538772,0.0179434579228335,0.0164943909831806));
#2003=CARTESIAN_POINT('',(0.0135820250659356,0.0177161864034561,0.0163068393171032));
#2004=CARTESIAN_POINT('',(0.0135214607142084,0.0174871271517123,0.0161215681285784));
#2005=CARTESIAN_POINT('',(0.0134612093997663,0.0172562303924605,0.0159385988918122));
#2006=CARTESIAN_POINT('',(0.0134161630460766,0.0170821212319067,0.0158025308974429));
#2007=CARTESIAN_POINT('',(0.0133712418031505,0.0169070557892412,0.0156676291256289));
#2008=CARTESIAN_POINT('',(0.0133264263622479,0.016731012682149,0.0155339012685339));
#2009=CARTESIAN_POINT('',(0.0132816957105477,0.0165539689326632,0.0154013568668959));
#2010=CARTESIAN_POINT('',(0.0132370276938444,0.0163759006927245,0.0152700073597615));
#2011=CARTESIAN_POINT('',(0.0131923990701804,0.0161967840292509,0.0151398655907092));
#2012=CARTESIAN_POINT('',(0.0131329143042996,0.015956532561207,0.0149679722836354));
#2013=CARTESIAN_POINT('',(0.0130287822047606,0.0155322582320562,0.0146714889067417));
#2014=CARTESIAN_POINT('',(0.0128794404927081,0.014914672913176,0.0142606350952199));
#2015=CARTESIAN_POINT('',(0.0126368635038997,0.0139003783171492,0.013632085964774));
#2016=CARTESIAN_POINT('',(0.0123244065065912,0.0125822699190109,0.0129044123270148));
#2017=CARTESIAN_POINT('',(0.0119261424781202,0.0109258681937412,0.0121372014099946));
#2018=CARTESIAN_POINT('',(0.011499472116167,0.00920306133949226,0.0114873498841309));
#2019=CARTESIAN_POINT('',(0.011011328798656,0.00743658401658905,0.010964072424825));
#2020=CARTESIAN_POINT('',(0.0105429909698344,0.00593757380917785,0.010630614975771));
#2021=CARTESIAN_POINT('',(0.0101260379572936,0.00473020941641935,0.0104178161639064));
#2022=CARTESIAN_POINT('',(0.00968505141602694,0.00351833999909816,0.0102364634734473));
#2023=CARTESIAN_POINT('',(0.00920972662373787,0.00230882852760829,0.010091973890309));
#2024=CARTESIAN_POINT('',(0.0087133276825575,0.00111072912379487,0.00996857531209032));
#2025=CARTESIAN_POINT('',(0.00833243368051015,0.000222516376796033,0.00988928076784564));
#2026=CARTESIAN_POINT('',(0.0079410871409265,-0.000655848081682795,0.00982285783264438));
#2027=CARTESIAN_POINT('',(0.00738037629856068,-0.00181153491004109,0.00973999724432969));
#2028=CARTESIAN_POINT('',(0.00658772318516751,-0.00324679464076857,0.00961455622690504));
#2029=CARTESIAN_POINT('',(0.00549088411622238,-0.00495271393139838,0.00936840989354834));
#2030=CARTESIAN_POINT('',(0.00428681708790178,-0.00663482600157057,0.00900582718468408));
#2031=CARTESIAN_POINT('',(0.00343820149830345,-0.00773668704701915,0.008692532073994));
#2032=CARTESIAN_POINT('',(0.0030044595309655,-0.0082828857039161,0.00851920052256515));
#2033=CARTESIAN_POINT('',(0.0148168072537815,0.0182637228235341,0.0168083431955573));
#2034=CARTESIAN_POINT('',(0.0148012457929308,0.0182075641023879,0.0167600061823772));
#2035=CARTESIAN_POINT('',(0.0147701828020159,0.0180949515518515,0.0166637012064775));
#2036=CARTESIAN_POINT('',(0.0147237673811008,0.0179251462682722,0.0165203524239398));
#2037=CARTESIAN_POINT('',(0.0146775274278932,0.0177544532263603,0.0163781101318847));
#2038=CARTESIAN_POINT('',(0.0146161005586949,0.017525669465466,0.016189928463545));
#2039=CARTESIAN_POINT('',(0.01455499809615,0.0172950740241001,0.0160039599502748));
#2040=CARTESIAN_POINT('',(0.0144941747176604,0.0170626102242252,0.0158202047825187));
#2041=CARTESIAN_POINT('',(0.0144486823538937,0.0168873108681304,0.0156834963842936));
#2042=CARTESIAN_POINT('',(0.014403299209936,0.0167110402516065,0.0155478995582099));
#2043=CARTESIAN_POINT('',(0.0143580078495559,0.0165337766003647,0.015413419854387));
#2044=CARTESIAN_POINT('',(0.0143127894271576,0.0163554965805194,0.0152800643430044));
#2045=CARTESIAN_POINT('',(0.014267623794115,0.0161761755192539,0.0151478417365373));
#2046=CARTESIAN_POINT('',(0.0142224898361312,0.0159957876263678,0.0150167626285395));
#2047=CARTESIAN_POINT('',(0.014162324529664,0.0157538124888855,0.0148435318214087));
#2048=CARTESIAN_POINT('',(0.0140569923933499,0.0153264348411464,0.0145444738651827));
#2049=CARTESIAN_POINT('',(0.0139059286148713,0.0147041945019377,0.0141292986462644));
#2050=CARTESIAN_POINT('',(0.0136612425484877,0.0136818025254423,0.0134926100183908));
#2051=CARTESIAN_POINT('',(0.0133467183983522,0.0123517099128275,0.0127529184640418));
#2052=CARTESIAN_POINT('',(0.0129497027071351,0.010674012589606,0.0119716207851525));
#2053=CARTESIAN_POINT('',(0.012520283199115,0.00892590714619412,0.0113141652069659));
#2054=CARTESIAN_POINT('',(0.0120280705280546,0.00712890698398255,0.0107937568923953));
#2055=CARTESIAN_POINT('',(0.0115505651468149,0.00560103160741886,0.0104807114596612));
#2056=CARTESIAN_POINT('',(0.0111259440913006,0.00436585266598622,0.0102960285077352));
#2057=CARTESIAN_POINT('',(0.0106747951498312,0.00312659784928329,0.0101529755651788));
#2058=CARTESIAN_POINT('',(0.0101911513564336,0.0018836722161832,0.0100646391053475));
#2059=CARTESIAN_POINT('',(0.00968619925351925,0.000652135556558927,0.0100114961564614));
#2060=CARTESIAN_POINT('',(0.00930150824684977,-0.000264105317038085,0.00998514101763405));
#2061=CARTESIAN_POINT('',(0.00889804756726132,-0.00115894391051393,0.00997237188838638));
#2062=CARTESIAN_POINT('',(0.00831870883491466,-0.00233679969300463,0.00996323790596717));
#2063=CARTESIAN_POINT('',(0.00750147587891852,-0.00379613743986975,0.00993750948916195));
#2064=CARTESIAN_POINT('',(0.00636621115348458,-0.00553647859011914,0.00980868657533735));
#2065=CARTESIAN_POINT('',(0.00511441072382821,-0.00725685828591045,0.00955831009798608));
#2066=CARTESIAN_POINT('',(0.0042288834653893,-0.00838608834152313,0.00931536082553418));
#2067=CARTESIAN_POINT('',(0.00377632069518939,-0.00894596597913002,0.00917676677618752));
#2068=CARTESIAN_POINT('',(0.0153353371007226,0.018166824158114,0.0167474392873465));
#2069=CARTESIAN_POINT('',(0.0153197199511895,0.0181104789923645,0.0166990262184945));
#2070=CARTESIAN_POINT('',(0.0152885450641837,0.0179974938402903,0.0166025663174283));
#2071=CARTESIAN_POINT('',(0.0152419590662204,0.0178271296860344,0.0164589712254914));
#2072=CARTESIAN_POINT('',(0.015195545043539,0.0176558731120716,0.0163164655367368));
#2073=CARTESIAN_POINT('',(0.0151338803209434,0.0174263303282135,0.0161279029967948));
#2074=CARTESIAN_POINT('',(0.0150725295148551,0.0171949651185845,0.0159414986458508));
#2075=CARTESIAN_POINT('',(0.0150114480239766,0.0169617185653176,0.0157572436344823));
#2076=CARTESIAN_POINT('',(0.0149657578493582,0.0167858247437574,0.0156201273764356));
#2077=CARTESIAN_POINT('',(0.0149201732993398,0.0166089517743877,0.015484088095303));
#2078=CARTESIAN_POINT('',(0.0148746776394449,0.0164310775536856,0.0153491296953075));
#2079=CARTESIAN_POINT('',(0.0148292529016329,0.0162521783352074,0.0152152581629819));
#2080=CARTESIAN_POINT('',(0.0147838800899206,0.016072229058432,0.015082481556113));
#2081=CARTESIAN_POINT('',(0.0147385393547445,0.0158912037155548,0.0149508099847731));
#2082=CARTESIAN_POINT('',(0.0146781004136449,0.01564836648835,0.0147767375130196));
#2083=CARTESIAN_POINT('',(0.0145722989617573,0.0152194494694325,0.0144760710047837));
#2084=CARTESIAN_POINT('',(0.0144206432922763,0.0145948965124733,0.0140582065515585));
#2085=CARTESIAN_POINT('',(0.0141752019327643,0.0135685018242496,0.0134164633111442));
#2086=CARTESIAN_POINT('',(0.0138605018549039,0.0122324642999562,0.0126692401661037));
#2087=CARTESIAN_POINT('',(0.0134640854338136,0.0105450900538419,0.0118787311927501));
#2088=CARTESIAN_POINT('',(0.013034081129865,0.00878523040974676,0.0112141510441556));
#2089=CARTESIAN_POINT('',(0.0125399660219082,0.00697406525029776,0.010692085381095));
#2090=CARTESIAN_POINT('',(0.0120591603769633,0.00543151955758072,0.0103850096135249));
#2091=CARTESIAN_POINT('',(0.0116313440806134,0.00418278250014269,0.0102116770119295));
#2092=CARTESIAN_POINT('',(0.0111791709240384,0.00292551270774393,0.0100842917760276));
#2093=CARTESIAN_POINT('',(0.0106859861450861,0.00167117660763097,0.0100194714330659));
#2094=CARTESIAN_POINT('',(0.010180269175837,0.000418810712213972,0.00999878764380115));
#2095=CARTESIAN_POINT('',(0.00979099985435342,-0.00050877102145107,0.0099999179838757));
#2096=CARTESIAN_POINT('',(0.00938287561823173,-0.00140910031385021,0.0100163813284629));
#2097=CARTESIAN_POINT('',(0.00879871294124668,-0.0025967402143867,0.0100474675579737));
#2098=CARTESIAN_POINT('',(0.00797160928980711,-0.00406719035374575,0.0100730434614043));
#2099=CARTESIAN_POINT('',(0.00681993905791832,-0.00582284384048811,0.0100048729317195));
#2100=CARTESIAN_POINT('',(0.00554627618240669,-0.00756108592380809,0.00981142269551802));
#2101=CARTESIAN_POINT('',(0.00464301939451181,-0.00870353418621266,0.0096038222892417));
#2102=CARTESIAN_POINT('',(0.00418128187733529,-0.00927014691415979,0.00948268679141841));
#2103=CARTESIAN_POINT('',(0.01,3.15703915033079E-18,0.0383333333333334));
#2104=CARTESIAN_POINT('',(0.01,-6.12323399573675E-19,0.01));
#2105=CARTESIAN_POINT('',(0.01,0.019,0.0173148229727541));
#2106=CARTESIAN_POINT('',(0.0100000000000161,-5.48757694558526E-13,0.00999999175191996));
#2107=CARTESIAN_POINT('',(0.00926237097878766,-6.44079050980048E-13,0.00999999031922616));
#2108=CARTESIAN_POINT('',(0.00822336205957053,-2.29381222785694E-8,0.00987642513791454));
#2109=CARTESIAN_POINT('',(0.00715706223415308,-1.28259527558849E-8,0.00959601354187869));
#2110=CARTESIAN_POINT('',(0.00657425182671671,3.84088142444932E-9,0.00939790300572684));
#2111=CARTESIAN_POINT('',(0.00619281154548097,7.22271473593897E-9,0.00925106518704526));
#2112=CARTESIAN_POINT('',(0.00569351973724344,-3.27335537997716E-8,0.00903055101392528));
#2113=CARTESIAN_POINT('',(0.0051076164060819,-7.5371388232285E-8,0.0087305748915597));
#2114=CARTESIAN_POINT('',(0.00445102474695877,1.35739089508271E-7,0.00833722075579966));
#2115=CARTESIAN_POINT('',(0.00362503725768847,-4.2536288708479E-7,0.0077268649401867));
#2116=CARTESIAN_POINT('',(0.00290766289524821,1.18424014767047E-7,0.00706940946108793));
#2117=CARTESIAN_POINT('',(0.0023179316329578,-4.8333404181651E-8,0.00642187674412284));
#2118=CARTESIAN_POINT('',(0.00157774045975205,-5.83769924922162E-8,0.00545089731255711));
#2119=CARTESIAN_POINT('',(0.000500852662394218,5.62985238734869E-7,0.00354737387242022));
#2120=CARTESIAN_POINT('',(-1.0906721449783E-8,-1.19585298825325E-12,0.00151550834560355));
#2121=CARTESIAN_POINT('',(-1.27095625540978E-8,-1.39352415009965E-12,1.51134258128628E-14));
#2122=CARTESIAN_POINT('',(-5.20417042793042E-18,0.,4.22422160123418E-19));
#2123=CARTESIAN_POINT('',(-1.27095625540982E-8,-1.39351867572571E-12,1.51086291711616E-14));
#2124=CARTESIAN_POINT('',(-5.04165366238045E-8,0.000343905763001418,5.99584228995729E-14));
#2125=CARTESIAN_POINT('',(-3.73187473892543E-5,0.00102097882743643,-6.67548390021844E-7));
#2126=CARTESIAN_POINT('',(-0.000174511444796035,0.00193922236761462,1.56071173463017E-7));
#2127=CARTESIAN_POINT('',(-0.000421313795594455,0.00292730002182057,4.32635847747534E-8));
#2128=CARTESIAN_POINT('',(-0.00074193653787887,0.00382220485076061,4.36580432412952E-10));
#2129=CARTESIAN_POINT('',(-0.00117837417653793,0.00474480114531672,-4.49973017633424E-8));
#2130=CARTESIAN_POINT('',(-0.00185425245060211,0.00586188299095364,-1.47709988872991E-7));
#2131=CARTESIAN_POINT('',(-0.00268121448737747,0.0068667370231994,2.26651074876573E-7));
#2132=CARTESIAN_POINT('',(-0.00363117668857178,0.00773087429857865,-3.597120470322E-7));
#2133=CARTESIAN_POINT('',(-0.00444923378127554,0.00833593035474626,1.34250685194359E-7));
#2134=CARTESIAN_POINT('',(-0.00510824674847097,0.00873120756939566,-1.25365953129356E-7));
#2135=CARTESIAN_POINT('',(-0.00569509041860173,0.00903115818385656,-5.41839637801302E-8));
#2136=CARTESIAN_POINT('',(-0.00618891380806,0.00924950258613996,3.92273743932062E-8));
#2137=CARTESIAN_POINT('',(-0.00658834646710597,0.00940336673659021,-1.02725787950514E-7));
#2138=CARTESIAN_POINT('',(-0.00704828561904387,0.00955865177623899,-2.1926406805334E-7));
#2139=CARTESIAN_POINT('',(-0.00745360682167972,0.00967218822993048,-1.32947166292229E-7));
#2140=CARTESIAN_POINT('',(-0.00778289657347172,0.00975187007542901,-3.31969664928238E-8));
#2141=CARTESIAN_POINT('',(-0.00806733019117516,0.00981177311332979,1.58251044121644E-8));
#2142=CARTESIAN_POINT('',(-0.00824262235730964,0.00984431887581612,-3.01039352456529E-8));
#2143=CARTESIAN_POINT('',(-0.00853519070238961,0.00989368820288101,-1.47749565008232E-7));
#2144=CARTESIAN_POINT('',(-0.00907122667475224,0.00996525055250098,-1.41043105522649E-7));
#2145=CARTESIAN_POINT('',(-0.00960985409099583,0.00999998344549329,-8.24260491313668E-13));
#2146=CARTESIAN_POINT('',(-0.00999999999958538,0.0100000068975137,3.43425808624342E-13));
#2147=CARTESIAN_POINT('',(-0.01,0.01,-1.15555796663234E-33));
#2148=CARTESIAN_POINT('',(-0.01,0.0383333333333334,5.09009918543456E-18));
#2149=CARTESIAN_POINT('',(-0.01,0.0173148229727541,0.019));
#2150=CARTESIAN_POINT('',(-0.01,0.0173148229727541,0.019));
#2151=CARTESIAN_POINT('',(-0.0083988680752722,0.0173148229727541,0.019));
#2152=CARTESIAN_POINT('',(-0.00679773615054439,0.0172129744543869,0.0190920675069631));
#2153=CARTESIAN_POINT('',(0.0067977361505444,0.0190920675069631,0.0172129744543869));
#2154=CARTESIAN_POINT('',(0.0083988680752722,0.019,0.0173148229727541));
#2155=CARTESIAN_POINT('',(0.01,0.019,0.0173148229727541));
#2156=CARTESIAN_POINT('',(-0.00998969968824115,-0.0190440762095003,-0.0207644313092752));
#2157=CARTESIAN_POINT('',(-0.0099962673155151,-0.0189926108150441,-0.0207157395221859));
#2158=CARTESIAN_POINT('',(-0.0100094096612648,-0.0188899400560056,-0.0206180031203211));
#2159=CARTESIAN_POINT('',(-0.0100291454862584,-0.0187367249705303,-0.0204703329710488));
#2160=CARTESIAN_POINT('',(-0.0100489046701816,-0.0185843226605211,-0.0203215813878368));
#2161=CARTESIAN_POINT('',(-0.0100752814501532,-0.018382239120552,-0.0201217777371985));
#2162=CARTESIAN_POINT('',(-0.0101017017295339,-0.0181818992782257,-0.019919725528813));
#2163=CARTESIAN_POINT('',(-0.0101281395927634,-0.017983424613289,-0.0197153523639902));
#2164=CARTESIAN_POINT('',(-0.0101479635679725,-0.0178355196135268,-0.0195609083210805));
#2165=CARTESIAN_POINT('',(-0.0101677654250565,-0.0176885606706394,-0.0194053168474248));
#2166=CARTESIAN_POINT('',(-0.0101875259308179,-0.0175425108303502,-0.0192486133703413));
#2167=CARTESIAN_POINT('',(-0.0102072376012616,-0.0173972593811361,-0.0190908567620812));
#2168=CARTESIAN_POINT('',(-0.0102269187253036,-0.0172530320683727,-0.0189317340032917));
#2169=CARTESIAN_POINT('',(-0.010246580913777,-0.0171099931055054,-0.0187709983423741));
#2170=CARTESIAN_POINT('',(-0.0102727718209101,-0.0169205836466013,-0.0185546708830563));
#2171=CARTESIAN_POINT('',(-0.0103184962934158,-0.0165923185449181,-0.0181709562099089));
#2172=CARTESIAN_POINT('',(-0.0103830991053376,-0.0161329617484031,-0.0176083267820431));
#2173=CARTESIAN_POINT('',(-0.010483130555708,-0.015419808417335,-0.0166782306108287));
#2174=CARTESIAN_POINT('',(-0.0105984874541602,-0.0145720787775654,-0.0154613632869676));
#2175=CARTESIAN_POINT('',(-0.010710977909587,-0.013630768964698,-0.0139135510335712));
#2176=CARTESIAN_POINT('',(-0.0107890852420655,-0.0127736553997574,-0.0122805448078768));
#2177=CARTESIAN_POINT('',(-0.0108245579629995,-0.0120133766546657,-0.0105712910657877));
#2178=CARTESIAN_POINT('',(-0.0108108099857017,-0.0114671405301119,-0.00908324054483295));
#2179=CARTESIAN_POINT('',(-0.0107704856329025,-0.0110870016642016,-0.00785101413894569));
#2180=CARTESIAN_POINT('',(-0.0107105123949618,-0.0107473425386518,-0.00659406747607983));
#2181=CARTESIAN_POINT('',(-0.010622092296578,-0.010472473061625,-0.00530539306406372));
#2182=CARTESIAN_POINT('',(-0.0105030002980735,-0.0102662708166933,-0.00399433084305119));
#2183=CARTESIAN_POINT('',(-0.0103991005860652,-0.0101463898072837,-0.00300213086856529));
#2184=CARTESIAN_POINT('',(-0.0102815815378004,-0.0100613368452747,-0.00200333196960416));
#2185=CARTESIAN_POINT('',(-0.0101040406835772,-0.00999414906344065,-0.00066474588737782));
#2186=CARTESIAN_POINT('',(-0.00984983862926578,-0.00999474734556219,0.00101636391093062));
#2187=CARTESIAN_POINT('',(-0.00944381461246847,-0.0101298855694713,0.00301787329853342));
#2188=CARTESIAN_POINT('',(-0.00887477152812668,-0.0103156890713418,0.00502690876646412));
#2189=CARTESIAN_POINT('',(-0.00838499452247337,-0.0104404314133265,0.00637184245102019));
#2190=CARTESIAN_POINT('',(-0.00811332066730854,-0.0105007729397898,0.00704526825850468));
#2191=CARTESIAN_POINT('',(-0.00985713087964539,-0.0190326003033067,-0.020752932869817));
#2192=CARTESIAN_POINT('',(-0.0098637066420903,-0.0189811189234182,-0.0207042684897754));
#2193=CARTESIAN_POINT('',(-0.00987686519286562,-0.0188784159517375,-0.0206065868882677));
#2194=CARTESIAN_POINT('',(-0.00989662472118662,-0.018725149805966,-0.0204589982868242));
#2195=CARTESIAN_POINT('',(-0.00991640717695619,-0.0185726933374862,-0.0203103264341142));
#2196=CARTESIAN_POINT('',(-0.00994281514013183,-0.0183705359792618,-0.0201106222244747));
#2197=CARTESIAN_POINT('',(-0.00996926871077,-0.0181701251233497,-0.0199086505399093));
#2198=CARTESIAN_POINT('',(-0.00999574842534366,-0.017971633335958,-0.0197042851522204));
#2199=CARTESIAN_POINT('',(-0.0100156099488647,-0.0178237695312389,-0.0195497854361463));
#2200=CARTESIAN_POINT('',(-0.010035456424094,-0.0176769505402981,-0.0193940393956622));
#2201=CARTESIAN_POINT('',(-0.0100552664412586,-0.0175311703801479,-0.0192370655470884));
#2202=CARTESIAN_POINT('',(-0.0100750231451754,-0.0173863872475496,-0.0190788921404136));
#2203=CARTESIAN_POINT('',(-0.0100947420101249,-0.0172423119290094,-0.0189196771551876));
#2204=CARTESIAN_POINT('',(-0.0101144413119333,-0.0170992033057735,-0.0187590783973662));
#2205=CARTESIAN_POINT('',(-0.0101406978211038,-0.0169097173356957,-0.0185429038499478));
#2206=CARTESIAN_POINT('',(-0.0101865831004301,-0.0165813200382148,-0.0181593935478424));
#2207=CARTESIAN_POINT('',(-0.010251493963524,-0.0161219047253928,-0.0175968259874427));
#2208=CARTESIAN_POINT('',(-0.0103520567882231,-0.0154090804901509,-0.0166665533177688));
#2209=CARTESIAN_POINT('',(-0.0104680769311829,-0.0145625661165975,-0.0154494099474974));
#2210=CARTESIAN_POINT('',(-0.010581172747148,-0.0136243769941898,-0.0139030376627964));
#2211=CARTESIAN_POINT('',(-0.0106596305299292,-0.0127714209476525,-0.0122731382969751));
#2212=CARTESIAN_POINT('',(-0.010695064574404,-0.0120150582707724,-0.0105673009579775));
#2213=CARTESIAN_POINT('',(-0.0106809723416247,-0.0114716523040049,-0.00908243555915779));
#2214=CARTESIAN_POINT('',(-0.0106399841080069,-0.0110933586081275,-0.00785348972942693));
#2215=CARTESIAN_POINT('',(-0.0105791862156834,-0.0107551424623098,-0.00660022954600702));
#2216=CARTESIAN_POINT('',(-0.0104896049019236,-0.0104808206315015,-0.00531556803003484));
#2217=CARTESIAN_POINT('',(-0.0103697113161635,-0.01027404808501,-0.00400847172035998));
#2218=CARTESIAN_POINT('',(-0.0102652961014949,-0.0101531204215568,-0.00301913695521446));
#2219=CARTESIAN_POINT('',(-0.0101470448479808,-0.0100664248628655,-0.00202286950291627));
#2220=CARTESIAN_POINT('',(-0.00996880068683574,-0.00999609486664098,-0.000687386008048251));
#2221=CARTESIAN_POINT('',(-0.00971939424299039,-0.0099920036794482,0.000989708680895436));
#2222=CARTESIAN_POINT('',(-0.00930798034701951,-0.0101180874265784,0.00298856440627756));
#2223=CARTESIAN_POINT('',(-0.00873787083810261,-0.0102939013116516,0.00499435205108112));
#2224=CARTESIAN_POINT('',(-0.00824613458362279,-0.0104117370882316,0.00633722267377474));
#2225=CARTESIAN_POINT('',(-0.00797394187699272,-0.0104686296553409,0.00700950104412451));
#2226=CARTESIAN_POINT('',(-0.00959215137282795,-0.0190113758258064,-0.0207283677743477));
#2227=CARTESIAN_POINT('',(-0.0095987435472354,-0.0189598627453039,-0.0206797588004516));
#2228=CARTESIAN_POINT('',(-0.00961193464865141,-0.0188570935132197,-0.0205821900955864));
#2229=CARTESIAN_POINT('',(-0.00963174200371388,-0.0187037161287067,-0.0204347788366076));
#2230=CARTESIAN_POINT('',(-0.00965157115232395,-0.0185511306037073,-0.0202862942821975));
#2231=CARTESIAN_POINT('',(-0.00967804081936222,-0.0183487712133458,-0.0200868542026657));
#2232=CARTESIAN_POINT('',(-0.00970455822713367,-0.0181481079177497,-0.0198851658083148));
#2233=CARTESIAN_POINT('',(-0.00973111696103108,-0.0179493379420451,-0.0196810610076248));
#2234=CARTESIAN_POINT('',(-0.00975105038347659,-0.0178012777169778,-0.0195267172160506));
#2235=CARTESIAN_POINT('',(-0.00977098623108283,-0.0176543134648304,-0.0193710489740437));
#2236=CARTESIAN_POINT('',(-0.00979090477539901,-0.0175085320173329,-0.019213997745871));
#2237=CARTESIAN_POINT('',(-0.00981077346723064,-0.0173639279025864,-0.0190556044770773));
#2238=CARTESIAN_POINT('',(-0.00983056349786422,-0.0172203218950667,-0.0188960648645451));
#2239=CARTESIAN_POINT('',(-0.00985034691176196,-0.0170775267686672,-0.0187353095676821));
#2240=CARTESIAN_POINT('',(-0.00987673875227022,-0.0168883467297521,-0.0185190155246811));
#2241=CARTESIAN_POINT('',(-0.0099229352480825,-0.0165602434656002,-0.0181354148302879));
#2242=CARTESIAN_POINT('',(-0.00998840981295212,-0.0161009716974304,-0.0175728364940057));
#2243=CARTESIAN_POINT('',(-0.0100899796428321,-0.0153888067936425,-0.016642366265702));
#2244=CARTESIAN_POINT('',(-0.010207303065323,-0.014544354841582,-0.0154250302388706));
#2245=CARTESIAN_POINT('',(-0.0103216441704269,-0.0136117747559117,-0.0138818415140836));
#2246=CARTESIAN_POINT('',(-0.0104008750593382,-0.012766360652007,-0.0122583654927549));
#2247=CARTESIAN_POINT('',(-0.0104363300215713,-0.0120170046049571,-0.0105595271673083));
#2248=CARTESIAN_POINT('',(-0.01042168180396,-0.0114785438858676,-0.00908112459599199));
#2249=CARTESIAN_POINT('',(-0.0103794872768428,-0.0111033571238752,-0.00785880222403556));
#2250=CARTESIAN_POINT('',(-0.0103171776164841,-0.010767441617815,-0.00661293763652368));
#2251=CARTESIAN_POINT('',(-0.0102254182832484,-0.0104936192219712,-0.00533624477323199));
#2252=CARTESIAN_POINT('',(-0.0101039399063006,-0.0102851610642259,-0.00403698013967504));
#2253=CARTESIAN_POINT('',(-0.00999862066498913,-0.010161767719185,-0.00305328464060925));
#2254=CARTESIAN_POINT('',(-0.00987884872235746,-0.0100714601682352,-0.00206203704361401));
#2255=CARTESIAN_POINT('',(-0.00970061522147302,-0.00999462389641251,-0.000732931630169536));
#2256=CARTESIAN_POINT('',(-0.00945636248729268,-0.00998129385199594,0.000936473457489094));
#2257=CARTESIAN_POINT('',(-0.00903804494647445,-0.0100895369178458,0.00292912050737562));
#2258=CARTESIAN_POINT('',(-0.00846468443615416,-0.0102454451063596,0.00492857041870466));
#2259=CARTESIAN_POINT('',(-0.00796972427216073,-0.0103494504209842,0.00626712653682612));
#2260=CARTESIAN_POINT('',(-0.00769638165157462,-0.010399443020169,0.00693712888710461));
#2261=CARTESIAN_POINT('',(-0.00919514562069785,-0.018984758383487,-0.0206867313075084));
#2262=CARTESIAN_POINT('',(-0.00920176490168116,-0.0189332122274527,-0.0206381982902367));
#2263=CARTESIAN_POINT('',(-0.0092150093816116,-0.0188303684618528,-0.0205407884547355));
#2264=CARTESIAN_POINT('',(-0.00923489416942402,-0.0186768483386345,-0.0203936414867038));
#2265=CARTESIAN_POINT('',(-0.00925479805612829,-0.0185240768784178,-0.0202454571960974));
#2266=CARTESIAN_POINT('',(-0.00928136420419067,-0.0183213917166924,-0.0200464800914407));
#2267=CARTESIAN_POINT('',(-0.00930797558190892,-0.0181202546574511,-0.0198453691310933));
#2268=CARTESIAN_POINT('',(-0.00933463802445697,-0.01792077969684,-0.0196420089491625));
#2269=CARTESIAN_POINT('',(-0.00935466027754587,-0.0177720490414577,-0.0194883228691126));
#2270=CARTESIAN_POINT('',(-0.00937470556321906,-0.0176242580831328,-0.0193334145773915));
#2271=CARTESIAN_POINT('',(-0.00939476631569967,-0.0174775049370987,-0.0191772022653967));
#2272=CARTESIAN_POINT('',(-0.00941482855425968,-0.0173320403659807,-0.0190194720580316));
#2273=CARTESIAN_POINT('',(-0.00943486758724523,-0.0171884043156075,-0.0188597483224973));
#2274=CARTESIAN_POINT('',(-0.00945485172308339,-0.0170464139438097,-0.0186981949640382));
#2275=CARTESIAN_POINT('',(-0.00948146227201613,-0.0168584002183122,-0.0184809567814849));
#2276=CARTESIAN_POINT('',(-0.00952799985456134,-0.0165319478179009,-0.0180963528723004));
#2277=CARTESIAN_POINT('',(-0.0095941390834145,-0.0160734036803054,-0.0175336319816798));
#2278=CARTESIAN_POINT('',(-0.00969706231964072,-0.015362022222145,-0.0166035896277745));
#2279=CARTESIAN_POINT('',(-0.00981626618442144,-0.0145195469744148,-0.0153870668818412));
#2280=CARTESIAN_POINT('',(-0.00993259275490245,-0.0135934509494391,-0.0138495753161911));
#2281=CARTESIAN_POINT('',(-0.0100131961055914,-0.0127569929176477,-0.0122363206577361));
#2282=CARTESIAN_POINT('',(-0.0100489785615881,-0.0120156684595298,-0.0105484979362252));
#2283=CARTESIAN_POINT('',(-0.0100338905978818,-0.0114824708410745,-0.00908006900219389));
#2284=CARTESIAN_POINT('',(-0.0099902520540246,-0.0111101877305057,-0.00786789185841161));
#2285=CARTESIAN_POINT('',(-0.00992611525339543,-0.0107759549793469,-0.00663319254986169));
#2286=CARTESIAN_POINT('',(-0.00983150116324578,-0.0105010617440178,-0.00536825500984773));
#2287=CARTESIAN_POINT('',(-0.00970786157727267,-0.0102884406061264,-0.00408045865085128));
#2288=CARTESIAN_POINT('',(-0.00960106491173481,-0.0101601854409578,-0.00310487549115553));
#2289=CARTESIAN_POINT('',(-0.00947932031585103,-0.0100634265685116,-0.00212091697846981));
#2290=CARTESIAN_POINT('',(-0.0093032331503711,-0.00997644571092493,-0.000801778001077492));
#2291=CARTESIAN_POINT('',(-0.00905680258728115,-0.00994943251008262,0.000856453042832949));
#2292=CARTESIAN_POINT('',(-0.00863815775580663,-0.0100319008246993,0.00283751879720323));
#2293=CARTESIAN_POINT('',(-0.0080568766829967,-0.0101580506449938,0.00482785628302445));
#2294=CARTESIAN_POINT('',(-0.00755913042036556,-0.010241314076088,0.00615937168365815));
#2295=CARTESIAN_POINT('',(-0.00728365953834482,-0.0102808955360548,0.00682601465864001));
#2296=CARTESIAN_POINT('',(-0.0087985657797887,-0.0189634107514358,-0.0206401748466026));
#2297=CARTESIAN_POINT('',(-0.00880521694559691,-0.0189118645357273,-0.020591693290872));
#2298=CARTESIAN_POINT('',(-0.00881852421400445,-0.0188090134846864,-0.0204943927992188));
#2299=CARTESIAN_POINT('',(-0.00883850017412905,-0.0186554587089661,-0.0203474311794331));
#2300=CARTESIAN_POINT('',(-0.00885849228080765,-0.0185026244514342,-0.0201994571365862));
#2301=CARTESIAN_POINT('',(-0.00888517273407758,-0.018299812239206,-0.0200007971052435));
#2302=CARTESIAN_POINT('',(-0.00891189558568137,-0.0180984752426345,-0.0198000607490954));
#2303=CARTESIAN_POINT('',(-0.00893867546337006,-0.0178987327938488,-0.0195971088637921));
#2304=CARTESIAN_POINT('',(-0.00895879299005206,-0.0177497841238851,-0.0194437216294584));
#2305=CARTESIAN_POINT('',(-0.00897894827243449,-0.0176018008169692,-0.019289051175758));
#2306=CARTESIAN_POINT('',(-0.0089991491083986,-0.0174549683587585,-0.0191329126600295));
#2307=CARTESIAN_POINT('',(-0.00901939587365676,-0.0173094884851903,-0.0189751092662273));
#2308=CARTESIAN_POINT('',(-0.00903962997387823,-0.017165391093429,-0.0188156959115688));
#2309=CARTESIAN_POINT('',(-0.00905981060729134,-0.0170227165988471,-0.0186546640844959));
#2310=CARTESIAN_POINT('',(-0.00908665475194879,-0.0168342447153202,-0.018437822796236));
#2311=CARTESIAN_POINT('',(-0.00913352093058217,-0.016508071541448,-0.0180533123902859));
#2312=CARTESIAN_POINT('',(-0.00920017725507365,-0.0160501576652745,-0.0174908976035734));
#2313=CARTESIAN_POINT('',(-0.00930430306878523,-0.0153389953455327,-0.0165621642156676));
#2314=CARTESIAN_POINT('',(-0.00942532069802065,-0.0144974814342454,-0.0153479195177758));
#2315=CARTESIAN_POINT('',(-0.00954377352817148,-0.0135758012960527,-0.0138169271485557));
#2316=CARTESIAN_POINT('',(-0.00962591835314726,-0.0127458151812639,-0.0122143750553463));
#2317=CARTESIAN_POINT('',(-0.00966242372583346,-0.0120100655512935,-0.0105380446836105));
#2318=CARTESIAN_POINT('',(-0.00964712306443068,-0.0114799464337453,-0.00908006501252424));
#2319=CARTESIAN_POINT('',(-0.00960258446745406,-0.0111088210077843,-0.00787824090547933));
#2320=CARTESIAN_POINT('',(-0.00953689572352548,-0.0107743598129995,-0.00665468885025972));
#2321=CARTESIAN_POINT('',(-0.00944017286713969,-0.0104966533499374,-0.00540138061057883));
#2322=CARTESIAN_POINT('',(-0.00931447385392683,-0.0102781680137762,-0.00412472132488016));
#2323=CARTESIAN_POINT('',(-0.00920596789950401,-0.0101440126690994,-0.00315691371042899));
#2324=CARTESIAN_POINT('',(-0.00908320808616542,-0.0100399965003142,-0.00218026721051107));
#2325=CARTESIAN_POINT('',(-0.00890591693171652,-0.00994252213939127,-0.00087017925841181));
#2326=CARTESIAN_POINT('',(-0.00865965436304252,-0.00990186287366043,0.000774398335129326));
#2327=CARTESIAN_POINT('',(-0.00824045984649448,-0.00995940601929803,0.00274417956531697));
#2328=CARTESIAN_POINT('',(-0.00765308843884822,-0.0100558962418899,0.00472455400330112));
#2329=CARTESIAN_POINT('',(-0.00715202696781373,-0.0101183746149318,0.00604908612290376));
#2330=CARTESIAN_POINT('',(-0.00687482804700676,-0.0101474455420358,0.0067121941061303));
#2331=CARTESIAN_POINT('',(-0.0082702505945801,-0.0189418395475035,-0.0205715572666556));
#2332=CARTESIAN_POINT('',(-0.00827695310150112,-0.0188903493804085,-0.0205230989328633));
#2333=CARTESIAN_POINT('',(-0.00829036159335459,-0.0187876048976232,-0.0204258501708676));
#2334=CARTESIAN_POINT('',(-0.00831048516783784,-0.0186341960815373,-0.0202789795578708));
#2335=CARTESIAN_POINT('',(-0.00833062114609063,-0.0184814996101626,-0.0201311043119967));
#2336=CARTESIAN_POINT('',(-0.00835748979607776,-0.0182788710823737,-0.0199325744578134));
#2337=CARTESIAN_POINT('',(-0.00838439888940795,-0.0180777410912868,-0.0197319380752045));
#2338=CARTESIAN_POINT('',(-0.00841137685888496,-0.0178783005072147,-0.0195289645416712));
#2339=CARTESIAN_POINT('',(-0.0084316522446124,-0.0177296294854403,-0.0193754885792638));
#2340=CARTESIAN_POINT('',(-0.00845197360755563,-0.0175819167748144,-0.0192207025450449));
#2341=CARTESIAN_POINT('',(-0.00847233500093779,-0.0174351653501955,-0.0190645940616645));
#2342=CARTESIAN_POINT('',(-0.00849271861852968,-0.0172893923308821,-0.0189071763184882));
#2343=CARTESIAN_POINT('',(-0.00851310315493004,-0.0171447321390768,-0.0187483590344946));
#2344=CARTESIAN_POINT('',(-0.00853346896186111,-0.0170012539161096,-0.0185880856388228));
#2345=CARTESIAN_POINT('',(-0.00856058165614762,-0.0168115253606537,-0.018372427842016));
#2346=CARTESIAN_POINT('',(-0.00860791226561107,-0.0164836082102889,-0.0179897901449052));
#2347=CARTESIAN_POINT('',(-0.008675218446482,-0.016025229307509,-0.0174290480796976));
#2348=CARTESIAN_POINT('',(-0.00878080099447928,-0.015313356071416,-0.0165034322868716));
#2349=CARTESIAN_POINT('',(-0.00890419414930812,-0.0144717809594478,-0.0152941995745822));
#2350=CARTESIAN_POINT('',(-0.00902560939293977,-0.0135532449382251,-0.0137731073054731));
#2351=CARTESIAN_POINT('',(-0.00911008683393605,-0.012728457960893,-0.0121851017602759));
#2352=CARTESIAN_POINT('',(-0.00914803697144055,-0.0119968661376662,-0.0105248825709658));
#2353=CARTESIAN_POINT('',(-0.00913282738590625,-0.0114680203955263,-0.00908172799093124));
#2354=CARTESIAN_POINT('',(-0.00908768619098205,-0.0110959815383275,-0.0078938915247605));
#2355=CARTESIAN_POINT('',(-0.00902067791756933,-0.0107587637554218,-0.00668517098228322));
#2356=CARTESIAN_POINT('',(-0.00892192183916466,-0.0104749837631763,-0.00544722714192956));
#2357=CARTESIAN_POINT('',(-0.00879386260965827,-0.0102466283846656,-0.00418507891093981));
#2358=CARTESIAN_POINT('',(-0.00868321476336918,-0.0101033181914115,-0.00322740187036033));
#2359=CARTESIAN_POINT('',(-0.00855946406692517,-0.00998889005743066,-0.0022605390533553));
#2360=CARTESIAN_POINT('',(-0.00837802685129566,-0.00987656581488389,-0.000962003953031065));
#2361=CARTESIAN_POINT('',(-0.00813552566146322,-0.00981801349610559,0.000662079820265301));
#2362=CARTESIAN_POINT('',(-0.00771327513217214,-0.009842675744018,0.00261725867257987));
#2363=CARTESIAN_POINT('',(-0.0071204925819253,-0.00990006599402064,0.00458320356847112));
#2364=CARTESIAN_POINT('',(-0.00661438591561193,-0.00993445519791152,0.00589841387246844));
#2365=CARTESIAN_POINT('',(-0.00633526770923351,-0.00994945139338819,0.00655657679750772));
#2366=CARTESIAN_POINT('',(-0.00761037459421609,-0.0189269240756683,-0.0204742090954395));
#2367=CARTESIAN_POINT('',(-0.00761716017230887,-0.01887559713005,-0.020425703048308));
#2368=CARTESIAN_POINT('',(-0.00763073263792128,-0.0187731760664093,-0.0203283625307212));
#2369=CARTESIAN_POINT('',(-0.00765109564652933,-0.0186202479440972,-0.020181360950687));
#2370=CARTESIAN_POINT('',(-0.0076714641020517,-0.0184680356491541,-0.0200333542764079));
#2371=CARTESIAN_POINT('',(-0.00769863198404219,-0.0182660634031101,-0.0198346439523427));
#2372=CARTESIAN_POINT('',(-0.00772582125095419,-0.0180655984787157,-0.019633828941588));
#2373=CARTESIAN_POINT('',(-0.0077530497470696,-0.017866712124614,-0.0194307982618785));
#2374=CARTESIAN_POINT('',(-0.00777349473440686,-0.0177183493882398,-0.0192773937487864));
#2375=CARTESIAN_POINT('',(-0.00779396366773939,-0.0175708086034934,-0.0191228366445832));
#2376=CARTESIAN_POINT('',(-0.00781445162354838,-0.0174241153169638,-0.0189671055021481));
#2377=CARTESIAN_POINT('',(-0.00783494536596296,-0.0172782345326486,-0.018810210473723));
#2378=CARTESIAN_POINT('',(-0.00785544600651063,-0.017133149857633,-0.0186521421171202));
#2379=CARTESIAN_POINT('',(-0.00787595536082043,-0.0169889299232176,-0.0184928374395425));
#2380=CARTESIAN_POINT('',(-0.00790331138094698,-0.0167979054217539,-0.0182786824433785));
#2381=CARTESIAN_POINT('',(-0.00795119316377949,-0.0164671260490449,-0.0178991705183123));
#2382=CARTESIAN_POINT('',(-0.00801942800597484,-0.0160054127841688,-0.0173428743562566));
#2383=CARTESIAN_POINT('',(-0.00812675247819574,-0.0152905097613957,-0.0164238004321196));
#2384=CARTESIAN_POINT('',(-0.00825306798009819,-0.0144463461580478,-0.015224213614034));
#2385=CARTESIAN_POINT('',(-0.0083783956206935,-0.0135267744450823,-0.013717871658282));
#2386=CARTESIAN_POINT('',(-0.00846635198990314,-0.0127021782127167,-0.0121485855356924));
#2387=CARTESIAN_POINT('',(-0.00850695350835612,-0.0119696612603757,-0.0105100533236035));
#2388=CARTESIAN_POINT('',(-0.00849275002859138,-0.0114371505204566,-0.00908714931916371));
#2389=CARTESIAN_POINT('',(-0.00844801389803442,-0.0110594548838848,-0.00791719996218406));
#2390=CARTESIAN_POINT('',(-0.00838087996300437,-0.0107143503034507,-0.00672708430907952));
#2391=CARTESIAN_POINT('',(-0.00828120270890539,-0.0104188267748117,-0.00550818379651966));
#2392=CARTESIAN_POINT('',(-0.00815119521113769,-0.0101746433165136,-0.00426385067502873));
#2393=CARTESIAN_POINT('',(-0.00803916113028834,-0.0100179299723443,-0.00331900199032396));
#2394=CARTESIAN_POINT('',(-0.00791331445627231,-0.00988889449015103,-0.0023641290013924));
#2395=CARTESIAN_POINT('',(-0.00773111810118993,-0.0097573343668985,-0.00108266736854994));
#2396=CARTESIAN_POINT('',(-0.00748598323281493,-0.0096738000479766,0.00051865120986974));
#2397=CARTESIAN_POINT('',(-0.00706446669922416,-0.00965987311112482,0.0024522939411304));
#2398=CARTESIAN_POINT('',(-0.00646459349970693,-0.00966778251745513,0.00439999648267731));
#2399=CARTESIAN_POINT('',(-0.00595382656673813,-0.00966687216388945,0.00570241744366461));
#2400=CARTESIAN_POINT('',(-0.00567234784497636,-0.00966393002327713,0.00635418844455056));
#2401=CARTESIAN_POINT('',(-0.0065535984791202,-0.018921959310573,-0.020300172446291));
#2402=CARTESIAN_POINT('',(-0.00656055530295895,-0.0188709308366058,-0.0202515806851798));
#2403=CARTESIAN_POINT('',(-0.0065744652778275,-0.0187690864982009,-0.0201540908145307));
#2404=CARTESIAN_POINT('',(-0.00659531896365886,-0.0186169599855303,-0.0200069343736018));
#2405=CARTESIAN_POINT('',(-0.00661615998419861,-0.0184654781403997,-0.019858851386411));
#2406=CARTESIAN_POINT('',(-0.00664392684312152,-0.0182643681527492,-0.0196601670707551));
#2407=CARTESIAN_POINT('',(-0.00667165077137946,-0.0180645619665686,-0.0194596223805494));
#2408=CARTESIAN_POINT('',(-0.00669930520430473,-0.0178660538908352,-0.0192572425380527));
#2409=CARTESIAN_POINT('',(-0.00672000948399757,-0.0177178111212822,-0.0191045468743238));
#2410=CARTESIAN_POINT('',(-0.00674068711845824,-0.0175701787654722,-0.0189509359677246));
#2411=CARTESIAN_POINT('',(-0.00676136309562815,-0.0174231336183524,-0.0187963787767287));
#2412=CARTESIAN_POINT('',(-0.00678208182003354,-0.0172767437435861,-0.0186407722316417));
#2413=CARTESIAN_POINT('',(-0.00680286330174023,-0.0171310741448287,-0.0184840393695687));
#2414=CARTESIAN_POINT('',(-0.00682370961086662,-0.0169861506977412,-0.0183261522031902));
#2415=CARTESIAN_POINT('',(-0.00685158168884977,-0.0167939495104213,-0.0181140779993265));
#2416=CARTESIAN_POINT('',(-0.00690051881079785,-0.0164604743541739,-0.0177387696222945));
#2417=CARTESIAN_POINT('',(-0.0069705650513664,-0.015993372688522,-0.0171902737046612));
#2418=CARTESIAN_POINT('',(-0.00708107424166496,-0.0152702962171849,-0.0162855348312338));
#2419=CARTESIAN_POINT('',(-0.00721216385317173,-0.0144172283434399,-0.0151065148827412));
#2420=CARTESIAN_POINT('',(-0.00734424623566463,-0.0134866713628848,-0.0136283877697066));
#2421=CARTESIAN_POINT('',(-0.0074390226031669,-0.0126504292841118,-0.0120914056026667));
#2422=CARTESIAN_POINT('',(-0.00748577910346206,-0.0119038884846584,-0.0104908179081891));
#2423=CARTESIAN_POINT('',(-0.00747586685465752,-0.0113548388741463,-0.0091034682794189));
#2424=CARTESIAN_POINT('',(-0.00743462955625037,-0.0109594461752116,-0.00796354739592657));
#2425=CARTESIAN_POINT('',(-0.00737085083206089,-0.0105933326403131,-0.00680415402400949));
#2426=CARTESIAN_POINT('',(-0.00727365332014246,-0.0102713899304668,-0.00561618475944409));
#2427=CARTESIAN_POINT('',(-0.0071451635204144,-0.00999606768072754,-0.00440160081522203));
#2428=CARTESIAN_POINT('',(-0.00703394297501702,-0.00981434137540181,-0.00347848575221114));
#2429=CARTESIAN_POINT('',(-0.00690961884649984,-0.0096597364983711,-0.00254556580594211));
#2430=CARTESIAN_POINT('',(-0.00672905159662763,-0.00949292548776782,-0.00129335132847676));
#2431=CARTESIAN_POINT('',(-0.0064754858143592,-0.00936528933655268,0.000275313195949518));
#2432=CARTESIAN_POINT('',(-0.00605324282852213,-0.00928866469634056,0.002173142672431));
#2433=CARTESIAN_POINT('',(-0.00544309402297916,-0.00921536207590509,0.00408900794856391));
#2434=CARTESIAN_POINT('',(-0.00492742882920747,-0.00915716877565913,0.00536930358166912));
#2435=CARTESIAN_POINT('',(-0.00464332731360858,-0.00912479686590594,0.00600988655111815));
#2436=CARTESIAN_POINT('',(-0.00522712407679804,-0.0189376930058724,-0.0200614351773467));
#2437=CARTESIAN_POINT('',(-0.00523436336591322,-0.0188869164634791,-0.0200129141911574));
#2438=CARTESIAN_POINT('',(-0.00524883240784413,-0.0187855318178542,-0.0199156146837795));
#2439=CARTESIAN_POINT('',(-0.00527050644905055,-0.0186339593516075,-0.0197688931043314));
#2440=CARTESIAN_POINT('',(-0.0052921492098227,-0.0184828900165438,-0.0196213977969948));
#2441=CARTESIAN_POINT('',(-0.0053209630635881,-0.0182821345401885,-0.0194236980920864));
#2442=CARTESIAN_POINT('',(-0.00534971499175239,-0.0180823895400561,-0.0192244149368475));
#2443=CARTESIAN_POINT('',(-0.00537842346780696,-0.0178836923637956,-0.0190234501388045));
#2444=CARTESIAN_POINT('',(-0.00539994004830031,-0.0177352219641516,-0.018871850494171));
#2445=CARTESIAN_POINT('',(-0.00542144992042664,-0.0175873616051275,-0.0187193403056831));
#2446=CARTESIAN_POINT('',(-0.00544297624253427,-0.0174401561460617,-0.0185658920477722));
#2447=CARTESIAN_POINT('',(-0.00546453993661753,-0.0172935296577913,-0.0184115473442921));
#2448=CARTESIAN_POINT('',(-0.00548615392803871,-0.0171474494036415,-0.0182563201852067));
#2449=CARTESIAN_POINT('',(-0.00550782482441253,-0.0170019421667277,-0.0181001849254468));
#2450=CARTESIAN_POINT('',(-0.00553679453281481,-0.0168087604560097,-0.0178907455769249));
#2451=CARTESIAN_POINT('',(-0.00558766447793003,-0.0164730319954147,-0.0175208227660883));
#2452=CARTESIAN_POINT('',(-0.00566055460339759,-0.0160011602352889,-0.0169821549975253));
#2453=CARTESIAN_POINT('',(-0.00577586920122104,-0.0152669818737142,-0.0160977250054915));
#2454=CARTESIAN_POINT('',(-0.00591357123881366,-0.0143955826850341,-0.0149504254154008));
#2455=CARTESIAN_POINT('',(-0.00605525318350311,-0.0134369948722117,-0.0135147152310425));
#2456=CARTESIAN_POINT('',(-0.0061610363183848,-0.0125671899203882,-0.0120242472273105));
#2457=CARTESIAN_POINT('',(-0.00621974811855623,-0.0117818910210202,-0.0104770983821336));
#2458=CARTESIAN_POINT('',(-0.00622113524292027,-0.011194132291411,-0.00913935252366545));
#2459=CARTESIAN_POINT('',(-0.00619035264652061,-0.010762713487772,-0.00804049318234542));
#2460=CARTESIAN_POINT('',(-0.00613785070033415,-0.0103570904370726,-0.00692266705383336));
#2461=CARTESIAN_POINT('',(-0.00605272968315786,-0.00999060497657655,-0.00577652561368368));
#2462=CARTESIAN_POINT('',(-0.005936616109016,-0.00966731688990671,-0.00460360107731648));
#2463=CARTESIAN_POINT('',(-0.00583491024318043,-0.0094485625076837,-0.00371180818717815));
#2464=CARTESIAN_POINT('',(-0.00571940134257132,-0.0092561474276139,-0.00281002648212447));
#2465=CARTESIAN_POINT('',(-0.00554739125725235,-0.00903862243535349,-0.00159833792384349));
#2466=CARTESIAN_POINT('',(-0.00529007529618956,-0.00883988399661177,-6.73372608812478E-5));
#2467=CARTESIAN_POINT('',(-0.00484918881583396,-0.00867672199896182,0.00178802005216831));
#2468=CARTESIAN_POINT('',(-0.00423612378735275,-0.00849948319166848,0.00365808642565204));
#2469=CARTESIAN_POINT('',(-0.00371863569743633,-0.00836753342428188,0.00490757836844807));
#2470=CARTESIAN_POINT('',(-0.00343335934992554,-0.00829670658477059,0.00553219055410374));
#2471=CARTESIAN_POINT('',(-0.0036250760267857,-0.0189692807098304,-0.0197602335698946));
#2472=CARTESIAN_POINT('',(-0.00363289263286006,-0.0189187069311121,-0.019711834144889));
#2473=CARTESIAN_POINT('',(-0.00364851683774974,-0.0188176846645202,-0.0196148280859353));
#2474=CARTESIAN_POINT('',(-0.00367192700904407,-0.0186665283196473,-0.0194686952627883));
#2475=CARTESIAN_POINT('',(-0.00369531352092015,-0.0185157523834359,-0.0193219334019104));
#2476=CARTESIAN_POINT('',(-0.00372646852981424,-0.0183152317120429,-0.0191254025926244));
#2477=CARTESIAN_POINT('',(-0.00375758898332658,-0.0181154925636335,-0.0189275841443524));
#2478=CARTESIAN_POINT('',(-0.00378869793313822,-0.017916559671396,-0.0187284562488794));
#2479=CARTESIAN_POINT('',(-0.00381203337656208,-0.0177677578986201,-0.0185784537517701));
#2480=CARTESIAN_POINT('',(-0.0038353805099626,-0.0176193272523897,-0.0184277926897598));
#2481=CARTESIAN_POINT('',(-0.00385873023428092,-0.017471277704439,-0.0182764654592282));
#2482=CARTESIAN_POINT('',(-0.00388207958330182,-0.0173236978508522,-0.018124413423107));
#2483=CARTESIAN_POINT('',(-0.00390542831773913,-0.0171766389054062,-0.017971601420575));
#2484=CARTESIAN_POINT('',(-0.00392877589191794,-0.017030118539194,-0.0178180190937835));
#2485=CARTESIAN_POINT('',(-0.00395990253898881,-0.0168354901438443,-0.0176122114634239));
#2486=CARTESIAN_POINT('',(-0.00401435485032922,-0.0164968702914267,-0.017249321479771));
#2487=CARTESIAN_POINT('',(-0.00409196428664343,-0.0160192433397167,-0.0167230094978977));
#2488=CARTESIAN_POINT('',(-0.00421463988988622,-0.0152711032121379,-0.0158635953423766));
#2489=CARTESIAN_POINT('',(-0.00436211447952579,-0.0143721128412651,-0.0147568765107013));
#2490=CARTESIAN_POINT('',(-0.00451826115260629,-0.0133655313666189,-0.0133795904972088));
#2491=CARTESIAN_POINT('',(-0.00464220947334146,-0.0124355437387598,-0.0119549278873867));
#2492=CARTESIAN_POINT('',(-0.00472364150657791,-0.0115799581556978,-0.0104816318294777));
#2493=CARTESIAN_POINT('',(-0.00474903264923085,-0.0109256157991672,-0.00921150374530353));
#2494=CARTESIAN_POINT('',(-0.00474123349524577,-0.0104361704818955,-0.00816916505140264));
#2495=CARTESIAN_POINT('',(-0.00471431130933577,-0.00996952823958294,-0.00710912371833294));
#2496=CARTESIAN_POINT('',(-0.00465856888518651,-0.00953800842929636,-0.00602230732101166));
#2497=CARTESIAN_POINT('',(-0.00457418720872217,-0.00914653687937916,-0.00490927462284887));
#2498=CARTESIAN_POINT('',(-0.00449623280203555,-0.00887493209925634,-0.00406192592186998));
#2499=CARTESIAN_POINT('',(-0.00440244454982915,-0.00862749670141617,-0.00320276757214093));
#2500=CARTESIAN_POINT('',(-0.00425246072836769,-0.00833179886074781,-0.0020422076614883));
#2501=CARTESIAN_POINT('',(-0.00401080135348396,-0.00802883252266456,-0.000569213435821765));
#2502=CARTESIAN_POINT('',(-0.00356149813941144,-0.007727099036941,0.00123064930511573));
#2503=CARTESIAN_POINT('',(-0.00296443872578193,-0.00742454887410689,0.00304041492541));
#2504=CARTESIAN_POINT('',(-0.00245381273286952,-0.00719502549213464,0.00424661654497374));
#2505=CARTESIAN_POINT('',(-0.00217277093988381,-0.00707321981853924,0.00484965283984842));
#2506=CARTESIAN_POINT('',(-0.00201756113782992,-0.0190092246135985,-0.0194519691667986));
#2507=CARTESIAN_POINT('',(-0.00202617397067239,-0.0189587735024917,-0.0194037080118991));
#2508=CARTESIAN_POINT('',(-0.00204338649904345,-0.0188579486682877,-0.0193070395521423));
#2509=CARTESIAN_POINT('',(-0.002069165352745,-0.0187069442634927,-0.0191615983623881));
#2510=CARTESIAN_POINT('',(-0.00209490319383634,-0.018556174651806,-0.0190157179393155));
#2511=CARTESIAN_POINT('',(-0.00212916550744471,-0.0183554658822256,-0.0188206218982096));
#2512=CARTESIAN_POINT('',(-0.00216335255239292,-0.0181552443029261,-0.0186246312212197));
#2513=CARTESIAN_POINT('',(-0.00219747357382926,-0.017955519857346,-0.018427693766868));
#2514=CARTESIAN_POINT('',(-0.00222303079493764,-0.0178059850483187,-0.0182794950815912));
#2515=CARTESIAN_POINT('',(-0.00224855430020813,-0.0176567363923101,-0.0181307785521299));
#2516=CARTESIAN_POINT('',(-0.00227404938323022,-0.017507786670334,-0.0179815302827396));
#2517=CARTESIAN_POINT('',(-0.00229951680883746,-0.0173591138658937,-0.0178317640122134));
#2518=CARTESIAN_POINT('',(-0.00232495512306895,-0.0172107230062813,-0.0176814802556961));
#2519=CARTESIAN_POINT('',(-0.00235036188860501,-0.0170626398969089,-0.0175306679710771));
#2520=CARTESIAN_POINT('',(-0.00238419086386498,-0.0168656477727069,-0.0173288633662074));
#2521=CARTESIAN_POINT('',(-0.00244325315446567,-0.0165222020732246,-0.0169737791163394));
#2522=CARTESIAN_POINT('',(-0.00252711440297293,-0.016035837205322,-0.0164608798729292));
#2523=CARTESIAN_POINT('',(-0.0026594502717478,-0.0152691724363196,-0.0156280124139132));
#2524=CARTESIAN_POINT('',(-0.00281937872472733,-0.0143371166640336,-0.0145639119545724));
#2525=CARTESIAN_POINT('',(-0.00299391573937077,-0.0132734927729178,-0.0132504355768484));
#2526=CARTESIAN_POINT('',(-0.00314171985061281,-0.0122712442143836,-0.0118997342458684));
#2527=CARTESIAN_POINT('',(-0.00325421478961663,-0.0113311623136142,-0.0105094081547737));
#2528=CARTESIAN_POINT('',(-0.00331297063259752,-0.0105982625111675,-0.00931507272123968));
#2529=CARTESIAN_POINT('',(-0.00333706834283731,-0.0100420484114639,-0.00833666314869214));
#2530=CARTESIAN_POINT('',(-0.00334561904354768,-0.00950629712646481,-0.00734253048485977));
#2531=CARTESIAN_POINT('',(-0.00333065410070246,-0.00900247616547919,-0.00632425683925644));
#2532=CARTESIAN_POINT('',(-0.00329090612159688,-0.00853525245511881,-0.00528098289585775));
#2533=CARTESIAN_POINT('',(-0.00324760233083681,-0.00820471326069022,-0.00448587136278378));
#2534=CARTESIAN_POINT('',(-0.00318865165029253,-0.00789556580759747,-0.00367796807853154));
#2535=CARTESIAN_POINT('',(-0.00308454811699358,-0.00751348021958003,-0.00258385642334229));
#2536=CARTESIAN_POINT('',(-0.0028890707347259,-0.00709164070599137,-0.00118237613004406));
#2537=CARTESIAN_POINT('',(-0.00248922051670571,-0.00663602773559772,0.000545382842461537));
#2538=CARTESIAN_POINT('',(-0.0019223553037676,-0.00617876553872066,0.00229203288577123));
#2539=CARTESIAN_POINT('',(-0.00143823911140196,-0.00583554096879766,0.00345156506464043));
#2540=CARTESIAN_POINT('',(-0.00116927300461465,-0.00565604660627846,0.00402938814064202));
#2541=CARTESIAN_POINT('',(-0.000407710868057796,-0.0190533968863592,-0.0191410665624187));
#2542=CARTESIAN_POINT('',(-0.00041721899899022,-0.0190029149833377,-0.0190929457259272));
#2543=CARTESIAN_POINT('',(-0.000436218392825038,-0.0189019740250368,-0.0189966188290895));
#2544=CARTESIAN_POINT('',(-0.000464667876932779,-0.0187506314482014,-0.018851871778099));
#2545=CARTESIAN_POINT('',(-0.000493069324621129,-0.0185993586662563,-0.0187068652411952));
#2546=CARTESIAN_POINT('',(-0.000530872117106546,-0.0183977563817516,-0.0185131721682453));
#2547=CARTESIAN_POINT('',(-0.000568557953476157,-0.0181962957047653,-0.0183189466457132));
#2548=CARTESIAN_POINT('',(-0.000606098154115174,-0.0179950169911061,-0.0181241785454118));
#2549=CARTESIAN_POINT('',(-0.000634182014655035,-0.0178441536034799,-0.0179778267595034));
#2550=CARTESIAN_POINT('',(-0.000662201105221445,-0.017693375883018,-0.0178311915963067));
#2551=CARTESIAN_POINT('',(-0.000690156143194874,-0.0175426871717809,-0.0176842666973938));
#2552=CARTESIAN_POINT('',(-0.000718048142570366,-0.0173921140994295,-0.0175370350729923));
#2553=CARTESIAN_POINT('',(-0.000745877715358853,-0.0172416732988616,-0.0173894892247477));
#2554=CARTESIAN_POINT('',(-0.000773644702343215,-0.017091375087098,-0.0172416287867177));
#2555=CARTESIAN_POINT('',(-0.000810582836968613,-0.0168911830493144,-0.0170440634153076));
#2556=CARTESIAN_POINT('',(-0.000874997637040873,-0.016541441759219,-0.0166972252507793));
#2557=CARTESIAN_POINT('',(-0.000966318782900037,-0.0160439027344056,-0.0161985860293833));
#2558=CARTESIAN_POINT('',(-0.0011105188389449,-0.0152543681980556,-0.0153939041111012));
#2559=CARTESIAN_POINT('',(-0.00128594609619798,-0.0142837420917998,-0.0143749911904252));
#2560=CARTESIAN_POINT('',(-0.00148315634444067,-0.013156748351569,-0.0131301038250426));
#2561=CARTESIAN_POINT('',(-0.0016603785262453,-0.0120753442011809,-0.0118600893777952));
#2562=CARTESIAN_POINT('',(-0.00181112090422949,-0.0110432516510823,-0.010560583869136));
#2563=CARTESIAN_POINT('',(-0.00191041372599848,-0.0102255717095376,-0.00944918755065801));
#2564=CARTESIAN_POINT('',(-0.00197259442430862,-0.00959791115879043,-0.0085409692925139));
#2565=CARTESIAN_POINT('',(-0.00202303647366761,-0.00898854941287093,-0.00761944099703993));
#2566=CARTESIAN_POINT('',(-0.00205558269592454,-0.00840798764403168,-0.00667711742306419));
#2567=CARTESIAN_POINT('',(-0.00206833320468796,-0.00785992593286174,-0.00571199946878529));
#2568=CARTESIAN_POINT('',(-0.00206661372720266,-0.00746610012868353,-0.00497605341925357));
#2569=CARTESIAN_POINT('',(-0.00205112605994745,-0.00709022457107949,-0.00422707293502768));
#2570=CARTESIAN_POINT('',(-0.00200647208229692,-0.00661293473690402,-0.00320926040779892));
#2571=CARTESIAN_POINT('',(-0.00189220396841759,-0.00605807046910262,-0.00189774378311895));
#2572=CARTESIAN_POINT('',(-0.00160370389636069,-0.00543873940433415,-0.000259420376124434));
#2573=CARTESIAN_POINT('',(-0.00113067974603302,-0.00480111804684587,0.00140967505412109));
#2574=CARTESIAN_POINT('',(-0.000704291475200826,-0.00433889301374896,0.00251185710622241));
#2575=CARTESIAN_POINT('',(-0.000470104392227425,-0.00409959956597681,0.00306503015054967));
#2576=CARTESIAN_POINT('',(0.00120098052221874,-0.0190966609258449,-0.0188288600947946));
#2577=CARTESIAN_POINT('',(0.00119054271803647,-0.0190459810682588,-0.0187808728015791));
#2578=CARTESIAN_POINT('',(0.00116969554648675,-0.0189445884581536,-0.0186848800081351));
#2579=CARTESIAN_POINT('',(0.00113851089324563,-0.0187924003534104,-0.0185408358330808));
#2580=CARTESIAN_POINT('',(0.00110741253236587,-0.0186401119346887,-0.0183967355993582));
#2581=CARTESIAN_POINT('',(0.00106605542427726,-0.0184369262382008,-0.0182045244611826));
#2582=CARTESIAN_POINT('',(0.00102482256679661,-0.0182335476417182,-0.0180121877106059));
#2583=CARTESIAN_POINT('',(0.000983701374122432,-0.0180299499494566,-0.0178197188081501));
#2584=CARTESIAN_POINT('',(0.000952931511872836,-0.0178771442300167,-0.0176753026635506));
#2585=CARTESIAN_POINT('',(0.000922242776458353,-0.0177242444203333,-0.0175308235191699));
#2586=CARTESIAN_POINT('',(0.000891637227808152,-0.0175712591534996,-0.0173862804252672));
#2587=CARTESIAN_POINT('',(0.000861114996613205,-0.0174181874548061,-0.017241678118852));
#2588=CARTESIAN_POINT('',(0.000830675331423057,-0.0172650369005892,-0.0170970168439465));
#2589=CARTESIAN_POINT('',(0.000800317158490536,-0.0171118211041518,-0.0169522941339021));
#2590=CARTESIAN_POINT('',(0.000759946999173334,-0.016907466872053,-0.0167592458220357));
#2591=CARTESIAN_POINT('',(0.000689578959203735,-0.0165497266650808,-0.0164211871415273));
#2592=CARTESIAN_POINT('',(0.000589850558063414,-0.0160386604330232,-0.0159376154077913));
#2593=CARTESIAN_POINT('',(0.000432074218250763,-0.0152225748155308,-0.0151626370334771));
#2594=CARTESIAN_POINT('',(0.000238619321979044,-0.0142089892770329,-0.0141914313108815));
#2595=CARTESIAN_POINT('',(1.49739878285533E-5,-0.0130142211302702,-0.0130195263354035));
#2596=CARTESIAN_POINT('',(-0.000196358269960444,-0.0118499838942644,-0.0118358165814381));
#2597=CARTESIAN_POINT('',(-0.000390928056410475,-0.0107224893741003,-0.0106334249518473));
#2598=CARTESIAN_POINT('',(-0.000535726586300309,-0.00981727312963435,-0.00961039926066043));
#2599=CARTESIAN_POINT('',(-0.000639778162564735,-0.00911593620033981,-0.00877683930686124));
#2600=CARTESIAN_POINT('',(-0.000735677830517158,-0.00843066883999711,-0.00793252637443507));
#2601=CARTESIAN_POINT('',(-0.000818959124661847,-0.00777087355861518,-0.00707114693836367));
#2602=CARTESIAN_POINT('',(-0.000887830478947181,-0.00713902045412283,-0.00619009434456872));
#2603=CARTESIAN_POINT('',(-0.000931164270256429,-0.00667941319628123,-0.00551838682257033));
#2604=CARTESIAN_POINT('',(-0.000964247810525283,-0.00623396231979827,-0.0048342838144828));
#2605=CARTESIAN_POINT('',(-0.000990884808922751,-0.00565803862162349,-0.00390325057728116));
#2606=CARTESIAN_POINT('',(-0.000981197593934428,-0.00496806317395503,-0.00269970327597719));
#2607=CARTESIAN_POINT('',(-0.000855640794356871,-0.00417443833109048,-0.00117654225567164));
#2608=CARTESIAN_POINT('',(-0.000570017522057128,-0.00335832665546174,0.000398469022729487));
#2609=CARTESIAN_POINT('',(-0.0002736797080574,-0.00277719341884571,0.00145083187639719));
#2610=CARTESIAN_POINT('',(-9.64054856066326E-5,-0.00247714872974388,0.00197317754108755));
#2611=CARTESIAN_POINT('',(0.00280618238153997,-0.0191361431640556,-0.0185190833660662));
#2612=CARTESIAN_POINT('',(0.00279474969340834,-0.0190850458908394,-0.0184711994464285));
#2613=CARTESIAN_POINT('',(0.00277191929435443,-0.0189827646451587,-0.0183754843322749));
#2614=CARTESIAN_POINT('',(0.00273777795114036,-0.0188290829083034,-0.0182320703778892));
#2615=CARTESIAN_POINT('',(0.00270374161741167,-0.0186751407793322,-0.0180888162011434));
#2616=CARTESIAN_POINT('',(0.00265851231794941,-0.0184695319227523,-0.0178980251966743));
#2617=CARTESIAN_POINT('',(0.00261356171274767,-0.0182633616919047,-0.0177075619045742));
#2618=CARTESIAN_POINT('',(0.00256884001645995,-0.0180566058892491,-0.0175174190270565));
#2619=CARTESIAN_POINT('',(0.0025353939344362,-0.0179012460634424,-0.0173749722332032));
#2620=CARTESIAN_POINT('',(0.0025020340770955,-0.0177455912142786,-0.0172326882887443));
#2621=CARTESIAN_POINT('',(0.00246875926435231,-0.0175896455775864,-0.0170905726705824));
#2622=CARTESIAN_POINT('',(0.00243557014678047,-0.0174334217743073,-0.016948628161567));
#2623=CARTESIAN_POINT('',(0.00240246765382676,-0.0172769295248741,-0.0168068606714834));
#2624=CARTESIAN_POINT('',(0.00236945231453974,-0.0171201772700381,-0.016665277853119));
#2625=CARTESIAN_POINT('',(0.00232554779265823,-0.0169108403858481,-0.0164767569447773));
#2626=CARTESIAN_POINT('',(0.00224901579257432,-0.0165436646845238,-0.0161475406945281));
#2627=CARTESIAN_POINT('',(0.00214050555559411,-0.0160170076454491,-0.0156793330730673));
#2628=CARTESIAN_POINT('',(0.00196838134522002,-0.0151712433378715,-0.0149350019745931));
#2629=CARTESIAN_POINT('',(0.00175551184835446,-0.0141113177155006,-0.014013576676222));
#2630=CARTESIAN_POINT('',(0.00150292735114754,-0.0128460444452908,-0.0129183268899765));
#2631=CARTESIAN_POINT('',(0.00125413723020807,-0.0115974886180609,-0.0118253375343409));
#2632=CARTESIAN_POINT('',(0.00101175437987562,-0.0103737372537432,-0.0107246915982079));
#2633=CARTESIAN_POINT('',(0.000818011559009313,-0.00938024969338924,-0.0097936742677104));
#2634=CARTESIAN_POINT('',(0.000669581027138137,-0.00860445131416454,-0.00903748345197216));
#2635=CARTESIAN_POINT('',(0.000525948697016598,-0.00784235078345132,-0.00827302564929754));
#2636=CARTESIAN_POINT('',(0.000390031098157633,-0.00710221839245211,-0.00749532546054812));
#2637=CARTESIAN_POINT('',(0.000262894099861121,-0.00638569920582756,-0.00670205601470876));
#2638=CARTESIAN_POINT('',(0.000172395125115771,-0.00585999820339297,-0.00609822782037068));
#2639=CARTESIAN_POINT('',(8.74592362123864E-5,-0.0053453814613814,-0.00548387196892995));
#2640=CARTESIAN_POINT('',(-1.67264566211206E-5,-0.00467237241263009,-0.00464776195162112));
#2641=CARTESIAN_POINT('',(-0.000124681797505723,-0.00385261535548322,-0.00356370619850015));
#2642=CARTESIAN_POINT('',(-0.000196178462405081,-0.00287930260986927,-0.00218325791644305));
#2643=CARTESIAN_POINT('',(-0.000161738153805709,-0.00189056708122987,-0.000732888693502744));
#2644=CARTESIAN_POINT('',(-6.29503044885487E-5,-0.0012136227483674,0.000267339289706991));
#2645=CARTESIAN_POINT('',(7.9322338466795E-6,-0.000870217891518123,0.000773809937640341));
#2646=CARTESIAN_POINT('',(0.00413713836959729,-0.0191635211750699,-0.0182665472511494));
#2647=CARTESIAN_POINT('',(0.00412491290169005,-0.0191118557843716,-0.018218712782132));
#2648=CARTESIAN_POINT('',(0.00410050870544777,-0.019008390434842,-0.0181231515114489));
#2649=CARTESIAN_POINT('',(0.00406404290568035,-0.0188527876112725,-0.0179801333474693));
#2650=CARTESIAN_POINT('',(0.00402771576077418,-0.0186967769245186,-0.0178374419874411));
#2651=CARTESIAN_POINT('',(0.00397944948503626,-0.0184882137232308,-0.0176476300881331));
#2652=CARTESIAN_POINT('',(0.00393139027738248,-0.0182788362533688,-0.0174584917391416));
#2653=CARTESIAN_POINT('',(0.00388358416958335,-0.0180686361072075,-0.0172700473146896));
#2654=CARTESIAN_POINT('',(0.00384786265892115,-0.0179105696657012,-0.0171290686669657));
#2655=CARTESIAN_POINT('',(0.00381227335170407,-0.0177520856104185,-0.0169884531033027));
#2656=CARTESIAN_POINT('',(0.00377681094617298,-0.0175931825058525,-0.0168482093343913));
#2657=CARTESIAN_POINT('',(0.00374146916777303,-0.0174338575894399,-0.0167083492072392));
#2658=CARTESIAN_POINT('',(0.00370624142523073,-0.0172741123135676,-0.0165688842978494));
#2659=CARTESIAN_POINT('',(0.00367112097711067,-0.0171139511335064,-0.0164298262038651));
#2660=CARTESIAN_POINT('',(0.00362442764429807,-0.0168998565669451,-0.0162449738388318));
#2661=CARTESIAN_POINT('',(0.0035430414203252,-0.0165237832868106,-0.0159229907177033));
#2662=CARTESIAN_POINT('',(0.00342756450035378,-0.0159827136994682,-0.0154675482589535));
#2663=CARTESIAN_POINT('',(0.00324381785891016,-0.0151101017802847,-0.0147491141592571));
#2664=CARTESIAN_POINT('',(0.00301474818811154,-0.0140095172574834,-0.0138702981804383));
#2665=CARTESIAN_POINT('',(0.0027373309739108,-0.0126845899146376,-0.0128408232340496));
#2666=CARTESIAN_POINT('',(0.00245591263572624,-0.0113661483864627,-0.0118256469194127));
#2667=CARTESIAN_POINT('',(0.00217168274079024,-0.0100630894364527,-0.0108121406689113));
#2668=CARTESIAN_POINT('',(0.00193513610782324,-0.0089966273567511,-0.00995957987828031));
#2669=CARTESIAN_POINT('',(0.00174796921969441,-0.00815898574949281,-0.0092690584771005));
#2670=CARTESIAN_POINT('',(0.00156272652864265,-0.00733291708127112,-0.00857221342371587));
#2671=CARTESIAN_POINT('',(0.00138097415730812,-0.00652580071674275,-0.00786526511298853));
#2672=CARTESIAN_POINT('',(0.00120297562453435,-0.0057391630824765,-0.00714684034039939));
#2673=CARTESIAN_POINT('',(0.00107116168378458,-0.00515913907354995,-0.00660146661209749));
#2674=CARTESIAN_POINT('',(0.000940833068932002,-0.00458824204615175,-0.00604813620390001));
#2675=CARTESIAN_POINT('',(0.000768725702361512,-0.003837420786817,-0.00529657526244052));
#2676=CARTESIAN_POINT('',(0.000556185500154832,-0.00291228089535127,-0.0043238140350985));
#2677=CARTESIAN_POINT('',(0.000320353845096738,-0.00180312824991511,-0.00308367015732194));
#2678=CARTESIAN_POINT('',(0.000129966277692799,-0.000682857284232964,-0.0017694832853914));
#2679=CARTESIAN_POINT('',(3.50782054687608E-5,7.17938631866859E-5,-0.000852879879136848));
#2680=CARTESIAN_POINT('',(-1.1504284733011E-6,0.000450336430538484,-0.000384764408761609));
#2681=CARTESIAN_POINT('',(0.00519661092613094,-0.0191775142488167,-0.0180692005038278));
#2682=CARTESIAN_POINT('',(0.00518376411520628,-0.0191253296911353,-0.0180213914237437));
#2683=CARTESIAN_POINT('',(0.00515812265998377,-0.0190207903232848,-0.0179259256843458));
#2684=CARTESIAN_POINT('',(0.00511981816030005,-0.0188634702681848,-0.0177831836255321));
#2685=CARTESIAN_POINT('',(0.00508167381901813,-0.0187056394604922,-0.01764089649622));
#2686=CARTESIAN_POINT('',(0.00503103375808781,-0.0184945194368867,-0.01745178822747));
#2687=CARTESIAN_POINT('',(0.00498073747714776,-0.0182823622318243,-0.0172636146748088));
#2688=CARTESIAN_POINT('',(0.00493075670519829,-0.0180691491885362,-0.0170764169435008));
#2689=CARTESIAN_POINT('',(0.00489342338947564,-0.0179087088391454,-0.0169365191317645));
#2690=CARTESIAN_POINT('',(0.00485623706579456,-0.0177477335346711,-0.0167971378889999));
#2691=CARTESIAN_POINT('',(0.00481919169121897,-0.0175862197720458,-0.0166582921675858));
#2692=CARTESIAN_POINT('',(0.00478227961320673,-0.0174241663059948,-0.0165200013152085));
#2693=CARTESIAN_POINT('',(0.00474549200356249,-0.0172615722524072,-0.0163822856470063));
#2694=CARTESIAN_POINT('',(0.00470881926331266,-0.0170984382528044,-0.016245165292361));
#2695=CARTESIAN_POINT('',(0.00466006196054094,-0.0168802102865896,-0.0160631572275697));
#2696=CARTESIAN_POINT('',(0.00457506680290228,-0.0164964511520959,-0.0157468538471991));
#2697=CARTESIAN_POINT('',(0.00445437266081711,-0.0159430884355151,-0.015301597198494));
#2698=CARTESIAN_POINT('',(0.00426184984864389,-0.0150480437825399,-0.0146039166748829));
#2699=CARTESIAN_POINT('',(0.00402039321644212,-0.01391443473497,-0.0137591176508737));
#2700=CARTESIAN_POINT('',(0.00372356225407144,-0.0125423539525986,-0.0127819304842406));
#2701=CARTESIAN_POINT('',(0.00341616826114213,-0.0111693379135183,-0.0118288434346822));
#2702=CARTESIAN_POINT('',(0.00309825419166454,-0.00980438665314289,-0.0108853205317585));
#2703=CARTESIAN_POINT('',(0.00282692859141397,-0.00868063423082906,-0.0100960186638644));
#2704=CARTESIAN_POINT('',(0.00260799921738361,-0.00779420844773705,-0.00945843729930147));
#2705=CARTESIAN_POINT('',(0.00238842897851802,-0.00691756439984343,-0.00881606756857377));
#2706=CARTESIAN_POINT('',(0.00216857014516926,-0.00605741168522724,-0.0081661040136597));
#2707=CARTESIAN_POINT('',(0.00194810627892025,-0.00521547597129979,-0.00750816486029636));
#2708=CARTESIAN_POINT('',(0.00178176328495739,-0.00459282664826526,-0.00701020122691928));
#2709=CARTESIAN_POINT('',(0.00161326043408565,-0.00397801545106564,-0.00650651108212831));
#2710=CARTESIAN_POINT('',(0.00138421134147704,-0.0031666723212644,-0.00582473647728035));
#2711=CARTESIAN_POINT('',(0.00108607579223137,-0.00216353348101375,-0.00494430486815978));
#2712=CARTESIAN_POINT('',(0.000707907396022499,-0.000956465923897381,-0.00381321203667159));
#2713=CARTESIAN_POINT('',(0.00033437294518259,0.000247279958965168,-0.00259860681741415));
#2714=CARTESIAN_POINT('',(9.9380880676342E-5,0.00104467388654513,-0.00174278208189648));
#2715=CARTESIAN_POINT('',(-1.20007891740262E-5,0.00144377107419359,-0.00130947490276711));
#2716=CARTESIAN_POINT('',(0.00598801743643081,-0.0191826836932812,-0.0179241915397445));
#2717=CARTESIAN_POINT('',(0.00597476184145091,-0.0191300873171848,-0.0178763773726582));
#2718=CARTESIAN_POINT('',(0.00594830467049536,-0.0190246973201247,-0.0177809384923713));
#2719=CARTESIAN_POINT('',(0.00590878000896079,-0.0188660203335971,-0.0176383476176626));
#2720=CARTESIAN_POINT('',(0.00586942305044071,-0.0187067491527334,-0.0174963220072649));
#2721=CARTESIAN_POINT('',(0.00581720203194756,-0.018493590629201,-0.0173076984051322));
#2722=CARTESIAN_POINT('',(0.00576536566169029,-0.0182792411149519,-0.0171201811052249));
#2723=CARTESIAN_POINT('',(0.00571388724465141,-0.018063671314958,-0.0169338364219631));
#2724=CARTESIAN_POINT('',(0.00567544684645732,-0.0179013748267853,-0.0167946901818255));
#2725=CARTESIAN_POINT('',(0.00563716400922078,-0.0177384520970818,-0.0166561837493119));
#2726=CARTESIAN_POINT('',(0.00559902771308366,-0.0175748971833849,-0.0165183448559036));
#2727=CARTESIAN_POINT('',(0.00556102706386506,-0.01741070532257,-0.0163812013011485));
#2728=CARTESIAN_POINT('',(0.00552315104769515,-0.0172458747020456,-0.0162447792263945));
#2729=CARTESIAN_POINT('',(0.00548538843792687,-0.0170804062196643,-0.0161091027477399));
#2730=CARTESIAN_POINT('',(0.00543517422341035,-0.0168589357925657,-0.0159292239746493));
#2731=CARTESIAN_POINT('',(0.00534761518585335,-0.0164691640405668,-0.0156171892795661));
#2732=CARTESIAN_POINT('',(0.00522319012206183,-0.0159062694665243,-0.0151795901872274));
#2733=CARTESIAN_POINT('',(0.00502438776617859,-0.014994102869294,-0.0144973878040945));
#2734=CARTESIAN_POINT('',(0.00477405217413583,-0.0138358002964912,-0.0136776834648022));
#2735=CARTESIAN_POINT('',(0.00446310620749972,-0.012429006463933,-0.0127389456508852));
#2736=CARTESIAN_POINT('',(0.00413657154412207,-0.0110160404934233,-0.0118318011162755));
#2737=CARTESIAN_POINT('',(0.00379361956607538,-0.00960572563131901,-0.0109405334366944));
#2738=CARTESIAN_POINT('',(0.00349622107336891,-0.00843976249206021,-0.0101987919711142));
#2739=CARTESIAN_POINT('',(0.00325326173836103,-0.00751727158150652,-0.00960109417385827));
#2740=CARTESIAN_POINT('',(0.00300756776227616,-0.00660318929666795,-0.00899978682138962));
#2741=CARTESIAN_POINT('',(0.00275848142079496,-0.00570374350727939,-0.0083928003268162));
#2742=CARTESIAN_POINT('',(0.00250539085096177,-0.00482093608362269,-0.00778057541042405));
#2743=CARTESIAN_POINT('',(0.00231249088801717,-0.00416685971763496,-0.00731850011321978));
#2744=CARTESIAN_POINT('',(0.00211476481279366,-0.00351988978656439,-0.00685248057896292));
#2745=CARTESIAN_POINT('',(0.00184140461812603,-0.00266435936849722,-0.00622306356246742));
#2746=CARTESIAN_POINT('',(0.00147827252917362,-0.00160460890569105,-0.00541396020207222));
#2747=CARTESIAN_POINT('',(0.000991307711806059,-0.000331480911688596,-0.00436107363633524));
#2748=CARTESIAN_POINT('',(0.000488512852317582,0.000928974805682502,-0.0032233236697293));
#2749=CARTESIAN_POINT('',(0.000162974694983248,0.00175652439711589,-0.00241566031341694));
#2750=CARTESIAN_POINT('',(3.53007589964402E-6,0.00216976897330975,-0.00200431483215374));
#2751=CARTESIAN_POINT('',(0.0066447110135548,-0.0191811649292611,-0.0178067291424836));
#2752=CARTESIAN_POINT('',(0.0066311740023542,-0.019128209465766,-0.0177588679908));
#2753=CARTESIAN_POINT('',(0.00660416185401604,-0.0190220764600759,-0.0176633704882749));
#2754=CARTESIAN_POINT('',(0.00656382897259164,-0.0188622125100057,-0.0175207948503491));
#2755=CARTESIAN_POINT('',(0.00652367650031761,-0.018701686727026,-0.017378876852634));
#2756=CARTESIAN_POINT('',(0.00647037060136244,-0.0184867679254551,-0.0171905111642769));
#2757=CARTESIAN_POINT('',(0.00641741917350847,-0.0182705106864951,-0.0170034491623916));
#2758=CARTESIAN_POINT('',(0.00636481957382854,-0.0180528835895399,-0.0168177784173912));
#2759=CARTESIAN_POINT('',(0.00632553746298827,-0.0178889674813836,-0.016679251859764));
#2760=CARTESIAN_POINT('',(0.00628641168608785,-0.017724345209212,-0.0165414844197751));
#2761=CARTESIAN_POINT('',(0.00624743015608989,-0.0175590089034188,-0.0164045081352628));
#2762=CARTESIAN_POINT('',(0.00620858072101119,-0.0173929542007384,-0.0162683526951804));
#2763=CARTESIAN_POINT('',(0.00616985152738268,-0.0172261799490889,-0.0161330451687866));
#2764=CARTESIAN_POINT('',(0.00613123097070449,-0.0170586884848251,-0.0159986095508207));
#2765=CARTESIAN_POINT('',(0.0060798663287994,-0.0168344178618015,-0.0158205523171477));
#2766=CARTESIAN_POINT('',(0.00599027684480578,-0.0164394847780326,-0.0155121382095151));
#2767=CARTESIAN_POINT('',(0.00586289714815251,-0.0158685227358529,-0.0150809102914433));
#2768=CARTESIAN_POINT('',(0.00565915249056458,-0.0149421283208367,-0.0144113087907465));
#2769=CARTESIAN_POINT('',(0.00540185401425889,-0.0137636959252122,-0.0136116752169261));
#2770=CARTESIAN_POINT('',(0.00507969014968047,-0.0123288657081182,-0.0127036867714628));
#2771=CARTESIAN_POINT('',(0.00473774148375838,-0.0108836939924955,-0.0118337439523366));
#2772=CARTESIAN_POINT('',(0.0043744433126642,-0.0094366968807008,-0.0109854560348969));
#2773=CARTESIAN_POINT('',(0.00405564414802042,-0.00823637909175151,-0.0102833269121164));
#2774=CARTESIAN_POINT('',(0.0037927286938888,-0.00728444338285366,-0.00971901103124182));
#2775=CARTESIAN_POINT('',(0.00352516898437237,-0.00633976706664852,-0.00915213900123735));
#2776=CARTESIAN_POINT('',(0.0032513948929723,-0.00540823184973637,-0.00858124618735866));
#2777=CARTESIAN_POINT('',(0.00297070861827899,-0.00449209815011923,-0.00800752368430651));
#2778=CARTESIAN_POINT('',(0.00275546149693672,-0.00381249317880376,-0.00757572668361492));
#2779=CARTESIAN_POINT('',(0.00253313475218564,-0.00313946030469843,-0.0071415214309049));
#2780=CARTESIAN_POINT('',(0.00222309386344185,-0.00224878848313544,-0.00655628287543548));
#2781=CARTESIAN_POINT('',(0.00180316007658705,-0.00114259912907658,-0.00580565707334681));
#2782=CARTESIAN_POINT('',(0.0012318392631385,0.000180107055181545,-0.00481957722186154));
#2783=CARTESIAN_POINT('',(0.000634303001092635,0.00148483673720281,-0.00374654226945549));
#2784=CARTESIAN_POINT('',(0.00024261651215894,0.0023360279298133,-0.00297974932867702));
#2785=CARTESIAN_POINT('',(4.77398432756843E-5,0.00276086131498507,-0.00258712158123085));
#2786=CARTESIAN_POINT('',(0.00716871842532635,-0.0191750722444179,-0.0177155299557645));
#2787=CARTESIAN_POINT('',(0.00715497540246263,-0.0191218349779439,-0.0176675891852526));
#2788=CARTESIAN_POINT('',(0.00712754835618664,-0.0190151138355961,-0.0175719683561295));
#2789=CARTESIAN_POINT('',(0.00708659762938796,-0.0188542961862565,-0.0174293112369558));
#2790=CARTESIAN_POINT('',(0.00704583486168055,-0.018692751818197,-0.0172874091431487));
#2791=CARTESIAN_POINT('',(0.00699172907724098,-0.0184763970562801,-0.0170991983101833));
#2792=CARTESIAN_POINT('',(0.00693799683912291,-0.0182585879381702,-0.0169124887887892));
#2793=CARTESIAN_POINT('',(0.00688459716453985,-0.0180392724277506,-0.0167273845610376));
#2794=CARTESIAN_POINT('',(0.00684470107791666,-0.0178740208837545,-0.0165893903144975));
#2795=CARTESIAN_POINT('',(0.0068049477672229,-0.017707995966884,-0.0164522604365633));
#2796=CARTESIAN_POINT('',(0.00676532708093422,-0.0175411928136303,-0.0163160234632004));
#2797=CARTESIAN_POINT('',(0.00672582927558472,-0.0173736101124977,-0.0161807056360546));
#2798=CARTESIAN_POINT('',(0.00668644468630627,-0.0172052501214465,-0.0160463304800114));
#2799=CARTESIAN_POINT('',(0.00664716346818408,-0.0170361182848043,-0.0159129187708325));
#2800=CARTESIAN_POINT('',(0.0065949126558467,-0.0168095912023713,-0.0157363450894427));
#2801=CARTESIAN_POINT('',(0.00650376148093216,-0.0164105353151139,-0.0154308295531837));
#2802=CARTESIAN_POINT('',(0.00637412408341526,-0.0158332223170437,-0.0150045688004409));
#2803=CARTESIAN_POINT('',(0.0061666311153524,-0.014895758888447,-0.014344591982297));
#2804=CARTESIAN_POINT('',(0.00590406731959178,-0.0137017881836623,-0.0135600978019351));
#2805=CARTESIAN_POINT('',(0.0055733470910085,-0.0122452770700382,-0.0126754578440842));
#2806=CARTESIAN_POINT('',(0.00521955439200805,-0.0107751416024996,-0.0118342232530837));
#2807=CARTESIAN_POINT('',(0.00484052272778672,-0.00929961125555826,-0.011019708467533));
#2808=CARTESIAN_POINT('',(0.0045050430599628,-0.00807242025782702,-0.0103491671824415));
#2809=CARTESIAN_POINT('',(0.00422640524306101,-0.00709740661685843,-0.00981164606997498));
#2810=CARTESIAN_POINT('',(0.00394150092844912,-0.00612875806926526,-0.0092724850126533));
#2811=CARTESIAN_POINT('',(0.00364797824264561,-0.00517212114386522,-0.00873070945755718));
#2812=CARTESIAN_POINT('',(0.0033452617421639,-0.0042299994071589,-0.00818810258764184));
#2813=CARTESIAN_POINT('',(0.00311224179920473,-0.00353047771487893,-0.00778087029514899));
#2814=CARTESIAN_POINT('',(0.00287060321187576,-0.00283726714676349,-0.00737244470820851));
#2815=CARTESIAN_POINT('',(0.00253182317982083,-0.00191933154518393,-0.00682333035471219));
#2816=CARTESIAN_POINT('',(0.00206736489160901,-0.00077808878101219,-0.00611878559641945));
#2817=CARTESIAN_POINT('',(0.00143422704064221,0.000581996072407135,-0.00518835227010851));
#2818=CARTESIAN_POINT('',(0.000769839722333951,0.001919066649925,-0.00416599557314445));
#2819=CARTESIAN_POINT('',(0.000328290739567418,0.00279051863657438,-0.0034318543775327));
#2820=CARTESIAN_POINT('',(0.000107627108956397,0.00322445946406494,-0.00305439197846275));
#2821=CARTESIAN_POINT('',(0.00756098034700407,-0.0191675636970075,-0.0176488315492636));
#2822=CARTESIAN_POINT('',(0.00754710783276025,-0.019114126370693,-0.0176008069828527));
#2823=CARTESIAN_POINT('',(0.00751941390566947,-0.0190069819381537,-0.017505052069242));
#2824=CARTESIAN_POINT('',(0.00747802392917442,-0.0188454647872334,-0.0173622925052463));
#2825=CARTESIAN_POINT('',(0.00743684242495427,-0.018683169745886,-0.0172203699499976));
#2826=CARTESIAN_POINT('',(0.00738221668034492,-0.0184657449851465,-0.017032246078711));
#2827=CARTESIAN_POINT('',(0.00732795127215332,-0.0182467534000722,-0.0168458138130991));
#2828=CARTESIAN_POINT('',(0.00727397864128245,-0.0180261434523708,-0.016661169180237));
#2829=CARTESIAN_POINT('',(0.00723363726393936,-0.0178598686276048,-0.0165236045304512));
#2830=CARTESIAN_POINT('',(0.00719342628122206,-0.0176927726335614,-0.0163869826617738));
#2831=CARTESIAN_POINT('',(0.00715333847305829,-0.0175248552200495,-0.016251326279986));
#2832=CARTESIAN_POINT('',(0.00711336660309684,-0.0173561190864104,-0.0161166566410128));
#2833=CARTESIAN_POINT('',(0.0070735030660096,-0.0171865694531129,-0.0159829934108442));
#2834=CARTESIAN_POINT('',(0.00703373960385346,-0.0170162139531886,-0.0158503543868686));
#2835=CARTESIAN_POINT('',(0.00698084291316661,-0.0167880120620994,-0.0156748889316994));
#2836=CARTESIAN_POINT('',(0.00688855638965052,-0.0163859156894866,-0.0153715114189478));
#2837=CARTESIAN_POINT('',(0.00675728597874904,-0.0158039601501492,-0.0149488499663211));
#2838=CARTESIAN_POINT('',(0.00654709284133323,-0.0148584458426186,-0.0142957639449811));
#2839=CARTESIAN_POINT('',(0.00628073847082593,-0.0136531845989899,-0.0135220446383077));
#2840=CARTESIAN_POINT('',(0.00594382891922345,-0.0121808366370376,-0.0126541601261698));
#2841=CARTESIAN_POINT('',(0.00558144073880336,-0.0106924103782801,-0.0118338191679402));
#2842=CARTESIAN_POINT('',(0.00519094459708017,-0.00919591893386384,-0.011044250782364));
#2843=CARTESIAN_POINT('',(0.00484324356962608,-0.00794890674864354,-0.01039732211564));
#2844=CARTESIAN_POINT('',(0.00455299599447858,-0.00695685319516729,-0.00987993957023323));
#2845=CARTESIAN_POINT('',(0.00425521749085741,-0.00597051139649526,-0.00936165464452588));
#2846=CARTESIAN_POINT('',(0.00394695568809768,-0.00499538840571969,-0.00884184978611194));
#2847=CARTESIAN_POINT('',(0.00362782315074128,-0.00403417144749258,-0.00832276614070124));
#2848=CARTESIAN_POINT('',(0.00338162414511819,-0.00332003649552116,-0.00793411784448782));
#2849=CARTESIAN_POINT('',(0.00312576457465926,-0.00261200647490039,-0.00754530587453168));
#2850=CARTESIAN_POINT('',(0.00276601648297897,-0.00167422302123566,-0.00702349674461157));
#2851=CARTESIAN_POINT('',(0.00226917669212004,-0.000507698645768492,-0.00635399015653649));
#2852=CARTESIAN_POINT('',(0.00159298345029057,0.000879121264411876,-0.0054656240386069));
#2853=CARTESIAN_POINT('',(0.000881944612373034,0.0022394628138866,-0.00448068343822665));
#2854=CARTESIAN_POINT('',(0.00040490782951072,0.00312623775579394,-0.00377092785631312));
#2855=CARTESIAN_POINT('',(0.000165890972170805,0.0035671392827531,-0.00340490330388673));
#2856=CARTESIAN_POINT('',(0.00795241625545354,-0.0191565033373516,-0.0175842634102301));
#2857=CARTESIAN_POINT('',(0.0079384551799451,-0.0191028895213099,-0.017536126343228));
#2858=CARTESIAN_POINT('',(0.00791057683508805,-0.018995363145028,-0.0174401868969371));
#2859=CARTESIAN_POINT('',(0.00786890127777219,-0.0188331909391572,-0.0172972662333037));
#2860=CARTESIAN_POINT('',(0.00782740355260824,-0.0186701683637377,-0.0171552990167675));
#2861=CARTESIAN_POINT('',(0.00777228830721522,-0.0184516775538936,-0.0169672749727764));
#2862=CARTESIAN_POINT('',(0.00771747142380868,-0.0182314746569168,-0.0167811704636568));
#2863=CARTESIAN_POINT('',(0.0076629198933527,-0.0180095396227082,-0.016597037337856));
#2864=CARTESIAN_POINT('',(0.0076221339376852,-0.0178422256519343,-0.0164599350109962));
#2865=CARTESIAN_POINT('',(0.00758147070146929,-0.0176740538731619,-0.0163238438798262));
#2866=CARTESIAN_POINT('',(0.00754092502475138,-0.0175050296734494,-0.0161887794338965));
#2867=CARTESIAN_POINT('',(0.00750049133996188,-0.0173351589190612,-0.0160547581676746));
#2868=CARTESIAN_POINT('',(0.00746016338122751,-0.0171644483886559,-0.0159217965670877));
#2869=CARTESIAN_POINT('',(0.00741993392141565,-0.0169929062351678,-0.0157899102968308));
#2870=CARTESIAN_POINT('',(0.00736641475844254,-0.0167630877743863,-0.0156155147080797));
#2871=CARTESIAN_POINT('',(0.00727303734363468,-0.0163580713610371,-0.0153141795971773));
#2872=CARTESIAN_POINT('',(0.00714020339806586,-0.0157716781605059,-0.0148949108144636));
#2873=CARTESIAN_POINT('',(0.00692742780806431,-0.0148184680360639,-0.0142482721238521));
#2874=CARTESIAN_POINT('',(0.00665744241405647,-0.0136023582359221,-0.0134846201426708));
#2875=CARTESIAN_POINT('',(0.00631458690672904,-0.0121146416899162,-0.0126326014263566));
#2876=CARTESIAN_POINT('',(0.00594393696916073,-0.0106083826563844,-0.0118324001749473));
#2877=CARTESIAN_POINT('',(0.00554237853830669,-0.00909139812924882,-0.0110673098228563));
#2878=CARTESIAN_POINT('',(0.00518281877169882,-0.0078249265106839,-0.0104438824906499));
#2879=CARTESIAN_POINT('',(0.00488120776770457,-0.00681612983527646,-0.00994667800392649));
#2880=CARTESIAN_POINT('',(0.0045707580666192,-0.00581241749795464,-0.0094493692540384));
#2881=CARTESIAN_POINT('',(0.00424790322371542,-0.00481919950928184,-0.00895168618158011));
#2882=CARTESIAN_POINT('',(0.00391256756247046,-0.00383935648501367,-0.00845632404863345));
#2883=CARTESIAN_POINT('',(0.0036534243161676,-0.00311099586672535,-0.00808643440104182));
#2884=CARTESIAN_POINT('',(0.0033837272438138,-0.00238850104887029,-0.00771751616177921));
#2885=CARTESIAN_POINT('',(0.0030038032738559,-0.00143150736181856,-0.00722329578716007));
#2886=CARTESIAN_POINT('',(0.00247624353544751,-0.000240847205295923,-0.00658953249545784));
#2887=CARTESIAN_POINT('',(0.00176022852853444,0.00117144023031329,-0.00574283456991655));
#2888=CARTESIAN_POINT('',(0.00100544297365994,0.0025544014517119,-0.00479500132330875));
#2889=CARTESIAN_POINT('',(0.000494818514700722,0.00345643938255258,-0.00410948178268858));
#2890=CARTESIAN_POINT('',(0.000238394301070088,0.00390439423891137,-0.00375492567513459));
#2891=CARTESIAN_POINT('',(0.00834328318092657,-0.0191410988865008,-0.0175224167624343));
#2892=CARTESIAN_POINT('',(0.00832924979759864,-0.019087347577488,-0.0174741381605393));
#2893=CARTESIAN_POINT('',(0.00830123547343175,-0.0189795017265347,-0.0173779687926158));
#2894=CARTESIAN_POINT('',(0.00825933597437196,-0.0188167362008077,-0.017234854935308));
#2895=CARTESIAN_POINT('',(0.00821751153496798,-0.0186530177597388,-0.0170928491905561));
#2896=CARTESIAN_POINT('',(0.00816188050478842,-0.0184334556486411,-0.0169049711530431));
#2897=CARTESIAN_POINT('',(0.00810649403855959,-0.0182120015730792,-0.0167192648654695));
#2898=CARTESIAN_POINT('',(0.00805136613327841,-0.0179887394237309,-0.0165356749810938));
#2899=CARTESIAN_POINT('',(0.00801014467107982,-0.0178204072759841,-0.0163990370365513));
#2900=CARTESIAN_POINT('',(0.00796904311353739,-0.0176512008397364,-0.0162634597564158));
#2901=CARTESIAN_POINT('',(0.00792805694994514,-0.017481126902159,-0.0161289554468986));
#2902=CARTESIAN_POINT('',(0.00788718131181673,-0.0173101902565529,-0.0159955393177274));
#2903=CARTESIAN_POINT('',(0.00784641055761506,-0.0171383956016984,-0.0158632272375078));
#2904=CARTESIAN_POINT('',(0.00780573791417155,-0.0169657488592346,-0.015732034342034));
#2905=CARTESIAN_POINT('',(0.00775162764769855,-0.0167344276493196,-0.0155586209971151));
#2906=CARTESIAN_POINT('',(0.00765721539884115,-0.0163266969992425,-0.0152591546718742));
#2907=CARTESIAN_POINT('',(0.00752289645894316,-0.0157361630500111,-0.0148429790291468));
#2908=CARTESIAN_POINT('',(0.00730765855195897,-0.0147757184138826,-0.0142022208647642));
#2909=CARTESIAN_POINT('',(0.00703419686068041,-0.0135492728159004,-0.0134478002837061));
#2910=CARTESIAN_POINT('',(0.00668564998147032,-0.0120466934674171,-0.0126106249558849));
#2911=CARTESIAN_POINT('',(0.00630712057611234,-0.010523078143883,-0.01182968960414));
#2912=CARTESIAN_POINT('',(0.00589497073371919,-0.00898609385468523,-0.0110885165433084));
#2913=CARTESIAN_POINT('',(0.00552399043715186,-0.00770055090186014,-0.0104884398599064));
#2914=CARTESIAN_POINT('',(0.00521132965009387,-0.0066753359527483,-0.0100114467586171));
#2915=CARTESIAN_POINT('',(0.00488848329781399,-0.00565460986606634,-0.00953521932213454));
#2916=CARTESIAN_POINT('',(0.00455126245354556,-0.00464373990202872,-0.00905982605220388));
#2917=CARTESIAN_POINT('',(0.00420005015172764,-0.00364580860737032,-0.00858838880360575));
#2918=CARTESIAN_POINT('',(0.003928295574359,-0.00290368613933148,-0.00823744536307065));
#2919=CARTESIAN_POINT('',(0.00364524788192573,-0.00216716454512368,-0.00788863637642118));
#2920=CARTESIAN_POINT('',(0.00324615627469131,-0.00119156116720228,-0.00742246533189116));
#2921=CARTESIAN_POINT('',(0.0026899784709975,2.19334669763274E-5,-0.00682482208555468));
#2922=CARTESIAN_POINT('',(0.00193726339727682,0.00145848444880835,-0.00601895797339158));
#2923=CARTESIAN_POINT('',(0.00114100387760592,0.00286369863051782,-0.00510839764219131));
#2924=CARTESIAN_POINT('',(0.000598711780222626,0.00378085177768732,-0.00444687645364167));
#2925=CARTESIAN_POINT('',(0.000325751313498771,0.00423589792412597,-0.00410384075647632));
#2926=CARTESIAN_POINT('',(0.00866890918380404,-0.019123733059068,-0.0174739121028758));
#2927=CARTESIAN_POINT('',(0.00865473723281245,-0.019069915428859,-0.0174254925025376));
#2928=CARTESIAN_POINT('',(0.0086264656838819,-0.0189618890678853,-0.0173290983978642));
#2929=CARTESIAN_POINT('',(0.00858420708250718,-0.0187987037122109,-0.0171858173432544));
#2930=CARTESIAN_POINT('',(0.00854204463977551,-0.0186344065098942,-0.0170438149311625));
#2931=CARTESIAN_POINT('',(0.00848597887309962,-0.0184139254860211,-0.0168561167344671));
#2932=CARTESIAN_POINT('',(0.00843016176592811,-0.0181914567202862,-0.016670740894307));
#2933=CARTESIAN_POINT('',(0.00837459214580601,-0.0179671887388847,-0.016487534274461));
#2934=CARTESIAN_POINT('',(0.00833303472141482,-0.017798105654085,-0.016351210975296));
#2935=CARTESIAN_POINT('',(0.00829159392530699,-0.017628146727868,-0.0162159793282588));
#2936=CARTESIAN_POINT('',(0.00825026650758453,-0.0174573130088012,-0.0160818550457894));
#2937=CARTESIAN_POINT('',(0.00820904849005115,-0.0172856042187148,-0.0159488552710304));
#2938=CARTESIAN_POINT('',(0.00816793470928229,-0.0171130210643364,-0.0158169963090707));
#2939=CARTESIAN_POINT('',(0.00812691854046241,-0.0169395664643325,-0.0156862927457531));
#2940=CARTESIAN_POINT('',(0.00807234946348137,-0.016707139342968,-0.0155135788036932));
#2941=CARTESIAN_POINT('',(0.00797713142146681,-0.0162973922246701,-0.0152154562256562));
#2942=CARTESIAN_POINT('',(0.00784164537273702,-0.0157037283317192,-0.0148015308841901));
#2943=CARTESIAN_POINT('',(0.00762445154314913,-0.014737720405788,-0.0141651018830828));
#2944=CARTESIAN_POINT('',(0.00734821244971805,-0.0135031354704495,-0.0134175764624403));
#2945=CARTESIAN_POINT('',(0.00699514024959189,-0.0119886164248933,-0.0125918131543199));
#2946=CARTESIAN_POINT('',(0.00661040586867787,-0.0104509427037086,-0.0118261034064588));
#2947=CARTESIAN_POINT('',(0.00618988069315436,-0.00889771932494562,-0.0111043109722587));
#2948=CARTESIAN_POINT('',(0.00580981049051672,-0.00759662869131165,-0.0105235278932062));
#2949=CARTESIAN_POINT('',(0.00548826039619624,-0.00655802324677381,-0.0100633971954265));
#2950=CARTESIAN_POINT('',(0.00515536982015602,-0.00552344666341833,-0.00960482626074419));
#2951=CARTESIAN_POINT('',(0.00480644178113303,-0.00449826739499526,-0.0091481601644723));
#2952=CARTESIAN_POINT('',(0.00444236132512083,-0.00348577442938243,-0.00869682907128348));
#2953=CARTESIAN_POINT('',(0.0041604807862653,-0.00273260433563009,-0.0083618340254006));
#2954=CARTESIAN_POINT('',(0.00386676819533061,-0.00198491408327848,-0.00802990539080857));
#2955=CARTESIAN_POINT('',(0.00345272008291548,-0.000994218268761912,-0.00758751619304266));
#2956=CARTESIAN_POINT('',(0.00287476435764471,0.00023698415849832,-0.00701989355833243));
#2957=CARTESIAN_POINT('',(0.00209367141204567,0.00169292489864362,-0.00624739314993373));
#2958=CARTESIAN_POINT('',(0.00126447262799529,0.0031166763708708,-0.00536814686624807));
#2959=CARTESIAN_POINT('',(0.000697288845407492,0.00404617965217626,-0.0047265105545702));
#2960=CARTESIAN_POINT('',(0.000411236711247276,0.00450716789522549,-0.004393108012366));
#2961=CARTESIAN_POINT('',(0.00892938619108315,-0.0191064477897973,-0.0174376261815176));
#2962=CARTESIAN_POINT('',(0.008915041124764,-0.0190525924165363,-0.017389078757686));
#2963=CARTESIAN_POINT('',(0.00888644587076965,-0.0189444484526018,-0.0172924852904229));
#2964=CARTESIAN_POINT('',(0.00884379229740792,-0.018780931067639,-0.0171490788510284));
#2965=CARTESIAN_POINT('',(0.00880132956098752,-0.0186161752241354,-0.0170070899132842));
#2966=CARTESIAN_POINT('',(0.0087449203252,-0.0183950328477821,-0.0168194858168297));
#2967=CARTESIAN_POINT('',(0.00868878220100203,-0.0181719171186789,-0.0166342336868203));
#2968=CARTESIAN_POINT('',(0.00863288184885051,-0.0179470204195704,-0.0164511849289372));
#2969=CARTESIAN_POINT('',(0.0085910730536108,-0.0177774640420933,-0.0163150079628363));
#2970=CARTESIAN_POINT('',(0.00854937902623044,-0.0176070222953124,-0.0161799566593589));
#2971=CARTESIAN_POINT('',(0.00850779746247281,-0.0174356910311742,-0.0160460491250593));
#2972=CARTESIAN_POINT('',(0.00846632474094783,-0.0172634667818665,-0.0159133022249637));
#2973=CARTESIAN_POINT('',(0.00842495564584232,-0.0170903483094805,-0.0157817305128868));
#2974=CARTESIAN_POINT('',(0.00838368327217432,-0.0169163372194073,-0.0156513462776974));
#2975=CARTESIAN_POINT('',(0.00832877089201953,-0.0166831386026023,-0.0154790979314996));
#2976=CARTESIAN_POINT('',(0.00823294619036286,-0.0162719614322094,-0.0151818883572686));
#2977=CARTESIAN_POINT('',(0.00809656861396038,-0.0156760207447975,-0.0147695277211382));
#2978=CARTESIAN_POINT('',(0.00787785998519656,-0.0147058790699786,-0.0141361692067319));
#2979=CARTESIAN_POINT('',(0.00759946218928737,-0.0134650840142903,-0.0133936286908064));
#2980=CARTESIAN_POINT('',(0.00724290057264987,-0.0119412915746573,-0.0125763629722376));
#2981=CARTESIAN_POINT('',(0.00685344637200494,-0.0103926138917292,-0.0118222761727979));
#2982=CARTESIAN_POINT('',(0.00642652607408138,-0.00882666221218681,-0.0111156039976102));
#2983=CARTESIAN_POINT('',(0.00603947636930344,-0.00751335291948167,-0.010550128447765));
#2984=CARTESIAN_POINT('',(0.0057110379671357,-0.00646422171054864,-0.0101034910958986));
#2985=CARTESIAN_POINT('',(0.00537032032544408,-0.00541877713726856,-0.00965909937179702));
#2986=CARTESIAN_POINT('',(0.00501222273723246,-0.00438240888048013,-0.00921750662538601));
#2987=CARTESIAN_POINT('',(0.00463813215031164,-0.00335859731373382,-0.0087823677210854));
#2988=CARTESIAN_POINT('',(0.00434841911171403,-0.00259687031586135,-0.00846020687534871));
#2989=CARTESIAN_POINT('',(0.00404654930932784,-0.00184060141951046,-0.0081418721228329));
#2990=CARTESIAN_POINT('',(0.00362109925677434,-0.000838226210813879,-0.00771858871275704));
#2991=CARTESIAN_POINT('',(0.00302724616261727,0.000406298996423838,-0.00717492902267999));
#2992=CARTESIAN_POINT('',(0.00222432762319395,0.00187757759187545,-0.00642871736464376));
#2993=CARTESIAN_POINT('',(0.00136975519492395,0.00331610950467915,-0.00557466418547575));
#2994=CARTESIAN_POINT('',(0.000783435969483216,0.00425538602809777,-0.00494893928518609));
#2995=CARTESIAN_POINT('',(0.000487313434957113,0.00472112013314906,-0.00462326018757652));
#2996=CARTESIAN_POINT('',(0.00918977329575414,-0.0190866226106901,-0.0174033297682774));
#2997=CARTESIAN_POINT('',(0.0091752342727159,-0.0190327267921753,-0.0173546461808117));
#2998=CARTESIAN_POINT('',(0.00914627406767218,-0.0189244752967301,-0.0172578239712585));
#2999=CARTESIAN_POINT('',(0.00910320720107265,-0.0187606064993257,-0.0171143022213517));
#3000=CARTESIAN_POINT('',(0.00906043243254393,-0.0185954421257369,-0.0169722867012866));
#3001=CARTESIAN_POINT('',(0.00900367168881645,-0.0183737778469071,-0.0167846533674407));
#3002=CARTESIAN_POINT('',(0.008947212194652,-0.0181501918482771,-0.0165993670745815));
#3003=CARTESIAN_POINT('',(0.00889098837637347,-0.0179248194793456,-0.0164163456578926));
#3004=CARTESIAN_POINT('',(0.00884893688994888,-0.0177548919425159,-0.016280230820911));
#3005=CARTESIAN_POINT('',(0.00880700072694627,-0.0175840579940377,-0.0161452873688899));
#3006=CARTESIAN_POINT('',(0.00876517759601284,-0.0174123103999434,-0.0160115329096382));
#3007=CARTESIAN_POINT('',(0.00872346345615181,-0.0172396446539818,-0.0158789812618578));
#3008=CARTESIAN_POINT('',(0.00868185240994455,-0.0170660592835454,-0.0157476430066498));
#3009=CARTESIAN_POINT('',(0.00864033680997814,-0.0168915557869136,-0.0156175266090488));
#3010=CARTESIAN_POINT('',(0.00858509755798699,-0.0166576661975881,-0.0154456768472836));
#3011=CARTESIAN_POINT('',(0.00848869201842666,-0.0162451887169491,-0.0151492649431671));
#3012=CARTESIAN_POINT('',(0.00835145003088208,-0.0156471305667868,-0.0147383025295928));
#3013=CARTESIAN_POINT('',(0.00813125584681993,-0.0146730747065301,-0.0141077396351867));
#3014=CARTESIAN_POINT('',(0.0078507381206031,-0.0134262728808425,-0.0133698153717224));
#3015=CARTESIAN_POINT('',(0.00749077372126089,-0.0118933953534791,-0.0125606086916189));
#3016=CARTESIAN_POINT('',(0.00709677203466164,-0.010333873996393,-0.0118177536664428));
#3017=CARTESIAN_POINT('',(0.00666367141701336,-0.00875537064218381,-0.0111259266329437));
#3018=CARTESIAN_POINT('',(0.00626984838697399,-0.00742999291336341,-0.0105756629113466));
#3019=CARTESIAN_POINT('',(0.0059346802727647,-0.00637046444042984,-0.0101425177135985));
#3020=CARTESIAN_POINT('',(0.00558628600958772,-0.00531429739885628,-0.00971234056581641));
#3021=CARTESIAN_POINT('',(0.00521916176565211,-0.0042669196092075,-0.00928588223683679));
#3022=CARTESIAN_POINT('',(0.00483527200031811,-0.00323201054922578,-0.00886700724910617));
#3023=CARTESIAN_POINT('',(0.00453791893400723,-0.00246192955186012,-0.00855772648432229));
#3024=CARTESIAN_POINT('',(0.00422816976253152,-0.00169730835004195,-0.0082530443455557));
#3025=CARTESIAN_POINT('',(0.0037916958416335,-0.000683621201968111,-0.00784887486766263));
#3026=CARTESIAN_POINT('',(0.00318299351544013,0.00057372559251568,-0.00732916580331333));
#3027=CARTESIAN_POINT('',(0.00235870389071975,0.00206031388974556,-0.00660894212806975));
#3028=CARTESIAN_POINT('',(0.00147941661200786,0.0035135479396493,-0.00578019159311302));
#3029=CARTESIAN_POINT('',(0.000874444718152963,0.00446255301029849,-0.00517038489389848));
#3030=CARTESIAN_POINT('',(0.000568516065278013,0.00493301535895264,-0.00485244823845265));
#3031=CARTESIAN_POINT('',(0.00951486980678158,-0.0190567408635345,-0.0173645371850042));
#3032=CARTESIAN_POINT('',(0.00950012299880888,-0.0190026956932643,-0.0173157516404719));
#3033=CARTESIAN_POINT('',(0.00947078522577555,-0.0188941130276241,-0.0172187871421472));
#3034=CARTESIAN_POINT('',(0.00942725574998677,-0.0187298669230702,-0.0170750443686713));
#3035=CARTESIAN_POINT('',(0.00938407908610449,-0.0185644839699705,-0.0169327052305674));
#3036=CARTESIAN_POINT('',(0.00932683127749463,-0.0183426289289992,-0.0167445923913014));
#3037=CARTESIAN_POINT('',(0.00926993572759577,-0.0181188678326519,-0.0165588939969225));
#3038=CARTESIAN_POINT('',(0.00921330617964745,-0.0178932166196645,-0.0163756433935482));
#3039=CARTESIAN_POINT('',(0.00917096218098544,-0.0177230250003432,-0.0162394465853588));
#3040=CARTESIAN_POINT('',(0.00912874197528848,-0.017551873153334,-0.0161045048903527));
#3041=CARTESIAN_POINT('',(0.00908664018665042,-0.0173797581537933,-0.0159708254867688));
#3042=CARTESIAN_POINT('',(0.00904464961863146,-0.0172066801128387,-0.0158384112403899));
#3043=CARTESIAN_POINT('',(0.00900276168873511,-0.0170326409931346,-0.015707263589024));
#3044=CARTESIAN_POINT('',(0.00896096679843058,-0.0168576442480428,-0.0155773837961837));
#3045=CARTESIAN_POINT('',(0.00890534998784018,-0.0166230457991288,-0.0154059035606483));
#3046=CARTESIAN_POINT('',(0.00880826653047893,-0.0162091932444898,-0.0151102652296895));
#3047=CARTESIAN_POINT('',(0.00866999175895043,-0.0156087962860486,-0.0147007269345163));
#3048=CARTESIAN_POINT('',(0.00844798605389634,-0.0146302680916019,-0.0140731246404915));
#3049=CARTESIAN_POINT('',(0.00816488427053244,-0.0133763395399919,-0.0133402572267723));
#3050=CARTESIAN_POINT('',(0.00780082701754345,-0.0118324627999477,-0.01254027275361));
#3051=CARTESIAN_POINT('',(0.00740148230517107,-0.0102596827803625,-0.0118106884483703));
#3052=CARTESIAN_POINT('',(0.00696108034055181,-0.00866582208611459,-0.0111368653701125));
#3053=CARTESIAN_POINT('',(0.00655919622723966,-0.00732564780004143,-0.0106054145495158));
#3054=CARTESIAN_POINT('',(0.00621593150348778,-0.00625337114031893,-0.0101891253559394));
#3055=CARTESIAN_POINT('',(0.00585824139530133,-0.00518408069113194,-0.00977677882129182));
#3056=CARTESIAN_POINT('',(0.00548012961767138,-0.00412328920927599,-0.00936935595929064));
#3057=CARTESIAN_POINT('',(0.00508441412238845,-0.00307491958182054,-0.00897093805550796));
#3058=CARTESIAN_POINT('',(0.00477791858193939,-0.00229479844138606,-0.00867784920323804));
#3059=CARTESIAN_POINT('',(0.00445884184413677,-0.0015201391269579,-0.00839030878291109));
#3060=CARTESIAN_POINT('',(0.00400941559524876,-0.000493162459091871,-0.00801003990568513));
#3061=CARTESIAN_POINT('',(0.0033839611949241,0.00077946689925623,-0.0075201843566335));
#3062=CARTESIAN_POINT('',(0.00253369665079515,0.00228516540890424,-0.00683189854401357));
#3063=CARTESIAN_POINT('',(0.0016247337227225,0.00375658486090164,-0.00603498715952955));
#3064=CARTESIAN_POINT('',(0.000997304799851926,0.00471768847958499,-0.00544510359840211));
#3065=CARTESIAN_POINT('',(0.000679603075539953,0.00519401341148569,-0.00513689292577466));
#3066=CARTESIAN_POINT('',(0.00990450887437939,-0.0190115954266625,-0.017325381187651));
#3067=CARTESIAN_POINT('',(0.00988961232867665,-0.0189575635462351,-0.0172762622138007));
#3068=CARTESIAN_POINT('',(0.00985998536404804,-0.0188491123812399,-0.0171785822404658));
#3069=CARTESIAN_POINT('',(0.00981594057593699,-0.0186852687914969,-0.0170336633305899));
#3070=CARTESIAN_POINT('',(0.00977221031758771,-0.0185202845239904,-0.0168902643038895));
#3071=CARTESIAN_POINT('',(0.00971426383887965,-0.0182988464458711,-0.0167009987477734));
#3072=CARTESIAN_POINT('',(0.009656786621295,-0.0180752664162967,-0.016514542921524));
#3073=CARTESIAN_POINT('',(0.00959967097352045,-0.017849581034132,-0.0163308400117307));
#3074=CARTESIAN_POINT('',(0.00955699650260637,-0.0176792716779421,-0.0161944313987573));
#3075=CARTESIAN_POINT('',(0.00951446850871011,-0.0175079258915168,-0.0160593777728937));
#3076=CARTESIAN_POINT('',(0.00947207082922815,-0.0173355523819091,-0.0159256658073059));
#3077=CARTESIAN_POINT('',(0.00942978832267792,-0.0171621592616223,-0.0157932858385573));
#3078=CARTESIAN_POINT('',(0.00938760720686231,-0.0169877535199691,-0.0156622307722236));
#3079=CARTESIAN_POINT('',(0.00934551435049147,-0.0168123406216038,-0.015532494842924));
#3080=CARTESIAN_POINT('',(0.0092894907553992,-0.0165771202056418,-0.0153612663871353));
#3081=CARTESIAN_POINT('',(0.00919166366986022,-0.0161620040289875,-0.0150662113202449));
#3082=CARTESIAN_POINT('',(0.0090522118039868,-0.0155592958310599,-0.014657864283473));
#3083=CARTESIAN_POINT('',(0.00882806743819275,-0.0145760602736034,-0.0140329307829249));
#3084=CARTESIAN_POINT('',(0.00854194721328854,-0.0133141752640587,-0.0133049496779281));
#3085=CARTESIAN_POINT('',(0.00817322707321471,-0.0117576782299548,-0.0125145901050679));
#3086=CARTESIAN_POINT('',(0.00776807634751003,-0.0101694401482017,-0.0117995948343932));
#3087=CARTESIAN_POINT('',(0.00731965709886414,-0.00855767662003373,-0.0111463685026422));
#3088=CARTESIAN_POINT('',(0.00690880003253521,-0.00720023512014137,-0.0106370890802998));
#3089=CARTESIAN_POINT('',(0.00655637287211477,-0.00611307796749226,-0.0102409839371254));
#3090=CARTESIAN_POINT('',(0.00618805889284791,-0.0050285153761959,-0.00985011568245702));
#3091=CARTESIAN_POINT('',(0.00579731820626167,-0.0039521931968164,-0.00946572822216248));
#3092=CARTESIAN_POINT('',(0.00538816722794422,-0.00288833124384962,-0.0090920342568628));
#3093=CARTESIAN_POINT('',(0.00507148077170533,-0.00209676098531295,-0.00881853289934624));
#3094=CARTESIAN_POINT('',(0.00474205395352805,-0.00131078549478478,-0.00855159029320582));
#3095=CARTESIAN_POINT('',(0.0042787247947622,-0.000269101045749296,-0.00820001423118159));
#3096=CARTESIAN_POINT('',(0.00363503950303378,0.00102126838917777,-0.0077452983275288));
#3097=CARTESIAN_POINT('',(0.00275503292787321,0.00254926614016073,-0.0070950295668511));
#3098=CARTESIAN_POINT('',(0.00181217009079412,0.00404233786479313,-0.00633648548661355));
#3099=CARTESIAN_POINT('',(0.00115914303013915,0.005017741188819,-0.00577067650866032));
#3100=CARTESIAN_POINT('',(0.000828028133377574,0.00550103526906687,-0.00547421728345583));
#3101=CARTESIAN_POINT('',(0.0102936622061675,-0.0189656522167247,-0.0172836782279782));
#3102=CARTESIAN_POINT('',(0.0102786264373404,-0.0189112372949841,-0.0172348106944131));
#3103=CARTESIAN_POINT('',(0.0102486688957763,-0.0188021428305844,-0.0171374774481852));
#3104=CARTESIAN_POINT('',(0.0102040659557623,-0.018637722536824,-0.0169926754583453));
#3105=CARTESIAN_POINT('',(0.0101598034119582,-0.0184724283701173,-0.0168491785131996));
#3106=CARTESIAN_POINT('',(0.0101012334712975,-0.0182507440592526,-0.0166596968395736));
#3107=CARTESIAN_POINT('',(0.0100432579241009,-0.0180270174909598,-0.0164730183375135));
#3108=CARTESIAN_POINT('',(0.00998572133619681,-0.0178011859545885,-0.0162891187940845));
#3109=CARTESIAN_POINT('',(0.00994275937660067,-0.0176307541557758,-0.0161525801944972));
#3110=CARTESIAN_POINT('',(0.0098999606627595,-0.0174592599736639,-0.0160174233312109));
#3111=CARTESIAN_POINT('',(0.00985730142165503,-0.0172867045080029,-0.0158836418552156));
#3112=CARTESIAN_POINT('',(0.00981476039426014,-0.0171130926208339,-0.015751229300535));
#3113=CARTESIAN_POINT('',(0.00977231855656179,-0.0169384302420553,-0.0156201799547971));
#3114=CARTESIAN_POINT('',(0.00972995861249695,-0.0167627223924011,-0.0154904879202201));
#3115=CARTESIAN_POINT('',(0.00967356560482857,-0.0165270556292817,-0.0153193662571773));
#3116=CARTESIAN_POINT('',(0.00957505084546084,-0.0161109915481146,-0.0150246076041456));
#3117=CARTESIAN_POINT('',(0.00943447035126713,-0.0155064446475444,-0.0146169950476439));
#3118=CARTESIAN_POINT('',(0.00920818381540931,-0.0145190775576691,-0.0139938554674395));
#3119=CARTESIAN_POINT('',(0.0089191009796395,-0.0132498090060845,-0.0132695918563751));
#3120=CARTESIAN_POINT('',(0.00854596107673085,-0.011681264852063,-0.0124873550919187));
#3121=CARTESIAN_POINT('',(0.00813566622203642,-0.0100779969119892,-0.0117855253319308));
#3122=CARTESIAN_POINT('',(0.00768003658130788,-0.00844883593037462,-0.0111517526311355));
#3123=CARTESIAN_POINT('',(0.00726094121202259,-0.00707464591636511,-0.0106641475003249));
#3124=CARTESIAN_POINT('',(0.00689993560461787,-0.0059730461616963,-0.0102881442068591));
#3125=CARTESIAN_POINT('',(0.00652157398025906,-0.00487371271080637,-0.00991880968369581));
#3126=CARTESIAN_POINT('',(0.0061188263637773,-0.00378242059711574,-0.00955764400432553));
#3127=CARTESIAN_POINT('',(0.00569707212993567,-0.00270369983487471,-0.00920882807560637));
#3128=CARTESIAN_POINT('',(0.00537100754351359,-0.00190119162511801,-0.00895502558678375));
#3129=CARTESIAN_POINT('',(0.00503222292279618,-0.00110464254507218,-0.00870873652097999));
#3130=CARTESIAN_POINT('',(0.00455638261430966,-4.90696241981538E-5,-0.00838558542098595));
#3131=CARTESIAN_POINT('',(0.00389557996198639,0.00125864311543917,-0.00796500219130901));
#3132=CARTESIAN_POINT('',(0.00298760641678252,0.00280778861637872,-0.00735306147383362));
#3133=CARTESIAN_POINT('',(0.0020123772280565,0.00432238630315036,-0.00663291282011848));
#3134=CARTESIAN_POINT('',(0.00133507304498102,0.00531177383537176,-0.00609143340071727));
#3135=CARTESIAN_POINT('',(0.00099121989327236,0.00580196786488843,-0.00580681453929082));
#3136=CARTESIAN_POINT('',(0.0108113969636862,-0.0189008652269137,-0.0172281789450704));
#3137=CARTESIAN_POINT('',(0.0107962052767444,-0.0188462104878444,-0.0171794412983877));
#3138=CARTESIAN_POINT('',(0.0107659329000182,-0.0187366107399912,-0.0170823986864792));
#3139=CARTESIAN_POINT('',(0.0107208589981886,-0.0185713404804649,-0.016938132084463));
#3140=CARTESIAN_POINT('',(0.0106761165877166,-0.0184052246673739,-0.0167951327176514));
#3141=CARTESIAN_POINT('',(0.010616898843519,-0.0181825924837622,-0.0166061648250269));
#3142=CARTESIAN_POINT('',(0.0105583257571977,-0.017958163366071,-0.0164197972211883));
#3143=CARTESIAN_POINT('',(0.0105002753455122,-0.0177317919796362,-0.0162360641356887));
#3144=CARTESIAN_POINT('',(0.0104569571795425,-0.0175610165994606,-0.0160995829572282));
#3145=CARTESIAN_POINT('',(0.0104138212442742,-0.0173892203244229,-0.0159644330010274));
#3146=CARTESIAN_POINT('',(0.0103708366675761,-0.0172163807304721,-0.0158306329295119));
#3147=CARTESIAN_POINT('',(0.0103279770730832,-0.0170424799481249,-0.0156981965391178));
#3148=CARTESIAN_POINT('',(0.0102852169346726,-0.0168675059752772,-0.015567129913591));
#3149=CARTESIAN_POINT('',(0.0102425308858313,-0.0166914537751499,-0.0154374353372171));
#3150=CARTESIAN_POINT('',(0.0101856828972825,-0.0164552835123115,-0.0152663419259717));
#3151=CARTESIAN_POINT('',(0.0100862914124833,-0.0160382583854011,-0.0149717502108064));
#3152=CARTESIAN_POINT('',(0.00994427365580086,-0.0154317836202883,-0.0145646433698945));
#3153=CARTESIAN_POINT('',(0.00971511033883438,-0.0144395026072494,-0.0139428211683427));
#3154=CARTESIAN_POINT('',(0.0094220839800928,-0.0131611257037377,-0.0132220390554718));
#3155=CARTESIAN_POINT('',(0.00904340427299434,-0.0115772512986883,-0.012448585775481));
#3156=CARTESIAN_POINT('',(0.00862718085969046,-0.00995449145269539,-0.0117623232673745));
#3157=CARTESIAN_POINT('',(0.00816309901546976,-0.0083027536619498,-0.0111527712278667));
#3158=CARTESIAN_POINT('',(0.0077340069744287,-0.00690697221855378,-0.0106932601087169));
#3159=CARTESIAN_POINT('',(0.00736235605177072,-0.00578673332324093,-0.0103438846248749));
#3160=CARTESIAN_POINT('',(0.00697140593295677,-0.00466839689408785,-0.0100032749490747));
#3161=CARTESIAN_POINT('',(0.00655357021101161,-0.00355787669302535,-0.00967332087891101));
#3162=CARTESIAN_POINT('',(0.00611617754662521,-0.00246009698730959,-0.00935782972037705));
#3163=CARTESIAN_POINT('',(0.00577868004530757,-0.00164360666863322,-0.00913036741397215));
#3164=CARTESIAN_POINT('',(0.00542884281377256,-0.000833670911646902,-0.00891167382447603));
#3165=CARTESIAN_POINT('',(0.00493777873966193,0.000239616286473963,-0.0086258111654707));
#3166=CARTESIAN_POINT('',(0.00425492159824091,0.00156966575022978,-0.00824932029095111));
#3167=CARTESIAN_POINT('',(0.00331225613807536,0.00314558511233896,-0.0076893329864384));
#3168=CARTESIAN_POINT('',(0.00229581916770317,0.00468838081638314,-0.00702044098310933));
#3169=CARTESIAN_POINT('',(0.00158784320432562,0.00569604334582683,-0.00651177266107448));
#3170=CARTESIAN_POINT('',(0.00122786082367546,0.0061952932300737,-0.00624306799696615));
#3171=CARTESIAN_POINT('',(0.0114571846603385,-0.018813126059715,-0.0171605385236993));
#3172=CARTESIAN_POINT('',(0.0114419030206423,-0.0187581672668235,-0.017112038103153));
#3173=CARTESIAN_POINT('',(0.0114114405055923,-0.0186479711645384,-0.0170154440755345));
#3174=CARTESIAN_POINT('',(0.0113660497356264,-0.0184818389012909,-0.0168717775151284));
#3175=CARTESIAN_POINT('',(0.0113209638683536,-0.0183148497724332,-0.016729355170591));
#3176=CARTESIAN_POINT('',(0.0112612501411568,-0.0180910413450876,-0.0165411234885774));
#3177=CARTESIAN_POINT('',(0.0112021132883145,-0.0178654845029109,-0.0163553790964306));
#3178=CARTESIAN_POINT('',(0.011143478716034,-0.0176381090286347,-0.0161721351578087));
#3179=CARTESIAN_POINT('',(0.0110997282865652,-0.017466641599763,-0.0160359637645861));
#3180=CARTESIAN_POINT('',(0.0110561733254077,-0.017294211123922,-0.0159010655275198));
#3181=CARTESIAN_POINT('',(0.0110127812987822,-0.0171207913132668,-0.0157674536300486));
#3182=CARTESIAN_POINT('',(0.0109695193609665,-0.0169463578109732,-0.0156351446718551));
#3183=CARTESIAN_POINT('',(0.0109263560987316,-0.0167708897589182,-0.0155041570875743));
#3184=CARTESIAN_POINT('',(0.010883261818649,-0.0165943703747258,-0.0153745081482419));
#3185=CARTESIAN_POINT('',(0.0108258573601059,-0.0163575906478322,-0.0152034464127462));
#3186=CARTESIAN_POINT('',(0.0107254551785249,-0.0159394427509757,-0.0149088570163121));
#3187=CARTESIAN_POINT('',(0.0105817346268844,-0.0153308607366756,-0.0145017085362754));
#3188=CARTESIAN_POINT('',(0.0103492526425141,-0.0143336415844811,-0.0138801376681378));
#3189=CARTESIAN_POINT('',(0.010050873545462,-0.0130449875875814,-0.0131609924732615));
#3190=CARTESIAN_POINT('',(0.00966626232050564,-0.0114433233276439,-0.0123948185387972));
#3191=CARTESIAN_POINT('',(0.00924427435836908,-0.00979717545570743,-0.0117241126636153));
#3192=CARTESIAN_POINT('',(0.00877202901608759,-0.00811824810829633,-0.0111412707431526));
#3193=CARTESIAN_POINT('',(0.00833218257070579,-0.00669696151779024,-0.0107150579314924));
#3194=CARTESIAN_POINT('',(0.00794868551652644,-0.0055546695730152,-0.0103984704486353));
#3195=CARTESIAN_POINT('',(0.00754356346502403,-0.00441391352339848,-0.0100936690973691));
#3196=CARTESIAN_POINT('',(0.0071087632314242,-0.00328060876722564,-0.00980311301271157));
#3197=CARTESIAN_POINT('',(0.00665406517720364,-0.00216027805800443,-0.00952961826722512));
#3198=CARTESIAN_POINT('',(0.00630415443089348,-0.00132718773360652,-0.00933478846254712));
#3199=CARTESIAN_POINT('',(0.00594296671761189,-0.000501439005380201,-0.00915085814121687));
#3200=CARTESIAN_POINT('',(0.00543502032962698,0.00059273551882464,-0.0089096395198274));
#3201=CARTESIAN_POINT('',(0.00472560091987658,0.00194865304439034,-0.00858694652084059));
#3202=CARTESIAN_POINT('',(0.00374406666281335,0.00355605133599607,-0.00809310765718539));
#3203=CARTESIAN_POINT('',(0.00267990555342618,0.00513251398161315,-0.00748898216685279));
#3204=CARTESIAN_POINT('',(0.0019365406042746,0.00616239541036386,-0.00702181261599977));
#3205=CARTESIAN_POINT('',(0.00155794992770911,0.00667262761145772,-0.0067733132785633));
#3206=CARTESIAN_POINT('',(0.0124897830669721,-0.0186601535091031,-0.0170552836668515));
#3207=CARTESIAN_POINT('',(0.0124744179434623,-0.0186048078835271,-0.0170070051853303));
#3208=CARTESIAN_POINT('',(0.0124437719405326,-0.0184938278696247,-0.0169108466057806));
#3209=CARTESIAN_POINT('',(0.0123980549417061,-0.018326491718538,-0.0167678030519869));
#3210=CARTESIAN_POINT('',(0.0123525860179314,-0.018158295580666,-0.0166259450516892));
#3211=CARTESIAN_POINT('',(0.0122922848193244,-0.0179328828409822,-0.0164383827993893));
#3212=CARTESIAN_POINT('',(0.0122324559171317,-0.01770572206588,-0.0162532068605392));
#3213=CARTESIAN_POINT('',(0.0121730444687553,-0.0174767610822215,-0.0160704375626129));
#3214=CARTESIAN_POINT('',(0.0121286751890203,-0.0173041244851515,-0.0159345693204723));
#3215=CARTESIAN_POINT('',(0.012084473292587,-0.0171305527670833,-0.0157999189652825));
#3216=CARTESIAN_POINT('',(0.0120404147511044,-0.0169560236163698,-0.0156664982672418));
#3217=CARTESIAN_POINT('',(0.0119964736276305,-0.0167805124955694,-0.0155343196959504));
#3218=CARTESIAN_POINT('',(0.0119526223669466,-0.0166039928915171,-0.0154033961487877));
#3219=CARTESIAN_POINT('',(0.011908832723746,-0.0164264367049423,-0.0152737413778269));
#3220=CARTESIAN_POINT('',(0.0118504913227616,-0.0161882748108876,-0.0151025796309899));
#3221=CARTESIAN_POINT('',(0.0117484133712816,-0.0157676698106727,-0.0148075926285226));
#3222=CARTESIAN_POINT('',(0.0116020953645958,-0.015155530295687,-0.0143995204445428));
#3223=CARTESIAN_POINT('',(0.0113650609390826,-0.0141510730372191,-0.0137764630505159));
#3224=CARTESIAN_POINT('',(0.0110579545911612,-0.0128481945779734,-0.0130560995308304));
#3225=CARTESIAN_POINT('',(0.0106660337067737,-0.0112206021301468,-0.0122945238113629));
#3226=CARTESIAN_POINT('',(0.010238482432667,-0.00953939995572275,-0.0116399257332676));
#3227=CARTESIAN_POINT('',(0.0097580648623002,-0.00781835052887107,-0.0110910843182952));
#3228=CARTESIAN_POINT('',(0.00930400474453286,-0.00636005321658406,-0.0107125357781999));
#3229=CARTESIAN_POINT('',(0.00890404673007394,-0.00518547337741852,-0.0104463159482577));
#3230=CARTESIAN_POINT('',(0.00847930946256439,-0.00401224984211846,-0.0101975246433078));
#3231=CARTESIAN_POINT('',(0.00802319449342018,-0.00284311015131634,-0.00997105350332389));
#3232=CARTESIAN_POINT('',(0.00754445927095029,-0.00168958697346743,-0.00976486223221389));
#3233=CARTESIAN_POINT('',(0.007178960459986,-0.000830814834078535,-0.00962204883369845));
#3234=CARTESIAN_POINT('',(0.00680256769264602,1.90519123723764E-5,-0.00949078907995369));
#3235=CARTESIAN_POINT('',(0.00627027315605879,0.00114381951730031,-0.00932011365735982));
#3236=CARTESIAN_POINT('',(0.00552117788014548,0.00253731030697235,-0.00908327040840559));
#3237=CARTESIAN_POINT('',(0.00448418813429055,0.00419164882554496,-0.00869770930957157));
#3238=CARTESIAN_POINT('',(0.0033518852598108,0.00581802892808269,-0.00819923073012128));
#3239=CARTESIAN_POINT('',(0.00255745679701917,0.00688168452233809,-0.00779955026866344));
#3240=CARTESIAN_POINT('',(0.00215212907890491,0.00740865962165914,-0.00758399245777928));
#3241=CARTESIAN_POINT('',(0.0137811974207537,-0.0184493810443999,-0.0169233824697449));
#3242=CARTESIAN_POINT('',(0.013765742464283,-0.0183935872033378,-0.0168751737460414));
#3243=CARTESIAN_POINT('',(0.0137348979187879,-0.0182817100566933,-0.0167791313629818));
#3244=CARTESIAN_POINT('',(0.0136888260569701,-0.0181130241850303,-0.0166361936713614));
#3245=CARTESIAN_POINT('',(0.0136429470538772,-0.0179434579228335,-0.0164943909831806));
#3246=CARTESIAN_POINT('',(0.0135820250659356,-0.0177161864034561,-0.0163068393171032));
#3247=CARTESIAN_POINT('',(0.0135214607142084,-0.0174871271517123,-0.0161215681285784));
#3248=CARTESIAN_POINT('',(0.0134612093997663,-0.0172562303924605,-0.0159385988918122));
#3249=CARTESIAN_POINT('',(0.0134161630460766,-0.0170821212319067,-0.0158025308974429));
#3250=CARTESIAN_POINT('',(0.0133712418031505,-0.0169070557892412,-0.0156676291256289));
#3251=CARTESIAN_POINT('',(0.0133264263622479,-0.016731012682149,-0.0155339012685339));
#3252=CARTESIAN_POINT('',(0.0132816957105477,-0.0165539689326632,-0.0154013568668959));
#3253=CARTESIAN_POINT('',(0.0132370276938444,-0.0163759006927245,-0.0152700073597615));
#3254=CARTESIAN_POINT('',(0.0131923990701804,-0.0161967840292509,-0.0151398655907092));
#3255=CARTESIAN_POINT('',(0.0131329143042996,-0.015956532561207,-0.0149679722836354));
#3256=CARTESIAN_POINT('',(0.0130287822047606,-0.0155322582320562,-0.0146714889067417));
#3257=CARTESIAN_POINT('',(0.0128794404927081,-0.014914672913176,-0.0142606350952199));
#3258=CARTESIAN_POINT('',(0.0126368635038997,-0.0139003783171492,-0.013632085964774));
#3259=CARTESIAN_POINT('',(0.0123244065065912,-0.0125822699190109,-0.0129044123270148));
#3260=CARTESIAN_POINT('',(0.0119261424781202,-0.0109258681937412,-0.0121372014099946));
#3261=CARTESIAN_POINT('',(0.011499472116167,-0.00920306133949226,-0.0114873498841309));
#3262=CARTESIAN_POINT('',(0.011011328798656,-0.00743658401658905,-0.010964072424825));
#3263=CARTESIAN_POINT('',(0.0105429909698344,-0.00593757380917785,-0.010630614975771));
#3264=CARTESIAN_POINT('',(0.0101260379572936,-0.00473020941641935,-0.0104178161639064));
#3265=CARTESIAN_POINT('',(0.00968505141602694,-0.00351833999909816,-0.0102364634734473));
#3266=CARTESIAN_POINT('',(0.00920972662373787,-0.00230882852760829,-0.010091973890309));
#3267=CARTESIAN_POINT('',(0.0087133276825575,-0.00111072912379487,-0.00996857531209032));
#3268=CARTESIAN_POINT('',(0.00833243368051015,-0.000222516376796033,-0.00988928076784564));
#3269=CARTESIAN_POINT('',(0.0079410871409265,0.000655848081682795,-0.00982285783264438));
#3270=CARTESIAN_POINT('',(0.00738037629856068,0.00181153491004109,-0.00973999724432969));
#3271=CARTESIAN_POINT('',(0.00658772318516751,0.00324679464076857,-0.00961455622690504));
#3272=CARTESIAN_POINT('',(0.00549088411622238,0.00495271393139838,-0.00936840989354834));
#3273=CARTESIAN_POINT('',(0.00428681708790178,0.00663482600157057,-0.00900582718468408));
#3274=CARTESIAN_POINT('',(0.00343820149830345,0.00773668704701915,-0.008692532073994));
#3275=CARTESIAN_POINT('',(0.0030044595309655,0.0082828857039161,-0.00851920052256515));
#3276=CARTESIAN_POINT('',(0.0148168072537815,-0.0182637228235341,-0.0168083431955573));
#3277=CARTESIAN_POINT('',(0.0148012457929308,-0.0182075641023879,-0.0167600061823772));
#3278=CARTESIAN_POINT('',(0.0147701828020159,-0.0180949515518515,-0.0166637012064775));
#3279=CARTESIAN_POINT('',(0.0147237673811008,-0.0179251462682722,-0.0165203524239398));
#3280=CARTESIAN_POINT('',(0.0146775274278932,-0.0177544532263603,-0.0163781101318847));
#3281=CARTESIAN_POINT('',(0.0146161005586949,-0.017525669465466,-0.016189928463545));
#3282=CARTESIAN_POINT('',(0.01455499809615,-0.0172950740241001,-0.0160039599502748));
#3283=CARTESIAN_POINT('',(0.0144941747176604,-0.0170626102242252,-0.0158202047825187));
#3284=CARTESIAN_POINT('',(0.0144486823538937,-0.0168873108681304,-0.0156834963842936));
#3285=CARTESIAN_POINT('',(0.014403299209936,-0.0167110402516065,-0.0155478995582099));
#3286=CARTESIAN_POINT('',(0.0143580078495559,-0.0165337766003647,-0.015413419854387));
#3287=CARTESIAN_POINT('',(0.0143127894271576,-0.0163554965805194,-0.0152800643430044));
#3288=CARTESIAN_POINT('',(0.014267623794115,-0.0161761755192539,-0.0151478417365373));
#3289=CARTESIAN_POINT('',(0.0142224898361312,-0.0159957876263678,-0.0150167626285395));
#3290=CARTESIAN_POINT('',(0.014162324529664,-0.0157538124888855,-0.0148435318214087));
#3291=CARTESIAN_POINT('',(0.0140569923933499,-0.0153264348411464,-0.0145444738651827));
#3292=CARTESIAN_POINT('',(0.0139059286148713,-0.0147041945019377,-0.0141292986462644));
#3293=CARTESIAN_POINT('',(0.0136612425484877,-0.0136818025254423,-0.0134926100183908));
#3294=CARTESIAN_POINT('',(0.0133467183983522,-0.0123517099128275,-0.0127529184640418));
#3295=CARTESIAN_POINT('',(0.0129497027071351,-0.010674012589606,-0.0119716207851525));
#3296=CARTESIAN_POINT('',(0.012520283199115,-0.00892590714619412,-0.0113141652069659));
#3297=CARTESIAN_POINT('',(0.0120280705280546,-0.00712890698398255,-0.0107937568923953));
#3298=CARTESIAN_POINT('',(0.0115505651468149,-0.00560103160741886,-0.0104807114596612));
#3299=CARTESIAN_POINT('',(0.0111259440913006,-0.00436585266598622,-0.0102960285077352));
#3300=CARTESIAN_POINT('',(0.0106747951498312,-0.00312659784928329,-0.0101529755651788));
#3301=CARTESIAN_POINT('',(0.0101911513564336,-0.0018836722161832,-0.0100646391053475));
#3302=CARTESIAN_POINT('',(0.00968619925351925,-0.000652135556558927,-0.0100114961564614));
#3303=CARTESIAN_POINT('',(0.00930150824684977,0.000264105317038085,-0.00998514101763405));
#3304=CARTESIAN_POINT('',(0.00889804756726132,0.00115894391051393,-0.00997237188838638));
#3305=CARTESIAN_POINT('',(0.00831870883491466,0.00233679969300463,-0.00996323790596717));
#3306=CARTESIAN_POINT('',(0.00750147587891852,0.00379613743986975,-0.00993750948916195));
#3307=CARTESIAN_POINT('',(0.00636621115348458,0.00553647859011914,-0.00980868657533735));
#3308=CARTESIAN_POINT('',(0.00511441072382821,0.00725685828591045,-0.00955831009798608));
#3309=CARTESIAN_POINT('',(0.0042288834653893,0.00838608834152313,-0.00931536082553418));
#3310=CARTESIAN_POINT('',(0.00377632069518939,0.00894596597913002,-0.00917676677618752));
#3311=CARTESIAN_POINT('',(0.0153353371007226,-0.018166824158114,-0.0167474392873465));
#3312=CARTESIAN_POINT('',(0.0153197199511895,-0.0181104789923645,-0.0166990262184945));
#3313=CARTESIAN_POINT('',(0.0152885450641837,-0.0179974938402903,-0.0166025663174283));
#3314=CARTESIAN_POINT('',(0.0152419590662204,-0.0178271296860344,-0.0164589712254914));
#3315=CARTESIAN_POINT('',(0.015195545043539,-0.0176558731120716,-0.0163164655367368));
#3316=CARTESIAN_POINT('',(0.0151338803209434,-0.0174263303282135,-0.0161279029967948));
#3317=CARTESIAN_POINT('',(0.0150725295148551,-0.0171949651185845,-0.0159414986458508));
#3318=CARTESIAN_POINT('',(0.0150114480239766,-0.0169617185653176,-0.0157572436344823));
#3319=CARTESIAN_POINT('',(0.0149657578493582,-0.0167858247437574,-0.0156201273764356));
#3320=CARTESIAN_POINT('',(0.0149201732993398,-0.0166089517743877,-0.015484088095303));
#3321=CARTESIAN_POINT('',(0.0148746776394449,-0.0164310775536856,-0.0153491296953075));
#3322=CARTESIAN_POINT('',(0.0148292529016329,-0.0162521783352074,-0.0152152581629819));
#3323=CARTESIAN_POINT('',(0.0147838800899206,-0.016072229058432,-0.015082481556113));
#3324=CARTESIAN_POINT('',(0.0147385393547445,-0.0158912037155548,-0.0149508099847731));
#3325=CARTESIAN_POINT('',(0.0146781004136449,-0.01564836648835,-0.0147767375130196));
#3326=CARTESIAN_POINT('',(0.0145722989617573,-0.0152194494694325,-0.0144760710047837));
#3327=CARTESIAN_POINT('',(0.0144206432922763,-0.0145948965124733,-0.0140582065515585));
#3328=CARTESIAN_POINT('',(0.0141752019327643,-0.0135685018242496,-0.0134164633111442));
#3329=CARTESIAN_POINT('',(0.0138605018549039,-0.0122324642999562,-0.0126692401661037));
#3330=CARTESIAN_POINT('',(0.0134640854338136,-0.0105450900538419,-0.0118787311927501));
#3331=CARTESIAN_POINT('',(0.013034081129865,-0.00878523040974676,-0.0112141510441556));
#3332=CARTESIAN_POINT('',(0.0125399660219082,-0.00697406525029776,-0.010692085381095));
#3333=CARTESIAN_POINT('',(0.0120591603769633,-0.00543151955758072,-0.0103850096135249));
#3334=CARTESIAN_POINT('',(0.0116313440806134,-0.00418278250014269,-0.0102116770119295));
#3335=CARTESIAN_POINT('',(0.0111791709240384,-0.00292551270774393,-0.0100842917760276));
#3336=CARTESIAN_POINT('',(0.0106859861450861,-0.00167117660763097,-0.0100194714330659));
#3337=CARTESIAN_POINT('',(0.010180269175837,-0.000418810712213972,-0.00999878764380115));
#3338=CARTESIAN_POINT('',(0.00979099985435342,0.00050877102145107,-0.0099999179838757));
#3339=CARTESIAN_POINT('',(0.00938287561823173,0.00140910031385021,-0.0100163813284629));
#3340=CARTESIAN_POINT('',(0.00879871294124668,0.0025967402143867,-0.0100474675579737));
#3341=CARTESIAN_POINT('',(0.00797160928980711,0.00406719035374575,-0.0100730434614043));
#3342=CARTESIAN_POINT('',(0.00681993905791832,0.00582284384048811,-0.0100048729317195));
#3343=CARTESIAN_POINT('',(0.00554627618240669,0.00756108592380809,-0.00981142269551802));
#3344=CARTESIAN_POINT('',(0.00464301939451181,0.00870353418621266,-0.0096038222892417));
#3345=CARTESIAN_POINT('',(0.00418128187733529,0.00927014691415979,-0.00948268679141841));
#3346=CARTESIAN_POINT('',(0.01,7.43733888380031E-18,-0.0383333333333334));
#3347=CARTESIAN_POINT('',(0.01,-0.019,-0.0173148229727541));
#3348=CARTESIAN_POINT('',(0.01,6.12323399573678E-19,-0.01));
#3349=CARTESIAN_POINT('',(0.0100000000000161,5.48757694558526E-13,-0.00999999175191996));
#3350=CARTESIAN_POINT('',(0.00926237097878766,6.44079050980048E-13,-0.00999999031922616));
#3351=CARTESIAN_POINT('',(0.00822336205957053,2.29381222785694E-8,-0.00987642513791454));
#3352=CARTESIAN_POINT('',(0.00715706223415308,1.28259527558849E-8,-0.00959601354187869));
#3353=CARTESIAN_POINT('',(0.00657425182671671,-3.84088142444932E-9,-0.00939790300572684));
#3354=CARTESIAN_POINT('',(0.00619281154548097,-7.22271473593897E-9,-0.00925106518704526));
#3355=CARTESIAN_POINT('',(0.00569351973724344,3.27335537997716E-8,-0.00903055101392528));
#3356=CARTESIAN_POINT('',(0.0051076164060819,7.5371388232285E-8,-0.0087305748915597));
#3357=CARTESIAN_POINT('',(0.00445102474695877,-1.35739089508271E-7,-0.00833722075579966));
#3358=CARTESIAN_POINT('',(0.00362503725768847,4.2536288708479E-7,-0.0077268649401867));
#3359=CARTESIAN_POINT('',(0.00290766289524821,-1.18424014767047E-7,-0.00706940946108793));
#3360=CARTESIAN_POINT('',(0.0023179316329578,4.8333404181651E-8,-0.00642187674412284));
#3361=CARTESIAN_POINT('',(0.00157774045975205,5.83769924922162E-8,-0.00545089731255711));
#3362=CARTESIAN_POINT('',(0.000500852662394218,-5.62985238734869E-7,-0.00354737387242022));
#3363=CARTESIAN_POINT('',(-1.0906721449783E-8,1.19585298825325E-12,-0.00151550834560355));
#3364=CARTESIAN_POINT('',(-1.27095625540978E-8,1.39352415009965E-12,-1.51134258128628E-14));
#3365=CARTESIAN_POINT('',(-1.27095625540982E-8,1.39351867572571E-12,-1.51086291711616E-14));
#3366=CARTESIAN_POINT('',(-5.04165366238045E-8,-0.000343905763001418,-5.99584228995729E-14));
#3367=CARTESIAN_POINT('',(-3.73187473892543E-5,-0.00102097882743643,6.67548390021844E-7));
#3368=CARTESIAN_POINT('',(-0.000174511444796035,-0.00193922236761462,-1.56071173463017E-7));
#3369=CARTESIAN_POINT('',(-0.000421313795594455,-0.00292730002182057,-4.32635847747534E-8));
#3370=CARTESIAN_POINT('',(-0.00074193653787887,-0.00382220485076061,-4.36580432412952E-10));
#3371=CARTESIAN_POINT('',(-0.00117837417653793,-0.00474480114531672,4.49973017633424E-8));
#3372=CARTESIAN_POINT('',(-0.00185425245060211,-0.00586188299095364,1.47709988872991E-7));
#3373=CARTESIAN_POINT('',(-0.00268121448737747,-0.0068667370231994,-2.26651074876573E-7));
#3374=CARTESIAN_POINT('',(-0.00363117668857178,-0.00773087429857865,3.597120470322E-7));
#3375=CARTESIAN_POINT('',(-0.00444923378127554,-0.00833593035474626,-1.34250685194359E-7));
#3376=CARTESIAN_POINT('',(-0.00510824674847097,-0.00873120756939566,1.25365953129356E-7));
#3377=CARTESIAN_POINT('',(-0.00569509041860173,-0.00903115818385656,5.41839637801302E-8));
#3378=CARTESIAN_POINT('',(-0.00618891380806,-0.00924950258613996,-3.92273743932062E-8));
#3379=CARTESIAN_POINT('',(-0.00658834646710597,-0.00940336673659021,1.02725787950514E-7));
#3380=CARTESIAN_POINT('',(-0.00704828561904387,-0.00955865177623899,2.1926406805334E-7));
#3381=CARTESIAN_POINT('',(-0.00745360682167972,-0.00967218822993048,1.32947166292229E-7));
#3382=CARTESIAN_POINT('',(-0.00778289657347172,-0.00975187007542901,3.31969664928238E-8));
#3383=CARTESIAN_POINT('',(-0.00806733019117516,-0.00981177311332979,-1.58251044121644E-8));
#3384=CARTESIAN_POINT('',(-0.00824262235730964,-0.00984431887581612,3.01039352456529E-8));
#3385=CARTESIAN_POINT('',(-0.00853519070238961,-0.00989368820288101,1.47749565008232E-7));
#3386=CARTESIAN_POINT('',(-0.00907122667475224,-0.00996525055250098,1.41043105522649E-7));
#3387=CARTESIAN_POINT('',(-0.00960985409099583,-0.00999998344549329,8.24260491313668E-13));
#3388=CARTESIAN_POINT('',(-0.00999999999958538,-0.0100000068975137,-3.43425808624342E-13));
#3389=CARTESIAN_POINT('',(-0.01,-0.01,1.15555796663234E-33));
#3390=CARTESIAN_POINT('',(-0.01,-0.0383333333333334,5.50427884869655E-18));
#3391=CARTESIAN_POINT('',(-0.01,-0.0173148229727541,-0.019));
#3392=CARTESIAN_POINT('',(-0.01,-0.0173148229727541,-0.019));
#3393=CARTESIAN_POINT('',(-0.0083988680752722,-0.0173148229727541,-0.019));
#3394=CARTESIAN_POINT('',(-0.00679773615054439,-0.0172129744543869,-0.0190920675069631));
#3395=CARTESIAN_POINT('',(0.0067977361505444,-0.0190920675069631,-0.0172129744543869));
#3396=CARTESIAN_POINT('',(0.0083988680752722,-0.019,-0.0173148229727541));
#3397=CARTESIAN_POINT('',(0.01,-0.019,-0.0173148229727541));
#3398=CARTESIAN_POINT('',(-0.00998969968824115,0.0190440762095003,-0.0207644313092752));
#3399=CARTESIAN_POINT('',(-0.0099962673155151,0.0189926108150441,-0.0207157395221859));
#3400=CARTESIAN_POINT('',(-0.0100094096612648,0.0188899400560056,-0.0206180031203211));
#3401=CARTESIAN_POINT('',(-0.0100291454862584,0.0187367249705303,-0.0204703329710488));
#3402=CARTESIAN_POINT('',(-0.0100489046701816,0.0185843226605211,-0.0203215813878368));
#3403=CARTESIAN_POINT('',(-0.0100752814501532,0.018382239120552,-0.0201217777371985));
#3404=CARTESIAN_POINT('',(-0.0101017017295339,0.0181818992782257,-0.019919725528813));
#3405=CARTESIAN_POINT('',(-0.0101281395927634,0.017983424613289,-0.0197153523639902));
#3406=CARTESIAN_POINT('',(-0.0101479635679725,0.0178355196135268,-0.0195609083210805));
#3407=CARTESIAN_POINT('',(-0.0101677654250565,0.0176885606706394,-0.0194053168474248));
#3408=CARTESIAN_POINT('',(-0.0101875259308179,0.0175425108303502,-0.0192486133703413));
#3409=CARTESIAN_POINT('',(-0.0102072376012616,0.0173972593811361,-0.0190908567620812));
#3410=CARTESIAN_POINT('',(-0.0102269187253036,0.0172530320683727,-0.0189317340032917));
#3411=CARTESIAN_POINT('',(-0.010246580913777,0.0171099931055054,-0.0187709983423741));
#3412=CARTESIAN_POINT('',(-0.0102727718209101,0.0169205836466013,-0.0185546708830563));
#3413=CARTESIAN_POINT('',(-0.0103184962934158,0.0165923185449181,-0.0181709562099089));
#3414=CARTESIAN_POINT('',(-0.0103830991053376,0.0161329617484031,-0.0176083267820431));
#3415=CARTESIAN_POINT('',(-0.010483130555708,0.015419808417335,-0.0166782306108287));
#3416=CARTESIAN_POINT('',(-0.0105984874541602,0.0145720787775654,-0.0154613632869676));
#3417=CARTESIAN_POINT('',(-0.010710977909587,0.013630768964698,-0.0139135510335712));
#3418=CARTESIAN_POINT('',(-0.0107890852420655,0.0127736553997574,-0.0122805448078768));
#3419=CARTESIAN_POINT('',(-0.0108245579629995,0.0120133766546657,-0.0105712910657877));
#3420=CARTESIAN_POINT('',(-0.0108108099857017,0.0114671405301119,-0.00908324054483295));
#3421=CARTESIAN_POINT('',(-0.0107704856329025,0.0110870016642016,-0.00785101413894569));
#3422=CARTESIAN_POINT('',(-0.0107105123949618,0.0107473425386518,-0.00659406747607983));
#3423=CARTESIAN_POINT('',(-0.010622092296578,0.010472473061625,-0.00530539306406372));
#3424=CARTESIAN_POINT('',(-0.0105030002980735,0.0102662708166933,-0.00399433084305119));
#3425=CARTESIAN_POINT('',(-0.0103991005860652,0.0101463898072837,-0.00300213086856529));
#3426=CARTESIAN_POINT('',(-0.0102815815378004,0.0100613368452747,-0.00200333196960416));
#3427=CARTESIAN_POINT('',(-0.0101040406835772,0.00999414906344065,-0.00066474588737782));
#3428=CARTESIAN_POINT('',(-0.00984983862926578,0.00999474734556219,0.00101636391093062));
#3429=CARTESIAN_POINT('',(-0.00944381461246847,0.0101298855694713,0.00301787329853342));
#3430=CARTESIAN_POINT('',(-0.00887477152812668,0.0103156890713418,0.00502690876646412));
#3431=CARTESIAN_POINT('',(-0.00838499452247337,0.0104404314133265,0.00637184245102019));
#3432=CARTESIAN_POINT('',(-0.00811332066730854,0.0105007729397898,0.00704526825850468));
#3433=CARTESIAN_POINT('',(-0.00985713087964539,0.0190326003033067,-0.020752932869817));
#3434=CARTESIAN_POINT('',(-0.0098637066420903,0.0189811189234182,-0.0207042684897754));
#3435=CARTESIAN_POINT('',(-0.00987686519286562,0.0188784159517375,-0.0206065868882677));
#3436=CARTESIAN_POINT('',(-0.00989662472118662,0.018725149805966,-0.0204589982868242));
#3437=CARTESIAN_POINT('',(-0.00991640717695619,0.0185726933374862,-0.0203103264341142));
#3438=CARTESIAN_POINT('',(-0.00994281514013183,0.0183705359792618,-0.0201106222244747));
#3439=CARTESIAN_POINT('',(-0.00996926871077,0.0181701251233497,-0.0199086505399093));
#3440=CARTESIAN_POINT('',(-0.00999574842534366,0.017971633335958,-0.0197042851522204));
#3441=CARTESIAN_POINT('',(-0.0100156099488647,0.0178237695312389,-0.0195497854361463));
#3442=CARTESIAN_POINT('',(-0.010035456424094,0.0176769505402981,-0.0193940393956622));
#3443=CARTESIAN_POINT('',(-0.0100552664412586,0.0175311703801479,-0.0192370655470884));
#3444=CARTESIAN_POINT('',(-0.0100750231451754,0.0173863872475496,-0.0190788921404136));
#3445=CARTESIAN_POINT('',(-0.0100947420101249,0.0172423119290094,-0.0189196771551876));
#3446=CARTESIAN_POINT('',(-0.0101144413119333,0.0170992033057735,-0.0187590783973662));
#3447=CARTESIAN_POINT('',(-0.0101406978211038,0.0169097173356957,-0.0185429038499478));
#3448=CARTESIAN_POINT('',(-0.0101865831004301,0.0165813200382148,-0.0181593935478424));
#3449=CARTESIAN_POINT('',(-0.010251493963524,0.0161219047253928,-0.0175968259874427));
#3450=CARTESIAN_POINT('',(-0.0103520567882231,0.0154090804901509,-0.0166665533177688));
#3451=CARTESIAN_POINT('',(-0.0104680769311829,0.0145625661165975,-0.0154494099474974));
#3452=CARTESIAN_POINT('',(-0.010581172747148,0.0136243769941898,-0.0139030376627964));
#3453=CARTESIAN_POINT('',(-0.0106596305299292,0.0127714209476525,-0.0122731382969751));
#3454=CARTESIAN_POINT('',(-0.010695064574404,0.0120150582707724,-0.0105673009579775));
#3455=CARTESIAN_POINT('',(-0.0106809723416247,0.0114716523040049,-0.00908243555915779));
#3456=CARTESIAN_POINT('',(-0.0106399841080069,0.0110933586081275,-0.00785348972942693));
#3457=CARTESIAN_POINT('',(-0.0105791862156834,0.0107551424623098,-0.00660022954600702));
#3458=CARTESIAN_POINT('',(-0.0104896049019236,0.0104808206315015,-0.00531556803003484));
#3459=CARTESIAN_POINT('',(-0.0103697113161635,0.01027404808501,-0.00400847172035998));
#3460=CARTESIAN_POINT('',(-0.0102652961014949,0.0101531204215568,-0.00301913695521446));
#3461=CARTESIAN_POINT('',(-0.0101470448479808,0.0100664248628655,-0.00202286950291627));
#3462=CARTESIAN_POINT('',(-0.00996880068683574,0.00999609486664098,-0.000687386008048251));
#3463=CARTESIAN_POINT('',(-0.00971939424299039,0.0099920036794482,0.000989708680895436));
#3464=CARTESIAN_POINT('',(-0.00930798034701951,0.0101180874265784,0.00298856440627756));
#3465=CARTESIAN_POINT('',(-0.00873787083810261,0.0102939013116516,0.00499435205108112));
#3466=CARTESIAN_POINT('',(-0.00824613458362279,0.0104117370882316,0.00633722267377474));
#3467=CARTESIAN_POINT('',(-0.00797394187699272,0.0104686296553409,0.00700950104412451));
#3468=CARTESIAN_POINT('',(-0.00959215137282795,0.0190113758258064,-0.0207283677743477));
#3469=CARTESIAN_POINT('',(-0.0095987435472354,0.0189598627453039,-0.0206797588004516));
#3470=CARTESIAN_POINT('',(-0.00961193464865141,0.0188570935132197,-0.0205821900955864));
#3471=CARTESIAN_POINT('',(-0.00963174200371388,0.0187037161287067,-0.0204347788366076));
#3472=CARTESIAN_POINT('',(-0.00965157115232395,0.0185511306037073,-0.0202862942821975));
#3473=CARTESIAN_POINT('',(-0.00967804081936222,0.0183487712133458,-0.0200868542026657));
#3474=CARTESIAN_POINT('',(-0.00970455822713367,0.0181481079177497,-0.0198851658083148));
#3475=CARTESIAN_POINT('',(-0.00973111696103108,0.0179493379420451,-0.0196810610076248));
#3476=CARTESIAN_POINT('',(-0.00975105038347659,0.0178012777169778,-0.0195267172160506));
#3477=CARTESIAN_POINT('',(-0.00977098623108283,0.0176543134648304,-0.0193710489740437));
#3478=CARTESIAN_POINT('',(-0.00979090477539901,0.0175085320173329,-0.019213997745871));
#3479=CARTESIAN_POINT('',(-0.00981077346723064,0.0173639279025864,-0.0190556044770773));
#3480=CARTESIAN_POINT('',(-0.00983056349786422,0.0172203218950667,-0.0188960648645451));
#3481=CARTESIAN_POINT('',(-0.00985034691176196,0.0170775267686672,-0.0187353095676821));
#3482=CARTESIAN_POINT('',(-0.00987673875227022,0.0168883467297521,-0.0185190155246811));
#3483=CARTESIAN_POINT('',(-0.0099229352480825,0.0165602434656002,-0.0181354148302879));
#3484=CARTESIAN_POINT('',(-0.00998840981295212,0.0161009716974304,-0.0175728364940057));
#3485=CARTESIAN_POINT('',(-0.0100899796428321,0.0153888067936425,-0.016642366265702));
#3486=CARTESIAN_POINT('',(-0.010207303065323,0.014544354841582,-0.0154250302388706));
#3487=CARTESIAN_POINT('',(-0.0103216441704269,0.0136117747559117,-0.0138818415140836));
#3488=CARTESIAN_POINT('',(-0.0104008750593382,0.012766360652007,-0.0122583654927549));
#3489=CARTESIAN_POINT('',(-0.0104363300215713,0.0120170046049571,-0.0105595271673083));
#3490=CARTESIAN_POINT('',(-0.01042168180396,0.0114785438858676,-0.00908112459599199));
#3491=CARTESIAN_POINT('',(-0.0103794872768428,0.0111033571238752,-0.00785880222403556));
#3492=CARTESIAN_POINT('',(-0.0103171776164841,0.010767441617815,-0.00661293763652368));
#3493=CARTESIAN_POINT('',(-0.0102254182832484,0.0104936192219712,-0.00533624477323199));
#3494=CARTESIAN_POINT('',(-0.0101039399063006,0.0102851610642259,-0.00403698013967504));
#3495=CARTESIAN_POINT('',(-0.00999862066498913,0.010161767719185,-0.00305328464060925));
#3496=CARTESIAN_POINT('',(-0.00987884872235746,0.0100714601682352,-0.00206203704361401));
#3497=CARTESIAN_POINT('',(-0.00970061522147302,0.00999462389641251,-0.000732931630169536));
#3498=CARTESIAN_POINT('',(-0.00945636248729268,0.00998129385199594,0.000936473457489094));
#3499=CARTESIAN_POINT('',(-0.00903804494647445,0.0100895369178458,0.00292912050737562));
#3500=CARTESIAN_POINT('',(-0.00846468443615416,0.0102454451063596,0.00492857041870466));
#3501=CARTESIAN_POINT('',(-0.00796972427216073,0.0103494504209842,0.00626712653682612));
#3502=CARTESIAN_POINT('',(-0.00769638165157462,0.010399443020169,0.00693712888710461));
#3503=CARTESIAN_POINT('',(-0.00919514562069785,0.018984758383487,-0.0206867313075084));
#3504=CARTESIAN_POINT('',(-0.00920176490168116,0.0189332122274527,-0.0206381982902367));
#3505=CARTESIAN_POINT('',(-0.0092150093816116,0.0188303684618528,-0.0205407884547355));
#3506=CARTESIAN_POINT('',(-0.00923489416942402,0.0186768483386345,-0.0203936414867038));
#3507=CARTESIAN_POINT('',(-0.00925479805612829,0.0185240768784178,-0.0202454571960974));
#3508=CARTESIAN_POINT('',(-0.00928136420419067,0.0183213917166924,-0.0200464800914407));
#3509=CARTESIAN_POINT('',(-0.00930797558190892,0.0181202546574511,-0.0198453691310933));
#3510=CARTESIAN_POINT('',(-0.00933463802445697,0.01792077969684,-0.0196420089491625));
#3511=CARTESIAN_POINT('',(-0.00935466027754587,0.0177720490414577,-0.0194883228691126));
#3512=CARTESIAN_POINT('',(-0.00937470556321906,0.0176242580831328,-0.0193334145773915));
#3513=CARTESIAN_POINT('',(-0.00939476631569967,0.0174775049370987,-0.0191772022653967));
#3514=CARTESIAN_POINT('',(-0.00941482855425968,0.0173320403659807,-0.0190194720580316));
#3515=CARTESIAN_POINT('',(-0.00943486758724523,0.0171884043156075,-0.0188597483224973));
#3516=CARTESIAN_POINT('',(-0.00945485172308339,0.0170464139438097,-0.0186981949640382));
#3517=CARTESIAN_POINT('',(-0.00948146227201613,0.0168584002183122,-0.0184809567814849));
#3518=CARTESIAN_POINT('',(-0.00952799985456134,0.0165319478179009,-0.0180963528723004));
#3519=CARTESIAN_POINT('',(-0.0095941390834145,0.0160734036803054,-0.0175336319816798));
#3520=CARTESIAN_POINT('',(-0.00969706231964072,0.015362022222145,-0.0166035896277745));
#3521=CARTESIAN_POINT('',(-0.00981626618442144,0.0145195469744148,-0.0153870668818412));
#3522=CARTESIAN_POINT('',(-0.00993259275490245,0.0135934509494391,-0.0138495753161911));
#3523=CARTESIAN_POINT('',(-0.0100131961055914,0.0127569929176477,-0.0122363206577361));
#3524=CARTESIAN_POINT('',(-0.0100489785615881,0.0120156684595298,-0.0105484979362252));
#3525=CARTESIAN_POINT('',(-0.0100338905978818,0.0114824708410745,-0.00908006900219389));
#3526=CARTESIAN_POINT('',(-0.0099902520540246,0.0111101877305057,-0.00786789185841161));
#3527=CARTESIAN_POINT('',(-0.00992611525339543,0.0107759549793469,-0.00663319254986169));
#3528=CARTESIAN_POINT('',(-0.00983150116324578,0.0105010617440178,-0.00536825500984773));
#3529=CARTESIAN_POINT('',(-0.00970786157727267,0.0102884406061264,-0.00408045865085128));
#3530=CARTESIAN_POINT('',(-0.00960106491173481,0.0101601854409578,-0.00310487549115553));
#3531=CARTESIAN_POINT('',(-0.00947932031585103,0.0100634265685116,-0.00212091697846981));
#3532=CARTESIAN_POINT('',(-0.0093032331503711,0.00997644571092493,-0.000801778001077492));
#3533=CARTESIAN_POINT('',(-0.00905680258728115,0.00994943251008262,0.000856453042832949));
#3534=CARTESIAN_POINT('',(-0.00863815775580663,0.0100319008246993,0.00283751879720323));
#3535=CARTESIAN_POINT('',(-0.0080568766829967,0.0101580506449938,0.00482785628302445));
#3536=CARTESIAN_POINT('',(-0.00755913042036556,0.010241314076088,0.00615937168365815));
#3537=CARTESIAN_POINT('',(-0.00728365953834482,0.0102808955360548,0.00682601465864001));
#3538=CARTESIAN_POINT('',(-0.0087985657797887,0.0189634107514358,-0.0206401748466026));
#3539=CARTESIAN_POINT('',(-0.00880521694559691,0.0189118645357273,-0.020591693290872));
#3540=CARTESIAN_POINT('',(-0.00881852421400445,0.0188090134846864,-0.0204943927992188));
#3541=CARTESIAN_POINT('',(-0.00883850017412905,0.0186554587089661,-0.0203474311794331));
#3542=CARTESIAN_POINT('',(-0.00885849228080765,0.0185026244514342,-0.0201994571365862));
#3543=CARTESIAN_POINT('',(-0.00888517273407758,0.018299812239206,-0.0200007971052435));
#3544=CARTESIAN_POINT('',(-0.00891189558568137,0.0180984752426345,-0.0198000607490954));
#3545=CARTESIAN_POINT('',(-0.00893867546337006,0.0178987327938488,-0.0195971088637921));
#3546=CARTESIAN_POINT('',(-0.00895879299005206,0.0177497841238851,-0.0194437216294584));
#3547=CARTESIAN_POINT('',(-0.00897894827243449,0.0176018008169692,-0.019289051175758));
#3548=CARTESIAN_POINT('',(-0.0089991491083986,0.0174549683587585,-0.0191329126600295));
#3549=CARTESIAN_POINT('',(-0.00901939587365676,0.0173094884851903,-0.0189751092662273));
#3550=CARTESIAN_POINT('',(-0.00903962997387823,0.017165391093429,-0.0188156959115688));
#3551=CARTESIAN_POINT('',(-0.00905981060729134,0.0170227165988471,-0.0186546640844959));
#3552=CARTESIAN_POINT('',(-0.00908665475194879,0.0168342447153202,-0.018437822796236));
#3553=CARTESIAN_POINT('',(-0.00913352093058217,0.016508071541448,-0.0180533123902859));
#3554=CARTESIAN_POINT('',(-0.00920017725507365,0.0160501576652745,-0.0174908976035734));
#3555=CARTESIAN_POINT('',(-0.00930430306878523,0.0153389953455327,-0.0165621642156676));
#3556=CARTESIAN_POINT('',(-0.00942532069802065,0.0144974814342454,-0.0153479195177758));
#3557=CARTESIAN_POINT('',(-0.00954377352817148,0.0135758012960527,-0.0138169271485557));
#3558=CARTESIAN_POINT('',(-0.00962591835314726,0.0127458151812639,-0.0122143750553463));
#3559=CARTESIAN_POINT('',(-0.00966242372583346,0.0120100655512935,-0.0105380446836105));
#3560=CARTESIAN_POINT('',(-0.00964712306443068,0.0114799464337453,-0.00908006501252424));
#3561=CARTESIAN_POINT('',(-0.00960258446745406,0.0111088210077843,-0.00787824090547933));
#3562=CARTESIAN_POINT('',(-0.00953689572352548,0.0107743598129995,-0.00665468885025972));
#3563=CARTESIAN_POINT('',(-0.00944017286713969,0.0104966533499374,-0.00540138061057883));
#3564=CARTESIAN_POINT('',(-0.00931447385392683,0.0102781680137762,-0.00412472132488016));
#3565=CARTESIAN_POINT('',(-0.00920596789950401,0.0101440126690994,-0.00315691371042899));
#3566=CARTESIAN_POINT('',(-0.00908320808616542,0.0100399965003142,-0.00218026721051107));
#3567=CARTESIAN_POINT('',(-0.00890591693171652,0.00994252213939127,-0.00087017925841181));
#3568=CARTESIAN_POINT('',(-0.00865965436304252,0.00990186287366043,0.000774398335129326));
#3569=CARTESIAN_POINT('',(-0.00824045984649448,0.00995940601929803,0.00274417956531697));
#3570=CARTESIAN_POINT('',(-0.00765308843884822,0.0100558962418899,0.00472455400330112));
#3571=CARTESIAN_POINT('',(-0.00715202696781373,0.0101183746149318,0.00604908612290376));
#3572=CARTESIAN_POINT('',(-0.00687482804700676,0.0101474455420358,0.0067121941061303));
#3573=CARTESIAN_POINT('',(-0.0082702505945801,0.0189418395475035,-0.0205715572666556));
#3574=CARTESIAN_POINT('',(-0.00827695310150112,0.0188903493804085,-0.0205230989328633));
#3575=CARTESIAN_POINT('',(-0.00829036159335459,0.0187876048976232,-0.0204258501708676));
#3576=CARTESIAN_POINT('',(-0.00831048516783784,0.0186341960815373,-0.0202789795578708));
#3577=CARTESIAN_POINT('',(-0.00833062114609063,0.0184814996101626,-0.0201311043119967));
#3578=CARTESIAN_POINT('',(-0.00835748979607776,0.0182788710823737,-0.0199325744578134));
#3579=CARTESIAN_POINT('',(-0.00838439888940795,0.0180777410912868,-0.0197319380752045));
#3580=CARTESIAN_POINT('',(-0.00841137685888496,0.0178783005072147,-0.0195289645416712));
#3581=CARTESIAN_POINT('',(-0.0084316522446124,0.0177296294854403,-0.0193754885792638));
#3582=CARTESIAN_POINT('',(-0.00845197360755563,0.0175819167748144,-0.0192207025450449));
#3583=CARTESIAN_POINT('',(-0.00847233500093779,0.0174351653501955,-0.0190645940616645));
#3584=CARTESIAN_POINT('',(-0.00849271861852968,0.0172893923308821,-0.0189071763184882));
#3585=CARTESIAN_POINT('',(-0.00851310315493004,0.0171447321390768,-0.0187483590344946));
#3586=CARTESIAN_POINT('',(-0.00853346896186111,0.0170012539161096,-0.0185880856388228));
#3587=CARTESIAN_POINT('',(-0.00856058165614762,0.0168115253606537,-0.018372427842016));
#3588=CARTESIAN_POINT('',(-0.00860791226561107,0.0164836082102889,-0.0179897901449052));
#3589=CARTESIAN_POINT('',(-0.008675218446482,0.016025229307509,-0.0174290480796976));
#3590=CARTESIAN_POINT('',(-0.00878080099447928,0.015313356071416,-0.0165034322868716));
#3591=CARTESIAN_POINT('',(-0.00890419414930812,0.0144717809594478,-0.0152941995745822));
#3592=CARTESIAN_POINT('',(-0.00902560939293977,0.0135532449382251,-0.0137731073054731));
#3593=CARTESIAN_POINT('',(-0.00911008683393605,0.012728457960893,-0.0121851017602759));
#3594=CARTESIAN_POINT('',(-0.00914803697144055,0.0119968661376662,-0.0105248825709658));
#3595=CARTESIAN_POINT('',(-0.00913282738590625,0.0114680203955263,-0.00908172799093124));
#3596=CARTESIAN_POINT('',(-0.00908768619098205,0.0110959815383275,-0.0078938915247605));
#3597=CARTESIAN_POINT('',(-0.00902067791756933,0.0107587637554218,-0.00668517098228322));
#3598=CARTESIAN_POINT('',(-0.00892192183916466,0.0104749837631763,-0.00544722714192956));
#3599=CARTESIAN_POINT('',(-0.00879386260965827,0.0102466283846656,-0.00418507891093981));
#3600=CARTESIAN_POINT('',(-0.00868321476336918,0.0101033181914115,-0.00322740187036033));
#3601=CARTESIAN_POINT('',(-0.00855946406692517,0.00998889005743066,-0.0022605390533553));
#3602=CARTESIAN_POINT('',(-0.00837802685129566,0.00987656581488389,-0.000962003953031065));
#3603=CARTESIAN_POINT('',(-0.00813552566146322,0.00981801349610559,0.000662079820265301));
#3604=CARTESIAN_POINT('',(-0.00771327513217214,0.009842675744018,0.00261725867257987));
#3605=CARTESIAN_POINT('',(-0.0071204925819253,0.00990006599402064,0.00458320356847112));
#3606=CARTESIAN_POINT('',(-0.00661438591561193,0.00993445519791152,0.00589841387246844));
#3607=CARTESIAN_POINT('',(-0.00633526770923351,0.00994945139338819,0.00655657679750772));
#3608=CARTESIAN_POINT('',(-0.00761037459421609,0.0189269240756683,-0.0204742090954395));
#3609=CARTESIAN_POINT('',(-0.00761716017230887,0.01887559713005,-0.020425703048308));
#3610=CARTESIAN_POINT('',(-0.00763073263792128,0.0187731760664093,-0.0203283625307212));
#3611=CARTESIAN_POINT('',(-0.00765109564652933,0.0186202479440972,-0.020181360950687));
#3612=CARTESIAN_POINT('',(-0.0076714641020517,0.0184680356491541,-0.0200333542764079));
#3613=CARTESIAN_POINT('',(-0.00769863198404219,0.0182660634031101,-0.0198346439523427));
#3614=CARTESIAN_POINT('',(-0.00772582125095419,0.0180655984787157,-0.019633828941588));
#3615=CARTESIAN_POINT('',(-0.0077530497470696,0.017866712124614,-0.0194307982618785));
#3616=CARTESIAN_POINT('',(-0.00777349473440686,0.0177183493882398,-0.0192773937487864));
#3617=CARTESIAN_POINT('',(-0.00779396366773939,0.0175708086034934,-0.0191228366445832));
#3618=CARTESIAN_POINT('',(-0.00781445162354838,0.0174241153169638,-0.0189671055021481));
#3619=CARTESIAN_POINT('',(-0.00783494536596296,0.0172782345326486,-0.018810210473723));
#3620=CARTESIAN_POINT('',(-0.00785544600651063,0.017133149857633,-0.0186521421171202));
#3621=CARTESIAN_POINT('',(-0.00787595536082043,0.0169889299232176,-0.0184928374395425));
#3622=CARTESIAN_POINT('',(-0.00790331138094698,0.0167979054217539,-0.0182786824433785));
#3623=CARTESIAN_POINT('',(-0.00795119316377949,0.0164671260490449,-0.0178991705183123));
#3624=CARTESIAN_POINT('',(-0.00801942800597484,0.0160054127841688,-0.0173428743562566));
#3625=CARTESIAN_POINT('',(-0.00812675247819574,0.0152905097613957,-0.0164238004321196));
#3626=CARTESIAN_POINT('',(-0.00825306798009819,0.0144463461580478,-0.015224213614034));
#3627=CARTESIAN_POINT('',(-0.0083783956206935,0.0135267744450823,-0.013717871658282));
#3628=CARTESIAN_POINT('',(-0.00846635198990314,0.0127021782127167,-0.0121485855356924));
#3629=CARTESIAN_POINT('',(-0.00850695350835612,0.0119696612603757,-0.0105100533236035));
#3630=CARTESIAN_POINT('',(-0.00849275002859138,0.0114371505204566,-0.00908714931916371));
#3631=CARTESIAN_POINT('',(-0.00844801389803442,0.0110594548838848,-0.00791719996218406));
#3632=CARTESIAN_POINT('',(-0.00838087996300437,0.0107143503034507,-0.00672708430907952));
#3633=CARTESIAN_POINT('',(-0.00828120270890539,0.0104188267748117,-0.00550818379651966));
#3634=CARTESIAN_POINT('',(-0.00815119521113769,0.0101746433165136,-0.00426385067502873));
#3635=CARTESIAN_POINT('',(-0.00803916113028834,0.0100179299723443,-0.00331900199032396));
#3636=CARTESIAN_POINT('',(-0.00791331445627231,0.00988889449015103,-0.0023641290013924));
#3637=CARTESIAN_POINT('',(-0.00773111810118993,0.0097573343668985,-0.00108266736854994));
#3638=CARTESIAN_POINT('',(-0.00748598323281493,0.0096738000479766,0.00051865120986974));
#3639=CARTESIAN_POINT('',(-0.00706446669922416,0.00965987311112482,0.0024522939411304));
#3640=CARTESIAN_POINT('',(-0.00646459349970693,0.00966778251745513,0.00439999648267731));
#3641=CARTESIAN_POINT('',(-0.00595382656673813,0.00966687216388945,0.00570241744366461));
#3642=CARTESIAN_POINT('',(-0.00567234784497636,0.00966393002327713,0.00635418844455056));
#3643=CARTESIAN_POINT('',(-0.0065535984791202,0.018921959310573,-0.020300172446291));
#3644=CARTESIAN_POINT('',(-0.00656055530295895,0.0188709308366058,-0.0202515806851798));
#3645=CARTESIAN_POINT('',(-0.0065744652778275,0.0187690864982009,-0.0201540908145307));
#3646=CARTESIAN_POINT('',(-0.00659531896365886,0.0186169599855303,-0.0200069343736018));
#3647=CARTESIAN_POINT('',(-0.00661615998419861,0.0184654781403997,-0.019858851386411));
#3648=CARTESIAN_POINT('',(-0.00664392684312152,0.0182643681527492,-0.0196601670707551));
#3649=CARTESIAN_POINT('',(-0.00667165077137946,0.0180645619665686,-0.0194596223805494));
#3650=CARTESIAN_POINT('',(-0.00669930520430473,0.0178660538908352,-0.0192572425380527));
#3651=CARTESIAN_POINT('',(-0.00672000948399757,0.0177178111212822,-0.0191045468743238));
#3652=CARTESIAN_POINT('',(-0.00674068711845824,0.0175701787654722,-0.0189509359677246));
#3653=CARTESIAN_POINT('',(-0.00676136309562815,0.0174231336183524,-0.0187963787767287));
#3654=CARTESIAN_POINT('',(-0.00678208182003354,0.0172767437435861,-0.0186407722316417));
#3655=CARTESIAN_POINT('',(-0.00680286330174023,0.0171310741448287,-0.0184840393695687));
#3656=CARTESIAN_POINT('',(-0.00682370961086662,0.0169861506977412,-0.0183261522031902));
#3657=CARTESIAN_POINT('',(-0.00685158168884977,0.0167939495104213,-0.0181140779993265));
#3658=CARTESIAN_POINT('',(-0.00690051881079785,0.0164604743541739,-0.0177387696222945));
#3659=CARTESIAN_POINT('',(-0.0069705650513664,0.015993372688522,-0.0171902737046612));
#3660=CARTESIAN_POINT('',(-0.00708107424166496,0.0152702962171849,-0.0162855348312338));
#3661=CARTESIAN_POINT('',(-0.00721216385317173,0.0144172283434399,-0.0151065148827412));
#3662=CARTESIAN_POINT('',(-0.00734424623566463,0.0134866713628848,-0.0136283877697066));
#3663=CARTESIAN_POINT('',(-0.0074390226031669,0.0126504292841118,-0.0120914056026667));
#3664=CARTESIAN_POINT('',(-0.00748577910346206,0.0119038884846584,-0.0104908179081891));
#3665=CARTESIAN_POINT('',(-0.00747586685465752,0.0113548388741463,-0.0091034682794189));
#3666=CARTESIAN_POINT('',(-0.00743462955625037,0.0109594461752116,-0.00796354739592657));
#3667=CARTESIAN_POINT('',(-0.00737085083206089,0.0105933326403131,-0.00680415402400949));
#3668=CARTESIAN_POINT('',(-0.00727365332014246,0.0102713899304668,-0.00561618475944409));
#3669=CARTESIAN_POINT('',(-0.0071451635204144,0.00999606768072754,-0.00440160081522203));
#3670=CARTESIAN_POINT('',(-0.00703394297501702,0.00981434137540181,-0.00347848575221114));
#3671=CARTESIAN_POINT('',(-0.00690961884649984,0.0096597364983711,-0.00254556580594211));
#3672=CARTESIAN_POINT('',(-0.00672905159662763,0.00949292548776782,-0.00129335132847676));
#3673=CARTESIAN_POINT('',(-0.0064754858143592,0.00936528933655268,0.000275313195949518));
#3674=CARTESIAN_POINT('',(-0.00605324282852213,0.00928866469634056,0.002173142672431));
#3675=CARTESIAN_POINT('',(-0.00544309402297916,0.00921536207590509,0.00408900794856391));
#3676=CARTESIAN_POINT('',(-0.00492742882920747,0.00915716877565913,0.00536930358166912));
#3677=CARTESIAN_POINT('',(-0.00464332731360858,0.00912479686590594,0.00600988655111815));
#3678=CARTESIAN_POINT('',(-0.00522712407679804,0.0189376930058724,-0.0200614351773467));
#3679=CARTESIAN_POINT('',(-0.00523436336591322,0.0188869164634791,-0.0200129141911574));
#3680=CARTESIAN_POINT('',(-0.00524883240784413,0.0187855318178542,-0.0199156146837795));
#3681=CARTESIAN_POINT('',(-0.00527050644905055,0.0186339593516075,-0.0197688931043314));
#3682=CARTESIAN_POINT('',(-0.0052921492098227,0.0184828900165438,-0.0196213977969948));
#3683=CARTESIAN_POINT('',(-0.0053209630635881,0.0182821345401885,-0.0194236980920864));
#3684=CARTESIAN_POINT('',(-0.00534971499175239,0.0180823895400561,-0.0192244149368475));
#3685=CARTESIAN_POINT('',(-0.00537842346780696,0.0178836923637956,-0.0190234501388045));
#3686=CARTESIAN_POINT('',(-0.00539994004830031,0.0177352219641516,-0.018871850494171));
#3687=CARTESIAN_POINT('',(-0.00542144992042664,0.0175873616051275,-0.0187193403056831));
#3688=CARTESIAN_POINT('',(-0.00544297624253427,0.0174401561460617,-0.0185658920477722));
#3689=CARTESIAN_POINT('',(-0.00546453993661753,0.0172935296577913,-0.0184115473442921));
#3690=CARTESIAN_POINT('',(-0.00548615392803871,0.0171474494036415,-0.0182563201852067));
#3691=CARTESIAN_POINT('',(-0.00550782482441253,0.0170019421667277,-0.0181001849254468));
#3692=CARTESIAN_POINT('',(-0.00553679453281481,0.0168087604560097,-0.0178907455769249));
#3693=CARTESIAN_POINT('',(-0.00558766447793003,0.0164730319954147,-0.0175208227660883));
#3694=CARTESIAN_POINT('',(-0.00566055460339759,0.0160011602352889,-0.0169821549975253));
#3695=CARTESIAN_POINT('',(-0.00577586920122104,0.0152669818737142,-0.0160977250054915));
#3696=CARTESIAN_POINT('',(-0.00591357123881366,0.0143955826850341,-0.0149504254154008));
#3697=CARTESIAN_POINT('',(-0.00605525318350311,0.0134369948722117,-0.0135147152310425));
#3698=CARTESIAN_POINT('',(-0.0061610363183848,0.0125671899203882,-0.0120242472273105));
#3699=CARTESIAN_POINT('',(-0.00621974811855623,0.0117818910210202,-0.0104770983821336));
#3700=CARTESIAN_POINT('',(-0.00622113524292027,0.011194132291411,-0.00913935252366545));
#3701=CARTESIAN_POINT('',(-0.00619035264652061,0.010762713487772,-0.00804049318234542));
#3702=CARTESIAN_POINT('',(-0.00613785070033415,0.0103570904370726,-0.00692266705383336));
#3703=CARTESIAN_POINT('',(-0.00605272968315786,0.00999060497657655,-0.00577652561368368));
#3704=CARTESIAN_POINT('',(-0.005936616109016,0.00966731688990671,-0.00460360107731648));
#3705=CARTESIAN_POINT('',(-0.00583491024318043,0.0094485625076837,-0.00371180818717815));
#3706=CARTESIAN_POINT('',(-0.00571940134257132,0.0092561474276139,-0.00281002648212447));
#3707=CARTESIAN_POINT('',(-0.00554739125725235,0.00903862243535349,-0.00159833792384349));
#3708=CARTESIAN_POINT('',(-0.00529007529618956,0.00883988399661177,-6.73372608812478E-5));
#3709=CARTESIAN_POINT('',(-0.00484918881583396,0.00867672199896182,0.00178802005216831));
#3710=CARTESIAN_POINT('',(-0.00423612378735275,0.00849948319166848,0.00365808642565204));
#3711=CARTESIAN_POINT('',(-0.00371863569743633,0.00836753342428188,0.00490757836844807));
#3712=CARTESIAN_POINT('',(-0.00343335934992554,0.00829670658477059,0.00553219055410374));
#3713=CARTESIAN_POINT('',(-0.0036250760267857,0.0189692807098304,-0.0197602335698946));
#3714=CARTESIAN_POINT('',(-0.00363289263286006,0.0189187069311121,-0.019711834144889));
#3715=CARTESIAN_POINT('',(-0.00364851683774974,0.0188176846645202,-0.0196148280859353));
#3716=CARTESIAN_POINT('',(-0.00367192700904407,0.0186665283196473,-0.0194686952627883));
#3717=CARTESIAN_POINT('',(-0.00369531352092015,0.0185157523834359,-0.0193219334019104));
#3718=CARTESIAN_POINT('',(-0.00372646852981424,0.0183152317120429,-0.0191254025926244));
#3719=CARTESIAN_POINT('',(-0.00375758898332658,0.0181154925636335,-0.0189275841443524));
#3720=CARTESIAN_POINT('',(-0.00378869793313822,0.017916559671396,-0.0187284562488794));
#3721=CARTESIAN_POINT('',(-0.00381203337656208,0.0177677578986201,-0.0185784537517701));
#3722=CARTESIAN_POINT('',(-0.0038353805099626,0.0176193272523897,-0.0184277926897598));
#3723=CARTESIAN_POINT('',(-0.00385873023428092,0.017471277704439,-0.0182764654592282));
#3724=CARTESIAN_POINT('',(-0.00388207958330182,0.0173236978508522,-0.018124413423107));
#3725=CARTESIAN_POINT('',(-0.00390542831773913,0.0171766389054062,-0.017971601420575));
#3726=CARTESIAN_POINT('',(-0.00392877589191794,0.017030118539194,-0.0178180190937835));
#3727=CARTESIAN_POINT('',(-0.00395990253898881,0.0168354901438443,-0.0176122114634239));
#3728=CARTESIAN_POINT('',(-0.00401435485032922,0.0164968702914267,-0.017249321479771));
#3729=CARTESIAN_POINT('',(-0.00409196428664343,0.0160192433397167,-0.0167230094978977));
#3730=CARTESIAN_POINT('',(-0.00421463988988622,0.0152711032121379,-0.0158635953423766));
#3731=CARTESIAN_POINT('',(-0.00436211447952579,0.0143721128412651,-0.0147568765107013));
#3732=CARTESIAN_POINT('',(-0.00451826115260629,0.0133655313666189,-0.0133795904972088));
#3733=CARTESIAN_POINT('',(-0.00464220947334146,0.0124355437387598,-0.0119549278873867));
#3734=CARTESIAN_POINT('',(-0.00472364150657791,0.0115799581556978,-0.0104816318294777));
#3735=CARTESIAN_POINT('',(-0.00474903264923085,0.0109256157991672,-0.00921150374530353));
#3736=CARTESIAN_POINT('',(-0.00474123349524577,0.0104361704818955,-0.00816916505140264));
#3737=CARTESIAN_POINT('',(-0.00471431130933577,0.00996952823958294,-0.00710912371833294));
#3738=CARTESIAN_POINT('',(-0.00465856888518651,0.00953800842929636,-0.00602230732101166));
#3739=CARTESIAN_POINT('',(-0.00457418720872217,0.00914653687937916,-0.00490927462284887));
#3740=CARTESIAN_POINT('',(-0.00449623280203555,0.00887493209925634,-0.00406192592186998));
#3741=CARTESIAN_POINT('',(-0.00440244454982915,0.00862749670141617,-0.00320276757214093));
#3742=CARTESIAN_POINT('',(-0.00425246072836769,0.00833179886074781,-0.0020422076614883));
#3743=CARTESIAN_POINT('',(-0.00401080135348396,0.00802883252266456,-0.000569213435821765));
#3744=CARTESIAN_POINT('',(-0.00356149813941144,0.007727099036941,0.00123064930511573));
#3745=CARTESIAN_POINT('',(-0.00296443872578193,0.00742454887410689,0.00304041492541));
#3746=CARTESIAN_POINT('',(-0.00245381273286952,0.00719502549213464,0.00424661654497374));
#3747=CARTESIAN_POINT('',(-0.00217277093988381,0.00707321981853924,0.00484965283984842));
#3748=CARTESIAN_POINT('',(-0.00201756113782992,0.0190092246135985,-0.0194519691667986));
#3749=CARTESIAN_POINT('',(-0.00202617397067239,0.0189587735024917,-0.0194037080118991));
#3750=CARTESIAN_POINT('',(-0.00204338649904345,0.0188579486682877,-0.0193070395521423));
#3751=CARTESIAN_POINT('',(-0.002069165352745,0.0187069442634927,-0.0191615983623881));
#3752=CARTESIAN_POINT('',(-0.00209490319383634,0.018556174651806,-0.0190157179393155));
#3753=CARTESIAN_POINT('',(-0.00212916550744471,0.0183554658822256,-0.0188206218982096));
#3754=CARTESIAN_POINT('',(-0.00216335255239292,0.0181552443029261,-0.0186246312212197));
#3755=CARTESIAN_POINT('',(-0.00219747357382926,0.017955519857346,-0.018427693766868));
#3756=CARTESIAN_POINT('',(-0.00222303079493764,0.0178059850483187,-0.0182794950815912));
#3757=CARTESIAN_POINT('',(-0.00224855430020813,0.0176567363923101,-0.0181307785521299));
#3758=CARTESIAN_POINT('',(-0.00227404938323022,0.017507786670334,-0.0179815302827396));
#3759=CARTESIAN_POINT('',(-0.00229951680883746,0.0173591138658937,-0.0178317640122134));
#3760=CARTESIAN_POINT('',(-0.00232495512306895,0.0172107230062813,-0.0176814802556961));
#3761=CARTESIAN_POINT('',(-0.00235036188860501,0.0170626398969089,-0.0175306679710771));
#3762=CARTESIAN_POINT('',(-0.00238419086386498,0.0168656477727069,-0.0173288633662074));
#3763=CARTESIAN_POINT('',(-0.00244325315446567,0.0165222020732246,-0.0169737791163394));
#3764=CARTESIAN_POINT('',(-0.00252711440297293,0.016035837205322,-0.0164608798729292));
#3765=CARTESIAN_POINT('',(-0.0026594502717478,0.0152691724363196,-0.0156280124139132));
#3766=CARTESIAN_POINT('',(-0.00281937872472733,0.0143371166640336,-0.0145639119545724));
#3767=CARTESIAN_POINT('',(-0.00299391573937077,0.0132734927729178,-0.0132504355768484));
#3768=CARTESIAN_POINT('',(-0.00314171985061281,0.0122712442143836,-0.0118997342458684));
#3769=CARTESIAN_POINT('',(-0.00325421478961663,0.0113311623136142,-0.0105094081547737));
#3770=CARTESIAN_POINT('',(-0.00331297063259752,0.0105982625111675,-0.00931507272123968));
#3771=CARTESIAN_POINT('',(-0.00333706834283731,0.0100420484114639,-0.00833666314869214));
#3772=CARTESIAN_POINT('',(-0.00334561904354768,0.00950629712646481,-0.00734253048485977));
#3773=CARTESIAN_POINT('',(-0.00333065410070246,0.00900247616547919,-0.00632425683925644));
#3774=CARTESIAN_POINT('',(-0.00329090612159688,0.00853525245511881,-0.00528098289585775));
#3775=CARTESIAN_POINT('',(-0.00324760233083681,0.00820471326069022,-0.00448587136278378));
#3776=CARTESIAN_POINT('',(-0.00318865165029253,0.00789556580759747,-0.00367796807853154));
#3777=CARTESIAN_POINT('',(-0.00308454811699358,0.00751348021958003,-0.00258385642334229));
#3778=CARTESIAN_POINT('',(-0.0028890707347259,0.00709164070599137,-0.00118237613004406));
#3779=CARTESIAN_POINT('',(-0.00248922051670571,0.00663602773559772,0.000545382842461537));
#3780=CARTESIAN_POINT('',(-0.0019223553037676,0.00617876553872066,0.00229203288577123));
#3781=CARTESIAN_POINT('',(-0.00143823911140196,0.00583554096879766,0.00345156506464043));
#3782=CARTESIAN_POINT('',(-0.00116927300461465,0.00565604660627846,0.00402938814064202));
#3783=CARTESIAN_POINT('',(-0.000407710868057796,0.0190533968863592,-0.0191410665624187));
#3784=CARTESIAN_POINT('',(-0.00041721899899022,0.0190029149833377,-0.0190929457259272));
#3785=CARTESIAN_POINT('',(-0.000436218392825038,0.0189019740250368,-0.0189966188290895));
#3786=CARTESIAN_POINT('',(-0.000464667876932779,0.0187506314482014,-0.018851871778099));
#3787=CARTESIAN_POINT('',(-0.000493069324621129,0.0185993586662563,-0.0187068652411952));
#3788=CARTESIAN_POINT('',(-0.000530872117106546,0.0183977563817516,-0.0185131721682453));
#3789=CARTESIAN_POINT('',(-0.000568557953476157,0.0181962957047653,-0.0183189466457132));
#3790=CARTESIAN_POINT('',(-0.000606098154115174,0.0179950169911061,-0.0181241785454118));
#3791=CARTESIAN_POINT('',(-0.000634182014655035,0.0178441536034799,-0.0179778267595034));
#3792=CARTESIAN_POINT('',(-0.000662201105221445,0.017693375883018,-0.0178311915963067));
#3793=CARTESIAN_POINT('',(-0.000690156143194874,0.0175426871717809,-0.0176842666973938));
#3794=CARTESIAN_POINT('',(-0.000718048142570366,0.0173921140994295,-0.0175370350729923));
#3795=CARTESIAN_POINT('',(-0.000745877715358853,0.0172416732988616,-0.0173894892247477));
#3796=CARTESIAN_POINT('',(-0.000773644702343215,0.017091375087098,-0.0172416287867177));
#3797=CARTESIAN_POINT('',(-0.000810582836968613,0.0168911830493144,-0.0170440634153076));
#3798=CARTESIAN_POINT('',(-0.000874997637040873,0.016541441759219,-0.0166972252507793));
#3799=CARTESIAN_POINT('',(-0.000966318782900037,0.0160439027344056,-0.0161985860293833));
#3800=CARTESIAN_POINT('',(-0.0011105188389449,0.0152543681980556,-0.0153939041111012));
#3801=CARTESIAN_POINT('',(-0.00128594609619798,0.0142837420917998,-0.0143749911904252));
#3802=CARTESIAN_POINT('',(-0.00148315634444067,0.013156748351569,-0.0131301038250426));
#3803=CARTESIAN_POINT('',(-0.0016603785262453,0.0120753442011809,-0.0118600893777952));
#3804=CARTESIAN_POINT('',(-0.00181112090422949,0.0110432516510823,-0.010560583869136));
#3805=CARTESIAN_POINT('',(-0.00191041372599848,0.0102255717095376,-0.00944918755065801));
#3806=CARTESIAN_POINT('',(-0.00197259442430862,0.00959791115879043,-0.0085409692925139));
#3807=CARTESIAN_POINT('',(-0.00202303647366761,0.00898854941287093,-0.00761944099703993));
#3808=CARTESIAN_POINT('',(-0.00205558269592454,0.00840798764403168,-0.00667711742306419));
#3809=CARTESIAN_POINT('',(-0.00206833320468796,0.00785992593286174,-0.00571199946878529));
#3810=CARTESIAN_POINT('',(-0.00206661372720266,0.00746610012868353,-0.00497605341925357));
#3811=CARTESIAN_POINT('',(-0.00205112605994745,0.00709022457107949,-0.00422707293502768));
#3812=CARTESIAN_POINT('',(-0.00200647208229692,0.00661293473690402,-0.00320926040779892));
#3813=CARTESIAN_POINT('',(-0.00189220396841759,0.00605807046910262,-0.00189774378311895));
#3814=CARTESIAN_POINT('',(-0.00160370389636069,0.00543873940433415,-0.000259420376124434));
#3815=CARTESIAN_POINT('',(-0.00113067974603302,0.00480111804684587,0.00140967505412109));
#3816=CARTESIAN_POINT('',(-0.000704291475200826,0.00433889301374896,0.00251185710622241));
#3817=CARTESIAN_POINT('',(-0.000470104392227425,0.00409959956597681,0.00306503015054967));
#3818=CARTESIAN_POINT('',(0.00120098052221874,0.0190966609258449,-0.0188288600947946));
#3819=CARTESIAN_POINT('',(0.00119054271803647,0.0190459810682588,-0.0187808728015791));
#3820=CARTESIAN_POINT('',(0.00116969554648675,0.0189445884581536,-0.0186848800081351));
#3821=CARTESIAN_POINT('',(0.00113851089324563,0.0187924003534104,-0.0185408358330808));
#3822=CARTESIAN_POINT('',(0.00110741253236587,0.0186401119346887,-0.0183967355993582));
#3823=CARTESIAN_POINT('',(0.00106605542427726,0.0184369262382008,-0.0182045244611826));
#3824=CARTESIAN_POINT('',(0.00102482256679661,0.0182335476417182,-0.0180121877106059));
#3825=CARTESIAN_POINT('',(0.000983701374122432,0.0180299499494566,-0.0178197188081501));
#3826=CARTESIAN_POINT('',(0.000952931511872836,0.0178771442300167,-0.0176753026635506));
#3827=CARTESIAN_POINT('',(0.000922242776458353,0.0177242444203333,-0.0175308235191699));
#3828=CARTESIAN_POINT('',(0.000891637227808152,0.0175712591534996,-0.0173862804252672));
#3829=CARTESIAN_POINT('',(0.000861114996613205,0.0174181874548061,-0.017241678118852));
#3830=CARTESIAN_POINT('',(0.000830675331423057,0.0172650369005892,-0.0170970168439465));
#3831=CARTESIAN_POINT('',(0.000800317158490536,0.0171118211041518,-0.0169522941339021));
#3832=CARTESIAN_POINT('',(0.000759946999173334,0.016907466872053,-0.0167592458220357));
#3833=CARTESIAN_POINT('',(0.000689578959203735,0.0165497266650808,-0.0164211871415273));
#3834=CARTESIAN_POINT('',(0.000589850558063414,0.0160386604330232,-0.0159376154077913));
#3835=CARTESIAN_POINT('',(0.000432074218250763,0.0152225748155308,-0.0151626370334771));
#3836=CARTESIAN_POINT('',(0.000238619321979044,0.0142089892770329,-0.0141914313108815));
#3837=CARTESIAN_POINT('',(1.49739878285533E-5,0.0130142211302702,-0.0130195263354035));
#3838=CARTESIAN_POINT('',(-0.000196358269960444,0.0118499838942644,-0.0118358165814381));
#3839=CARTESIAN_POINT('',(-0.000390928056410475,0.0107224893741003,-0.0106334249518473));
#3840=CARTESIAN_POINT('',(-0.000535726586300309,0.00981727312963435,-0.00961039926066043));
#3841=CARTESIAN_POINT('',(-0.000639778162564735,0.00911593620033981,-0.00877683930686124));
#3842=CARTESIAN_POINT('',(-0.000735677830517158,0.00843066883999711,-0.00793252637443507));
#3843=CARTESIAN_POINT('',(-0.000818959124661847,0.00777087355861518,-0.00707114693836367));
#3844=CARTESIAN_POINT('',(-0.000887830478947181,0.00713902045412283,-0.00619009434456872));
#3845=CARTESIAN_POINT('',(-0.000931164270256429,0.00667941319628123,-0.00551838682257033));
#3846=CARTESIAN_POINT('',(-0.000964247810525283,0.00623396231979827,-0.0048342838144828));
#3847=CARTESIAN_POINT('',(-0.000990884808922751,0.00565803862162349,-0.00390325057728116));
#3848=CARTESIAN_POINT('',(-0.000981197593934428,0.00496806317395503,-0.00269970327597719));
#3849=CARTESIAN_POINT('',(-0.000855640794356871,0.00417443833109048,-0.00117654225567164));
#3850=CARTESIAN_POINT('',(-0.000570017522057128,0.00335832665546174,0.000398469022729487));
#3851=CARTESIAN_POINT('',(-0.0002736797080574,0.00277719341884571,0.00145083187639719));
#3852=CARTESIAN_POINT('',(-9.64054856066326E-5,0.00247714872974388,0.00197317754108755));
#3853=CARTESIAN_POINT('',(0.00280618238153997,0.0191361431640556,-0.0185190833660662));
#3854=CARTESIAN_POINT('',(0.00279474969340834,0.0190850458908394,-0.0184711994464285));
#3855=CARTESIAN_POINT('',(0.00277191929435443,0.0189827646451587,-0.0183754843322749));
#3856=CARTESIAN_POINT('',(0.00273777795114036,0.0188290829083034,-0.0182320703778892));
#3857=CARTESIAN_POINT('',(0.00270374161741167,0.0186751407793322,-0.0180888162011434));
#3858=CARTESIAN_POINT('',(0.00265851231794941,0.0184695319227523,-0.0178980251966743));
#3859=CARTESIAN_POINT('',(0.00261356171274767,0.0182633616919047,-0.0177075619045742));
#3860=CARTESIAN_POINT('',(0.00256884001645995,0.0180566058892491,-0.0175174190270565));
#3861=CARTESIAN_POINT('',(0.0025353939344362,0.0179012460634424,-0.0173749722332032));
#3862=CARTESIAN_POINT('',(0.0025020340770955,0.0177455912142786,-0.0172326882887443));
#3863=CARTESIAN_POINT('',(0.00246875926435231,0.0175896455775864,-0.0170905726705824));
#3864=CARTESIAN_POINT('',(0.00243557014678047,0.0174334217743073,-0.016948628161567));
#3865=CARTESIAN_POINT('',(0.00240246765382676,0.0172769295248741,-0.0168068606714834));
#3866=CARTESIAN_POINT('',(0.00236945231453974,0.0171201772700381,-0.016665277853119));
#3867=CARTESIAN_POINT('',(0.00232554779265823,0.0169108403858481,-0.0164767569447773));
#3868=CARTESIAN_POINT('',(0.00224901579257432,0.0165436646845238,-0.0161475406945281));
#3869=CARTESIAN_POINT('',(0.00214050555559411,0.0160170076454491,-0.0156793330730673));
#3870=CARTESIAN_POINT('',(0.00196838134522002,0.0151712433378715,-0.0149350019745931));
#3871=CARTESIAN_POINT('',(0.00175551184835446,0.0141113177155006,-0.014013576676222));
#3872=CARTESIAN_POINT('',(0.00150292735114754,0.0128460444452908,-0.0129183268899765));
#3873=CARTESIAN_POINT('',(0.00125413723020807,0.0115974886180609,-0.0118253375343409));
#3874=CARTESIAN_POINT('',(0.00101175437987562,0.0103737372537432,-0.0107246915982079));
#3875=CARTESIAN_POINT('',(0.000818011559009313,0.00938024969338924,-0.0097936742677104));
#3876=CARTESIAN_POINT('',(0.000669581027138137,0.00860445131416454,-0.00903748345197216));
#3877=CARTESIAN_POINT('',(0.000525948697016598,0.00784235078345132,-0.00827302564929754));
#3878=CARTESIAN_POINT('',(0.000390031098157633,0.00710221839245211,-0.00749532546054812));
#3879=CARTESIAN_POINT('',(0.000262894099861121,0.00638569920582756,-0.00670205601470876));
#3880=CARTESIAN_POINT('',(0.000172395125115771,0.00585999820339297,-0.00609822782037068));
#3881=CARTESIAN_POINT('',(8.74592362123864E-5,0.0053453814613814,-0.00548387196892995));
#3882=CARTESIAN_POINT('',(-1.67264566211206E-5,0.00467237241263009,-0.00464776195162112));
#3883=CARTESIAN_POINT('',(-0.000124681797505723,0.00385261535548322,-0.00356370619850015));
#3884=CARTESIAN_POINT('',(-0.000196178462405081,0.00287930260986927,-0.00218325791644305));
#3885=CARTESIAN_POINT('',(-0.000161738153805709,0.00189056708122987,-0.000732888693502744));
#3886=CARTESIAN_POINT('',(-6.29503044885487E-5,0.0012136227483674,0.000267339289706991));
#3887=CARTESIAN_POINT('',(7.9322338466795E-6,0.000870217891518123,0.000773809937640341));
#3888=CARTESIAN_POINT('',(0.00413713836959729,0.0191635211750699,-0.0182665472511494));
#3889=CARTESIAN_POINT('',(0.00412491290169005,0.0191118557843716,-0.018218712782132));
#3890=CARTESIAN_POINT('',(0.00410050870544777,0.019008390434842,-0.0181231515114489));
#3891=CARTESIAN_POINT('',(0.00406404290568035,0.0188527876112725,-0.0179801333474693));
#3892=CARTESIAN_POINT('',(0.00402771576077418,0.0186967769245186,-0.0178374419874411));
#3893=CARTESIAN_POINT('',(0.00397944948503626,0.0184882137232308,-0.0176476300881331));
#3894=CARTESIAN_POINT('',(0.00393139027738248,0.0182788362533688,-0.0174584917391416));
#3895=CARTESIAN_POINT('',(0.00388358416958335,0.0180686361072075,-0.0172700473146896));
#3896=CARTESIAN_POINT('',(0.00384786265892115,0.0179105696657012,-0.0171290686669657));
#3897=CARTESIAN_POINT('',(0.00381227335170407,0.0177520856104185,-0.0169884531033027));
#3898=CARTESIAN_POINT('',(0.00377681094617298,0.0175931825058525,-0.0168482093343913));
#3899=CARTESIAN_POINT('',(0.00374146916777303,0.0174338575894399,-0.0167083492072392));
#3900=CARTESIAN_POINT('',(0.00370624142523073,0.0172741123135676,-0.0165688842978494));
#3901=CARTESIAN_POINT('',(0.00367112097711067,0.0171139511335064,-0.0164298262038651));
#3902=CARTESIAN_POINT('',(0.00362442764429807,0.0168998565669451,-0.0162449738388318));
#3903=CARTESIAN_POINT('',(0.0035430414203252,0.0165237832868106,-0.0159229907177033));
#3904=CARTESIAN_POINT('',(0.00342756450035378,0.0159827136994682,-0.0154675482589535));
#3905=CARTESIAN_POINT('',(0.00324381785891016,0.0151101017802847,-0.0147491141592571));
#3906=CARTESIAN_POINT('',(0.00301474818811154,0.0140095172574834,-0.0138702981804383));
#3907=CARTESIAN_POINT('',(0.0027373309739108,0.0126845899146376,-0.0128408232340496));
#3908=CARTESIAN_POINT('',(0.00245591263572624,0.0113661483864627,-0.0118256469194127));
#3909=CARTESIAN_POINT('',(0.00217168274079024,0.0100630894364527,-0.0108121406689113));
#3910=CARTESIAN_POINT('',(0.00193513610782324,0.0089966273567511,-0.00995957987828031));
#3911=CARTESIAN_POINT('',(0.00174796921969441,0.00815898574949281,-0.0092690584771005));
#3912=CARTESIAN_POINT('',(0.00156272652864265,0.00733291708127112,-0.00857221342371587));
#3913=CARTESIAN_POINT('',(0.00138097415730812,0.00652580071674275,-0.00786526511298853));
#3914=CARTESIAN_POINT('',(0.00120297562453435,0.0057391630824765,-0.00714684034039939));
#3915=CARTESIAN_POINT('',(0.00107116168378458,0.00515913907354995,-0.00660146661209749));
#3916=CARTESIAN_POINT('',(0.000940833068932002,0.00458824204615175,-0.00604813620390001));
#3917=CARTESIAN_POINT('',(0.000768725702361512,0.003837420786817,-0.00529657526244052));
#3918=CARTESIAN_POINT('',(0.000556185500154832,0.00291228089535127,-0.0043238140350985));
#3919=CARTESIAN_POINT('',(0.000320353845096738,0.00180312824991511,-0.00308367015732194));
#3920=CARTESIAN_POINT('',(0.000129966277692799,0.000682857284232964,-0.0017694832853914));
#3921=CARTESIAN_POINT('',(3.50782054687608E-5,-7.17938631866859E-5,-0.000852879879136848));
#3922=CARTESIAN_POINT('',(-1.1504284733011E-6,-0.000450336430538484,-0.000384764408761609));
#3923=CARTESIAN_POINT('',(0.00519661092613094,0.0191775142488167,-0.0180692005038278));
#3924=CARTESIAN_POINT('',(0.00518376411520628,0.0191253296911353,-0.0180213914237437));
#3925=CARTESIAN_POINT('',(0.00515812265998377,0.0190207903232848,-0.0179259256843458));
#3926=CARTESIAN_POINT('',(0.00511981816030005,0.0188634702681848,-0.0177831836255321));
#3927=CARTESIAN_POINT('',(0.00508167381901813,0.0187056394604922,-0.01764089649622));
#3928=CARTESIAN_POINT('',(0.00503103375808781,0.0184945194368867,-0.01745178822747));
#3929=CARTESIAN_POINT('',(0.00498073747714776,0.0182823622318243,-0.0172636146748088));
#3930=CARTESIAN_POINT('',(0.00493075670519829,0.0180691491885362,-0.0170764169435008));
#3931=CARTESIAN_POINT('',(0.00489342338947564,0.0179087088391454,-0.0169365191317645));
#3932=CARTESIAN_POINT('',(0.00485623706579456,0.0177477335346711,-0.0167971378889999));
#3933=CARTESIAN_POINT('',(0.00481919169121897,0.0175862197720458,-0.0166582921675858));
#3934=CARTESIAN_POINT('',(0.00478227961320673,0.0174241663059948,-0.0165200013152085));
#3935=CARTESIAN_POINT('',(0.00474549200356249,0.0172615722524072,-0.0163822856470063));
#3936=CARTESIAN_POINT('',(0.00470881926331266,0.0170984382528044,-0.016245165292361));
#3937=CARTESIAN_POINT('',(0.00466006196054094,0.0168802102865896,-0.0160631572275697));
#3938=CARTESIAN_POINT('',(0.00457506680290228,0.0164964511520959,-0.0157468538471991));
#3939=CARTESIAN_POINT('',(0.00445437266081711,0.0159430884355151,-0.015301597198494));
#3940=CARTESIAN_POINT('',(0.00426184984864389,0.0150480437825399,-0.0146039166748829));
#3941=CARTESIAN_POINT('',(0.00402039321644212,0.01391443473497,-0.0137591176508737));
#3942=CARTESIAN_POINT('',(0.00372356225407144,0.0125423539525986,-0.0127819304842406));
#3943=CARTESIAN_POINT('',(0.00341616826114213,0.0111693379135183,-0.0118288434346822));
#3944=CARTESIAN_POINT('',(0.00309825419166454,0.00980438665314289,-0.0108853205317585));
#3945=CARTESIAN_POINT('',(0.00282692859141397,0.00868063423082906,-0.0100960186638644));
#3946=CARTESIAN_POINT('',(0.00260799921738361,0.00779420844773705,-0.00945843729930147));
#3947=CARTESIAN_POINT('',(0.00238842897851802,0.00691756439984343,-0.00881606756857377));
#3948=CARTESIAN_POINT('',(0.00216857014516926,0.00605741168522724,-0.0081661040136597));
#3949=CARTESIAN_POINT('',(0.00194810627892025,0.00521547597129979,-0.00750816486029636));
#3950=CARTESIAN_POINT('',(0.00178176328495739,0.00459282664826526,-0.00701020122691928));
#3951=CARTESIAN_POINT('',(0.00161326043408565,0.00397801545106564,-0.00650651108212831));
#3952=CARTESIAN_POINT('',(0.00138421134147704,0.0031666723212644,-0.00582473647728035));
#3953=CARTESIAN_POINT('',(0.00108607579223137,0.00216353348101375,-0.00494430486815978));
#3954=CARTESIAN_POINT('',(0.000707907396022499,0.000956465923897381,-0.00381321203667159));
#3955=CARTESIAN_POINT('',(0.00033437294518259,-0.000247279958965168,-0.00259860681741415));
#3956=CARTESIAN_POINT('',(9.9380880676342E-5,-0.00104467388654513,-0.00174278208189648));
#3957=CARTESIAN_POINT('',(-1.20007891740262E-5,-0.00144377107419359,-0.00130947490276711));
#3958=CARTESIAN_POINT('',(0.00598801743643081,0.0191826836932812,-0.0179241915397445));
#3959=CARTESIAN_POINT('',(0.00597476184145091,0.0191300873171848,-0.0178763773726582));
#3960=CARTESIAN_POINT('',(0.00594830467049536,0.0190246973201247,-0.0177809384923713));
#3961=CARTESIAN_POINT('',(0.00590878000896079,0.0188660203335971,-0.0176383476176626));
#3962=CARTESIAN_POINT('',(0.00586942305044071,0.0187067491527334,-0.0174963220072649));
#3963=CARTESIAN_POINT('',(0.00581720203194756,0.018493590629201,-0.0173076984051322));
#3964=CARTESIAN_POINT('',(0.00576536566169029,0.0182792411149519,-0.0171201811052249));
#3965=CARTESIAN_POINT('',(0.00571388724465141,0.018063671314958,-0.0169338364219631));
#3966=CARTESIAN_POINT('',(0.00567544684645732,0.0179013748267853,-0.0167946901818255));
#3967=CARTESIAN_POINT('',(0.00563716400922078,0.0177384520970818,-0.0166561837493119));
#3968=CARTESIAN_POINT('',(0.00559902771308366,0.0175748971833849,-0.0165183448559036));
#3969=CARTESIAN_POINT('',(0.00556102706386506,0.01741070532257,-0.0163812013011485));
#3970=CARTESIAN_POINT('',(0.00552315104769515,0.0172458747020456,-0.0162447792263945));
#3971=CARTESIAN_POINT('',(0.00548538843792687,0.0170804062196643,-0.0161091027477399));
#3972=CARTESIAN_POINT('',(0.00543517422341035,0.0168589357925657,-0.0159292239746493));
#3973=CARTESIAN_POINT('',(0.00534761518585335,0.0164691640405668,-0.0156171892795661));
#3974=CARTESIAN_POINT('',(0.00522319012206183,0.0159062694665243,-0.0151795901872274));
#3975=CARTESIAN_POINT('',(0.00502438776617859,0.014994102869294,-0.0144973878040945));
#3976=CARTESIAN_POINT('',(0.00477405217413583,0.0138358002964912,-0.0136776834648022));
#3977=CARTESIAN_POINT('',(0.00446310620749972,0.012429006463933,-0.0127389456508852));
#3978=CARTESIAN_POINT('',(0.00413657154412207,0.0110160404934233,-0.0118318011162755));
#3979=CARTESIAN_POINT('',(0.00379361956607538,0.00960572563131901,-0.0109405334366944));
#3980=CARTESIAN_POINT('',(0.00349622107336891,0.00843976249206021,-0.0101987919711142));
#3981=CARTESIAN_POINT('',(0.00325326173836103,0.00751727158150652,-0.00960109417385827));
#3982=CARTESIAN_POINT('',(0.00300756776227616,0.00660318929666795,-0.00899978682138962));
#3983=CARTESIAN_POINT('',(0.00275848142079496,0.00570374350727939,-0.0083928003268162));
#3984=CARTESIAN_POINT('',(0.00250539085096177,0.00482093608362269,-0.00778057541042405));
#3985=CARTESIAN_POINT('',(0.00231249088801717,0.00416685971763496,-0.00731850011321978));
#3986=CARTESIAN_POINT('',(0.00211476481279366,0.00351988978656439,-0.00685248057896292));
#3987=CARTESIAN_POINT('',(0.00184140461812603,0.00266435936849722,-0.00622306356246742));
#3988=CARTESIAN_POINT('',(0.00147827252917362,0.00160460890569105,-0.00541396020207222));
#3989=CARTESIAN_POINT('',(0.000991307711806059,0.000331480911688596,-0.00436107363633524));
#3990=CARTESIAN_POINT('',(0.000488512852317582,-0.000928974805682502,-0.0032233236697293));
#3991=CARTESIAN_POINT('',(0.000162974694983248,-0.00175652439711589,-0.00241566031341694));
#3992=CARTESIAN_POINT('',(3.53007589964402E-6,-0.00216976897330975,-0.00200431483215374));
#3993=CARTESIAN_POINT('',(0.0066447110135548,0.0191811649292611,-0.0178067291424836));
#3994=CARTESIAN_POINT('',(0.0066311740023542,0.019128209465766,-0.0177588679908));
#3995=CARTESIAN_POINT('',(0.00660416185401604,0.0190220764600759,-0.0176633704882749));
#3996=CARTESIAN_POINT('',(0.00656382897259164,0.0188622125100057,-0.0175207948503491));
#3997=CARTESIAN_POINT('',(0.00652367650031761,0.018701686727026,-0.017378876852634));
#3998=CARTESIAN_POINT('',(0.00647037060136244,0.0184867679254551,-0.0171905111642769));
#3999=CARTESIAN_POINT('',(0.00641741917350847,0.0182705106864951,-0.0170034491623916));
#4000=CARTESIAN_POINT('',(0.00636481957382854,0.0180528835895399,-0.0168177784173912));
#4001=CARTESIAN_POINT('',(0.00632553746298827,0.0178889674813836,-0.016679251859764));
#4002=CARTESIAN_POINT('',(0.00628641168608785,0.017724345209212,-0.0165414844197751));
#4003=CARTESIAN_POINT('',(0.00624743015608989,0.0175590089034188,-0.0164045081352628));
#4004=CARTESIAN_POINT('',(0.00620858072101119,0.0173929542007384,-0.0162683526951804));
#4005=CARTESIAN_POINT('',(0.00616985152738268,0.0172261799490889,-0.0161330451687866));
#4006=CARTESIAN_POINT('',(0.00613123097070449,0.0170586884848251,-0.0159986095508207));
#4007=CARTESIAN_POINT('',(0.0060798663287994,0.0168344178618015,-0.0158205523171477));
#4008=CARTESIAN_POINT('',(0.00599027684480578,0.0164394847780326,-0.0155121382095151));
#4009=CARTESIAN_POINT('',(0.00586289714815251,0.0158685227358529,-0.0150809102914433));
#4010=CARTESIAN_POINT('',(0.00565915249056458,0.0149421283208367,-0.0144113087907465));
#4011=CARTESIAN_POINT('',(0.00540185401425889,0.0137636959252122,-0.0136116752169261));
#4012=CARTESIAN_POINT('',(0.00507969014968047,0.0123288657081182,-0.0127036867714628));
#4013=CARTESIAN_POINT('',(0.00473774148375838,0.0108836939924955,-0.0118337439523366));
#4014=CARTESIAN_POINT('',(0.0043744433126642,0.0094366968807008,-0.0109854560348969));
#4015=CARTESIAN_POINT('',(0.00405564414802042,0.00823637909175151,-0.0102833269121164));
#4016=CARTESIAN_POINT('',(0.0037927286938888,0.00728444338285366,-0.00971901103124182));
#4017=CARTESIAN_POINT('',(0.00352516898437237,0.00633976706664852,-0.00915213900123735));
#4018=CARTESIAN_POINT('',(0.0032513948929723,0.00540823184973637,-0.00858124618735866));
#4019=CARTESIAN_POINT('',(0.00297070861827899,0.00449209815011923,-0.00800752368430651));
#4020=CARTESIAN_POINT('',(0.00275546149693672,0.00381249317880376,-0.00757572668361492));
#4021=CARTESIAN_POINT('',(0.00253313475218564,0.00313946030469843,-0.0071415214309049));
#4022=CARTESIAN_POINT('',(0.00222309386344185,0.00224878848313544,-0.00655628287543548));
#4023=CARTESIAN_POINT('',(0.00180316007658705,0.00114259912907658,-0.00580565707334681));
#4024=CARTESIAN_POINT('',(0.0012318392631385,-0.000180107055181545,-0.00481957722186154));
#4025=CARTESIAN_POINT('',(0.000634303001092635,-0.00148483673720281,-0.00374654226945549));
#4026=CARTESIAN_POINT('',(0.00024261651215894,-0.0023360279298133,-0.00297974932867702));
#4027=CARTESIAN_POINT('',(4.77398432756843E-5,-0.00276086131498507,-0.00258712158123085));
#4028=CARTESIAN_POINT('',(0.00716871842532635,0.0191750722444179,-0.0177155299557645));
#4029=CARTESIAN_POINT('',(0.00715497540246263,0.0191218349779439,-0.0176675891852526));
#4030=CARTESIAN_POINT('',(0.00712754835618664,0.0190151138355961,-0.0175719683561295));
#4031=CARTESIAN_POINT('',(0.00708659762938796,0.0188542961862565,-0.0174293112369558));
#4032=CARTESIAN_POINT('',(0.00704583486168055,0.018692751818197,-0.0172874091431487));
#4033=CARTESIAN_POINT('',(0.00699172907724098,0.0184763970562801,-0.0170991983101833));
#4034=CARTESIAN_POINT('',(0.00693799683912291,0.0182585879381702,-0.0169124887887892));
#4035=CARTESIAN_POINT('',(0.00688459716453985,0.0180392724277506,-0.0167273845610376));
#4036=CARTESIAN_POINT('',(0.00684470107791666,0.0178740208837545,-0.0165893903144975));
#4037=CARTESIAN_POINT('',(0.0068049477672229,0.017707995966884,-0.0164522604365633));
#4038=CARTESIAN_POINT('',(0.00676532708093422,0.0175411928136303,-0.0163160234632004));
#4039=CARTESIAN_POINT('',(0.00672582927558472,0.0173736101124977,-0.0161807056360546));
#4040=CARTESIAN_POINT('',(0.00668644468630627,0.0172052501214465,-0.0160463304800114));
#4041=CARTESIAN_POINT('',(0.00664716346818408,0.0170361182848043,-0.0159129187708325));
#4042=CARTESIAN_POINT('',(0.0065949126558467,0.0168095912023713,-0.0157363450894427));
#4043=CARTESIAN_POINT('',(0.00650376148093216,0.0164105353151139,-0.0154308295531837));
#4044=CARTESIAN_POINT('',(0.00637412408341526,0.0158332223170437,-0.0150045688004409));
#4045=CARTESIAN_POINT('',(0.0061666311153524,0.014895758888447,-0.014344591982297));
#4046=CARTESIAN_POINT('',(0.00590406731959178,0.0137017881836623,-0.0135600978019351));
#4047=CARTESIAN_POINT('',(0.0055733470910085,0.0122452770700382,-0.0126754578440842));
#4048=CARTESIAN_POINT('',(0.00521955439200805,0.0107751416024996,-0.0118342232530837));
#4049=CARTESIAN_POINT('',(0.00484052272778672,0.00929961125555826,-0.011019708467533));
#4050=CARTESIAN_POINT('',(0.0045050430599628,0.00807242025782702,-0.0103491671824415));
#4051=CARTESIAN_POINT('',(0.00422640524306101,0.00709740661685843,-0.00981164606997498));
#4052=CARTESIAN_POINT('',(0.00394150092844912,0.00612875806926526,-0.0092724850126533));
#4053=CARTESIAN_POINT('',(0.00364797824264561,0.00517212114386522,-0.00873070945755718));
#4054=CARTESIAN_POINT('',(0.0033452617421639,0.0042299994071589,-0.00818810258764184));
#4055=CARTESIAN_POINT('',(0.00311224179920473,0.00353047771487893,-0.00778087029514899));
#4056=CARTESIAN_POINT('',(0.00287060321187576,0.00283726714676349,-0.00737244470820851));
#4057=CARTESIAN_POINT('',(0.00253182317982083,0.00191933154518393,-0.00682333035471219));
#4058=CARTESIAN_POINT('',(0.00206736489160901,0.00077808878101219,-0.00611878559641945));
#4059=CARTESIAN_POINT('',(0.00143422704064221,-0.000581996072407135,-0.00518835227010851));
#4060=CARTESIAN_POINT('',(0.000769839722333951,-0.001919066649925,-0.00416599557314445));
#4061=CARTESIAN_POINT('',(0.000328290739567418,-0.00279051863657438,-0.0034318543775327));
#4062=CARTESIAN_POINT('',(0.000107627108956397,-0.00322445946406494,-0.00305439197846275));
#4063=CARTESIAN_POINT('',(0.00756098034700407,0.0191675636970075,-0.0176488315492636));
#4064=CARTESIAN_POINT('',(0.00754710783276025,0.019114126370693,-0.0176008069828527));
#4065=CARTESIAN_POINT('',(0.00751941390566947,0.0190069819381537,-0.017505052069242));
#4066=CARTESIAN_POINT('',(0.00747802392917442,0.0188454647872334,-0.0173622925052463));
#4067=CARTESIAN_POINT('',(0.00743684242495427,0.018683169745886,-0.0172203699499976));
#4068=CARTESIAN_POINT('',(0.00738221668034492,0.0184657449851465,-0.017032246078711));
#4069=CARTESIAN_POINT('',(0.00732795127215332,0.0182467534000722,-0.0168458138130991));
#4070=CARTESIAN_POINT('',(0.00727397864128245,0.0180261434523708,-0.016661169180237));
#4071=CARTESIAN_POINT('',(0.00723363726393936,0.0178598686276048,-0.0165236045304512));
#4072=CARTESIAN_POINT('',(0.00719342628122206,0.0176927726335614,-0.0163869826617738));
#4073=CARTESIAN_POINT('',(0.00715333847305829,0.0175248552200495,-0.016251326279986));
#4074=CARTESIAN_POINT('',(0.00711336660309684,0.0173561190864104,-0.0161166566410128));
#4075=CARTESIAN_POINT('',(0.0070735030660096,0.0171865694531129,-0.0159829934108442));
#4076=CARTESIAN_POINT('',(0.00703373960385346,0.0170162139531886,-0.0158503543868686));
#4077=CARTESIAN_POINT('',(0.00698084291316661,0.0167880120620994,-0.0156748889316994));
#4078=CARTESIAN_POINT('',(0.00688855638965052,0.0163859156894866,-0.0153715114189478));
#4079=CARTESIAN_POINT('',(0.00675728597874904,0.0158039601501492,-0.0149488499663211));
#4080=CARTESIAN_POINT('',(0.00654709284133323,0.0148584458426186,-0.0142957639449811));
#4081=CARTESIAN_POINT('',(0.00628073847082593,0.0136531845989899,-0.0135220446383077));
#4082=CARTESIAN_POINT('',(0.00594382891922345,0.0121808366370376,-0.0126541601261698));
#4083=CARTESIAN_POINT('',(0.00558144073880336,0.0106924103782801,-0.0118338191679402));
#4084=CARTESIAN_POINT('',(0.00519094459708017,0.00919591893386384,-0.011044250782364));
#4085=CARTESIAN_POINT('',(0.00484324356962608,0.00794890674864354,-0.01039732211564));
#4086=CARTESIAN_POINT('',(0.00455299599447858,0.00695685319516729,-0.00987993957023323));
#4087=CARTESIAN_POINT('',(0.00425521749085741,0.00597051139649526,-0.00936165464452588));
#4088=CARTESIAN_POINT('',(0.00394695568809768,0.00499538840571969,-0.00884184978611194));
#4089=CARTESIAN_POINT('',(0.00362782315074128,0.00403417144749258,-0.00832276614070124));
#4090=CARTESIAN_POINT('',(0.00338162414511819,0.00332003649552116,-0.00793411784448782));
#4091=CARTESIAN_POINT('',(0.00312576457465926,0.00261200647490039,-0.00754530587453168));
#4092=CARTESIAN_POINT('',(0.00276601648297897,0.00167422302123566,-0.00702349674461157));
#4093=CARTESIAN_POINT('',(0.00226917669212004,0.000507698645768492,-0.00635399015653649));
#4094=CARTESIAN_POINT('',(0.00159298345029057,-0.000879121264411876,-0.0054656240386069));
#4095=CARTESIAN_POINT('',(0.000881944612373034,-0.0022394628138866,-0.00448068343822665));
#4096=CARTESIAN_POINT('',(0.00040490782951072,-0.00312623775579394,-0.00377092785631312));
#4097=CARTESIAN_POINT('',(0.000165890972170805,-0.0035671392827531,-0.00340490330388673));
#4098=CARTESIAN_POINT('',(0.00795241625545354,0.0191565033373516,-0.0175842634102301));
#4099=CARTESIAN_POINT('',(0.0079384551799451,0.0191028895213099,-0.017536126343228));
#4100=CARTESIAN_POINT('',(0.00791057683508805,0.018995363145028,-0.0174401868969371));
#4101=CARTESIAN_POINT('',(0.00786890127777219,0.0188331909391572,-0.0172972662333037));
#4102=CARTESIAN_POINT('',(0.00782740355260824,0.0186701683637377,-0.0171552990167675));
#4103=CARTESIAN_POINT('',(0.00777228830721522,0.0184516775538936,-0.0169672749727764));
#4104=CARTESIAN_POINT('',(0.00771747142380868,0.0182314746569168,-0.0167811704636568));
#4105=CARTESIAN_POINT('',(0.0076629198933527,0.0180095396227082,-0.016597037337856));
#4106=CARTESIAN_POINT('',(0.0076221339376852,0.0178422256519343,-0.0164599350109962));
#4107=CARTESIAN_POINT('',(0.00758147070146929,0.0176740538731619,-0.0163238438798262));
#4108=CARTESIAN_POINT('',(0.00754092502475138,0.0175050296734494,-0.0161887794338965));
#4109=CARTESIAN_POINT('',(0.00750049133996188,0.0173351589190612,-0.0160547581676746));
#4110=CARTESIAN_POINT('',(0.00746016338122751,0.0171644483886559,-0.0159217965670877));
#4111=CARTESIAN_POINT('',(0.00741993392141565,0.0169929062351678,-0.0157899102968308));
#4112=CARTESIAN_POINT('',(0.00736641475844254,0.0167630877743863,-0.0156155147080797));
#4113=CARTESIAN_POINT('',(0.00727303734363468,0.0163580713610371,-0.0153141795971773));
#4114=CARTESIAN_POINT('',(0.00714020339806586,0.0157716781605059,-0.0148949108144636));
#4115=CARTESIAN_POINT('',(0.00692742780806431,0.0148184680360639,-0.0142482721238521));
#4116=CARTESIAN_POINT('',(0.00665744241405647,0.0136023582359221,-0.0134846201426708));
#4117=CARTESIAN_POINT('',(0.00631458690672904,0.0121146416899162,-0.0126326014263566));
#4118=CARTESIAN_POINT('',(0.00594393696916073,0.0106083826563844,-0.0118324001749473));
#4119=CARTESIAN_POINT('',(0.00554237853830669,0.00909139812924882,-0.0110673098228563));
#4120=CARTESIAN_POINT('',(0.00518281877169882,0.0078249265106839,-0.0104438824906499));
#4121=CARTESIAN_POINT('',(0.00488120776770457,0.00681612983527646,-0.00994667800392649));
#4122=CARTESIAN_POINT('',(0.0045707580666192,0.00581241749795464,-0.0094493692540384));
#4123=CARTESIAN_POINT('',(0.00424790322371542,0.00481919950928184,-0.00895168618158011));
#4124=CARTESIAN_POINT('',(0.00391256756247046,0.00383935648501367,-0.00845632404863345));
#4125=CARTESIAN_POINT('',(0.0036534243161676,0.00311099586672535,-0.00808643440104182));
#4126=CARTESIAN_POINT('',(0.0033837272438138,0.00238850104887029,-0.00771751616177921));
#4127=CARTESIAN_POINT('',(0.0030038032738559,0.00143150736181856,-0.00722329578716007));
#4128=CARTESIAN_POINT('',(0.00247624353544751,0.000240847205295923,-0.00658953249545784));
#4129=CARTESIAN_POINT('',(0.00176022852853444,-0.00117144023031329,-0.00574283456991655));
#4130=CARTESIAN_POINT('',(0.00100544297365994,-0.0025544014517119,-0.00479500132330875));
#4131=CARTESIAN_POINT('',(0.000494818514700722,-0.00345643938255258,-0.00410948178268858));
#4132=CARTESIAN_POINT('',(0.000238394301070088,-0.00390439423891137,-0.00375492567513459));
#4133=CARTESIAN_POINT('',(0.00834328318092657,0.0191410988865008,-0.0175224167624343));
#4134=CARTESIAN_POINT('',(0.00832924979759864,0.019087347577488,-0.0174741381605393));
#4135=CARTESIAN_POINT('',(0.00830123547343175,0.0189795017265347,-0.0173779687926158));
#4136=CARTESIAN_POINT('',(0.00825933597437196,0.0188167362008077,-0.017234854935308));
#4137=CARTESIAN_POINT('',(0.00821751153496798,0.0186530177597388,-0.0170928491905561));
#4138=CARTESIAN_POINT('',(0.00816188050478842,0.0184334556486411,-0.0169049711530431));
#4139=CARTESIAN_POINT('',(0.00810649403855959,0.0182120015730792,-0.0167192648654695));
#4140=CARTESIAN_POINT('',(0.00805136613327841,0.0179887394237309,-0.0165356749810938));
#4141=CARTESIAN_POINT('',(0.00801014467107982,0.0178204072759841,-0.0163990370365513));
#4142=CARTESIAN_POINT('',(0.00796904311353739,0.0176512008397364,-0.0162634597564158));
#4143=CARTESIAN_POINT('',(0.00792805694994514,0.017481126902159,-0.0161289554468986));
#4144=CARTESIAN_POINT('',(0.00788718131181673,0.0173101902565529,-0.0159955393177274));
#4145=CARTESIAN_POINT('',(0.00784641055761506,0.0171383956016984,-0.0158632272375078));
#4146=CARTESIAN_POINT('',(0.00780573791417155,0.0169657488592346,-0.015732034342034));
#4147=CARTESIAN_POINT('',(0.00775162764769855,0.0167344276493196,-0.0155586209971151));
#4148=CARTESIAN_POINT('',(0.00765721539884115,0.0163266969992425,-0.0152591546718742));
#4149=CARTESIAN_POINT('',(0.00752289645894316,0.0157361630500111,-0.0148429790291468));
#4150=CARTESIAN_POINT('',(0.00730765855195897,0.0147757184138826,-0.0142022208647642));
#4151=CARTESIAN_POINT('',(0.00703419686068041,0.0135492728159004,-0.0134478002837061));
#4152=CARTESIAN_POINT('',(0.00668564998147032,0.0120466934674171,-0.0126106249558849));
#4153=CARTESIAN_POINT('',(0.00630712057611234,0.010523078143883,-0.01182968960414));
#4154=CARTESIAN_POINT('',(0.00589497073371919,0.00898609385468523,-0.0110885165433084));
#4155=CARTESIAN_POINT('',(0.00552399043715186,0.00770055090186014,-0.0104884398599064));
#4156=CARTESIAN_POINT('',(0.00521132965009387,0.0066753359527483,-0.0100114467586171));
#4157=CARTESIAN_POINT('',(0.00488848329781399,0.00565460986606634,-0.00953521932213454));
#4158=CARTESIAN_POINT('',(0.00455126245354556,0.00464373990202872,-0.00905982605220388));
#4159=CARTESIAN_POINT('',(0.00420005015172764,0.00364580860737032,-0.00858838880360575));
#4160=CARTESIAN_POINT('',(0.003928295574359,0.00290368613933148,-0.00823744536307065));
#4161=CARTESIAN_POINT('',(0.00364524788192573,0.00216716454512368,-0.00788863637642118));
#4162=CARTESIAN_POINT('',(0.00324615627469131,0.00119156116720228,-0.00742246533189116));
#4163=CARTESIAN_POINT('',(0.0026899784709975,-2.19334669763274E-5,-0.00682482208555468));
#4164=CARTESIAN_POINT('',(0.00193726339727682,-0.00145848444880835,-0.00601895797339158));
#4165=CARTESIAN_POINT('',(0.00114100387760592,-0.00286369863051782,-0.00510839764219131));
#4166=CARTESIAN_POINT('',(0.000598711780222626,-0.00378085177768732,-0.00444687645364167));
#4167=CARTESIAN_POINT('',(0.000325751313498771,-0.00423589792412597,-0.00410384075647632));
#4168=CARTESIAN_POINT('',(0.00866890918380404,0.019123733059068,-0.0174739121028758));
#4169=CARTESIAN_POINT('',(0.00865473723281245,0.019069915428859,-0.0174254925025376));
#4170=CARTESIAN_POINT('',(0.0086264656838819,0.0189618890678853,-0.0173290983978642));
#4171=CARTESIAN_POINT('',(0.00858420708250718,0.0187987037122109,-0.0171858173432544));
#4172=CARTESIAN_POINT('',(0.00854204463977551,0.0186344065098942,-0.0170438149311625));
#4173=CARTESIAN_POINT('',(0.00848597887309962,0.0184139254860211,-0.0168561167344671));
#4174=CARTESIAN_POINT('',(0.00843016176592811,0.0181914567202862,-0.016670740894307));
#4175=CARTESIAN_POINT('',(0.00837459214580601,0.0179671887388847,-0.016487534274461));
#4176=CARTESIAN_POINT('',(0.00833303472141482,0.017798105654085,-0.016351210975296));
#4177=CARTESIAN_POINT('',(0.00829159392530699,0.017628146727868,-0.0162159793282588));
#4178=CARTESIAN_POINT('',(0.00825026650758453,0.0174573130088012,-0.0160818550457894));
#4179=CARTESIAN_POINT('',(0.00820904849005115,0.0172856042187148,-0.0159488552710304));
#4180=CARTESIAN_POINT('',(0.00816793470928229,0.0171130210643364,-0.0158169963090707));
#4181=CARTESIAN_POINT('',(0.00812691854046241,0.0169395664643325,-0.0156862927457531));
#4182=CARTESIAN_POINT('',(0.00807234946348137,0.016707139342968,-0.0155135788036932));
#4183=CARTESIAN_POINT('',(0.00797713142146681,0.0162973922246701,-0.0152154562256562));
#4184=CARTESIAN_POINT('',(0.00784164537273702,0.0157037283317192,-0.0148015308841901));
#4185=CARTESIAN_POINT('',(0.00762445154314913,0.014737720405788,-0.0141651018830828));
#4186=CARTESIAN_POINT('',(0.00734821244971805,0.0135031354704495,-0.0134175764624403));
#4187=CARTESIAN_POINT('',(0.00699514024959189,0.0119886164248933,-0.0125918131543199));
#4188=CARTESIAN_POINT('',(0.00661040586867787,0.0104509427037086,-0.0118261034064588));
#4189=CARTESIAN_POINT('',(0.00618988069315436,0.00889771932494562,-0.0111043109722587));
#4190=CARTESIAN_POINT('',(0.00580981049051672,0.00759662869131165,-0.0105235278932062));
#4191=CARTESIAN_POINT('',(0.00548826039619624,0.00655802324677381,-0.0100633971954265));
#4192=CARTESIAN_POINT('',(0.00515536982015602,0.00552344666341833,-0.00960482626074419));
#4193=CARTESIAN_POINT('',(0.00480644178113303,0.00449826739499526,-0.0091481601644723));
#4194=CARTESIAN_POINT('',(0.00444236132512083,0.00348577442938243,-0.00869682907128348));
#4195=CARTESIAN_POINT('',(0.0041604807862653,0.00273260433563009,-0.0083618340254006));
#4196=CARTESIAN_POINT('',(0.00386676819533061,0.00198491408327848,-0.00802990539080857));
#4197=CARTESIAN_POINT('',(0.00345272008291548,0.000994218268761912,-0.00758751619304266));
#4198=CARTESIAN_POINT('',(0.00287476435764471,-0.00023698415849832,-0.00701989355833243));
#4199=CARTESIAN_POINT('',(0.00209367141204567,-0.00169292489864362,-0.00624739314993373));
#4200=CARTESIAN_POINT('',(0.00126447262799529,-0.0031166763708708,-0.00536814686624807));
#4201=CARTESIAN_POINT('',(0.000697288845407492,-0.00404617965217626,-0.0047265105545702));
#4202=CARTESIAN_POINT('',(0.000411236711247276,-0.00450716789522549,-0.004393108012366));
#4203=CARTESIAN_POINT('',(0.00892938619108315,0.0191064477897973,-0.0174376261815176));
#4204=CARTESIAN_POINT('',(0.008915041124764,0.0190525924165363,-0.017389078757686));
#4205=CARTESIAN_POINT('',(0.00888644587076965,0.0189444484526018,-0.0172924852904229));
#4206=CARTESIAN_POINT('',(0.00884379229740792,0.018780931067639,-0.0171490788510284));
#4207=CARTESIAN_POINT('',(0.00880132956098752,0.0186161752241354,-0.0170070899132842));
#4208=CARTESIAN_POINT('',(0.0087449203252,0.0183950328477821,-0.0168194858168297));
#4209=CARTESIAN_POINT('',(0.00868878220100203,0.0181719171186789,-0.0166342336868203));
#4210=CARTESIAN_POINT('',(0.00863288184885051,0.0179470204195704,-0.0164511849289372));
#4211=CARTESIAN_POINT('',(0.0085910730536108,0.0177774640420933,-0.0163150079628363));
#4212=CARTESIAN_POINT('',(0.00854937902623044,0.0176070222953124,-0.0161799566593589));
#4213=CARTESIAN_POINT('',(0.00850779746247281,0.0174356910311742,-0.0160460491250593));
#4214=CARTESIAN_POINT('',(0.00846632474094783,0.0172634667818665,-0.0159133022249637));
#4215=CARTESIAN_POINT('',(0.00842495564584232,0.0170903483094805,-0.0157817305128868));
#4216=CARTESIAN_POINT('',(0.00838368327217432,0.0169163372194073,-0.0156513462776974));
#4217=CARTESIAN_POINT('',(0.00832877089201953,0.0166831386026023,-0.0154790979314996));
#4218=CARTESIAN_POINT('',(0.00823294619036286,0.0162719614322094,-0.0151818883572686));
#4219=CARTESIAN_POINT('',(0.00809656861396038,0.0156760207447975,-0.0147695277211382));
#4220=CARTESIAN_POINT('',(0.00787785998519656,0.0147058790699786,-0.0141361692067319));
#4221=CARTESIAN_POINT('',(0.00759946218928737,0.0134650840142903,-0.0133936286908064));
#4222=CARTESIAN_POINT('',(0.00724290057264987,0.0119412915746573,-0.0125763629722376));
#4223=CARTESIAN_POINT('',(0.00685344637200494,0.0103926138917292,-0.0118222761727979));
#4224=CARTESIAN_POINT('',(0.00642652607408138,0.00882666221218681,-0.0111156039976102));
#4225=CARTESIAN_POINT('',(0.00603947636930344,0.00751335291948167,-0.010550128447765));
#4226=CARTESIAN_POINT('',(0.0057110379671357,0.00646422171054864,-0.0101034910958986));
#4227=CARTESIAN_POINT('',(0.00537032032544408,0.00541877713726856,-0.00965909937179702));
#4228=CARTESIAN_POINT('',(0.00501222273723246,0.00438240888048013,-0.00921750662538601));
#4229=CARTESIAN_POINT('',(0.00463813215031164,0.00335859731373382,-0.0087823677210854));
#4230=CARTESIAN_POINT('',(0.00434841911171403,0.00259687031586135,-0.00846020687534871));
#4231=CARTESIAN_POINT('',(0.00404654930932784,0.00184060141951046,-0.0081418721228329));
#4232=CARTESIAN_POINT('',(0.00362109925677434,0.000838226210813879,-0.00771858871275704));
#4233=CARTESIAN_POINT('',(0.00302724616261727,-0.000406298996423838,-0.00717492902267999));
#4234=CARTESIAN_POINT('',(0.00222432762319395,-0.00187757759187545,-0.00642871736464376));
#4235=CARTESIAN_POINT('',(0.00136975519492395,-0.00331610950467915,-0.00557466418547575));
#4236=CARTESIAN_POINT('',(0.000783435969483216,-0.00425538602809777,-0.00494893928518609));
#4237=CARTESIAN_POINT('',(0.000487313434957113,-0.00472112013314906,-0.00462326018757652));
#4238=CARTESIAN_POINT('',(0.00918977329575414,0.0190866226106901,-0.0174033297682774));
#4239=CARTESIAN_POINT('',(0.0091752342727159,0.0190327267921753,-0.0173546461808117));
#4240=CARTESIAN_POINT('',(0.00914627406767218,0.0189244752967301,-0.0172578239712585));
#4241=CARTESIAN_POINT('',(0.00910320720107265,0.0187606064993257,-0.0171143022213517));
#4242=CARTESIAN_POINT('',(0.00906043243254393,0.0185954421257369,-0.0169722867012866));
#4243=CARTESIAN_POINT('',(0.00900367168881645,0.0183737778469071,-0.0167846533674407));
#4244=CARTESIAN_POINT('',(0.008947212194652,0.0181501918482771,-0.0165993670745815));
#4245=CARTESIAN_POINT('',(0.00889098837637347,0.0179248194793456,-0.0164163456578926));
#4246=CARTESIAN_POINT('',(0.00884893688994888,0.0177548919425159,-0.016280230820911));
#4247=CARTESIAN_POINT('',(0.00880700072694627,0.0175840579940377,-0.0161452873688899));
#4248=CARTESIAN_POINT('',(0.00876517759601284,0.0174123103999434,-0.0160115329096382));
#4249=CARTESIAN_POINT('',(0.00872346345615181,0.0172396446539818,-0.0158789812618578));
#4250=CARTESIAN_POINT('',(0.00868185240994455,0.0170660592835454,-0.0157476430066498));
#4251=CARTESIAN_POINT('',(0.00864033680997814,0.0168915557869136,-0.0156175266090488));
#4252=CARTESIAN_POINT('',(0.00858509755798699,0.0166576661975881,-0.0154456768472836));
#4253=CARTESIAN_POINT('',(0.00848869201842666,0.0162451887169491,-0.0151492649431671));
#4254=CARTESIAN_POINT('',(0.00835145003088208,0.0156471305667868,-0.0147383025295928));
#4255=CARTESIAN_POINT('',(0.00813125584681993,0.0146730747065301,-0.0141077396351867));
#4256=CARTESIAN_POINT('',(0.0078507381206031,0.0134262728808425,-0.0133698153717224));
#4257=CARTESIAN_POINT('',(0.00749077372126089,0.0118933953534791,-0.0125606086916189));
#4258=CARTESIAN_POINT('',(0.00709677203466164,0.010333873996393,-0.0118177536664428));
#4259=CARTESIAN_POINT('',(0.00666367141701336,0.00875537064218381,-0.0111259266329437));
#4260=CARTESIAN_POINT('',(0.00626984838697399,0.00742999291336341,-0.0105756629113466));
#4261=CARTESIAN_POINT('',(0.0059346802727647,0.00637046444042984,-0.0101425177135985));
#4262=CARTESIAN_POINT('',(0.00558628600958772,0.00531429739885628,-0.00971234056581641));
#4263=CARTESIAN_POINT('',(0.00521916176565211,0.0042669196092075,-0.00928588223683679));
#4264=CARTESIAN_POINT('',(0.00483527200031811,0.00323201054922578,-0.00886700724910617));
#4265=CARTESIAN_POINT('',(0.00453791893400723,0.00246192955186012,-0.00855772648432229));
#4266=CARTESIAN_POINT('',(0.00422816976253152,0.00169730835004195,-0.0082530443455557));
#4267=CARTESIAN_POINT('',(0.0037916958416335,0.000683621201968111,-0.00784887486766263));
#4268=CARTESIAN_POINT('',(0.00318299351544013,-0.00057372559251568,-0.00732916580331333));
#4269=CARTESIAN_POINT('',(0.00235870389071975,-0.00206031388974556,-0.00660894212806975));
#4270=CARTESIAN_POINT('',(0.00147941661200786,-0.0035135479396493,-0.00578019159311302));
#4271=CARTESIAN_POINT('',(0.000874444718152963,-0.00446255301029849,-0.00517038489389848));
#4272=CARTESIAN_POINT('',(0.000568516065278013,-0.00493301535895264,-0.00485244823845265));
#4273=CARTESIAN_POINT('',(0.00951486980678158,0.0190567408635345,-0.0173645371850042));
#4274=CARTESIAN_POINT('',(0.00950012299880888,0.0190026956932643,-0.0173157516404719));
#4275=CARTESIAN_POINT('',(0.00947078522577555,0.0188941130276241,-0.0172187871421472));
#4276=CARTESIAN_POINT('',(0.00942725574998677,0.0187298669230702,-0.0170750443686713));
#4277=CARTESIAN_POINT('',(0.00938407908610449,0.0185644839699705,-0.0169327052305674));
#4278=CARTESIAN_POINT('',(0.00932683127749463,0.0183426289289992,-0.0167445923913014));
#4279=CARTESIAN_POINT('',(0.00926993572759577,0.0181188678326519,-0.0165588939969225));
#4280=CARTESIAN_POINT('',(0.00921330617964745,0.0178932166196645,-0.0163756433935482));
#4281=CARTESIAN_POINT('',(0.00917096218098544,0.0177230250003432,-0.0162394465853588));
#4282=CARTESIAN_POINT('',(0.00912874197528848,0.017551873153334,-0.0161045048903527));
#4283=CARTESIAN_POINT('',(0.00908664018665042,0.0173797581537933,-0.0159708254867688));
#4284=CARTESIAN_POINT('',(0.00904464961863146,0.0172066801128387,-0.0158384112403899));
#4285=CARTESIAN_POINT('',(0.00900276168873511,0.0170326409931346,-0.015707263589024));
#4286=CARTESIAN_POINT('',(0.00896096679843058,0.0168576442480428,-0.0155773837961837));
#4287=CARTESIAN_POINT('',(0.00890534998784018,0.0166230457991288,-0.0154059035606483));
#4288=CARTESIAN_POINT('',(0.00880826653047893,0.0162091932444898,-0.0151102652296895));
#4289=CARTESIAN_POINT('',(0.00866999175895043,0.0156087962860486,-0.0147007269345163));
#4290=CARTESIAN_POINT('',(0.00844798605389634,0.0146302680916019,-0.0140731246404915));
#4291=CARTESIAN_POINT('',(0.00816488427053244,0.0133763395399919,-0.0133402572267723));
#4292=CARTESIAN_POINT('',(0.00780082701754345,0.0118324627999477,-0.01254027275361));
#4293=CARTESIAN_POINT('',(0.00740148230517107,0.0102596827803625,-0.0118106884483703));
#4294=CARTESIAN_POINT('',(0.00696108034055181,0.00866582208611459,-0.0111368653701125));
#4295=CARTESIAN_POINT('',(0.00655919622723966,0.00732564780004143,-0.0106054145495158));
#4296=CARTESIAN_POINT('',(0.00621593150348778,0.00625337114031893,-0.0101891253559394));
#4297=CARTESIAN_POINT('',(0.00585824139530133,0.00518408069113194,-0.00977677882129182));
#4298=CARTESIAN_POINT('',(0.00548012961767138,0.00412328920927599,-0.00936935595929064));
#4299=CARTESIAN_POINT('',(0.00508441412238845,0.00307491958182054,-0.00897093805550796));
#4300=CARTESIAN_POINT('',(0.00477791858193939,0.00229479844138606,-0.00867784920323804));
#4301=CARTESIAN_POINT('',(0.00445884184413677,0.0015201391269579,-0.00839030878291109));
#4302=CARTESIAN_POINT('',(0.00400941559524876,0.000493162459091871,-0.00801003990568513));
#4303=CARTESIAN_POINT('',(0.0033839611949241,-0.00077946689925623,-0.0075201843566335));
#4304=CARTESIAN_POINT('',(0.00253369665079515,-0.00228516540890424,-0.00683189854401357));
#4305=CARTESIAN_POINT('',(0.0016247337227225,-0.00375658486090164,-0.00603498715952955));
#4306=CARTESIAN_POINT('',(0.000997304799851926,-0.00471768847958499,-0.00544510359840211));
#4307=CARTESIAN_POINT('',(0.000679603075539953,-0.00519401341148569,-0.00513689292577466));
#4308=CARTESIAN_POINT('',(0.00990450887437939,0.0190115954266625,-0.017325381187651));
#4309=CARTESIAN_POINT('',(0.00988961232867665,0.0189575635462351,-0.0172762622138007));
#4310=CARTESIAN_POINT('',(0.00985998536404804,0.0188491123812399,-0.0171785822404658));
#4311=CARTESIAN_POINT('',(0.00981594057593699,0.0186852687914969,-0.0170336633305899));
#4312=CARTESIAN_POINT('',(0.00977221031758771,0.0185202845239904,-0.0168902643038895));
#4313=CARTESIAN_POINT('',(0.00971426383887965,0.0182988464458711,-0.0167009987477734));
#4314=CARTESIAN_POINT('',(0.009656786621295,0.0180752664162967,-0.016514542921524));
#4315=CARTESIAN_POINT('',(0.00959967097352045,0.017849581034132,-0.0163308400117307));
#4316=CARTESIAN_POINT('',(0.00955699650260637,0.0176792716779421,-0.0161944313987573));
#4317=CARTESIAN_POINT('',(0.00951446850871011,0.0175079258915168,-0.0160593777728937));
#4318=CARTESIAN_POINT('',(0.00947207082922815,0.0173355523819091,-0.0159256658073059));
#4319=CARTESIAN_POINT('',(0.00942978832267792,0.0171621592616223,-0.0157932858385573));
#4320=CARTESIAN_POINT('',(0.00938760720686231,0.0169877535199691,-0.0156622307722236));
#4321=CARTESIAN_POINT('',(0.00934551435049147,0.0168123406216038,-0.015532494842924));
#4322=CARTESIAN_POINT('',(0.0092894907553992,0.0165771202056418,-0.0153612663871353));
#4323=CARTESIAN_POINT('',(0.00919166366986022,0.0161620040289875,-0.0150662113202449));
#4324=CARTESIAN_POINT('',(0.0090522118039868,0.0155592958310599,-0.014657864283473));
#4325=CARTESIAN_POINT('',(0.00882806743819275,0.0145760602736034,-0.0140329307829249));
#4326=CARTESIAN_POINT('',(0.00854194721328854,0.0133141752640587,-0.0133049496779281));
#4327=CARTESIAN_POINT('',(0.00817322707321471,0.0117576782299548,-0.0125145901050679));
#4328=CARTESIAN_POINT('',(0.00776807634751003,0.0101694401482017,-0.0117995948343932));
#4329=CARTESIAN_POINT('',(0.00731965709886414,0.00855767662003373,-0.0111463685026422));
#4330=CARTESIAN_POINT('',(0.00690880003253521,0.00720023512014137,-0.0106370890802998));
#4331=CARTESIAN_POINT('',(0.00655637287211477,0.00611307796749226,-0.0102409839371254));
#4332=CARTESIAN_POINT('',(0.00618805889284791,0.0050285153761959,-0.00985011568245702));
#4333=CARTESIAN_POINT('',(0.00579731820626167,0.0039521931968164,-0.00946572822216248));
#4334=CARTESIAN_POINT('',(0.00538816722794422,0.00288833124384962,-0.0090920342568628));
#4335=CARTESIAN_POINT('',(0.00507148077170533,0.00209676098531295,-0.00881853289934624));
#4336=CARTESIAN_POINT('',(0.00474205395352805,0.00131078549478478,-0.00855159029320582));
#4337=CARTESIAN_POINT('',(0.0042787247947622,0.000269101045749296,-0.00820001423118159));
#4338=CARTESIAN_POINT('',(0.00363503950303378,-0.00102126838917777,-0.0077452983275288));
#4339=CARTESIAN_POINT('',(0.00275503292787321,-0.00254926614016073,-0.0070950295668511));
#4340=CARTESIAN_POINT('',(0.00181217009079412,-0.00404233786479313,-0.00633648548661355));
#4341=CARTESIAN_POINT('',(0.00115914303013915,-0.005017741188819,-0.00577067650866032));
#4342=CARTESIAN_POINT('',(0.000828028133377574,-0.00550103526906687,-0.00547421728345583));
#4343=CARTESIAN_POINT('',(0.0102936622061675,0.0189656522167247,-0.0172836782279782));
#4344=CARTESIAN_POINT('',(0.0102786264373404,0.0189112372949841,-0.0172348106944131));
#4345=CARTESIAN_POINT('',(0.0102486688957763,0.0188021428305844,-0.0171374774481852));
#4346=CARTESIAN_POINT('',(0.0102040659557623,0.018637722536824,-0.0169926754583453));
#4347=CARTESIAN_POINT('',(0.0101598034119582,0.0184724283701173,-0.0168491785131996));
#4348=CARTESIAN_POINT('',(0.0101012334712975,0.0182507440592526,-0.0166596968395736));
#4349=CARTESIAN_POINT('',(0.0100432579241009,0.0180270174909598,-0.0164730183375135));
#4350=CARTESIAN_POINT('',(0.00998572133619681,0.0178011859545885,-0.0162891187940845));
#4351=CARTESIAN_POINT('',(0.00994275937660067,0.0176307541557758,-0.0161525801944972));
#4352=CARTESIAN_POINT('',(0.0098999606627595,0.0174592599736639,-0.0160174233312109));
#4353=CARTESIAN_POINT('',(0.00985730142165503,0.0172867045080029,-0.0158836418552156));
#4354=CARTESIAN_POINT('',(0.00981476039426014,0.0171130926208339,-0.015751229300535));
#4355=CARTESIAN_POINT('',(0.00977231855656179,0.0169384302420553,-0.0156201799547971));
#4356=CARTESIAN_POINT('',(0.00972995861249695,0.0167627223924011,-0.0154904879202201));
#4357=CARTESIAN_POINT('',(0.00967356560482857,0.0165270556292817,-0.0153193662571773));
#4358=CARTESIAN_POINT('',(0.00957505084546084,0.0161109915481146,-0.0150246076041456));
#4359=CARTESIAN_POINT('',(0.00943447035126713,0.0155064446475444,-0.0146169950476439));
#4360=CARTESIAN_POINT('',(0.00920818381540931,0.0145190775576691,-0.0139938554674395));
#4361=CARTESIAN_POINT('',(0.0089191009796395,0.0132498090060845,-0.0132695918563751));
#4362=CARTESIAN_POINT('',(0.00854596107673085,0.011681264852063,-0.0124873550919187));
#4363=CARTESIAN_POINT('',(0.00813566622203642,0.0100779969119892,-0.0117855253319308));
#4364=CARTESIAN_POINT('',(0.00768003658130788,0.00844883593037462,-0.0111517526311355));
#4365=CARTESIAN_POINT('',(0.00726094121202259,0.00707464591636511,-0.0106641475003249));
#4366=CARTESIAN_POINT('',(0.00689993560461787,0.0059730461616963,-0.0102881442068591));
#4367=CARTESIAN_POINT('',(0.00652157398025906,0.00487371271080637,-0.00991880968369581));
#4368=CARTESIAN_POINT('',(0.0061188263637773,0.00378242059711574,-0.00955764400432553));
#4369=CARTESIAN_POINT('',(0.00569707212993567,0.00270369983487471,-0.00920882807560637));
#4370=CARTESIAN_POINT('',(0.00537100754351359,0.00190119162511801,-0.00895502558678375));
#4371=CARTESIAN_POINT('',(0.00503222292279618,0.00110464254507218,-0.00870873652097999));
#4372=CARTESIAN_POINT('',(0.00455638261430966,4.90696241981538E-5,-0.00838558542098595));
#4373=CARTESIAN_POINT('',(0.00389557996198639,-0.00125864311543917,-0.00796500219130901));
#4374=CARTESIAN_POINT('',(0.00298760641678252,-0.00280778861637872,-0.00735306147383362));
#4375=CARTESIAN_POINT('',(0.0020123772280565,-0.00432238630315036,-0.00663291282011848));
#4376=CARTESIAN_POINT('',(0.00133507304498102,-0.00531177383537176,-0.00609143340071727));
#4377=CARTESIAN_POINT('',(0.00099121989327236,-0.00580196786488843,-0.00580681453929082));
#4378=CARTESIAN_POINT('',(0.0108113969636862,0.0189008652269137,-0.0172281789450704));
#4379=CARTESIAN_POINT('',(0.0107962052767444,0.0188462104878444,-0.0171794412983877));
#4380=CARTESIAN_POINT('',(0.0107659329000182,0.0187366107399912,-0.0170823986864792));
#4381=CARTESIAN_POINT('',(0.0107208589981886,0.0185713404804649,-0.016938132084463));
#4382=CARTESIAN_POINT('',(0.0106761165877166,0.0184052246673739,-0.0167951327176514));
#4383=CARTESIAN_POINT('',(0.010616898843519,0.0181825924837622,-0.0166061648250269));
#4384=CARTESIAN_POINT('',(0.0105583257571977,0.017958163366071,-0.0164197972211883));
#4385=CARTESIAN_POINT('',(0.0105002753455122,0.0177317919796362,-0.0162360641356887));
#4386=CARTESIAN_POINT('',(0.0104569571795425,0.0175610165994606,-0.0160995829572282));
#4387=CARTESIAN_POINT('',(0.0104138212442742,0.0173892203244229,-0.0159644330010274));
#4388=CARTESIAN_POINT('',(0.0103708366675761,0.0172163807304721,-0.0158306329295119));
#4389=CARTESIAN_POINT('',(0.0103279770730832,0.0170424799481249,-0.0156981965391178));
#4390=CARTESIAN_POINT('',(0.0102852169346726,0.0168675059752772,-0.015567129913591));
#4391=CARTESIAN_POINT('',(0.0102425308858313,0.0166914537751499,-0.0154374353372171));
#4392=CARTESIAN_POINT('',(0.0101856828972825,0.0164552835123115,-0.0152663419259717));
#4393=CARTESIAN_POINT('',(0.0100862914124833,0.0160382583854011,-0.0149717502108064));
#4394=CARTESIAN_POINT('',(0.00994427365580086,0.0154317836202883,-0.0145646433698945));
#4395=CARTESIAN_POINT('',(0.00971511033883438,0.0144395026072494,-0.0139428211683427));
#4396=CARTESIAN_POINT('',(0.0094220839800928,0.0131611257037377,-0.0132220390554718));
#4397=CARTESIAN_POINT('',(0.00904340427299434,0.0115772512986883,-0.012448585775481));
#4398=CARTESIAN_POINT('',(0.00862718085969046,0.00995449145269539,-0.0117623232673745));
#4399=CARTESIAN_POINT('',(0.00816309901546976,0.0083027536619498,-0.0111527712278667));
#4400=CARTESIAN_POINT('',(0.0077340069744287,0.00690697221855378,-0.0106932601087169));
#4401=CARTESIAN_POINT('',(0.00736235605177072,0.00578673332324093,-0.0103438846248749));
#4402=CARTESIAN_POINT('',(0.00697140593295677,0.00466839689408785,-0.0100032749490747));
#4403=CARTESIAN_POINT('',(0.00655357021101161,0.00355787669302535,-0.00967332087891101));
#4404=CARTESIAN_POINT('',(0.00611617754662521,0.00246009698730959,-0.00935782972037705));
#4405=CARTESIAN_POINT('',(0.00577868004530757,0.00164360666863322,-0.00913036741397215));
#4406=CARTESIAN_POINT('',(0.00542884281377256,0.000833670911646902,-0.00891167382447603));
#4407=CARTESIAN_POINT('',(0.00493777873966193,-0.000239616286473963,-0.0086258111654707));
#4408=CARTESIAN_POINT('',(0.00425492159824091,-0.00156966575022978,-0.00824932029095111));
#4409=CARTESIAN_POINT('',(0.00331225613807536,-0.00314558511233896,-0.0076893329864384));
#4410=CARTESIAN_POINT('',(0.00229581916770317,-0.00468838081638314,-0.00702044098310933));
#4411=CARTESIAN_POINT('',(0.00158784320432562,-0.00569604334582683,-0.00651177266107448));
#4412=CARTESIAN_POINT('',(0.00122786082367546,-0.0061952932300737,-0.00624306799696615));
#4413=CARTESIAN_POINT('',(0.0114571846603385,0.018813126059715,-0.0171605385236993));
#4414=CARTESIAN_POINT('',(0.0114419030206423,0.0187581672668235,-0.017112038103153));
#4415=CARTESIAN_POINT('',(0.0114114405055923,0.0186479711645384,-0.0170154440755345));
#4416=CARTESIAN_POINT('',(0.0113660497356264,0.0184818389012909,-0.0168717775151284));
#4417=CARTESIAN_POINT('',(0.0113209638683536,0.0183148497724332,-0.016729355170591));
#4418=CARTESIAN_POINT('',(0.0112612501411568,0.0180910413450876,-0.0165411234885774));
#4419=CARTESIAN_POINT('',(0.0112021132883145,0.0178654845029109,-0.0163553790964306));
#4420=CARTESIAN_POINT('',(0.011143478716034,0.0176381090286347,-0.0161721351578087));
#4421=CARTESIAN_POINT('',(0.0110997282865652,0.017466641599763,-0.0160359637645861));
#4422=CARTESIAN_POINT('',(0.0110561733254077,0.017294211123922,-0.0159010655275198));
#4423=CARTESIAN_POINT('',(0.0110127812987822,0.0171207913132668,-0.0157674536300486));
#4424=CARTESIAN_POINT('',(0.0109695193609665,0.0169463578109732,-0.0156351446718551));
#4425=CARTESIAN_POINT('',(0.0109263560987316,0.0167708897589182,-0.0155041570875743));
#4426=CARTESIAN_POINT('',(0.010883261818649,0.0165943703747258,-0.0153745081482419));
#4427=CARTESIAN_POINT('',(0.0108258573601059,0.0163575906478322,-0.0152034464127462));
#4428=CARTESIAN_POINT('',(0.0107254551785249,0.0159394427509757,-0.0149088570163121));
#4429=CARTESIAN_POINT('',(0.0105817346268844,0.0153308607366756,-0.0145017085362754));
#4430=CARTESIAN_POINT('',(0.0103492526425141,0.0143336415844811,-0.0138801376681378));
#4431=CARTESIAN_POINT('',(0.010050873545462,0.0130449875875814,-0.0131609924732615));
#4432=CARTESIAN_POINT('',(0.00966626232050564,0.0114433233276439,-0.0123948185387972));
#4433=CARTESIAN_POINT('',(0.00924427435836908,0.00979717545570743,-0.0117241126636153));
#4434=CARTESIAN_POINT('',(0.00877202901608759,0.00811824810829633,-0.0111412707431526));
#4435=CARTESIAN_POINT('',(0.00833218257070579,0.00669696151779024,-0.0107150579314924));
#4436=CARTESIAN_POINT('',(0.00794868551652644,0.0055546695730152,-0.0103984704486353));
#4437=CARTESIAN_POINT('',(0.00754356346502403,0.00441391352339848,-0.0100936690973691));
#4438=CARTESIAN_POINT('',(0.0071087632314242,0.00328060876722564,-0.00980311301271157));
#4439=CARTESIAN_POINT('',(0.00665406517720364,0.00216027805800443,-0.00952961826722512));
#4440=CARTESIAN_POINT('',(0.00630415443089348,0.00132718773360652,-0.00933478846254712));
#4441=CARTESIAN_POINT('',(0.00594296671761189,0.000501439005380201,-0.00915085814121687));
#4442=CARTESIAN_POINT('',(0.00543502032962698,-0.00059273551882464,-0.0089096395198274));
#4443=CARTESIAN_POINT('',(0.00472560091987658,-0.00194865304439034,-0.00858694652084059));
#4444=CARTESIAN_POINT('',(0.00374406666281335,-0.00355605133599607,-0.00809310765718539));
#4445=CARTESIAN_POINT('',(0.00267990555342618,-0.00513251398161315,-0.00748898216685279));
#4446=CARTESIAN_POINT('',(0.0019365406042746,-0.00616239541036386,-0.00702181261599977));
#4447=CARTESIAN_POINT('',(0.00155794992770911,-0.00667262761145772,-0.0067733132785633));
#4448=CARTESIAN_POINT('',(0.0124897830669721,0.0186601535091031,-0.0170552836668515));
#4449=CARTESIAN_POINT('',(0.0124744179434623,0.0186048078835271,-0.0170070051853303));
#4450=CARTESIAN_POINT('',(0.0124437719405326,0.0184938278696247,-0.0169108466057806));
#4451=CARTESIAN_POINT('',(0.0123980549417061,0.018326491718538,-0.0167678030519869));
#4452=CARTESIAN_POINT('',(0.0123525860179314,0.018158295580666,-0.0166259450516892));
#4453=CARTESIAN_POINT('',(0.0122922848193244,0.0179328828409822,-0.0164383827993893));
#4454=CARTESIAN_POINT('',(0.0122324559171317,0.01770572206588,-0.0162532068605392));
#4455=CARTESIAN_POINT('',(0.0121730444687553,0.0174767610822215,-0.0160704375626129));
#4456=CARTESIAN_POINT('',(0.0121286751890203,0.0173041244851515,-0.0159345693204723));
#4457=CARTESIAN_POINT('',(0.012084473292587,0.0171305527670833,-0.0157999189652825));
#4458=CARTESIAN_POINT('',(0.0120404147511044,0.0169560236163698,-0.0156664982672418));
#4459=CARTESIAN_POINT('',(0.0119964736276305,0.0167805124955694,-0.0155343196959504));
#4460=CARTESIAN_POINT('',(0.0119526223669466,0.0166039928915171,-0.0154033961487877));
#4461=CARTESIAN_POINT('',(0.011908832723746,0.0164264367049423,-0.0152737413778269));
#4462=CARTESIAN_POINT('',(0.0118504913227616,0.0161882748108876,-0.0151025796309899));
#4463=CARTESIAN_POINT('',(0.0117484133712816,0.0157676698106727,-0.0148075926285226));
#4464=CARTESIAN_POINT('',(0.0116020953645958,0.015155530295687,-0.0143995204445428));
#4465=CARTESIAN_POINT('',(0.0113650609390826,0.0141510730372191,-0.0137764630505159));
#4466=CARTESIAN_POINT('',(0.0110579545911612,0.0128481945779734,-0.0130560995308304));
#4467=CARTESIAN_POINT('',(0.0106660337067737,0.0112206021301468,-0.0122945238113629));
#4468=CARTESIAN_POINT('',(0.010238482432667,0.00953939995572275,-0.0116399257332676));
#4469=CARTESIAN_POINT('',(0.0097580648623002,0.00781835052887107,-0.0110910843182952));
#4470=CARTESIAN_POINT('',(0.00930400474453286,0.00636005321658406,-0.0107125357781999));
#4471=CARTESIAN_POINT('',(0.00890404673007394,0.00518547337741852,-0.0104463159482577));
#4472=CARTESIAN_POINT('',(0.00847930946256439,0.00401224984211846,-0.0101975246433078));
#4473=CARTESIAN_POINT('',(0.00802319449342018,0.00284311015131634,-0.00997105350332389));
#4474=CARTESIAN_POINT('',(0.00754445927095029,0.00168958697346743,-0.00976486223221389));
#4475=CARTESIAN_POINT('',(0.007178960459986,0.000830814834078535,-0.00962204883369845));
#4476=CARTESIAN_POINT('',(0.00680256769264602,-1.90519123723764E-5,-0.00949078907995369));
#4477=CARTESIAN_POINT('',(0.00627027315605879,-0.00114381951730031,-0.00932011365735982));
#4478=CARTESIAN_POINT('',(0.00552117788014548,-0.00253731030697235,-0.00908327040840559));
#4479=CARTESIAN_POINT('',(0.00448418813429055,-0.00419164882554496,-0.00869770930957157));
#4480=CARTESIAN_POINT('',(0.0033518852598108,-0.00581802892808269,-0.00819923073012128));
#4481=CARTESIAN_POINT('',(0.00255745679701917,-0.00688168452233809,-0.00779955026866344));
#4482=CARTESIAN_POINT('',(0.00215212907890491,-0.00740865962165914,-0.00758399245777928));
#4483=CARTESIAN_POINT('',(0.0137811974207537,0.0184493810443999,-0.0169233824697449));
#4484=CARTESIAN_POINT('',(0.013765742464283,0.0183935872033378,-0.0168751737460414));
#4485=CARTESIAN_POINT('',(0.0137348979187879,0.0182817100566933,-0.0167791313629818));
#4486=CARTESIAN_POINT('',(0.0136888260569701,0.0181130241850303,-0.0166361936713614));
#4487=CARTESIAN_POINT('',(0.0136429470538772,0.0179434579228335,-0.0164943909831806));
#4488=CARTESIAN_POINT('',(0.0135820250659356,0.0177161864034561,-0.0163068393171032));
#4489=CARTESIAN_POINT('',(0.0135214607142084,0.0174871271517123,-0.0161215681285784));
#4490=CARTESIAN_POINT('',(0.0134612093997663,0.0172562303924605,-0.0159385988918122));
#4491=CARTESIAN_POINT('',(0.0134161630460766,0.0170821212319067,-0.0158025308974429));
#4492=CARTESIAN_POINT('',(0.0133712418031505,0.0169070557892412,-0.0156676291256289));
#4493=CARTESIAN_POINT('',(0.0133264263622479,0.016731012682149,-0.0155339012685339));
#4494=CARTESIAN_POINT('',(0.0132816957105477,0.0165539689326632,-0.0154013568668959));
#4495=CARTESIAN_POINT('',(0.0132370276938444,0.0163759006927245,-0.0152700073597615));
#4496=CARTESIAN_POINT('',(0.0131923990701804,0.0161967840292509,-0.0151398655907092));
#4497=CARTESIAN_POINT('',(0.0131329143042996,0.015956532561207,-0.0149679722836354));
#4498=CARTESIAN_POINT('',(0.0130287822047606,0.0155322582320562,-0.0146714889067417));
#4499=CARTESIAN_POINT('',(0.0128794404927081,0.014914672913176,-0.0142606350952199));
#4500=CARTESIAN_POINT('',(0.0126368635038997,0.0139003783171492,-0.013632085964774));
#4501=CARTESIAN_POINT('',(0.0123244065065912,0.0125822699190109,-0.0129044123270148));
#4502=CARTESIAN_POINT('',(0.0119261424781202,0.0109258681937412,-0.0121372014099946));
#4503=CARTESIAN_POINT('',(0.011499472116167,0.00920306133949226,-0.0114873498841309));
#4504=CARTESIAN_POINT('',(0.011011328798656,0.00743658401658905,-0.010964072424825));
#4505=CARTESIAN_POINT('',(0.0105429909698344,0.00593757380917785,-0.010630614975771));
#4506=CARTESIAN_POINT('',(0.0101260379572936,0.00473020941641935,-0.0104178161639064));
#4507=CARTESIAN_POINT('',(0.00968505141602694,0.00351833999909816,-0.0102364634734473));
#4508=CARTESIAN_POINT('',(0.00920972662373787,0.00230882852760829,-0.010091973890309));
#4509=CARTESIAN_POINT('',(0.0087133276825575,0.00111072912379487,-0.00996857531209032));
#4510=CARTESIAN_POINT('',(0.00833243368051015,0.000222516376796033,-0.00988928076784564));
#4511=CARTESIAN_POINT('',(0.0079410871409265,-0.000655848081682795,-0.00982285783264438));
#4512=CARTESIAN_POINT('',(0.00738037629856068,-0.00181153491004109,-0.00973999724432969));
#4513=CARTESIAN_POINT('',(0.00658772318516751,-0.00324679464076857,-0.00961455622690504));
#4514=CARTESIAN_POINT('',(0.00549088411622238,-0.00495271393139838,-0.00936840989354834));
#4515=CARTESIAN_POINT('',(0.00428681708790178,-0.00663482600157057,-0.00900582718468408));
#4516=CARTESIAN_POINT('',(0.00343820149830345,-0.00773668704701915,-0.008692532073994));
#4517=CARTESIAN_POINT('',(0.0030044595309655,-0.0082828857039161,-0.00851920052256515));
#4518=CARTESIAN_POINT('',(0.0148168072537815,0.0182637228235341,-0.0168083431955573));
#4519=CARTESIAN_POINT('',(0.0148012457929308,0.0182075641023879,-0.0167600061823772));
#4520=CARTESIAN_POINT('',(0.0147701828020159,0.0180949515518515,-0.0166637012064775));
#4521=CARTESIAN_POINT('',(0.0147237673811008,0.0179251462682722,-0.0165203524239398));
#4522=CARTESIAN_POINT('',(0.0146775274278932,0.0177544532263603,-0.0163781101318847));
#4523=CARTESIAN_POINT('',(0.0146161005586949,0.017525669465466,-0.016189928463545));
#4524=CARTESIAN_POINT('',(0.01455499809615,0.0172950740241001,-0.0160039599502748));
#4525=CARTESIAN_POINT('',(0.0144941747176604,0.0170626102242252,-0.0158202047825187));
#4526=CARTESIAN_POINT('',(0.0144486823538937,0.0168873108681304,-0.0156834963842936));
#4527=CARTESIAN_POINT('',(0.014403299209936,0.0167110402516065,-0.0155478995582099));
#4528=CARTESIAN_POINT('',(0.0143580078495559,0.0165337766003647,-0.015413419854387));
#4529=CARTESIAN_POINT('',(0.0143127894271576,0.0163554965805194,-0.0152800643430044));
#4530=CARTESIAN_POINT('',(0.014267623794115,0.0161761755192539,-0.0151478417365373));
#4531=CARTESIAN_POINT('',(0.0142224898361312,0.0159957876263678,-0.0150167626285395));
#4532=CARTESIAN_POINT('',(0.014162324529664,0.0157538124888855,-0.0148435318214087));
#4533=CARTESIAN_POINT('',(0.0140569923933499,0.0153264348411464,-0.0145444738651827));
#4534=CARTESIAN_POINT('',(0.0139059286148713,0.0147041945019377,-0.0141292986462644));
#4535=CARTESIAN_POINT('',(0.0136612425484877,0.0136818025254423,-0.0134926100183908));
#4536=CARTESIAN_POINT('',(0.0133467183983522,0.0123517099128275,-0.0127529184640418));
#4537=CARTESIAN_POINT('',(0.0129497027071351,0.010674012589606,-0.0119716207851525));
#4538=CARTESIAN_POINT('',(0.012520283199115,0.00892590714619412,-0.0113141652069659));
#4539=CARTESIAN_POINT('',(0.0120280705280546,0.00712890698398255,-0.0107937568923953));
#4540=CARTESIAN_POINT('',(0.0115505651468149,0.00560103160741886,-0.0104807114596612));
#4541=CARTESIAN_POINT('',(0.0111259440913006,0.00436585266598622,-0.0102960285077352));
#4542=CARTESIAN_POINT('',(0.0106747951498312,0.00312659784928329,-0.0101529755651788));
#4543=CARTESIAN_POINT('',(0.0101911513564336,0.0018836722161832,-0.0100646391053475));
#4544=CARTESIAN_POINT('',(0.00968619925351925,0.000652135556558927,-0.0100114961564614));
#4545=CARTESIAN_POINT('',(0.00930150824684977,-0.000264105317038085,-0.00998514101763405));
#4546=CARTESIAN_POINT('',(0.00889804756726132,-0.00115894391051393,-0.00997237188838638));
#4547=CARTESIAN_POINT('',(0.00831870883491466,-0.00233679969300463,-0.00996323790596717));
#4548=CARTESIAN_POINT('',(0.00750147587891852,-0.00379613743986975,-0.00993750948916195));
#4549=CARTESIAN_POINT('',(0.00636621115348458,-0.00553647859011914,-0.00980868657533735));
#4550=CARTESIAN_POINT('',(0.00511441072382821,-0.00725685828591045,-0.00955831009798608));
#4551=CARTESIAN_POINT('',(0.0042288834653893,-0.00838608834152313,-0.00931536082553418));
#4552=CARTESIAN_POINT('',(0.00377632069518939,-0.00894596597913002,-0.00917676677618752));
#4553=CARTESIAN_POINT('',(0.0153353371007226,0.018166824158114,-0.0167474392873465));
#4554=CARTESIAN_POINT('',(0.0153197199511895,0.0181104789923645,-0.0166990262184945));
#4555=CARTESIAN_POINT('',(0.0152885450641837,0.0179974938402903,-0.0166025663174283));
#4556=CARTESIAN_POINT('',(0.0152419590662204,0.0178271296860344,-0.0164589712254914));
#4557=CARTESIAN_POINT('',(0.015195545043539,0.0176558731120716,-0.0163164655367368));
#4558=CARTESIAN_POINT('',(0.0151338803209434,0.0174263303282135,-0.0161279029967948));
#4559=CARTESIAN_POINT('',(0.0150725295148551,0.0171949651185845,-0.0159414986458508));
#4560=CARTESIAN_POINT('',(0.0150114480239766,0.0169617185653176,-0.0157572436344823));
#4561=CARTESIAN_POINT('',(0.0149657578493582,0.0167858247437574,-0.0156201273764356));
#4562=CARTESIAN_POINT('',(0.0149201732993398,0.0166089517743877,-0.015484088095303));
#4563=CARTESIAN_POINT('',(0.0148746776394449,0.0164310775536856,-0.0153491296953075));
#4564=CARTESIAN_POINT('',(0.0148292529016329,0.0162521783352074,-0.0152152581629819));
#4565=CARTESIAN_POINT('',(0.0147838800899206,0.016072229058432,-0.015082481556113));
#4566=CARTESIAN_POINT('',(0.0147385393547445,0.0158912037155548,-0.0149508099847731));
#4567=CARTESIAN_POINT('',(0.0146781004136449,0.01564836648835,-0.0147767375130196));
#4568=CARTESIAN_POINT('',(0.0145722989617573,0.0152194494694325,-0.0144760710047837));
#4569=CARTESIAN_POINT('',(0.0144206432922763,0.0145948965124733,-0.0140582065515585));
#4570=CARTESIAN_POINT('',(0.0141752019327643,0.0135685018242496,-0.0134164633111442));
#4571=CARTESIAN_POINT('',(0.0138605018549039,0.0122324642999562,-0.0126692401661037));
#4572=CARTESIAN_POINT('',(0.0134640854338136,0.0105450900538419,-0.0118787311927501));
#4573=CARTESIAN_POINT('',(0.013034081129865,0.00878523040974676,-0.0112141510441556));
#4574=CARTESIAN_POINT('',(0.0125399660219082,0.00697406525029776,-0.010692085381095));
#4575=CARTESIAN_POINT('',(0.0120591603769633,0.00543151955758072,-0.0103850096135249));
#4576=CARTESIAN_POINT('',(0.0116313440806134,0.00418278250014269,-0.0102116770119295));
#4577=CARTESIAN_POINT('',(0.0111791709240384,0.00292551270774393,-0.0100842917760276));
#4578=CARTESIAN_POINT('',(0.0106859861450861,0.00167117660763097,-0.0100194714330659));
#4579=CARTESIAN_POINT('',(0.010180269175837,0.000418810712213972,-0.00999878764380115));
#4580=CARTESIAN_POINT('',(0.00979099985435342,-0.00050877102145107,-0.0099999179838757));
#4581=CARTESIAN_POINT('',(0.00938287561823173,-0.00140910031385021,-0.0100163813284629));
#4582=CARTESIAN_POINT('',(0.00879871294124668,-0.0025967402143867,-0.0100474675579737));
#4583=CARTESIAN_POINT('',(0.00797160928980711,-0.00406719035374575,-0.0100730434614043));
#4584=CARTESIAN_POINT('',(0.00681993905791832,-0.00582284384048811,-0.0100048729317195));
#4585=CARTESIAN_POINT('',(0.00554627618240669,-0.00756108592380809,-0.00981142269551802));
#4586=CARTESIAN_POINT('',(0.00464301939451181,-0.00870353418621266,-0.0096038222892417));
#4587=CARTESIAN_POINT('',(0.00418128187733529,-0.00927014691415979,-0.00948268679141841));
#4588=CARTESIAN_POINT('',(0.01,7.43733888380031E-18,-0.0383333333333334));
#4589=CARTESIAN_POINT('',(0.01,0.019,-0.0173148229727541));
#4590=CARTESIAN_POINT('',(-0.01,0.0173148229727541,-0.019));
#4591=CARTESIAN_POINT('',(-0.0083988680752722,0.0173148229727541,-0.019));
#4592=CARTESIAN_POINT('',(-0.00679773615054439,0.0172129744543869,-0.0190920675069631));
#4593=CARTESIAN_POINT('',(0.0067977361505444,0.0190920675069631,-0.0172129744543869));
#4594=CARTESIAN_POINT('',(0.0083988680752722,0.019,-0.0173148229727541));
#4595=CARTESIAN_POINT('',(0.01,0.019,-0.0173148229727541));
#4596=CARTESIAN_POINT('',(-0.01,0.0173148229727541,-0.019));
#4597=CARTESIAN_POINT('',(-0.01,0.0383333333333334,5.09009918543456E-18));
#4598=CARTESIAN_POINT('',(-0.00998969968824115,-0.0190440762095003,0.0207644313092752));
#4599=CARTESIAN_POINT('',(-0.0099962673155151,-0.0189926108150441,0.0207157395221859));
#4600=CARTESIAN_POINT('',(-0.0100094096612648,-0.0188899400560056,0.0206180031203211));
#4601=CARTESIAN_POINT('',(-0.0100291454862584,-0.0187367249705303,0.0204703329710488));
#4602=CARTESIAN_POINT('',(-0.0100489046701816,-0.0185843226605211,0.0203215813878368));
#4603=CARTESIAN_POINT('',(-0.0100752814501532,-0.018382239120552,0.0201217777371985));
#4604=CARTESIAN_POINT('',(-0.0101017017295339,-0.0181818992782257,0.019919725528813));
#4605=CARTESIAN_POINT('',(-0.0101281395927634,-0.017983424613289,0.0197153523639902));
#4606=CARTESIAN_POINT('',(-0.0101479635679725,-0.0178355196135268,0.0195609083210805));
#4607=CARTESIAN_POINT('',(-0.0101677654250565,-0.0176885606706394,0.0194053168474248));
#4608=CARTESIAN_POINT('',(-0.0101875259308179,-0.0175425108303502,0.0192486133703413));
#4609=CARTESIAN_POINT('',(-0.0102072376012616,-0.0173972593811361,0.0190908567620812));
#4610=CARTESIAN_POINT('',(-0.0102269187253036,-0.0172530320683727,0.0189317340032917));
#4611=CARTESIAN_POINT('',(-0.010246580913777,-0.0171099931055054,0.0187709983423741));
#4612=CARTESIAN_POINT('',(-0.0102727718209101,-0.0169205836466013,0.0185546708830563));
#4613=CARTESIAN_POINT('',(-0.0103184962934158,-0.0165923185449181,0.0181709562099089));
#4614=CARTESIAN_POINT('',(-0.0103830991053376,-0.0161329617484031,0.0176083267820431));
#4615=CARTESIAN_POINT('',(-0.010483130555708,-0.015419808417335,0.0166782306108287));
#4616=CARTESIAN_POINT('',(-0.0105984874541602,-0.0145720787775654,0.0154613632869676));
#4617=CARTESIAN_POINT('',(-0.010710977909587,-0.013630768964698,0.0139135510335712));
#4618=CARTESIAN_POINT('',(-0.0107890852420655,-0.0127736553997574,0.0122805448078768));
#4619=CARTESIAN_POINT('',(-0.0108245579629995,-0.0120133766546657,0.0105712910657877));
#4620=CARTESIAN_POINT('',(-0.0108108099857017,-0.0114671405301119,0.00908324054483295));
#4621=CARTESIAN_POINT('',(-0.0107704856329025,-0.0110870016642016,0.00785101413894569));
#4622=CARTESIAN_POINT('',(-0.0107105123949618,-0.0107473425386518,0.00659406747607983));
#4623=CARTESIAN_POINT('',(-0.010622092296578,-0.010472473061625,0.00530539306406372));
#4624=CARTESIAN_POINT('',(-0.0105030002980735,-0.0102662708166933,0.00399433084305119));
#4625=CARTESIAN_POINT('',(-0.0103991005860652,-0.0101463898072837,0.00300213086856529));
#4626=CARTESIAN_POINT('',(-0.0102815815378004,-0.0100613368452747,0.00200333196960416));
#4627=CARTESIAN_POINT('',(-0.0101040406835772,-0.00999414906344065,0.00066474588737782));
#4628=CARTESIAN_POINT('',(-0.00984983862926578,-0.00999474734556219,-0.00101636391093062));
#4629=CARTESIAN_POINT('',(-0.00944381461246847,-0.0101298855694713,-0.00301787329853342));
#4630=CARTESIAN_POINT('',(-0.00887477152812668,-0.0103156890713418,-0.00502690876646412));
#4631=CARTESIAN_POINT('',(-0.00838499452247337,-0.0104404314133265,-0.00637184245102019));
#4632=CARTESIAN_POINT('',(-0.00811332066730854,-0.0105007729397898,-0.00704526825850468));
#4633=CARTESIAN_POINT('',(-0.00985713087964539,-0.0190326003033067,0.020752932869817));
#4634=CARTESIAN_POINT('',(-0.0098637066420903,-0.0189811189234182,0.0207042684897754));
#4635=CARTESIAN_POINT('',(-0.00987686519286562,-0.0188784159517375,0.0206065868882677));
#4636=CARTESIAN_POINT('',(-0.00989662472118662,-0.018725149805966,0.0204589982868242));
#4637=CARTESIAN_POINT('',(-0.00991640717695619,-0.0185726933374862,0.0203103264341142));
#4638=CARTESIAN_POINT('',(-0.00994281514013183,-0.0183705359792618,0.0201106222244747));
#4639=CARTESIAN_POINT('',(-0.00996926871077,-0.0181701251233497,0.0199086505399093));
#4640=CARTESIAN_POINT('',(-0.00999574842534366,-0.017971633335958,0.0197042851522204));
#4641=CARTESIAN_POINT('',(-0.0100156099488647,-0.0178237695312389,0.0195497854361463));
#4642=CARTESIAN_POINT('',(-0.010035456424094,-0.0176769505402981,0.0193940393956622));
#4643=CARTESIAN_POINT('',(-0.0100552664412586,-0.0175311703801479,0.0192370655470884));
#4644=CARTESIAN_POINT('',(-0.0100750231451754,-0.0173863872475496,0.0190788921404136));
#4645=CARTESIAN_POINT('',(-0.0100947420101249,-0.0172423119290094,0.0189196771551876));
#4646=CARTESIAN_POINT('',(-0.0101144413119333,-0.0170992033057735,0.0187590783973662));
#4647=CARTESIAN_POINT('',(-0.0101406978211038,-0.0169097173356957,0.0185429038499478));
#4648=CARTESIAN_POINT('',(-0.0101865831004301,-0.0165813200382148,0.0181593935478424));
#4649=CARTESIAN_POINT('',(-0.010251493963524,-0.0161219047253928,0.0175968259874427));
#4650=CARTESIAN_POINT('',(-0.0103520567882231,-0.0154090804901509,0.0166665533177688));
#4651=CARTESIAN_POINT('',(-0.0104680769311829,-0.0145625661165975,0.0154494099474974));
#4652=CARTESIAN_POINT('',(-0.010581172747148,-0.0136243769941898,0.0139030376627964));
#4653=CARTESIAN_POINT('',(-0.0106596305299292,-0.0127714209476525,0.0122731382969751));
#4654=CARTESIAN_POINT('',(-0.010695064574404,-0.0120150582707724,0.0105673009579775));
#4655=CARTESIAN_POINT('',(-0.0106809723416247,-0.0114716523040049,0.00908243555915779));
#4656=CARTESIAN_POINT('',(-0.0106399841080069,-0.0110933586081275,0.00785348972942693));
#4657=CARTESIAN_POINT('',(-0.0105791862156834,-0.0107551424623098,0.00660022954600702));
#4658=CARTESIAN_POINT('',(-0.0104896049019236,-0.0104808206315015,0.00531556803003484));
#4659=CARTESIAN_POINT('',(-0.0103697113161635,-0.01027404808501,0.00400847172035998));
#4660=CARTESIAN_POINT('',(-0.0102652961014949,-0.0101531204215568,0.00301913695521446));
#4661=CARTESIAN_POINT('',(-0.0101470448479808,-0.0100664248628655,0.00202286950291627));
#4662=CARTESIAN_POINT('',(-0.00996880068683574,-0.00999609486664098,0.000687386008048251));
#4663=CARTESIAN_POINT('',(-0.00971939424299039,-0.0099920036794482,-0.000989708680895436));
#4664=CARTESIAN_POINT('',(-0.00930798034701951,-0.0101180874265784,-0.00298856440627756));
#4665=CARTESIAN_POINT('',(-0.00873787083810261,-0.0102939013116516,-0.00499435205108112));
#4666=CARTESIAN_POINT('',(-0.00824613458362279,-0.0104117370882316,-0.00633722267377474));
#4667=CARTESIAN_POINT('',(-0.00797394187699272,-0.0104686296553409,-0.00700950104412451));
#4668=CARTESIAN_POINT('',(-0.00959215137282795,-0.0190113758258064,0.0207283677743477));
#4669=CARTESIAN_POINT('',(-0.0095987435472354,-0.0189598627453039,0.0206797588004516));
#4670=CARTESIAN_POINT('',(-0.00961193464865141,-0.0188570935132197,0.0205821900955864));
#4671=CARTESIAN_POINT('',(-0.00963174200371388,-0.0187037161287067,0.0204347788366076));
#4672=CARTESIAN_POINT('',(-0.00965157115232395,-0.0185511306037073,0.0202862942821975));
#4673=CARTESIAN_POINT('',(-0.00967804081936222,-0.0183487712133458,0.0200868542026657));
#4674=CARTESIAN_POINT('',(-0.00970455822713367,-0.0181481079177497,0.0198851658083148));
#4675=CARTESIAN_POINT('',(-0.00973111696103108,-0.0179493379420451,0.0196810610076248));
#4676=CARTESIAN_POINT('',(-0.00975105038347659,-0.0178012777169778,0.0195267172160506));
#4677=CARTESIAN_POINT('',(-0.00977098623108283,-0.0176543134648304,0.0193710489740437));
#4678=CARTESIAN_POINT('',(-0.00979090477539901,-0.0175085320173329,0.019213997745871));
#4679=CARTESIAN_POINT('',(-0.00981077346723064,-0.0173639279025864,0.0190556044770773));
#4680=CARTESIAN_POINT('',(-0.00983056349786422,-0.0172203218950667,0.0188960648645451));
#4681=CARTESIAN_POINT('',(-0.00985034691176196,-0.0170775267686672,0.0187353095676821));
#4682=CARTESIAN_POINT('',(-0.00987673875227022,-0.0168883467297521,0.0185190155246811));
#4683=CARTESIAN_POINT('',(-0.0099229352480825,-0.0165602434656002,0.0181354148302879));
#4684=CARTESIAN_POINT('',(-0.00998840981295212,-0.0161009716974304,0.0175728364940057));
#4685=CARTESIAN_POINT('',(-0.0100899796428321,-0.0153888067936425,0.016642366265702));
#4686=CARTESIAN_POINT('',(-0.010207303065323,-0.014544354841582,0.0154250302388706));
#4687=CARTESIAN_POINT('',(-0.0103216441704269,-0.0136117747559117,0.0138818415140836));
#4688=CARTESIAN_POINT('',(-0.0104008750593382,-0.012766360652007,0.0122583654927549));
#4689=CARTESIAN_POINT('',(-0.0104363300215713,-0.0120170046049571,0.0105595271673083));
#4690=CARTESIAN_POINT('',(-0.01042168180396,-0.0114785438858676,0.00908112459599199));
#4691=CARTESIAN_POINT('',(-0.0103794872768428,-0.0111033571238752,0.00785880222403556));
#4692=CARTESIAN_POINT('',(-0.0103171776164841,-0.010767441617815,0.00661293763652368));
#4693=CARTESIAN_POINT('',(-0.0102254182832484,-0.0104936192219712,0.00533624477323199));
#4694=CARTESIAN_POINT('',(-0.0101039399063006,-0.0102851610642259,0.00403698013967504));
#4695=CARTESIAN_POINT('',(-0.00999862066498913,-0.010161767719185,0.00305328464060925));
#4696=CARTESIAN_POINT('',(-0.00987884872235746,-0.0100714601682352,0.00206203704361401));
#4697=CARTESIAN_POINT('',(-0.00970061522147302,-0.00999462389641251,0.000732931630169536));
#4698=CARTESIAN_POINT('',(-0.00945636248729268,-0.00998129385199594,-0.000936473457489094));
#4699=CARTESIAN_POINT('',(-0.00903804494647445,-0.0100895369178458,-0.00292912050737562));
#4700=CARTESIAN_POINT('',(-0.00846468443615416,-0.0102454451063596,-0.00492857041870466));
#4701=CARTESIAN_POINT('',(-0.00796972427216073,-0.0103494504209842,-0.00626712653682612));
#4702=CARTESIAN_POINT('',(-0.00769638165157462,-0.010399443020169,-0.00693712888710461));
#4703=CARTESIAN_POINT('',(-0.00919514562069785,-0.018984758383487,0.0206867313075084));
#4704=CARTESIAN_POINT('',(-0.00920176490168116,-0.0189332122274527,0.0206381982902367));
#4705=CARTESIAN_POINT('',(-0.0092150093816116,-0.0188303684618528,0.0205407884547355));
#4706=CARTESIAN_POINT('',(-0.00923489416942402,-0.0186768483386345,0.0203936414867038));
#4707=CARTESIAN_POINT('',(-0.00925479805612829,-0.0185240768784178,0.0202454571960974));
#4708=CARTESIAN_POINT('',(-0.00928136420419067,-0.0183213917166924,0.0200464800914407));
#4709=CARTESIAN_POINT('',(-0.00930797558190892,-0.0181202546574511,0.0198453691310933));
#4710=CARTESIAN_POINT('',(-0.00933463802445697,-0.01792077969684,0.0196420089491625));
#4711=CARTESIAN_POINT('',(-0.00935466027754587,-0.0177720490414577,0.0194883228691126));
#4712=CARTESIAN_POINT('',(-0.00937470556321906,-0.0176242580831328,0.0193334145773915));
#4713=CARTESIAN_POINT('',(-0.00939476631569967,-0.0174775049370987,0.0191772022653967));
#4714=CARTESIAN_POINT('',(-0.00941482855425968,-0.0173320403659807,0.0190194720580316));
#4715=CARTESIAN_POINT('',(-0.00943486758724523,-0.0171884043156075,0.0188597483224973));
#4716=CARTESIAN_POINT('',(-0.00945485172308339,-0.0170464139438097,0.0186981949640382));
#4717=CARTESIAN_POINT('',(-0.00948146227201613,-0.0168584002183122,0.0184809567814849));
#4718=CARTESIAN_POINT('',(-0.00952799985456134,-0.0165319478179009,0.0180963528723004));
#4719=CARTESIAN_POINT('',(-0.0095941390834145,-0.0160734036803054,0.0175336319816798));
#4720=CARTESIAN_POINT('',(-0.00969706231964072,-0.015362022222145,0.0166035896277745));
#4721=CARTESIAN_POINT('',(-0.00981626618442144,-0.0145195469744148,0.0153870668818412));
#4722=CARTESIAN_POINT('',(-0.00993259275490245,-0.0135934509494391,0.0138495753161911));
#4723=CARTESIAN_POINT('',(-0.0100131961055914,-0.0127569929176477,0.0122363206577361));
#4724=CARTESIAN_POINT('',(-0.0100489785615881,-0.0120156684595298,0.0105484979362252));
#4725=CARTESIAN_POINT('',(-0.0100338905978818,-0.0114824708410745,0.00908006900219389));
#4726=CARTESIAN_POINT('',(-0.0099902520540246,-0.0111101877305057,0.00786789185841161));
#4727=CARTESIAN_POINT('',(-0.00992611525339543,-0.0107759549793469,0.00663319254986169));
#4728=CARTESIAN_POINT('',(-0.00983150116324578,-0.0105010617440178,0.00536825500984773));
#4729=CARTESIAN_POINT('',(-0.00970786157727267,-0.0102884406061264,0.00408045865085128));
#4730=CARTESIAN_POINT('',(-0.00960106491173481,-0.0101601854409578,0.00310487549115553));
#4731=CARTESIAN_POINT('',(-0.00947932031585103,-0.0100634265685116,0.00212091697846981));
#4732=CARTESIAN_POINT('',(-0.0093032331503711,-0.00997644571092493,0.000801778001077492));
#4733=CARTESIAN_POINT('',(-0.00905680258728115,-0.00994943251008262,-0.000856453042832949));
#4734=CARTESIAN_POINT('',(-0.00863815775580663,-0.0100319008246993,-0.00283751879720323));
#4735=CARTESIAN_POINT('',(-0.0080568766829967,-0.0101580506449938,-0.00482785628302445));
#4736=CARTESIAN_POINT('',(-0.00755913042036556,-0.010241314076088,-0.00615937168365815));
#4737=CARTESIAN_POINT('',(-0.00728365953834482,-0.0102808955360548,-0.00682601465864001));
#4738=CARTESIAN_POINT('',(-0.0087985657797887,-0.0189634107514358,0.0206401748466026));
#4739=CARTESIAN_POINT('',(-0.00880521694559691,-0.0189118645357273,0.020591693290872));
#4740=CARTESIAN_POINT('',(-0.00881852421400445,-0.0188090134846864,0.0204943927992188));
#4741=CARTESIAN_POINT('',(-0.00883850017412905,-0.0186554587089661,0.0203474311794331));
#4742=CARTESIAN_POINT('',(-0.00885849228080765,-0.0185026244514342,0.0201994571365862));
#4743=CARTESIAN_POINT('',(-0.00888517273407758,-0.018299812239206,0.0200007971052435));
#4744=CARTESIAN_POINT('',(-0.00891189558568137,-0.0180984752426345,0.0198000607490954));
#4745=CARTESIAN_POINT('',(-0.00893867546337006,-0.0178987327938488,0.0195971088637921));
#4746=CARTESIAN_POINT('',(-0.00895879299005206,-0.0177497841238851,0.0194437216294584));
#4747=CARTESIAN_POINT('',(-0.00897894827243449,-0.0176018008169692,0.019289051175758));
#4748=CARTESIAN_POINT('',(-0.0089991491083986,-0.0174549683587585,0.0191329126600295));
#4749=CARTESIAN_POINT('',(-0.00901939587365676,-0.0173094884851903,0.0189751092662273));
#4750=CARTESIAN_POINT('',(-0.00903962997387823,-0.017165391093429,0.0188156959115688));
#4751=CARTESIAN_POINT('',(-0.00905981060729134,-0.0170227165988471,0.0186546640844959));
#4752=CARTESIAN_POINT('',(-0.00908665475194879,-0.0168342447153202,0.018437822796236));
#4753=CARTESIAN_POINT('',(-0.00913352093058217,-0.016508071541448,0.0180533123902859));
#4754=CARTESIAN_POINT('',(-0.00920017725507365,-0.0160501576652745,0.0174908976035734));
#4755=CARTESIAN_POINT('',(-0.00930430306878523,-0.0153389953455327,0.0165621642156676));
#4756=CARTESIAN_POINT('',(-0.00942532069802065,-0.0144974814342454,0.0153479195177758));
#4757=CARTESIAN_POINT('',(-0.00954377352817148,-0.0135758012960527,0.0138169271485557));
#4758=CARTESIAN_POINT('',(-0.00962591835314726,-0.0127458151812639,0.0122143750553463));
#4759=CARTESIAN_POINT('',(-0.00966242372583346,-0.0120100655512935,0.0105380446836105));
#4760=CARTESIAN_POINT('',(-0.00964712306443068,-0.0114799464337453,0.00908006501252424));
#4761=CARTESIAN_POINT('',(-0.00960258446745406,-0.0111088210077843,0.00787824090547933));
#4762=CARTESIAN_POINT('',(-0.00953689572352548,-0.0107743598129995,0.00665468885025972));
#4763=CARTESIAN_POINT('',(-0.00944017286713969,-0.0104966533499374,0.00540138061057883));
#4764=CARTESIAN_POINT('',(-0.00931447385392683,-0.0102781680137762,0.00412472132488016));
#4765=CARTESIAN_POINT('',(-0.00920596789950401,-0.0101440126690994,0.00315691371042899));
#4766=CARTESIAN_POINT('',(-0.00908320808616542,-0.0100399965003142,0.00218026721051107));
#4767=CARTESIAN_POINT('',(-0.00890591693171652,-0.00994252213939127,0.00087017925841181));
#4768=CARTESIAN_POINT('',(-0.00865965436304252,-0.00990186287366043,-0.000774398335129326));
#4769=CARTESIAN_POINT('',(-0.00824045984649448,-0.00995940601929803,-0.00274417956531697));
#4770=CARTESIAN_POINT('',(-0.00765308843884822,-0.0100558962418899,-0.00472455400330112));
#4771=CARTESIAN_POINT('',(-0.00715202696781373,-0.0101183746149318,-0.00604908612290376));
#4772=CARTESIAN_POINT('',(-0.00687482804700676,-0.0101474455420358,-0.0067121941061303));
#4773=CARTESIAN_POINT('',(-0.0082702505945801,-0.0189418395475035,0.0205715572666556));
#4774=CARTESIAN_POINT('',(-0.00827695310150112,-0.0188903493804085,0.0205230989328633));
#4775=CARTESIAN_POINT('',(-0.00829036159335459,-0.0187876048976232,0.0204258501708676));
#4776=CARTESIAN_POINT('',(-0.00831048516783784,-0.0186341960815373,0.0202789795578708));
#4777=CARTESIAN_POINT('',(-0.00833062114609063,-0.0184814996101626,0.0201311043119967));
#4778=CARTESIAN_POINT('',(-0.00835748979607776,-0.0182788710823737,0.0199325744578134));
#4779=CARTESIAN_POINT('',(-0.00838439888940795,-0.0180777410912868,0.0197319380752045));
#4780=CARTESIAN_POINT('',(-0.00841137685888496,-0.0178783005072147,0.0195289645416712));
#4781=CARTESIAN_POINT('',(-0.0084316522446124,-0.0177296294854403,0.0193754885792638));
#4782=CARTESIAN_POINT('',(-0.00845197360755563,-0.0175819167748144,0.0192207025450449));
#4783=CARTESIAN_POINT('',(-0.00847233500093779,-0.0174351653501955,0.0190645940616645));
#4784=CARTESIAN_POINT('',(-0.00849271861852968,-0.0172893923308821,0.0189071763184882));
#4785=CARTESIAN_POINT('',(-0.00851310315493004,-0.0171447321390768,0.0187483590344946));
#4786=CARTESIAN_POINT('',(-0.00853346896186111,-0.0170012539161096,0.0185880856388228));
#4787=CARTESIAN_POINT('',(-0.00856058165614762,-0.0168115253606537,0.018372427842016));
#4788=CARTESIAN_POINT('',(-0.00860791226561107,-0.0164836082102889,0.0179897901449052));
#4789=CARTESIAN_POINT('',(-0.008675218446482,-0.016025229307509,0.0174290480796976));
#4790=CARTESIAN_POINT('',(-0.00878080099447928,-0.015313356071416,0.0165034322868716));
#4791=CARTESIAN_POINT('',(-0.00890419414930812,-0.0144717809594478,0.0152941995745822));
#4792=CARTESIAN_POINT('',(-0.00902560939293977,-0.0135532449382251,0.0137731073054731));
#4793=CARTESIAN_POINT('',(-0.00911008683393605,-0.012728457960893,0.0121851017602759));
#4794=CARTESIAN_POINT('',(-0.00914803697144055,-0.0119968661376662,0.0105248825709658));
#4795=CARTESIAN_POINT('',(-0.00913282738590625,-0.0114680203955263,0.00908172799093124));
#4796=CARTESIAN_POINT('',(-0.00908768619098205,-0.0110959815383275,0.0078938915247605));
#4797=CARTESIAN_POINT('',(-0.00902067791756933,-0.0107587637554218,0.00668517098228322));
#4798=CARTESIAN_POINT('',(-0.00892192183916466,-0.0104749837631763,0.00544722714192956));
#4799=CARTESIAN_POINT('',(-0.00879386260965827,-0.0102466283846656,0.00418507891093981));
#4800=CARTESIAN_POINT('',(-0.00868321476336918,-0.0101033181914115,0.00322740187036033));
#4801=CARTESIAN_POINT('',(-0.00855946406692517,-0.00998889005743066,0.0022605390533553));
#4802=CARTESIAN_POINT('',(-0.00837802685129566,-0.00987656581488389,0.000962003953031065));
#4803=CARTESIAN_POINT('',(-0.00813552566146322,-0.00981801349610559,-0.000662079820265301));
#4804=CARTESIAN_POINT('',(-0.00771327513217214,-0.009842675744018,-0.00261725867257987));
#4805=CARTESIAN_POINT('',(-0.0071204925819253,-0.00990006599402064,-0.00458320356847112));
#4806=CARTESIAN_POINT('',(-0.00661438591561193,-0.00993445519791152,-0.00589841387246844));
#4807=CARTESIAN_POINT('',(-0.00633526770923351,-0.00994945139338819,-0.00655657679750772));
#4808=CARTESIAN_POINT('',(-0.00761037459421609,-0.0189269240756683,0.0204742090954395));
#4809=CARTESIAN_POINT('',(-0.00761716017230887,-0.01887559713005,0.020425703048308));
#4810=CARTESIAN_POINT('',(-0.00763073263792128,-0.0187731760664093,0.0203283625307212));
#4811=CARTESIAN_POINT('',(-0.00765109564652933,-0.0186202479440972,0.020181360950687));
#4812=CARTESIAN_POINT('',(-0.0076714641020517,-0.0184680356491541,0.0200333542764079));
#4813=CARTESIAN_POINT('',(-0.00769863198404219,-0.0182660634031101,0.0198346439523427));
#4814=CARTESIAN_POINT('',(-0.00772582125095419,-0.0180655984787157,0.019633828941588));
#4815=CARTESIAN_POINT('',(-0.0077530497470696,-0.017866712124614,0.0194307982618785));
#4816=CARTESIAN_POINT('',(-0.00777349473440686,-0.0177183493882398,0.0192773937487864));
#4817=CARTESIAN_POINT('',(-0.00779396366773939,-0.0175708086034934,0.0191228366445832));
#4818=CARTESIAN_POINT('',(-0.00781445162354838,-0.0174241153169638,0.0189671055021481));
#4819=CARTESIAN_POINT('',(-0.00783494536596296,-0.0172782345326486,0.018810210473723));
#4820=CARTESIAN_POINT('',(-0.00785544600651063,-0.017133149857633,0.0186521421171202));
#4821=CARTESIAN_POINT('',(-0.00787595536082043,-0.0169889299232176,0.0184928374395425));
#4822=CARTESIAN_POINT('',(-0.00790331138094698,-0.0167979054217539,0.0182786824433785));
#4823=CARTESIAN_POINT('',(-0.00795119316377949,-0.0164671260490449,0.0178991705183123));
#4824=CARTESIAN_POINT('',(-0.00801942800597484,-0.0160054127841688,0.0173428743562566));
#4825=CARTESIAN_POINT('',(-0.00812675247819574,-0.0152905097613957,0.0164238004321196));
#4826=CARTESIAN_POINT('',(-0.00825306798009819,-0.0144463461580478,0.015224213614034));
#4827=CARTESIAN_POINT('',(-0.0083783956206935,-0.0135267744450823,0.013717871658282));
#4828=CARTESIAN_POINT('',(-0.00846635198990314,-0.0127021782127167,0.0121485855356924));
#4829=CARTESIAN_POINT('',(-0.00850695350835612,-0.0119696612603757,0.0105100533236035));
#4830=CARTESIAN_POINT('',(-0.00849275002859138,-0.0114371505204566,0.00908714931916371));
#4831=CARTESIAN_POINT('',(-0.00844801389803442,-0.0110594548838848,0.00791719996218406));
#4832=CARTESIAN_POINT('',(-0.00838087996300437,-0.0107143503034507,0.00672708430907952));
#4833=CARTESIAN_POINT('',(-0.00828120270890539,-0.0104188267748117,0.00550818379651966));
#4834=CARTESIAN_POINT('',(-0.00815119521113769,-0.0101746433165136,0.00426385067502873));
#4835=CARTESIAN_POINT('',(-0.00803916113028834,-0.0100179299723443,0.00331900199032396));
#4836=CARTESIAN_POINT('',(-0.00791331445627231,-0.00988889449015103,0.0023641290013924));
#4837=CARTESIAN_POINT('',(-0.00773111810118993,-0.0097573343668985,0.00108266736854994));
#4838=CARTESIAN_POINT('',(-0.00748598323281493,-0.0096738000479766,-0.00051865120986974));
#4839=CARTESIAN_POINT('',(-0.00706446669922416,-0.00965987311112482,-0.0024522939411304));
#4840=CARTESIAN_POINT('',(-0.00646459349970693,-0.00966778251745513,-0.00439999648267731));
#4841=CARTESIAN_POINT('',(-0.00595382656673813,-0.00966687216388945,-0.00570241744366461));
#4842=CARTESIAN_POINT('',(-0.00567234784497636,-0.00966393002327713,-0.00635418844455056));
#4843=CARTESIAN_POINT('',(-0.0065535984791202,-0.018921959310573,0.020300172446291));
#4844=CARTESIAN_POINT('',(-0.00656055530295895,-0.0188709308366058,0.0202515806851798));
#4845=CARTESIAN_POINT('',(-0.0065744652778275,-0.0187690864982009,0.0201540908145307));
#4846=CARTESIAN_POINT('',(-0.00659531896365886,-0.0186169599855303,0.0200069343736018));
#4847=CARTESIAN_POINT('',(-0.00661615998419861,-0.0184654781403997,0.019858851386411));
#4848=CARTESIAN_POINT('',(-0.00664392684312152,-0.0182643681527492,0.0196601670707551));
#4849=CARTESIAN_POINT('',(-0.00667165077137946,-0.0180645619665686,0.0194596223805494));
#4850=CARTESIAN_POINT('',(-0.00669930520430473,-0.0178660538908352,0.0192572425380527));
#4851=CARTESIAN_POINT('',(-0.00672000948399757,-0.0177178111212822,0.0191045468743238));
#4852=CARTESIAN_POINT('',(-0.00674068711845824,-0.0175701787654722,0.0189509359677246));
#4853=CARTESIAN_POINT('',(-0.00676136309562815,-0.0174231336183524,0.0187963787767287));
#4854=CARTESIAN_POINT('',(-0.00678208182003354,-0.0172767437435861,0.0186407722316417));
#4855=CARTESIAN_POINT('',(-0.00680286330174023,-0.0171310741448287,0.0184840393695687));
#4856=CARTESIAN_POINT('',(-0.00682370961086662,-0.0169861506977412,0.0183261522031902));
#4857=CARTESIAN_POINT('',(-0.00685158168884977,-0.0167939495104213,0.0181140779993265));
#4858=CARTESIAN_POINT('',(-0.00690051881079785,-0.0164604743541739,0.0177387696222945));
#4859=CARTESIAN_POINT('',(-0.0069705650513664,-0.015993372688522,0.0171902737046612));
#4860=CARTESIAN_POINT('',(-0.00708107424166496,-0.0152702962171849,0.0162855348312338));
#4861=CARTESIAN_POINT('',(-0.00721216385317173,-0.0144172283434399,0.0151065148827412));
#4862=CARTESIAN_POINT('',(-0.00734424623566463,-0.0134866713628848,0.0136283877697066));
#4863=CARTESIAN_POINT('',(-0.0074390226031669,-0.0126504292841118,0.0120914056026667));
#4864=CARTESIAN_POINT('',(-0.00748577910346206,-0.0119038884846584,0.0104908179081891));
#4865=CARTESIAN_POINT('',(-0.00747586685465752,-0.0113548388741463,0.0091034682794189));
#4866=CARTESIAN_POINT('',(-0.00743462955625037,-0.0109594461752116,0.00796354739592657));
#4867=CARTESIAN_POINT('',(-0.00737085083206089,-0.0105933326403131,0.00680415402400949));
#4868=CARTESIAN_POINT('',(-0.00727365332014246,-0.0102713899304668,0.00561618475944409));
#4869=CARTESIAN_POINT('',(-0.0071451635204144,-0.00999606768072754,0.00440160081522203));
#4870=CARTESIAN_POINT('',(-0.00703394297501702,-0.00981434137540181,0.00347848575221114));
#4871=CARTESIAN_POINT('',(-0.00690961884649984,-0.0096597364983711,0.00254556580594211));
#4872=CARTESIAN_POINT('',(-0.00672905159662763,-0.00949292548776782,0.00129335132847676));
#4873=CARTESIAN_POINT('',(-0.0064754858143592,-0.00936528933655268,-0.000275313195949518));
#4874=CARTESIAN_POINT('',(-0.00605324282852213,-0.00928866469634056,-0.002173142672431));
#4875=CARTESIAN_POINT('',(-0.00544309402297916,-0.00921536207590509,-0.00408900794856391));
#4876=CARTESIAN_POINT('',(-0.00492742882920747,-0.00915716877565913,-0.00536930358166912));
#4877=CARTESIAN_POINT('',(-0.00464332731360858,-0.00912479686590594,-0.00600988655111815));
#4878=CARTESIAN_POINT('',(-0.00522712407679804,-0.0189376930058724,0.0200614351773467));
#4879=CARTESIAN_POINT('',(-0.00523436336591322,-0.0188869164634791,0.0200129141911574));
#4880=CARTESIAN_POINT('',(-0.00524883240784413,-0.0187855318178542,0.0199156146837795));
#4881=CARTESIAN_POINT('',(-0.00527050644905055,-0.0186339593516075,0.0197688931043314));
#4882=CARTESIAN_POINT('',(-0.0052921492098227,-0.0184828900165438,0.0196213977969948));
#4883=CARTESIAN_POINT('',(-0.0053209630635881,-0.0182821345401885,0.0194236980920864));
#4884=CARTESIAN_POINT('',(-0.00534971499175239,-0.0180823895400561,0.0192244149368475));
#4885=CARTESIAN_POINT('',(-0.00537842346780696,-0.0178836923637956,0.0190234501388045));
#4886=CARTESIAN_POINT('',(-0.00539994004830031,-0.0177352219641516,0.018871850494171));
#4887=CARTESIAN_POINT('',(-0.00542144992042664,-0.0175873616051275,0.0187193403056831));
#4888=CARTESIAN_POINT('',(-0.00544297624253427,-0.0174401561460617,0.0185658920477722));
#4889=CARTESIAN_POINT('',(-0.00546453993661753,-0.0172935296577913,0.0184115473442921));
#4890=CARTESIAN_POINT('',(-0.00548615392803871,-0.0171474494036415,0.0182563201852067));
#4891=CARTESIAN_POINT('',(-0.00550782482441253,-0.0170019421667277,0.0181001849254468));
#4892=CARTESIAN_POINT('',(-0.00553679453281481,-0.0168087604560097,0.0178907455769249));
#4893=CARTESIAN_POINT('',(-0.00558766447793003,-0.0164730319954147,0.0175208227660883));
#4894=CARTESIAN_POINT('',(-0.00566055460339759,-0.0160011602352889,0.0169821549975253));
#4895=CARTESIAN_POINT('',(-0.00577586920122104,-0.0152669818737142,0.0160977250054915));
#4896=CARTESIAN_POINT('',(-0.00591357123881366,-0.0143955826850341,0.0149504254154008));
#4897=CARTESIAN_POINT('',(-0.00605525318350311,-0.0134369948722117,0.0135147152310425));
#4898=CARTESIAN_POINT('',(-0.0061610363183848,-0.0125671899203882,0.0120242472273105));
#4899=CARTESIAN_POINT('',(-0.00621974811855623,-0.0117818910210202,0.0104770983821336));
#4900=CARTESIAN_POINT('',(-0.00622113524292027,-0.011194132291411,0.00913935252366545));
#4901=CARTESIAN_POINT('',(-0.00619035264652061,-0.010762713487772,0.00804049318234542));
#4902=CARTESIAN_POINT('',(-0.00613785070033415,-0.0103570904370726,0.00692266705383336));
#4903=CARTESIAN_POINT('',(-0.00605272968315786,-0.00999060497657655,0.00577652561368368));
#4904=CARTESIAN_POINT('',(-0.005936616109016,-0.00966731688990671,0.00460360107731648));
#4905=CARTESIAN_POINT('',(-0.00583491024318043,-0.0094485625076837,0.00371180818717815));
#4906=CARTESIAN_POINT('',(-0.00571940134257132,-0.0092561474276139,0.00281002648212447));
#4907=CARTESIAN_POINT('',(-0.00554739125725235,-0.00903862243535349,0.00159833792384349));
#4908=CARTESIAN_POINT('',(-0.00529007529618956,-0.00883988399661177,6.73372608812478E-5));
#4909=CARTESIAN_POINT('',(-0.00484918881583396,-0.00867672199896182,-0.00178802005216831));
#4910=CARTESIAN_POINT('',(-0.00423612378735275,-0.00849948319166848,-0.00365808642565204));
#4911=CARTESIAN_POINT('',(-0.00371863569743633,-0.00836753342428188,-0.00490757836844807));
#4912=CARTESIAN_POINT('',(-0.00343335934992554,-0.00829670658477059,-0.00553219055410374));
#4913=CARTESIAN_POINT('',(-0.0036250760267857,-0.0189692807098304,0.0197602335698946));
#4914=CARTESIAN_POINT('',(-0.00363289263286006,-0.0189187069311121,0.019711834144889));
#4915=CARTESIAN_POINT('',(-0.00364851683774974,-0.0188176846645202,0.0196148280859353));
#4916=CARTESIAN_POINT('',(-0.00367192700904407,-0.0186665283196473,0.0194686952627883));
#4917=CARTESIAN_POINT('',(-0.00369531352092015,-0.0185157523834359,0.0193219334019104));
#4918=CARTESIAN_POINT('',(-0.00372646852981424,-0.0183152317120429,0.0191254025926244));
#4919=CARTESIAN_POINT('',(-0.00375758898332658,-0.0181154925636335,0.0189275841443524));
#4920=CARTESIAN_POINT('',(-0.00378869793313822,-0.017916559671396,0.0187284562488794));
#4921=CARTESIAN_POINT('',(-0.00381203337656208,-0.0177677578986201,0.0185784537517701));
#4922=CARTESIAN_POINT('',(-0.0038353805099626,-0.0176193272523897,0.0184277926897598));
#4923=CARTESIAN_POINT('',(-0.00385873023428092,-0.017471277704439,0.0182764654592282));
#4924=CARTESIAN_POINT('',(-0.00388207958330182,-0.0173236978508522,0.018124413423107));
#4925=CARTESIAN_POINT('',(-0.00390542831773913,-0.0171766389054062,0.017971601420575));
#4926=CARTESIAN_POINT('',(-0.00392877589191794,-0.017030118539194,0.0178180190937835));
#4927=CARTESIAN_POINT('',(-0.00395990253898881,-0.0168354901438443,0.0176122114634239));
#4928=CARTESIAN_POINT('',(-0.00401435485032922,-0.0164968702914267,0.017249321479771));
#4929=CARTESIAN_POINT('',(-0.00409196428664343,-0.0160192433397167,0.0167230094978977));
#4930=CARTESIAN_POINT('',(-0.00421463988988622,-0.0152711032121379,0.0158635953423766));
#4931=CARTESIAN_POINT('',(-0.00436211447952579,-0.0143721128412651,0.0147568765107013));
#4932=CARTESIAN_POINT('',(-0.00451826115260629,-0.0133655313666189,0.0133795904972088));
#4933=CARTESIAN_POINT('',(-0.00464220947334146,-0.0124355437387598,0.0119549278873867));
#4934=CARTESIAN_POINT('',(-0.00472364150657791,-0.0115799581556978,0.0104816318294777));
#4935=CARTESIAN_POINT('',(-0.00474903264923085,-0.0109256157991672,0.00921150374530353));
#4936=CARTESIAN_POINT('',(-0.00474123349524577,-0.0104361704818955,0.00816916505140264));
#4937=CARTESIAN_POINT('',(-0.00471431130933577,-0.00996952823958294,0.00710912371833294));
#4938=CARTESIAN_POINT('',(-0.00465856888518651,-0.00953800842929636,0.00602230732101166));
#4939=CARTESIAN_POINT('',(-0.00457418720872217,-0.00914653687937916,0.00490927462284887));
#4940=CARTESIAN_POINT('',(-0.00449623280203555,-0.00887493209925634,0.00406192592186998));
#4941=CARTESIAN_POINT('',(-0.00440244454982915,-0.00862749670141617,0.00320276757214093));
#4942=CARTESIAN_POINT('',(-0.00425246072836769,-0.00833179886074781,0.0020422076614883));
#4943=CARTESIAN_POINT('',(-0.00401080135348396,-0.00802883252266456,0.000569213435821765));
#4944=CARTESIAN_POINT('',(-0.00356149813941144,-0.007727099036941,-0.00123064930511573));
#4945=CARTESIAN_POINT('',(-0.00296443872578193,-0.00742454887410689,-0.00304041492541));
#4946=CARTESIAN_POINT('',(-0.00245381273286952,-0.00719502549213464,-0.00424661654497374));
#4947=CARTESIAN_POINT('',(-0.00217277093988381,-0.00707321981853924,-0.00484965283984842));
#4948=CARTESIAN_POINT('',(-0.00201756113782992,-0.0190092246135985,0.0194519691667986));
#4949=CARTESIAN_POINT('',(-0.00202617397067239,-0.0189587735024917,0.0194037080118991));
#4950=CARTESIAN_POINT('',(-0.00204338649904345,-0.0188579486682877,0.0193070395521423));
#4951=CARTESIAN_POINT('',(-0.002069165352745,-0.0187069442634927,0.0191615983623881));
#4952=CARTESIAN_POINT('',(-0.00209490319383634,-0.018556174651806,0.0190157179393155));
#4953=CARTESIAN_POINT('',(-0.00212916550744471,-0.0183554658822256,0.0188206218982096));
#4954=CARTESIAN_POINT('',(-0.00216335255239292,-0.0181552443029261,0.0186246312212197));
#4955=CARTESIAN_POINT('',(-0.00219747357382926,-0.017955519857346,0.018427693766868));
#4956=CARTESIAN_POINT('',(-0.00222303079493764,-0.0178059850483187,0.0182794950815912));
#4957=CARTESIAN_POINT('',(-0.00224855430020813,-0.0176567363923101,0.0181307785521299));
#4958=CARTESIAN_POINT('',(-0.00227404938323022,-0.017507786670334,0.0179815302827396));
#4959=CARTESIAN_POINT('',(-0.00229951680883746,-0.0173591138658937,0.0178317640122134));
#4960=CARTESIAN_POINT('',(-0.00232495512306895,-0.0172107230062813,0.0176814802556961));
#4961=CARTESIAN_POINT('',(-0.00235036188860501,-0.0170626398969089,0.0175306679710771));
#4962=CARTESIAN_POINT('',(-0.00238419086386498,-0.0168656477727069,0.0173288633662074));
#4963=CARTESIAN_POINT('',(-0.00244325315446567,-0.0165222020732246,0.0169737791163394));
#4964=CARTESIAN_POINT('',(-0.00252711440297293,-0.016035837205322,0.0164608798729292));
#4965=CARTESIAN_POINT('',(-0.0026594502717478,-0.0152691724363196,0.0156280124139132));
#4966=CARTESIAN_POINT('',(-0.00281937872472733,-0.0143371166640336,0.0145639119545724));
#4967=CARTESIAN_POINT('',(-0.00299391573937077,-0.0132734927729178,0.0132504355768484));
#4968=CARTESIAN_POINT('',(-0.00314171985061281,-0.0122712442143836,0.0118997342458684));
#4969=CARTESIAN_POINT('',(-0.00325421478961663,-0.0113311623136142,0.0105094081547737));
#4970=CARTESIAN_POINT('',(-0.00331297063259752,-0.0105982625111675,0.00931507272123968));
#4971=CARTESIAN_POINT('',(-0.00333706834283731,-0.0100420484114639,0.00833666314869214));
#4972=CARTESIAN_POINT('',(-0.00334561904354768,-0.00950629712646481,0.00734253048485977));
#4973=CARTESIAN_POINT('',(-0.00333065410070246,-0.00900247616547919,0.00632425683925644));
#4974=CARTESIAN_POINT('',(-0.00329090612159688,-0.00853525245511881,0.00528098289585775));
#4975=CARTESIAN_POINT('',(-0.00324760233083681,-0.00820471326069022,0.00448587136278378));
#4976=CARTESIAN_POINT('',(-0.00318865165029253,-0.00789556580759747,0.00367796807853154));
#4977=CARTESIAN_POINT('',(-0.00308454811699358,-0.00751348021958003,0.00258385642334229));
#4978=CARTESIAN_POINT('',(-0.0028890707347259,-0.00709164070599137,0.00118237613004406));
#4979=CARTESIAN_POINT('',(-0.00248922051670571,-0.00663602773559772,-0.000545382842461537));
#4980=CARTESIAN_POINT('',(-0.0019223553037676,-0.00617876553872066,-0.00229203288577123));
#4981=CARTESIAN_POINT('',(-0.00143823911140196,-0.00583554096879766,-0.00345156506464043));
#4982=CARTESIAN_POINT('',(-0.00116927300461465,-0.00565604660627846,-0.00402938814064202));
#4983=CARTESIAN_POINT('',(-0.000407710868057796,-0.0190533968863592,0.0191410665624187));
#4984=CARTESIAN_POINT('',(-0.00041721899899022,-0.0190029149833377,0.0190929457259272));
#4985=CARTESIAN_POINT('',(-0.000436218392825038,-0.0189019740250368,0.0189966188290895));
#4986=CARTESIAN_POINT('',(-0.000464667876932779,-0.0187506314482014,0.018851871778099));
#4987=CARTESIAN_POINT('',(-0.000493069324621129,-0.0185993586662563,0.0187068652411952));
#4988=CARTESIAN_POINT('',(-0.000530872117106546,-0.0183977563817516,0.0185131721682453));
#4989=CARTESIAN_POINT('',(-0.000568557953476157,-0.0181962957047653,0.0183189466457132));
#4990=CARTESIAN_POINT('',(-0.000606098154115174,-0.0179950169911061,0.0181241785454118));
#4991=CARTESIAN_POINT('',(-0.000634182014655035,-0.0178441536034799,0.0179778267595034));
#4992=CARTESIAN_POINT('',(-0.000662201105221445,-0.017693375883018,0.0178311915963067));
#4993=CARTESIAN_POINT('',(-0.000690156143194874,-0.0175426871717809,0.0176842666973938));
#4994=CARTESIAN_POINT('',(-0.000718048142570366,-0.0173921140994295,0.0175370350729923));
#4995=CARTESIAN_POINT('',(-0.000745877715358853,-0.0172416732988616,0.0173894892247477));
#4996=CARTESIAN_POINT('',(-0.000773644702343215,-0.017091375087098,0.0172416287867177));
#4997=CARTESIAN_POINT('',(-0.000810582836968613,-0.0168911830493144,0.0170440634153076));
#4998=CARTESIAN_POINT('',(-0.000874997637040873,-0.016541441759219,0.0166972252507793));
#4999=CARTESIAN_POINT('',(-0.000966318782900037,-0.0160439027344056,0.0161985860293833));
#5000=CARTESIAN_POINT('',(-0.0011105188389449,-0.0152543681980556,0.0153939041111012));
#5001=CARTESIAN_POINT('',(-0.00128594609619798,-0.0142837420917998,0.0143749911904252));
#5002=CARTESIAN_POINT('',(-0.00148315634444067,-0.013156748351569,0.0131301038250426));
#5003=CARTESIAN_POINT('',(-0.0016603785262453,-0.0120753442011809,0.0118600893777952));
#5004=CARTESIAN_POINT('',(-0.00181112090422949,-0.0110432516510823,0.010560583869136));
#5005=CARTESIAN_POINT('',(-0.00191041372599848,-0.0102255717095376,0.00944918755065801));
#5006=CARTESIAN_POINT('',(-0.00197259442430862,-0.00959791115879043,0.0085409692925139));
#5007=CARTESIAN_POINT('',(-0.00202303647366761,-0.00898854941287093,0.00761944099703993));
#5008=CARTESIAN_POINT('',(-0.00205558269592454,-0.00840798764403168,0.00667711742306419));
#5009=CARTESIAN_POINT('',(-0.00206833320468796,-0.00785992593286174,0.00571199946878529));
#5010=CARTESIAN_POINT('',(-0.00206661372720266,-0.00746610012868353,0.00497605341925357));
#5011=CARTESIAN_POINT('',(-0.00205112605994745,-0.00709022457107949,0.00422707293502768));
#5012=CARTESIAN_POINT('',(-0.00200647208229692,-0.00661293473690402,0.00320926040779892));
#5013=CARTESIAN_POINT('',(-0.00189220396841759,-0.00605807046910262,0.00189774378311895));
#5014=CARTESIAN_POINT('',(-0.00160370389636069,-0.00543873940433415,0.000259420376124434));
#5015=CARTESIAN_POINT('',(-0.00113067974603302,-0.00480111804684587,-0.00140967505412109));
#5016=CARTESIAN_POINT('',(-0.000704291475200826,-0.00433889301374896,-0.00251185710622241));
#5017=CARTESIAN_POINT('',(-0.000470104392227425,-0.00409959956597681,-0.00306503015054967));
#5018=CARTESIAN_POINT('',(0.00120098052221874,-0.0190966609258449,0.0188288600947946));
#5019=CARTESIAN_POINT('',(0.00119054271803647,-0.0190459810682588,0.0187808728015791));
#5020=CARTESIAN_POINT('',(0.00116969554648675,-0.0189445884581536,0.0186848800081351));
#5021=CARTESIAN_POINT('',(0.00113851089324563,-0.0187924003534104,0.0185408358330808));
#5022=CARTESIAN_POINT('',(0.00110741253236587,-0.0186401119346887,0.0183967355993582));
#5023=CARTESIAN_POINT('',(0.00106605542427726,-0.0184369262382008,0.0182045244611826));
#5024=CARTESIAN_POINT('',(0.00102482256679661,-0.0182335476417182,0.0180121877106059));
#5025=CARTESIAN_POINT('',(0.000983701374122432,-0.0180299499494566,0.0178197188081501));
#5026=CARTESIAN_POINT('',(0.000952931511872836,-0.0178771442300167,0.0176753026635506));
#5027=CARTESIAN_POINT('',(0.000922242776458353,-0.0177242444203333,0.0175308235191699));
#5028=CARTESIAN_POINT('',(0.000891637227808152,-0.0175712591534996,0.0173862804252672));
#5029=CARTESIAN_POINT('',(0.000861114996613205,-0.0174181874548061,0.017241678118852));
#5030=CARTESIAN_POINT('',(0.000830675331423057,-0.0172650369005892,0.0170970168439465));
#5031=CARTESIAN_POINT('',(0.000800317158490536,-0.0171118211041518,0.0169522941339021));
#5032=CARTESIAN_POINT('',(0.000759946999173334,-0.016907466872053,0.0167592458220357));
#5033=CARTESIAN_POINT('',(0.000689578959203735,-0.0165497266650808,0.0164211871415273));
#5034=CARTESIAN_POINT('',(0.000589850558063414,-0.0160386604330232,0.0159376154077913));
#5035=CARTESIAN_POINT('',(0.000432074218250763,-0.0152225748155308,0.0151626370334771));
#5036=CARTESIAN_POINT('',(0.000238619321979044,-0.0142089892770329,0.0141914313108815));
#5037=CARTESIAN_POINT('',(1.49739878285533E-5,-0.0130142211302702,0.0130195263354035));
#5038=CARTESIAN_POINT('',(-0.000196358269960444,-0.0118499838942644,0.0118358165814381));
#5039=CARTESIAN_POINT('',(-0.000390928056410475,-0.0107224893741003,0.0106334249518473));
#5040=CARTESIAN_POINT('',(-0.000535726586300309,-0.00981727312963435,0.00961039926066043));
#5041=CARTESIAN_POINT('',(-0.000639778162564735,-0.00911593620033981,0.00877683930686124));
#5042=CARTESIAN_POINT('',(-0.000735677830517158,-0.00843066883999711,0.00793252637443507));
#5043=CARTESIAN_POINT('',(-0.000818959124661847,-0.00777087355861518,0.00707114693836367));
#5044=CARTESIAN_POINT('',(-0.000887830478947181,-0.00713902045412283,0.00619009434456872));
#5045=CARTESIAN_POINT('',(-0.000931164270256429,-0.00667941319628123,0.00551838682257033));
#5046=CARTESIAN_POINT('',(-0.000964247810525283,-0.00623396231979827,0.0048342838144828));
#5047=CARTESIAN_POINT('',(-0.000990884808922751,-0.00565803862162349,0.00390325057728116));
#5048=CARTESIAN_POINT('',(-0.000981197593934428,-0.00496806317395503,0.00269970327597719));
#5049=CARTESIAN_POINT('',(-0.000855640794356871,-0.00417443833109048,0.00117654225567164));
#5050=CARTESIAN_POINT('',(-0.000570017522057128,-0.00335832665546174,-0.000398469022729487));
#5051=CARTESIAN_POINT('',(-0.0002736797080574,-0.00277719341884571,-0.00145083187639719));
#5052=CARTESIAN_POINT('',(-9.64054856066326E-5,-0.00247714872974388,-0.00197317754108755));
#5053=CARTESIAN_POINT('',(0.00280618238153997,-0.0191361431640556,0.0185190833660662));
#5054=CARTESIAN_POINT('',(0.00279474969340834,-0.0190850458908394,0.0184711994464285));
#5055=CARTESIAN_POINT('',(0.00277191929435443,-0.0189827646451587,0.0183754843322749));
#5056=CARTESIAN_POINT('',(0.00273777795114036,-0.0188290829083034,0.0182320703778892));
#5057=CARTESIAN_POINT('',(0.00270374161741167,-0.0186751407793322,0.0180888162011434));
#5058=CARTESIAN_POINT('',(0.00265851231794941,-0.0184695319227523,0.0178980251966743));
#5059=CARTESIAN_POINT('',(0.00261356171274767,-0.0182633616919047,0.0177075619045742));
#5060=CARTESIAN_POINT('',(0.00256884001645995,-0.0180566058892491,0.0175174190270565));
#5061=CARTESIAN_POINT('',(0.0025353939344362,-0.0179012460634424,0.0173749722332032));
#5062=CARTESIAN_POINT('',(0.0025020340770955,-0.0177455912142786,0.0172326882887443));
#5063=CARTESIAN_POINT('',(0.00246875926435231,-0.0175896455775864,0.0170905726705824));
#5064=CARTESIAN_POINT('',(0.00243557014678047,-0.0174334217743073,0.016948628161567));
#5065=CARTESIAN_POINT('',(0.00240246765382676,-0.0172769295248741,0.0168068606714834));
#5066=CARTESIAN_POINT('',(0.00236945231453974,-0.0171201772700381,0.016665277853119));
#5067=CARTESIAN_POINT('',(0.00232554779265823,-0.0169108403858481,0.0164767569447773));
#5068=CARTESIAN_POINT('',(0.00224901579257432,-0.0165436646845238,0.0161475406945281));
#5069=CARTESIAN_POINT('',(0.00214050555559411,-0.0160170076454491,0.0156793330730673));
#5070=CARTESIAN_POINT('',(0.00196838134522002,-0.0151712433378715,0.0149350019745931));
#5071=CARTESIAN_POINT('',(0.00175551184835446,-0.0141113177155006,0.014013576676222));
#5072=CARTESIAN_POINT('',(0.00150292735114754,-0.0128460444452908,0.0129183268899765));
#5073=CARTESIAN_POINT('',(0.00125413723020807,-0.0115974886180609,0.0118253375343409));
#5074=CARTESIAN_POINT('',(0.00101175437987562,-0.0103737372537432,0.0107246915982079));
#5075=CARTESIAN_POINT('',(0.000818011559009313,-0.00938024969338924,0.0097936742677104));
#5076=CARTESIAN_POINT('',(0.000669581027138137,-0.00860445131416454,0.00903748345197216));
#5077=CARTESIAN_POINT('',(0.000525948697016598,-0.00784235078345132,0.00827302564929754));
#5078=CARTESIAN_POINT('',(0.000390031098157633,-0.00710221839245211,0.00749532546054812));
#5079=CARTESIAN_POINT('',(0.000262894099861121,-0.00638569920582756,0.00670205601470876));
#5080=CARTESIAN_POINT('',(0.000172395125115771,-0.00585999820339297,0.00609822782037068));
#5081=CARTESIAN_POINT('',(8.74592362123864E-5,-0.0053453814613814,0.00548387196892995));
#5082=CARTESIAN_POINT('',(-1.67264566211206E-5,-0.00467237241263009,0.00464776195162112));
#5083=CARTESIAN_POINT('',(-0.000124681797505723,-0.00385261535548322,0.00356370619850015));
#5084=CARTESIAN_POINT('',(-0.000196178462405081,-0.00287930260986927,0.00218325791644305));
#5085=CARTESIAN_POINT('',(-0.000161738153805709,-0.00189056708122987,0.000732888693502744));
#5086=CARTESIAN_POINT('',(-6.29503044885487E-5,-0.0012136227483674,-0.000267339289706991));
#5087=CARTESIAN_POINT('',(7.9322338466795E-6,-0.000870217891518123,-0.000773809937640341));
#5088=CARTESIAN_POINT('',(0.00413713836959729,-0.0191635211750699,0.0182665472511494));
#5089=CARTESIAN_POINT('',(0.00412491290169005,-0.0191118557843716,0.018218712782132));
#5090=CARTESIAN_POINT('',(0.00410050870544777,-0.019008390434842,0.0181231515114489));
#5091=CARTESIAN_POINT('',(0.00406404290568035,-0.0188527876112725,0.0179801333474693));
#5092=CARTESIAN_POINT('',(0.00402771576077418,-0.0186967769245186,0.0178374419874411));
#5093=CARTESIAN_POINT('',(0.00397944948503626,-0.0184882137232308,0.0176476300881331));
#5094=CARTESIAN_POINT('',(0.00393139027738248,-0.0182788362533688,0.0174584917391416));
#5095=CARTESIAN_POINT('',(0.00388358416958335,-0.0180686361072075,0.0172700473146896));
#5096=CARTESIAN_POINT('',(0.00384786265892115,-0.0179105696657012,0.0171290686669657));
#5097=CARTESIAN_POINT('',(0.00381227335170407,-0.0177520856104185,0.0169884531033027));
#5098=CARTESIAN_POINT('',(0.00377681094617298,-0.0175931825058525,0.0168482093343913));
#5099=CARTESIAN_POINT('',(0.00374146916777303,-0.0174338575894399,0.0167083492072392));
#5100=CARTESIAN_POINT('',(0.00370624142523073,-0.0172741123135676,0.0165688842978494));
#5101=CARTESIAN_POINT('',(0.00367112097711067,-0.0171139511335064,0.0164298262038651));
#5102=CARTESIAN_POINT('',(0.00362442764429807,-0.0168998565669451,0.0162449738388318));
#5103=CARTESIAN_POINT('',(0.0035430414203252,-0.0165237832868106,0.0159229907177033));
#5104=CARTESIAN_POINT('',(0.00342756450035378,-0.0159827136994682,0.0154675482589535));
#5105=CARTESIAN_POINT('',(0.00324381785891016,-0.0151101017802847,0.0147491141592571));
#5106=CARTESIAN_POINT('',(0.00301474818811154,-0.0140095172574834,0.0138702981804383));
#5107=CARTESIAN_POINT('',(0.0027373309739108,-0.0126845899146376,0.0128408232340496));
#5108=CARTESIAN_POINT('',(0.00245591263572624,-0.0113661483864627,0.0118256469194127));
#5109=CARTESIAN_POINT('',(0.00217168274079024,-0.0100630894364527,0.0108121406689113));
#5110=CARTESIAN_POINT('',(0.00193513610782324,-0.0089966273567511,0.00995957987828031));
#5111=CARTESIAN_POINT('',(0.00174796921969441,-0.00815898574949281,0.0092690584771005));
#5112=CARTESIAN_POINT('',(0.00156272652864265,-0.00733291708127112,0.00857221342371587));
#5113=CARTESIAN_POINT('',(0.00138097415730812,-0.00652580071674275,0.00786526511298853));
#5114=CARTESIAN_POINT('',(0.00120297562453435,-0.0057391630824765,0.00714684034039939));
#5115=CARTESIAN_POINT('',(0.00107116168378458,-0.00515913907354995,0.00660146661209749));
#5116=CARTESIAN_POINT('',(0.000940833068932002,-0.00458824204615175,0.00604813620390001));
#5117=CARTESIAN_POINT('',(0.000768725702361512,-0.003837420786817,0.00529657526244052));
#5118=CARTESIAN_POINT('',(0.000556185500154832,-0.00291228089535127,0.0043238140350985));
#5119=CARTESIAN_POINT('',(0.000320353845096738,-0.00180312824991511,0.00308367015732194));
#5120=CARTESIAN_POINT('',(0.000129966277692799,-0.000682857284232964,0.0017694832853914));
#5121=CARTESIAN_POINT('',(3.50782054687608E-5,7.17938631866859E-5,0.000852879879136848));
#5122=CARTESIAN_POINT('',(-1.1504284733011E-6,0.000450336430538484,0.000384764408761609));
#5123=CARTESIAN_POINT('',(0.00519661092613094,-0.0191775142488167,0.0180692005038278));
#5124=CARTESIAN_POINT('',(0.00518376411520628,-0.0191253296911353,0.0180213914237437));
#5125=CARTESIAN_POINT('',(0.00515812265998377,-0.0190207903232848,0.0179259256843458));
#5126=CARTESIAN_POINT('',(0.00511981816030005,-0.0188634702681848,0.0177831836255321));
#5127=CARTESIAN_POINT('',(0.00508167381901813,-0.0187056394604922,0.01764089649622));
#5128=CARTESIAN_POINT('',(0.00503103375808781,-0.0184945194368867,0.01745178822747));
#5129=CARTESIAN_POINT('',(0.00498073747714776,-0.0182823622318243,0.0172636146748088));
#5130=CARTESIAN_POINT('',(0.00493075670519829,-0.0180691491885362,0.0170764169435008));
#5131=CARTESIAN_POINT('',(0.00489342338947564,-0.0179087088391454,0.0169365191317645));
#5132=CARTESIAN_POINT('',(0.00485623706579456,-0.0177477335346711,0.0167971378889999));
#5133=CARTESIAN_POINT('',(0.00481919169121897,-0.0175862197720458,0.0166582921675858));
#5134=CARTESIAN_POINT('',(0.00478227961320673,-0.0174241663059948,0.0165200013152085));
#5135=CARTESIAN_POINT('',(0.00474549200356249,-0.0172615722524072,0.0163822856470063));
#5136=CARTESIAN_POINT('',(0.00470881926331266,-0.0170984382528044,0.016245165292361));
#5137=CARTESIAN_POINT('',(0.00466006196054094,-0.0168802102865896,0.0160631572275697));
#5138=CARTESIAN_POINT('',(0.00457506680290228,-0.0164964511520959,0.0157468538471991));
#5139=CARTESIAN_POINT('',(0.00445437266081711,-0.0159430884355151,0.015301597198494));
#5140=CARTESIAN_POINT('',(0.00426184984864389,-0.0150480437825399,0.0146039166748829));
#5141=CARTESIAN_POINT('',(0.00402039321644212,-0.01391443473497,0.0137591176508737));
#5142=CARTESIAN_POINT('',(0.00372356225407144,-0.0125423539525986,0.0127819304842406));
#5143=CARTESIAN_POINT('',(0.00341616826114213,-0.0111693379135183,0.0118288434346822));
#5144=CARTESIAN_POINT('',(0.00309825419166454,-0.00980438665314289,0.0108853205317585));
#5145=CARTESIAN_POINT('',(0.00282692859141397,-0.00868063423082906,0.0100960186638644));
#5146=CARTESIAN_POINT('',(0.00260799921738361,-0.00779420844773705,0.00945843729930147));
#5147=CARTESIAN_POINT('',(0.00238842897851802,-0.00691756439984343,0.00881606756857377));
#5148=CARTESIAN_POINT('',(0.00216857014516926,-0.00605741168522724,0.0081661040136597));
#5149=CARTESIAN_POINT('',(0.00194810627892025,-0.00521547597129979,0.00750816486029636));
#5150=CARTESIAN_POINT('',(0.00178176328495739,-0.00459282664826526,0.00701020122691928));
#5151=CARTESIAN_POINT('',(0.00161326043408565,-0.00397801545106564,0.00650651108212831));
#5152=CARTESIAN_POINT('',(0.00138421134147704,-0.0031666723212644,0.00582473647728035));
#5153=CARTESIAN_POINT('',(0.00108607579223137,-0.00216353348101375,0.00494430486815978));
#5154=CARTESIAN_POINT('',(0.000707907396022499,-0.000956465923897381,0.00381321203667159));
#5155=CARTESIAN_POINT('',(0.00033437294518259,0.000247279958965168,0.00259860681741415));
#5156=CARTESIAN_POINT('',(9.9380880676342E-5,0.00104467388654513,0.00174278208189648));
#5157=CARTESIAN_POINT('',(-1.20007891740262E-5,0.00144377107419359,0.00130947490276711));
#5158=CARTESIAN_POINT('',(0.00598801743643081,-0.0191826836932812,0.0179241915397445));
#5159=CARTESIAN_POINT('',(0.00597476184145091,-0.0191300873171848,0.0178763773726582));
#5160=CARTESIAN_POINT('',(0.00594830467049536,-0.0190246973201247,0.0177809384923713));
#5161=CARTESIAN_POINT('',(0.00590878000896079,-0.0188660203335971,0.0176383476176626));
#5162=CARTESIAN_POINT('',(0.00586942305044071,-0.0187067491527334,0.0174963220072649));
#5163=CARTESIAN_POINT('',(0.00581720203194756,-0.018493590629201,0.0173076984051322));
#5164=CARTESIAN_POINT('',(0.00576536566169029,-0.0182792411149519,0.0171201811052249));
#5165=CARTESIAN_POINT('',(0.00571388724465141,-0.018063671314958,0.0169338364219631));
#5166=CARTESIAN_POINT('',(0.00567544684645732,-0.0179013748267853,0.0167946901818255));
#5167=CARTESIAN_POINT('',(0.00563716400922078,-0.0177384520970818,0.0166561837493119));
#5168=CARTESIAN_POINT('',(0.00559902771308366,-0.0175748971833849,0.0165183448559036));
#5169=CARTESIAN_POINT('',(0.00556102706386506,-0.01741070532257,0.0163812013011485));
#5170=CARTESIAN_POINT('',(0.00552315104769515,-0.0172458747020456,0.0162447792263945));
#5171=CARTESIAN_POINT('',(0.00548538843792687,-0.0170804062196643,0.0161091027477399));
#5172=CARTESIAN_POINT('',(0.00543517422341035,-0.0168589357925657,0.0159292239746493));
#5173=CARTESIAN_POINT('',(0.00534761518585335,-0.0164691640405668,0.0156171892795661));
#5174=CARTESIAN_POINT('',(0.00522319012206183,-0.0159062694665243,0.0151795901872274));
#5175=CARTESIAN_POINT('',(0.00502438776617859,-0.014994102869294,0.0144973878040945));
#5176=CARTESIAN_POINT('',(0.00477405217413583,-0.0138358002964912,0.0136776834648022));
#5177=CARTESIAN_POINT('',(0.00446310620749972,-0.012429006463933,0.0127389456508852));
#5178=CARTESIAN_POINT('',(0.00413657154412207,-0.0110160404934233,0.0118318011162755));
#5179=CARTESIAN_POINT('',(0.00379361956607538,-0.00960572563131901,0.0109405334366944));
#5180=CARTESIAN_POINT('',(0.00349622107336891,-0.00843976249206021,0.0101987919711142));
#5181=CARTESIAN_POINT('',(0.00325326173836103,-0.00751727158150652,0.00960109417385827));
#5182=CARTESIAN_POINT('',(0.00300756776227616,-0.00660318929666795,0.00899978682138962));
#5183=CARTESIAN_POINT('',(0.00275848142079496,-0.00570374350727939,0.0083928003268162));
#5184=CARTESIAN_POINT('',(0.00250539085096177,-0.00482093608362269,0.00778057541042405));
#5185=CARTESIAN_POINT('',(0.00231249088801717,-0.00416685971763496,0.00731850011321978));
#5186=CARTESIAN_POINT('',(0.00211476481279366,-0.00351988978656439,0.00685248057896292));
#5187=CARTESIAN_POINT('',(0.00184140461812603,-0.00266435936849722,0.00622306356246742));
#5188=CARTESIAN_POINT('',(0.00147827252917362,-0.00160460890569105,0.00541396020207222));
#5189=CARTESIAN_POINT('',(0.000991307711806059,-0.000331480911688596,0.00436107363633524));
#5190=CARTESIAN_POINT('',(0.000488512852317582,0.000928974805682502,0.0032233236697293));
#5191=CARTESIAN_POINT('',(0.000162974694983248,0.00175652439711589,0.00241566031341694));
#5192=CARTESIAN_POINT('',(3.53007589964402E-6,0.00216976897330975,0.00200431483215374));
#5193=CARTESIAN_POINT('',(0.0066447110135548,-0.0191811649292611,0.0178067291424836));
#5194=CARTESIAN_POINT('',(0.0066311740023542,-0.019128209465766,0.0177588679908));
#5195=CARTESIAN_POINT('',(0.00660416185401604,-0.0190220764600759,0.0176633704882749));
#5196=CARTESIAN_POINT('',(0.00656382897259164,-0.0188622125100057,0.0175207948503491));
#5197=CARTESIAN_POINT('',(0.00652367650031761,-0.018701686727026,0.017378876852634));
#5198=CARTESIAN_POINT('',(0.00647037060136244,-0.0184867679254551,0.0171905111642769));
#5199=CARTESIAN_POINT('',(0.00641741917350847,-0.0182705106864951,0.0170034491623916));
#5200=CARTESIAN_POINT('',(0.00636481957382854,-0.0180528835895399,0.0168177784173912));
#5201=CARTESIAN_POINT('',(0.00632553746298827,-0.0178889674813836,0.016679251859764));
#5202=CARTESIAN_POINT('',(0.00628641168608785,-0.017724345209212,0.0165414844197751));
#5203=CARTESIAN_POINT('',(0.00624743015608989,-0.0175590089034188,0.0164045081352628));
#5204=CARTESIAN_POINT('',(0.00620858072101119,-0.0173929542007384,0.0162683526951804));
#5205=CARTESIAN_POINT('',(0.00616985152738268,-0.0172261799490889,0.0161330451687866));
#5206=CARTESIAN_POINT('',(0.00613123097070449,-0.0170586884848251,0.0159986095508207));
#5207=CARTESIAN_POINT('',(0.0060798663287994,-0.0168344178618015,0.0158205523171477));
#5208=CARTESIAN_POINT('',(0.00599027684480578,-0.0164394847780326,0.0155121382095151));
#5209=CARTESIAN_POINT('',(0.00586289714815251,-0.0158685227358529,0.0150809102914433));
#5210=CARTESIAN_POINT('',(0.00565915249056458,-0.0149421283208367,0.0144113087907465));
#5211=CARTESIAN_POINT('',(0.00540185401425889,-0.0137636959252122,0.0136116752169261));
#5212=CARTESIAN_POINT('',(0.00507969014968047,-0.0123288657081182,0.0127036867714628));
#5213=CARTESIAN_POINT('',(0.00473774148375838,-0.0108836939924955,0.0118337439523366));
#5214=CARTESIAN_POINT('',(0.0043744433126642,-0.0094366968807008,0.0109854560348969));
#5215=CARTESIAN_POINT('',(0.00405564414802042,-0.00823637909175151,0.0102833269121164));
#5216=CARTESIAN_POINT('',(0.0037927286938888,-0.00728444338285366,0.00971901103124182));
#5217=CARTESIAN_POINT('',(0.00352516898437237,-0.00633976706664852,0.00915213900123735));
#5218=CARTESIAN_POINT('',(0.0032513948929723,-0.00540823184973637,0.00858124618735866));
#5219=CARTESIAN_POINT('',(0.00297070861827899,-0.00449209815011923,0.00800752368430651));
#5220=CARTESIAN_POINT('',(0.00275546149693672,-0.00381249317880376,0.00757572668361492));
#5221=CARTESIAN_POINT('',(0.00253313475218564,-0.00313946030469843,0.0071415214309049));
#5222=CARTESIAN_POINT('',(0.00222309386344185,-0.00224878848313544,0.00655628287543548));
#5223=CARTESIAN_POINT('',(0.00180316007658705,-0.00114259912907658,0.00580565707334681));
#5224=CARTESIAN_POINT('',(0.0012318392631385,0.000180107055181545,0.00481957722186154));
#5225=CARTESIAN_POINT('',(0.000634303001092635,0.00148483673720281,0.00374654226945549));
#5226=CARTESIAN_POINT('',(0.00024261651215894,0.0023360279298133,0.00297974932867702));
#5227=CARTESIAN_POINT('',(4.77398432756843E-5,0.00276086131498507,0.00258712158123085));
#5228=CARTESIAN_POINT('',(0.00716871842532635,-0.0191750722444179,0.0177155299557645));
#5229=CARTESIAN_POINT('',(0.00715497540246263,-0.0191218349779439,0.0176675891852526));
#5230=CARTESIAN_POINT('',(0.00712754835618664,-0.0190151138355961,0.0175719683561295));
#5231=CARTESIAN_POINT('',(0.00708659762938796,-0.0188542961862565,0.0174293112369558));
#5232=CARTESIAN_POINT('',(0.00704583486168055,-0.018692751818197,0.0172874091431487));
#5233=CARTESIAN_POINT('',(0.00699172907724098,-0.0184763970562801,0.0170991983101833));
#5234=CARTESIAN_POINT('',(0.00693799683912291,-0.0182585879381702,0.0169124887887892));
#5235=CARTESIAN_POINT('',(0.00688459716453985,-0.0180392724277506,0.0167273845610376));
#5236=CARTESIAN_POINT('',(0.00684470107791666,-0.0178740208837545,0.0165893903144975));
#5237=CARTESIAN_POINT('',(0.0068049477672229,-0.017707995966884,0.0164522604365633));
#5238=CARTESIAN_POINT('',(0.00676532708093422,-0.0175411928136303,0.0163160234632004));
#5239=CARTESIAN_POINT('',(0.00672582927558472,-0.0173736101124977,0.0161807056360546));
#5240=CARTESIAN_POINT('',(0.00668644468630627,-0.0172052501214465,0.0160463304800114));
#5241=CARTESIAN_POINT('',(0.00664716346818408,-0.0170361182848043,0.0159129187708325));
#5242=CARTESIAN_POINT('',(0.0065949126558467,-0.0168095912023713,0.0157363450894427));
#5243=CARTESIAN_POINT('',(0.00650376148093216,-0.0164105353151139,0.0154308295531837));
#5244=CARTESIAN_POINT('',(0.00637412408341526,-0.0158332223170437,0.0150045688004409));
#5245=CARTESIAN_POINT('',(0.0061666311153524,-0.014895758888447,0.014344591982297));
#5246=CARTESIAN_POINT('',(0.00590406731959178,-0.0137017881836623,0.0135600978019351));
#5247=CARTESIAN_POINT('',(0.0055733470910085,-0.0122452770700382,0.0126754578440842));
#5248=CARTESIAN_POINT('',(0.00521955439200805,-0.0107751416024996,0.0118342232530837));
#5249=CARTESIAN_POINT('',(0.00484052272778672,-0.00929961125555826,0.011019708467533));
#5250=CARTESIAN_POINT('',(0.0045050430599628,-0.00807242025782702,0.0103491671824415));
#5251=CARTESIAN_POINT('',(0.00422640524306101,-0.00709740661685843,0.00981164606997498));
#5252=CARTESIAN_POINT('',(0.00394150092844912,-0.00612875806926526,0.0092724850126533));
#5253=CARTESIAN_POINT('',(0.00364797824264561,-0.00517212114386522,0.00873070945755718));
#5254=CARTESIAN_POINT('',(0.0033452617421639,-0.0042299994071589,0.00818810258764184));
#5255=CARTESIAN_POINT('',(0.00311224179920473,-0.00353047771487893,0.00778087029514899));
#5256=CARTESIAN_POINT('',(0.00287060321187576,-0.00283726714676349,0.00737244470820851));
#5257=CARTESIAN_POINT('',(0.00253182317982083,-0.00191933154518393,0.00682333035471219));
#5258=CARTESIAN_POINT('',(0.00206736489160901,-0.00077808878101219,0.00611878559641945));
#5259=CARTESIAN_POINT('',(0.00143422704064221,0.000581996072407135,0.00518835227010851));
#5260=CARTESIAN_POINT('',(0.000769839722333951,0.001919066649925,0.00416599557314445));
#5261=CARTESIAN_POINT('',(0.000328290739567418,0.00279051863657438,0.0034318543775327));
#5262=CARTESIAN_POINT('',(0.000107627108956397,0.00322445946406494,0.00305439197846275));
#5263=CARTESIAN_POINT('',(0.00756098034700407,-0.0191675636970075,0.0176488315492636));
#5264=CARTESIAN_POINT('',(0.00754710783276025,-0.019114126370693,0.0176008069828527));
#5265=CARTESIAN_POINT('',(0.00751941390566947,-0.0190069819381537,0.017505052069242));
#5266=CARTESIAN_POINT('',(0.00747802392917442,-0.0188454647872334,0.0173622925052463));
#5267=CARTESIAN_POINT('',(0.00743684242495427,-0.018683169745886,0.0172203699499976));
#5268=CARTESIAN_POINT('',(0.00738221668034492,-0.0184657449851465,0.017032246078711));
#5269=CARTESIAN_POINT('',(0.00732795127215332,-0.0182467534000722,0.0168458138130991));
#5270=CARTESIAN_POINT('',(0.00727397864128245,-0.0180261434523708,0.016661169180237));
#5271=CARTESIAN_POINT('',(0.00723363726393936,-0.0178598686276048,0.0165236045304512));
#5272=CARTESIAN_POINT('',(0.00719342628122206,-0.0176927726335614,0.0163869826617738));
#5273=CARTESIAN_POINT('',(0.00715333847305829,-0.0175248552200495,0.016251326279986));
#5274=CARTESIAN_POINT('',(0.00711336660309684,-0.0173561190864104,0.0161166566410128));
#5275=CARTESIAN_POINT('',(0.0070735030660096,-0.0171865694531129,0.0159829934108442));
#5276=CARTESIAN_POINT('',(0.00703373960385346,-0.0170162139531886,0.0158503543868686));
#5277=CARTESIAN_POINT('',(0.00698084291316661,-0.0167880120620994,0.0156748889316994));
#5278=CARTESIAN_POINT('',(0.00688855638965052,-0.0163859156894866,0.0153715114189478));
#5279=CARTESIAN_POINT('',(0.00675728597874904,-0.0158039601501492,0.0149488499663211));
#5280=CARTESIAN_POINT('',(0.00654709284133323,-0.0148584458426186,0.0142957639449811));
#5281=CARTESIAN_POINT('',(0.00628073847082593,-0.0136531845989899,0.0135220446383077));
#5282=CARTESIAN_POINT('',(0.00594382891922345,-0.0121808366370376,0.0126541601261698));
#5283=CARTESIAN_POINT('',(0.00558144073880336,-0.0106924103782801,0.0118338191679402));
#5284=CARTESIAN_POINT('',(0.00519094459708017,-0.00919591893386384,0.011044250782364));
#5285=CARTESIAN_POINT('',(0.00484324356962608,-0.00794890674864354,0.01039732211564));
#5286=CARTESIAN_POINT('',(0.00455299599447858,-0.00695685319516729,0.00987993957023323));
#5287=CARTESIAN_POINT('',(0.00425521749085741,-0.00597051139649526,0.00936165464452588));
#5288=CARTESIAN_POINT('',(0.00394695568809768,-0.00499538840571969,0.00884184978611194));
#5289=CARTESIAN_POINT('',(0.00362782315074128,-0.00403417144749258,0.00832276614070124));
#5290=CARTESIAN_POINT('',(0.00338162414511819,-0.00332003649552116,0.00793411784448782));
#5291=CARTESIAN_POINT('',(0.00312576457465926,-0.00261200647490039,0.00754530587453168));
#5292=CARTESIAN_POINT('',(0.00276601648297897,-0.00167422302123566,0.00702349674461157));
#5293=CARTESIAN_POINT('',(0.00226917669212004,-0.000507698645768492,0.00635399015653649));
#5294=CARTESIAN_POINT('',(0.00159298345029057,0.000879121264411876,0.0054656240386069));
#5295=CARTESIAN_POINT('',(0.000881944612373034,0.0022394628138866,0.00448068343822665));
#5296=CARTESIAN_POINT('',(0.00040490782951072,0.00312623775579394,0.00377092785631312));
#5297=CARTESIAN_POINT('',(0.000165890972170805,0.0035671392827531,0.00340490330388673));
#5298=CARTESIAN_POINT('',(0.00795241625545354,-0.0191565033373516,0.0175842634102301));
#5299=CARTESIAN_POINT('',(0.0079384551799451,-0.0191028895213099,0.017536126343228));
#5300=CARTESIAN_POINT('',(0.00791057683508805,-0.018995363145028,0.0174401868969371));
#5301=CARTESIAN_POINT('',(0.00786890127777219,-0.0188331909391572,0.0172972662333037));
#5302=CARTESIAN_POINT('',(0.00782740355260824,-0.0186701683637377,0.0171552990167675));
#5303=CARTESIAN_POINT('',(0.00777228830721522,-0.0184516775538936,0.0169672749727764));
#5304=CARTESIAN_POINT('',(0.00771747142380868,-0.0182314746569168,0.0167811704636568));
#5305=CARTESIAN_POINT('',(0.0076629198933527,-0.0180095396227082,0.016597037337856));
#5306=CARTESIAN_POINT('',(0.0076221339376852,-0.0178422256519343,0.0164599350109962));
#5307=CARTESIAN_POINT('',(0.00758147070146929,-0.0176740538731619,0.0163238438798262));
#5308=CARTESIAN_POINT('',(0.00754092502475138,-0.0175050296734494,0.0161887794338965));
#5309=CARTESIAN_POINT('',(0.00750049133996188,-0.0173351589190612,0.0160547581676746));
#5310=CARTESIAN_POINT('',(0.00746016338122751,-0.0171644483886559,0.0159217965670877));
#5311=CARTESIAN_POINT('',(0.00741993392141565,-0.0169929062351678,0.0157899102968308));
#5312=CARTESIAN_POINT('',(0.00736641475844254,-0.0167630877743863,0.0156155147080797));
#5313=CARTESIAN_POINT('',(0.00727303734363468,-0.0163580713610371,0.0153141795971773));
#5314=CARTESIAN_POINT('',(0.00714020339806586,-0.0157716781605059,0.0148949108144636));
#5315=CARTESIAN_POINT('',(0.00692742780806431,-0.0148184680360639,0.0142482721238521));
#5316=CARTESIAN_POINT('',(0.00665744241405647,-0.0136023582359221,0.0134846201426708));
#5317=CARTESIAN_POINT('',(0.00631458690672904,-0.0121146416899162,0.0126326014263566));
#5318=CARTESIAN_POINT('',(0.00594393696916073,-0.0106083826563844,0.0118324001749473));
#5319=CARTESIAN_POINT('',(0.00554237853830669,-0.00909139812924882,0.0110673098228563));
#5320=CARTESIAN_POINT('',(0.00518281877169882,-0.0078249265106839,0.0104438824906499));
#5321=CARTESIAN_POINT('',(0.00488120776770457,-0.00681612983527646,0.00994667800392649));
#5322=CARTESIAN_POINT('',(0.0045707580666192,-0.00581241749795464,0.0094493692540384));
#5323=CARTESIAN_POINT('',(0.00424790322371542,-0.00481919950928184,0.00895168618158011));
#5324=CARTESIAN_POINT('',(0.00391256756247046,-0.00383935648501367,0.00845632404863345));
#5325=CARTESIAN_POINT('',(0.0036534243161676,-0.00311099586672535,0.00808643440104182));
#5326=CARTESIAN_POINT('',(0.0033837272438138,-0.00238850104887029,0.00771751616177921));
#5327=CARTESIAN_POINT('',(0.0030038032738559,-0.00143150736181856,0.00722329578716007));
#5328=CARTESIAN_POINT('',(0.00247624353544751,-0.000240847205295923,0.00658953249545784));
#5329=CARTESIAN_POINT('',(0.00176022852853444,0.00117144023031329,0.00574283456991655));
#5330=CARTESIAN_POINT('',(0.00100544297365994,0.0025544014517119,0.00479500132330875));
#5331=CARTESIAN_POINT('',(0.000494818514700722,0.00345643938255258,0.00410948178268858));
#5332=CARTESIAN_POINT('',(0.000238394301070088,0.00390439423891137,0.00375492567513459));
#5333=CARTESIAN_POINT('',(0.00834328318092657,-0.0191410988865008,0.0175224167624343));
#5334=CARTESIAN_POINT('',(0.00832924979759864,-0.019087347577488,0.0174741381605393));
#5335=CARTESIAN_POINT('',(0.00830123547343175,-0.0189795017265347,0.0173779687926158));
#5336=CARTESIAN_POINT('',(0.00825933597437196,-0.0188167362008077,0.017234854935308));
#5337=CARTESIAN_POINT('',(0.00821751153496798,-0.0186530177597388,0.0170928491905561));
#5338=CARTESIAN_POINT('',(0.00816188050478842,-0.0184334556486411,0.0169049711530431));
#5339=CARTESIAN_POINT('',(0.00810649403855959,-0.0182120015730792,0.0167192648654695));
#5340=CARTESIAN_POINT('',(0.00805136613327841,-0.0179887394237309,0.0165356749810938));
#5341=CARTESIAN_POINT('',(0.00801014467107982,-0.0178204072759841,0.0163990370365513));
#5342=CARTESIAN_POINT('',(0.00796904311353739,-0.0176512008397364,0.0162634597564158));
#5343=CARTESIAN_POINT('',(0.00792805694994514,-0.017481126902159,0.0161289554468986));
#5344=CARTESIAN_POINT('',(0.00788718131181673,-0.0173101902565529,0.0159955393177274));
#5345=CARTESIAN_POINT('',(0.00784641055761506,-0.0171383956016984,0.0158632272375078));
#5346=CARTESIAN_POINT('',(0.00780573791417155,-0.0169657488592346,0.015732034342034));
#5347=CARTESIAN_POINT('',(0.00775162764769855,-0.0167344276493196,0.0155586209971151));
#5348=CARTESIAN_POINT('',(0.00765721539884115,-0.0163266969992425,0.0152591546718742));
#5349=CARTESIAN_POINT('',(0.00752289645894316,-0.0157361630500111,0.0148429790291468));
#5350=CARTESIAN_POINT('',(0.00730765855195897,-0.0147757184138826,0.0142022208647642));
#5351=CARTESIAN_POINT('',(0.00703419686068041,-0.0135492728159004,0.0134478002837061));
#5352=CARTESIAN_POINT('',(0.00668564998147032,-0.0120466934674171,0.0126106249558849));
#5353=CARTESIAN_POINT('',(0.00630712057611234,-0.010523078143883,0.01182968960414));
#5354=CARTESIAN_POINT('',(0.00589497073371919,-0.00898609385468523,0.0110885165433084));
#5355=CARTESIAN_POINT('',(0.00552399043715186,-0.00770055090186014,0.0104884398599064));
#5356=CARTESIAN_POINT('',(0.00521132965009387,-0.0066753359527483,0.0100114467586171));
#5357=CARTESIAN_POINT('',(0.00488848329781399,-0.00565460986606634,0.00953521932213454));
#5358=CARTESIAN_POINT('',(0.00455126245354556,-0.00464373990202872,0.00905982605220388));
#5359=CARTESIAN_POINT('',(0.00420005015172764,-0.00364580860737032,0.00858838880360575));
#5360=CARTESIAN_POINT('',(0.003928295574359,-0.00290368613933148,0.00823744536307065));
#5361=CARTESIAN_POINT('',(0.00364524788192573,-0.00216716454512368,0.00788863637642118));
#5362=CARTESIAN_POINT('',(0.00324615627469131,-0.00119156116720228,0.00742246533189116));
#5363=CARTESIAN_POINT('',(0.0026899784709975,2.19334669763274E-5,0.00682482208555468));
#5364=CARTESIAN_POINT('',(0.00193726339727682,0.00145848444880835,0.00601895797339158));
#5365=CARTESIAN_POINT('',(0.00114100387760592,0.00286369863051782,0.00510839764219131));
#5366=CARTESIAN_POINT('',(0.000598711780222626,0.00378085177768732,0.00444687645364167));
#5367=CARTESIAN_POINT('',(0.000325751313498771,0.00423589792412597,0.00410384075647632));
#5368=CARTESIAN_POINT('',(0.00866890918380404,-0.019123733059068,0.0174739121028758));
#5369=CARTESIAN_POINT('',(0.00865473723281245,-0.019069915428859,0.0174254925025376));
#5370=CARTESIAN_POINT('',(0.0086264656838819,-0.0189618890678853,0.0173290983978642));
#5371=CARTESIAN_POINT('',(0.00858420708250718,-0.0187987037122109,0.0171858173432544));
#5372=CARTESIAN_POINT('',(0.00854204463977551,-0.0186344065098942,0.0170438149311625));
#5373=CARTESIAN_POINT('',(0.00848597887309962,-0.0184139254860211,0.0168561167344671));
#5374=CARTESIAN_POINT('',(0.00843016176592811,-0.0181914567202862,0.016670740894307));
#5375=CARTESIAN_POINT('',(0.00837459214580601,-0.0179671887388847,0.016487534274461));
#5376=CARTESIAN_POINT('',(0.00833303472141482,-0.017798105654085,0.016351210975296));
#5377=CARTESIAN_POINT('',(0.00829159392530699,-0.017628146727868,0.0162159793282588));
#5378=CARTESIAN_POINT('',(0.00825026650758453,-0.0174573130088012,0.0160818550457894));
#5379=CARTESIAN_POINT('',(0.00820904849005115,-0.0172856042187148,0.0159488552710304));
#5380=CARTESIAN_POINT('',(0.00816793470928229,-0.0171130210643364,0.0158169963090707));
#5381=CARTESIAN_POINT('',(0.00812691854046241,-0.0169395664643325,0.0156862927457531));
#5382=CARTESIAN_POINT('',(0.00807234946348137,-0.016707139342968,0.0155135788036932));
#5383=CARTESIAN_POINT('',(0.00797713142146681,-0.0162973922246701,0.0152154562256562));
#5384=CARTESIAN_POINT('',(0.00784164537273702,-0.0157037283317192,0.0148015308841901));
#5385=CARTESIAN_POINT('',(0.00762445154314913,-0.014737720405788,0.0141651018830828));
#5386=CARTESIAN_POINT('',(0.00734821244971805,-0.0135031354704495,0.0134175764624403));
#5387=CARTESIAN_POINT('',(0.00699514024959189,-0.0119886164248933,0.0125918131543199));
#5388=CARTESIAN_POINT('',(0.00661040586867787,-0.0104509427037086,0.0118261034064588));
#5389=CARTESIAN_POINT('',(0.00618988069315436,-0.00889771932494562,0.0111043109722587));
#5390=CARTESIAN_POINT('',(0.00580981049051672,-0.00759662869131165,0.0105235278932062));
#5391=CARTESIAN_POINT('',(0.00548826039619624,-0.00655802324677381,0.0100633971954265));
#5392=CARTESIAN_POINT('',(0.00515536982015602,-0.00552344666341833,0.00960482626074419));
#5393=CARTESIAN_POINT('',(0.00480644178113303,-0.00449826739499526,0.0091481601644723));
#5394=CARTESIAN_POINT('',(0.00444236132512083,-0.00348577442938243,0.00869682907128348));
#5395=CARTESIAN_POINT('',(0.0041604807862653,-0.00273260433563009,0.0083618340254006));
#5396=CARTESIAN_POINT('',(0.00386676819533061,-0.00198491408327848,0.00802990539080857));
#5397=CARTESIAN_POINT('',(0.00345272008291548,-0.000994218268761912,0.00758751619304266));
#5398=CARTESIAN_POINT('',(0.00287476435764471,0.00023698415849832,0.00701989355833243));
#5399=CARTESIAN_POINT('',(0.00209367141204567,0.00169292489864362,0.00624739314993373));
#5400=CARTESIAN_POINT('',(0.00126447262799529,0.0031166763708708,0.00536814686624807));
#5401=CARTESIAN_POINT('',(0.000697288845407492,0.00404617965217626,0.0047265105545702));
#5402=CARTESIAN_POINT('',(0.000411236711247276,0.00450716789522549,0.004393108012366));
#5403=CARTESIAN_POINT('',(0.00892938619108315,-0.0191064477897973,0.0174376261815176));
#5404=CARTESIAN_POINT('',(0.008915041124764,-0.0190525924165363,0.017389078757686));
#5405=CARTESIAN_POINT('',(0.00888644587076965,-0.0189444484526018,0.0172924852904229));
#5406=CARTESIAN_POINT('',(0.00884379229740792,-0.018780931067639,0.0171490788510284));
#5407=CARTESIAN_POINT('',(0.00880132956098752,-0.0186161752241354,0.0170070899132842));
#5408=CARTESIAN_POINT('',(0.0087449203252,-0.0183950328477821,0.0168194858168297));
#5409=CARTESIAN_POINT('',(0.00868878220100203,-0.0181719171186789,0.0166342336868203));
#5410=CARTESIAN_POINT('',(0.00863288184885051,-0.0179470204195704,0.0164511849289372));
#5411=CARTESIAN_POINT('',(0.0085910730536108,-0.0177774640420933,0.0163150079628363));
#5412=CARTESIAN_POINT('',(0.00854937902623044,-0.0176070222953124,0.0161799566593589));
#5413=CARTESIAN_POINT('',(0.00850779746247281,-0.0174356910311742,0.0160460491250593));
#5414=CARTESIAN_POINT('',(0.00846632474094783,-0.0172634667818665,0.0159133022249637));
#5415=CARTESIAN_POINT('',(0.00842495564584232,-0.0170903483094805,0.0157817305128868));
#5416=CARTESIAN_POINT('',(0.00838368327217432,-0.0169163372194073,0.0156513462776974));
#5417=CARTESIAN_POINT('',(0.00832877089201953,-0.0166831386026023,0.0154790979314996));
#5418=CARTESIAN_POINT('',(0.00823294619036286,-0.0162719614322094,0.0151818883572686));
#5419=CARTESIAN_POINT('',(0.00809656861396038,-0.0156760207447975,0.0147695277211382));
#5420=CARTESIAN_POINT('',(0.00787785998519656,-0.0147058790699786,0.0141361692067319));
#5421=CARTESIAN_POINT('',(0.00759946218928737,-0.0134650840142903,0.0133936286908064));
#5422=CARTESIAN_POINT('',(0.00724290057264987,-0.0119412915746573,0.0125763629722376));
#5423=CARTESIAN_POINT('',(0.00685344637200494,-0.0103926138917292,0.0118222761727979));
#5424=CARTESIAN_POINT('',(0.00642652607408138,-0.00882666221218681,0.0111156039976102));
#5425=CARTESIAN_POINT('',(0.00603947636930344,-0.00751335291948167,0.010550128447765));
#5426=CARTESIAN_POINT('',(0.0057110379671357,-0.00646422171054864,0.0101034910958986));
#5427=CARTESIAN_POINT('',(0.00537032032544408,-0.00541877713726856,0.00965909937179702));
#5428=CARTESIAN_POINT('',(0.00501222273723246,-0.00438240888048013,0.00921750662538601));
#5429=CARTESIAN_POINT('',(0.00463813215031164,-0.00335859731373382,0.0087823677210854));
#5430=CARTESIAN_POINT('',(0.00434841911171403,-0.00259687031586135,0.00846020687534871));
#5431=CARTESIAN_POINT('',(0.00404654930932784,-0.00184060141951046,0.0081418721228329));
#5432=CARTESIAN_POINT('',(0.00362109925677434,-0.000838226210813879,0.00771858871275704));
#5433=CARTESIAN_POINT('',(0.00302724616261727,0.000406298996423838,0.00717492902267999));
#5434=CARTESIAN_POINT('',(0.00222432762319395,0.00187757759187545,0.00642871736464376));
#5435=CARTESIAN_POINT('',(0.00136975519492395,0.00331610950467915,0.00557466418547575));
#5436=CARTESIAN_POINT('',(0.000783435969483216,0.00425538602809777,0.00494893928518609));
#5437=CARTESIAN_POINT('',(0.000487313434957113,0.00472112013314906,0.00462326018757652));
#5438=CARTESIAN_POINT('',(0.00918977329575414,-0.0190866226106901,0.0174033297682774));
#5439=CARTESIAN_POINT('',(0.0091752342727159,-0.0190327267921753,0.0173546461808117));
#5440=CARTESIAN_POINT('',(0.00914627406767218,-0.0189244752967301,0.0172578239712585));
#5441=CARTESIAN_POINT('',(0.00910320720107265,-0.0187606064993257,0.0171143022213517));
#5442=CARTESIAN_POINT('',(0.00906043243254393,-0.0185954421257369,0.0169722867012866));
#5443=CARTESIAN_POINT('',(0.00900367168881645,-0.0183737778469071,0.0167846533674407));
#5444=CARTESIAN_POINT('',(0.008947212194652,-0.0181501918482771,0.0165993670745815));
#5445=CARTESIAN_POINT('',(0.00889098837637347,-0.0179248194793456,0.0164163456578926));
#5446=CARTESIAN_POINT('',(0.00884893688994888,-0.0177548919425159,0.016280230820911));
#5447=CARTESIAN_POINT('',(0.00880700072694627,-0.0175840579940377,0.0161452873688899));
#5448=CARTESIAN_POINT('',(0.00876517759601284,-0.0174123103999434,0.0160115329096382));
#5449=CARTESIAN_POINT('',(0.00872346345615181,-0.0172396446539818,0.0158789812618578));
#5450=CARTESIAN_POINT('',(0.00868185240994455,-0.0170660592835454,0.0157476430066498));
#5451=CARTESIAN_POINT('',(0.00864033680997814,-0.0168915557869136,0.0156175266090488));
#5452=CARTESIAN_POINT('',(0.00858509755798699,-0.0166576661975881,0.0154456768472836));
#5453=CARTESIAN_POINT('',(0.00848869201842666,-0.0162451887169491,0.0151492649431671));
#5454=CARTESIAN_POINT('',(0.00835145003088208,-0.0156471305667868,0.0147383025295928));
#5455=CARTESIAN_POINT('',(0.00813125584681993,-0.0146730747065301,0.0141077396351867));
#5456=CARTESIAN_POINT('',(0.0078507381206031,-0.0134262728808425,0.0133698153717224));
#5457=CARTESIAN_POINT('',(0.00749077372126089,-0.0118933953534791,0.0125606086916189));
#5458=CARTESIAN_POINT('',(0.00709677203466164,-0.010333873996393,0.0118177536664428));
#5459=CARTESIAN_POINT('',(0.00666367141701336,-0.00875537064218381,0.0111259266329437));
#5460=CARTESIAN_POINT('',(0.00626984838697399,-0.00742999291336341,0.0105756629113466));
#5461=CARTESIAN_POINT('',(0.0059346802727647,-0.00637046444042984,0.0101425177135985));
#5462=CARTESIAN_POINT('',(0.00558628600958772,-0.00531429739885628,0.00971234056581641));
#5463=CARTESIAN_POINT('',(0.00521916176565211,-0.0042669196092075,0.00928588223683679));
#5464=CARTESIAN_POINT('',(0.00483527200031811,-0.00323201054922578,0.00886700724910617));
#5465=CARTESIAN_POINT('',(0.00453791893400723,-0.00246192955186012,0.00855772648432229));
#5466=CARTESIAN_POINT('',(0.00422816976253152,-0.00169730835004195,0.0082530443455557));
#5467=CARTESIAN_POINT('',(0.0037916958416335,-0.000683621201968111,0.00784887486766263));
#5468=CARTESIAN_POINT('',(0.00318299351544013,0.00057372559251568,0.00732916580331333));
#5469=CARTESIAN_POINT('',(0.00235870389071975,0.00206031388974556,0.00660894212806975));
#5470=CARTESIAN_POINT('',(0.00147941661200786,0.0035135479396493,0.00578019159311302));
#5471=CARTESIAN_POINT('',(0.000874444718152963,0.00446255301029849,0.00517038489389848));
#5472=CARTESIAN_POINT('',(0.000568516065278013,0.00493301535895264,0.00485244823845265));
#5473=CARTESIAN_POINT('',(0.00951486980678158,-0.0190567408635345,0.0173645371850042));
#5474=CARTESIAN_POINT('',(0.00950012299880888,-0.0190026956932643,0.0173157516404719));
#5475=CARTESIAN_POINT('',(0.00947078522577555,-0.0188941130276241,0.0172187871421472));
#5476=CARTESIAN_POINT('',(0.00942725574998677,-0.0187298669230702,0.0170750443686713));
#5477=CARTESIAN_POINT('',(0.00938407908610449,-0.0185644839699705,0.0169327052305674));
#5478=CARTESIAN_POINT('',(0.00932683127749463,-0.0183426289289992,0.0167445923913014));
#5479=CARTESIAN_POINT('',(0.00926993572759577,-0.0181188678326519,0.0165588939969225));
#5480=CARTESIAN_POINT('',(0.00921330617964745,-0.0178932166196645,0.0163756433935482));
#5481=CARTESIAN_POINT('',(0.00917096218098544,-0.0177230250003432,0.0162394465853588));
#5482=CARTESIAN_POINT('',(0.00912874197528848,-0.017551873153334,0.0161045048903527));
#5483=CARTESIAN_POINT('',(0.00908664018665042,-0.0173797581537933,0.0159708254867688));
#5484=CARTESIAN_POINT('',(0.00904464961863146,-0.0172066801128387,0.0158384112403899));
#5485=CARTESIAN_POINT('',(0.00900276168873511,-0.0170326409931346,0.015707263589024));
#5486=CARTESIAN_POINT('',(0.00896096679843058,-0.0168576442480428,0.0155773837961837));
#5487=CARTESIAN_POINT('',(0.00890534998784018,-0.0166230457991288,0.0154059035606483));
#5488=CARTESIAN_POINT('',(0.00880826653047893,-0.0162091932444898,0.0151102652296895));
#5489=CARTESIAN_POINT('',(0.00866999175895043,-0.0156087962860486,0.0147007269345163));
#5490=CARTESIAN_POINT('',(0.00844798605389634,-0.0146302680916019,0.0140731246404915));
#5491=CARTESIAN_POINT('',(0.00816488427053244,-0.0133763395399919,0.0133402572267723));
#5492=CARTESIAN_POINT('',(0.00780082701754345,-0.0118324627999477,0.01254027275361));
#5493=CARTESIAN_POINT('',(0.00740148230517107,-0.0102596827803625,0.0118106884483703));
#5494=CARTESIAN_POINT('',(0.00696108034055181,-0.00866582208611459,0.0111368653701125));
#5495=CARTESIAN_POINT('',(0.00655919622723966,-0.00732564780004143,0.0106054145495158));
#5496=CARTESIAN_POINT('',(0.00621593150348778,-0.00625337114031893,0.0101891253559394));
#5497=CARTESIAN_POINT('',(0.00585824139530133,-0.00518408069113194,0.00977677882129182));
#5498=CARTESIAN_POINT('',(0.00548012961767138,-0.00412328920927599,0.00936935595929064));
#5499=CARTESIAN_POINT('',(0.00508441412238845,-0.00307491958182054,0.00897093805550796));
#5500=CARTESIAN_POINT('',(0.00477791858193939,-0.00229479844138606,0.00867784920323804));
#5501=CARTESIAN_POINT('',(0.00445884184413677,-0.0015201391269579,0.00839030878291109));
#5502=CARTESIAN_POINT('',(0.00400941559524876,-0.000493162459091871,0.00801003990568513));
#5503=CARTESIAN_POINT('',(0.0033839611949241,0.00077946689925623,0.0075201843566335));
#5504=CARTESIAN_POINT('',(0.00253369665079515,0.00228516540890424,0.00683189854401357));
#5505=CARTESIAN_POINT('',(0.0016247337227225,0.00375658486090164,0.00603498715952955));
#5506=CARTESIAN_POINT('',(0.000997304799851926,0.00471768847958499,0.00544510359840211));
#5507=CARTESIAN_POINT('',(0.000679603075539953,0.00519401341148569,0.00513689292577466));
#5508=CARTESIAN_POINT('',(0.00990450887437939,-0.0190115954266625,0.017325381187651));
#5509=CARTESIAN_POINT('',(0.00988961232867665,-0.0189575635462351,0.0172762622138007));
#5510=CARTESIAN_POINT('',(0.00985998536404804,-0.0188491123812399,0.0171785822404658));
#5511=CARTESIAN_POINT('',(0.00981594057593699,-0.0186852687914969,0.0170336633305899));
#5512=CARTESIAN_POINT('',(0.00977221031758771,-0.0185202845239904,0.0168902643038895));
#5513=CARTESIAN_POINT('',(0.00971426383887965,-0.0182988464458711,0.0167009987477734));
#5514=CARTESIAN_POINT('',(0.009656786621295,-0.0180752664162967,0.016514542921524));
#5515=CARTESIAN_POINT('',(0.00959967097352045,-0.017849581034132,0.0163308400117307));
#5516=CARTESIAN_POINT('',(0.00955699650260637,-0.0176792716779421,0.0161944313987573));
#5517=CARTESIAN_POINT('',(0.00951446850871011,-0.0175079258915168,0.0160593777728937));
#5518=CARTESIAN_POINT('',(0.00947207082922815,-0.0173355523819091,0.0159256658073059));
#5519=CARTESIAN_POINT('',(0.00942978832267792,-0.0171621592616223,0.0157932858385573));
#5520=CARTESIAN_POINT('',(0.00938760720686231,-0.0169877535199691,0.0156622307722236));
#5521=CARTESIAN_POINT('',(0.00934551435049147,-0.0168123406216038,0.015532494842924));
#5522=CARTESIAN_POINT('',(0.0092894907553992,-0.0165771202056418,0.0153612663871353));
#5523=CARTESIAN_POINT('',(0.00919166366986022,-0.0161620040289875,0.0150662113202449));
#5524=CARTESIAN_POINT('',(0.0090522118039868,-0.0155592958310599,0.014657864283473));
#5525=CARTESIAN_POINT('',(0.00882806743819275,-0.0145760602736034,0.0140329307829249));
#5526=CARTESIAN_POINT('',(0.00854194721328854,-0.0133141752640587,0.0133049496779281));
#5527=CARTESIAN_POINT('',(0.00817322707321471,-0.0117576782299548,0.0125145901050679));
#5528=CARTESIAN_POINT('',(0.00776807634751003,-0.0101694401482017,0.0117995948343932));
#5529=CARTESIAN_POINT('',(0.00731965709886414,-0.00855767662003373,0.0111463685026422));
#5530=CARTESIAN_POINT('',(0.00690880003253521,-0.00720023512014137,0.0106370890802998));
#5531=CARTESIAN_POINT('',(0.00655637287211477,-0.00611307796749226,0.0102409839371254));
#5532=CARTESIAN_POINT('',(0.00618805889284791,-0.0050285153761959,0.00985011568245702));
#5533=CARTESIAN_POINT('',(0.00579731820626167,-0.0039521931968164,0.00946572822216248));
#5534=CARTESIAN_POINT('',(0.00538816722794422,-0.00288833124384962,0.0090920342568628));
#5535=CARTESIAN_POINT('',(0.00507148077170533,-0.00209676098531295,0.00881853289934624));
#5536=CARTESIAN_POINT('',(0.00474205395352805,-0.00131078549478478,0.00855159029320582));
#5537=CARTESIAN_POINT('',(0.0042787247947622,-0.000269101045749296,0.00820001423118159));
#5538=CARTESIAN_POINT('',(0.00363503950303378,0.00102126838917777,0.0077452983275288));
#5539=CARTESIAN_POINT('',(0.00275503292787321,0.00254926614016073,0.0070950295668511));
#5540=CARTESIAN_POINT('',(0.00181217009079412,0.00404233786479313,0.00633648548661355));
#5541=CARTESIAN_POINT('',(0.00115914303013915,0.005017741188819,0.00577067650866032));
#5542=CARTESIAN_POINT('',(0.000828028133377574,0.00550103526906687,0.00547421728345583));
#5543=CARTESIAN_POINT('',(0.0102936622061675,-0.0189656522167247,0.0172836782279782));
#5544=CARTESIAN_POINT('',(0.0102786264373404,-0.0189112372949841,0.0172348106944131));
#5545=CARTESIAN_POINT('',(0.0102486688957763,-0.0188021428305844,0.0171374774481852));
#5546=CARTESIAN_POINT('',(0.0102040659557623,-0.018637722536824,0.0169926754583453));
#5547=CARTESIAN_POINT('',(0.0101598034119582,-0.0184724283701173,0.0168491785131996));
#5548=CARTESIAN_POINT('',(0.0101012334712975,-0.0182507440592526,0.0166596968395736));
#5549=CARTESIAN_POINT('',(0.0100432579241009,-0.0180270174909598,0.0164730183375135));
#5550=CARTESIAN_POINT('',(0.00998572133619681,-0.0178011859545885,0.0162891187940845));
#5551=CARTESIAN_POINT('',(0.00994275937660067,-0.0176307541557758,0.0161525801944972));
#5552=CARTESIAN_POINT('',(0.0098999606627595,-0.0174592599736639,0.0160174233312109));
#5553=CARTESIAN_POINT('',(0.00985730142165503,-0.0172867045080029,0.0158836418552156));
#5554=CARTESIAN_POINT('',(0.00981476039426014,-0.0171130926208339,0.015751229300535));
#5555=CARTESIAN_POINT('',(0.00977231855656179,-0.0169384302420553,0.0156201799547971));
#5556=CARTESIAN_POINT('',(0.00972995861249695,-0.0167627223924011,0.0154904879202201));
#5557=CARTESIAN_POINT('',(0.00967356560482857,-0.0165270556292817,0.0153193662571773));
#5558=CARTESIAN_POINT('',(0.00957505084546084,-0.0161109915481146,0.0150246076041456));
#5559=CARTESIAN_POINT('',(0.00943447035126713,-0.0155064446475444,0.0146169950476439));
#5560=CARTESIAN_POINT('',(0.00920818381540931,-0.0145190775576691,0.0139938554674395));
#5561=CARTESIAN_POINT('',(0.0089191009796395,-0.0132498090060845,0.0132695918563751));
#5562=CARTESIAN_POINT('',(0.00854596107673085,-0.011681264852063,0.0124873550919187));
#5563=CARTESIAN_POINT('',(0.00813566622203642,-0.0100779969119892,0.0117855253319308));
#5564=CARTESIAN_POINT('',(0.00768003658130788,-0.00844883593037462,0.0111517526311355));
#5565=CARTESIAN_POINT('',(0.00726094121202259,-0.00707464591636511,0.0106641475003249));
#5566=CARTESIAN_POINT('',(0.00689993560461787,-0.0059730461616963,0.0102881442068591));
#5567=CARTESIAN_POINT('',(0.00652157398025906,-0.00487371271080637,0.00991880968369581));
#5568=CARTESIAN_POINT('',(0.0061188263637773,-0.00378242059711574,0.00955764400432553));
#5569=CARTESIAN_POINT('',(0.00569707212993567,-0.00270369983487471,0.00920882807560637));
#5570=CARTESIAN_POINT('',(0.00537100754351359,-0.00190119162511801,0.00895502558678375));
#5571=CARTESIAN_POINT('',(0.00503222292279618,-0.00110464254507218,0.00870873652097999));
#5572=CARTESIAN_POINT('',(0.00455638261430966,-4.90696241981538E-5,0.00838558542098595));
#5573=CARTESIAN_POINT('',(0.00389557996198639,0.00125864311543917,0.00796500219130901));
#5574=CARTESIAN_POINT('',(0.00298760641678252,0.00280778861637872,0.00735306147383362));
#5575=CARTESIAN_POINT('',(0.0020123772280565,0.00432238630315036,0.00663291282011848));
#5576=CARTESIAN_POINT('',(0.00133507304498102,0.00531177383537176,0.00609143340071727));
#5577=CARTESIAN_POINT('',(0.00099121989327236,0.00580196786488843,0.00580681453929082));
#5578=CARTESIAN_POINT('',(0.0108113969636862,-0.0189008652269137,0.0172281789450704));
#5579=CARTESIAN_POINT('',(0.0107962052767444,-0.0188462104878444,0.0171794412983877));
#5580=CARTESIAN_POINT('',(0.0107659329000182,-0.0187366107399912,0.0170823986864792));
#5581=CARTESIAN_POINT('',(0.0107208589981886,-0.0185713404804649,0.016938132084463));
#5582=CARTESIAN_POINT('',(0.0106761165877166,-0.0184052246673739,0.0167951327176514));
#5583=CARTESIAN_POINT('',(0.010616898843519,-0.0181825924837622,0.0166061648250269));
#5584=CARTESIAN_POINT('',(0.0105583257571977,-0.017958163366071,0.0164197972211883));
#5585=CARTESIAN_POINT('',(0.0105002753455122,-0.0177317919796362,0.0162360641356887));
#5586=CARTESIAN_POINT('',(0.0104569571795425,-0.0175610165994606,0.0160995829572282));
#5587=CARTESIAN_POINT('',(0.0104138212442742,-0.0173892203244229,0.0159644330010274));
#5588=CARTESIAN_POINT('',(0.0103708366675761,-0.0172163807304721,0.0158306329295119));
#5589=CARTESIAN_POINT('',(0.0103279770730832,-0.0170424799481249,0.0156981965391178));
#5590=CARTESIAN_POINT('',(0.0102852169346726,-0.0168675059752772,0.015567129913591));
#5591=CARTESIAN_POINT('',(0.0102425308858313,-0.0166914537751499,0.0154374353372171));
#5592=CARTESIAN_POINT('',(0.0101856828972825,-0.0164552835123115,0.0152663419259717));
#5593=CARTESIAN_POINT('',(0.0100862914124833,-0.0160382583854011,0.0149717502108064));
#5594=CARTESIAN_POINT('',(0.00994427365580086,-0.0154317836202883,0.0145646433698945));
#5595=CARTESIAN_POINT('',(0.00971511033883438,-0.0144395026072494,0.0139428211683427));
#5596=CARTESIAN_POINT('',(0.0094220839800928,-0.0131611257037377,0.0132220390554718));
#5597=CARTESIAN_POINT('',(0.00904340427299434,-0.0115772512986883,0.012448585775481));
#5598=CARTESIAN_POINT('',(0.00862718085969046,-0.00995449145269539,0.0117623232673745));
#5599=CARTESIAN_POINT('',(0.00816309901546976,-0.0083027536619498,0.0111527712278667));
#5600=CARTESIAN_POINT('',(0.0077340069744287,-0.00690697221855378,0.0106932601087169));
#5601=CARTESIAN_POINT('',(0.00736235605177072,-0.00578673332324093,0.0103438846248749));
#5602=CARTESIAN_POINT('',(0.00697140593295677,-0.00466839689408785,0.0100032749490747));
#5603=CARTESIAN_POINT('',(0.00655357021101161,-0.00355787669302535,0.00967332087891101));
#5604=CARTESIAN_POINT('',(0.00611617754662521,-0.00246009698730959,0.00935782972037705));
#5605=CARTESIAN_POINT('',(0.00577868004530757,-0.00164360666863322,0.00913036741397215));
#5606=CARTESIAN_POINT('',(0.00542884281377256,-0.000833670911646902,0.00891167382447603));
#5607=CARTESIAN_POINT('',(0.00493777873966193,0.000239616286473963,0.0086258111654707));
#5608=CARTESIAN_POINT('',(0.00425492159824091,0.00156966575022978,0.00824932029095111));
#5609=CARTESIAN_POINT('',(0.00331225613807536,0.00314558511233896,0.0076893329864384));
#5610=CARTESIAN_POINT('',(0.00229581916770317,0.00468838081638314,0.00702044098310933));
#5611=CARTESIAN_POINT('',(0.00158784320432562,0.00569604334582683,0.00651177266107448));
#5612=CARTESIAN_POINT('',(0.00122786082367546,0.0061952932300737,0.00624306799696615));
#5613=CARTESIAN_POINT('',(0.0114571846603385,-0.018813126059715,0.0171605385236993));
#5614=CARTESIAN_POINT('',(0.0114419030206423,-0.0187581672668235,0.017112038103153));
#5615=CARTESIAN_POINT('',(0.0114114405055923,-0.0186479711645384,0.0170154440755345));
#5616=CARTESIAN_POINT('',(0.0113660497356264,-0.0184818389012909,0.0168717775151284));
#5617=CARTESIAN_POINT('',(0.0113209638683536,-0.0183148497724332,0.016729355170591));
#5618=CARTESIAN_POINT('',(0.0112612501411568,-0.0180910413450876,0.0165411234885774));
#5619=CARTESIAN_POINT('',(0.0112021132883145,-0.0178654845029109,0.0163553790964306));
#5620=CARTESIAN_POINT('',(0.011143478716034,-0.0176381090286347,0.0161721351578087));
#5621=CARTESIAN_POINT('',(0.0110997282865652,-0.017466641599763,0.0160359637645861));
#5622=CARTESIAN_POINT('',(0.0110561733254077,-0.017294211123922,0.0159010655275198));
#5623=CARTESIAN_POINT('',(0.0110127812987822,-0.0171207913132668,0.0157674536300486));
#5624=CARTESIAN_POINT('',(0.0109695193609665,-0.0169463578109732,0.0156351446718551));
#5625=CARTESIAN_POINT('',(0.0109263560987316,-0.0167708897589182,0.0155041570875743));
#5626=CARTESIAN_POINT('',(0.010883261818649,-0.0165943703747258,0.0153745081482419));
#5627=CARTESIAN_POINT('',(0.0108258573601059,-0.0163575906478322,0.0152034464127462));
#5628=CARTESIAN_POINT('',(0.0107254551785249,-0.0159394427509757,0.0149088570163121));
#5629=CARTESIAN_POINT('',(0.0105817346268844,-0.0153308607366756,0.0145017085362754));
#5630=CARTESIAN_POINT('',(0.0103492526425141,-0.0143336415844811,0.0138801376681378));
#5631=CARTESIAN_POINT('',(0.010050873545462,-0.0130449875875814,0.0131609924732615));
#5632=CARTESIAN_POINT('',(0.00966626232050564,-0.0114433233276439,0.0123948185387972));
#5633=CARTESIAN_POINT('',(0.00924427435836908,-0.00979717545570743,0.0117241126636153));
#5634=CARTESIAN_POINT('',(0.00877202901608759,-0.00811824810829633,0.0111412707431526));
#5635=CARTESIAN_POINT('',(0.00833218257070579,-0.00669696151779024,0.0107150579314924));
#5636=CARTESIAN_POINT('',(0.00794868551652644,-0.0055546695730152,0.0103984704486353));
#5637=CARTESIAN_POINT('',(0.00754356346502403,-0.00441391352339848,0.0100936690973691));
#5638=CARTESIAN_POINT('',(0.0071087632314242,-0.00328060876722564,0.00980311301271157));
#5639=CARTESIAN_POINT('',(0.00665406517720364,-0.00216027805800443,0.00952961826722512));
#5640=CARTESIAN_POINT('',(0.00630415443089348,-0.00132718773360652,0.00933478846254712));
#5641=CARTESIAN_POINT('',(0.00594296671761189,-0.000501439005380201,0.00915085814121687));
#5642=CARTESIAN_POINT('',(0.00543502032962698,0.00059273551882464,0.0089096395198274));
#5643=CARTESIAN_POINT('',(0.00472560091987658,0.00194865304439034,0.00858694652084059));
#5644=CARTESIAN_POINT('',(0.00374406666281335,0.00355605133599607,0.00809310765718539));
#5645=CARTESIAN_POINT('',(0.00267990555342618,0.00513251398161315,0.00748898216685279));
#5646=CARTESIAN_POINT('',(0.0019365406042746,0.00616239541036386,0.00702181261599977));
#5647=CARTESIAN_POINT('',(0.00155794992770911,0.00667262761145772,0.0067733132785633));
#5648=CARTESIAN_POINT('',(0.0124897830669721,-0.0186601535091031,0.0170552836668515));
#5649=CARTESIAN_POINT('',(0.0124744179434623,-0.0186048078835271,0.0170070051853303));
#5650=CARTESIAN_POINT('',(0.0124437719405326,-0.0184938278696247,0.0169108466057806));
#5651=CARTESIAN_POINT('',(0.0123980549417061,-0.018326491718538,0.0167678030519869));
#5652=CARTESIAN_POINT('',(0.0123525860179314,-0.018158295580666,0.0166259450516892));
#5653=CARTESIAN_POINT('',(0.0122922848193244,-0.0179328828409822,0.0164383827993893));
#5654=CARTESIAN_POINT('',(0.0122324559171317,-0.01770572206588,0.0162532068605392));
#5655=CARTESIAN_POINT('',(0.0121730444687553,-0.0174767610822215,0.0160704375626129));
#5656=CARTESIAN_POINT('',(0.0121286751890203,-0.0173041244851515,0.0159345693204723));
#5657=CARTESIAN_POINT('',(0.012084473292587,-0.0171305527670833,0.0157999189652825));
#5658=CARTESIAN_POINT('',(0.0120404147511044,-0.0169560236163698,0.0156664982672418));
#5659=CARTESIAN_POINT('',(0.0119964736276305,-0.0167805124955694,0.0155343196959504));
#5660=CARTESIAN_POINT('',(0.0119526223669466,-0.0166039928915171,0.0154033961487877));
#5661=CARTESIAN_POINT('',(0.011908832723746,-0.0164264367049423,0.0152737413778269));
#5662=CARTESIAN_POINT('',(0.0118504913227616,-0.0161882748108876,0.0151025796309899));
#5663=CARTESIAN_POINT('',(0.0117484133712816,-0.0157676698106727,0.0148075926285226));
#5664=CARTESIAN_POINT('',(0.0116020953645958,-0.015155530295687,0.0143995204445428));
#5665=CARTESIAN_POINT('',(0.0113650609390826,-0.0141510730372191,0.0137764630505159));
#5666=CARTESIAN_POINT('',(0.0110579545911612,-0.0128481945779734,0.0130560995308304));
#5667=CARTESIAN_POINT('',(0.0106660337067737,-0.0112206021301468,0.0122945238113629));
#5668=CARTESIAN_POINT('',(0.010238482432667,-0.00953939995572275,0.0116399257332676));
#5669=CARTESIAN_POINT('',(0.0097580648623002,-0.00781835052887107,0.0110910843182952));
#5670=CARTESIAN_POINT('',(0.00930400474453286,-0.00636005321658406,0.0107125357781999));
#5671=CARTESIAN_POINT('',(0.00890404673007394,-0.00518547337741852,0.0104463159482577));
#5672=CARTESIAN_POINT('',(0.00847930946256439,-0.00401224984211846,0.0101975246433078));
#5673=CARTESIAN_POINT('',(0.00802319449342018,-0.00284311015131634,0.00997105350332389));
#5674=CARTESIAN_POINT('',(0.00754445927095029,-0.00168958697346743,0.00976486223221389));
#5675=CARTESIAN_POINT('',(0.007178960459986,-0.000830814834078535,0.00962204883369845));
#5676=CARTESIAN_POINT('',(0.00680256769264602,1.90519123723764E-5,0.00949078907995369));
#5677=CARTESIAN_POINT('',(0.00627027315605879,0.00114381951730031,0.00932011365735982));
#5678=CARTESIAN_POINT('',(0.00552117788014548,0.00253731030697235,0.00908327040840559));
#5679=CARTESIAN_POINT('',(0.00448418813429055,0.00419164882554496,0.00869770930957157));
#5680=CARTESIAN_POINT('',(0.0033518852598108,0.00581802892808269,0.00819923073012128));
#5681=CARTESIAN_POINT('',(0.00255745679701917,0.00688168452233809,0.00779955026866344));
#5682=CARTESIAN_POINT('',(0.00215212907890491,0.00740865962165914,0.00758399245777928));
#5683=CARTESIAN_POINT('',(0.0137811974207537,-0.0184493810443999,0.0169233824697449));
#5684=CARTESIAN_POINT('',(0.013765742464283,-0.0183935872033378,0.0168751737460414));
#5685=CARTESIAN_POINT('',(0.0137348979187879,-0.0182817100566933,0.0167791313629818));
#5686=CARTESIAN_POINT('',(0.0136888260569701,-0.0181130241850303,0.0166361936713614));
#5687=CARTESIAN_POINT('',(0.0136429470538772,-0.0179434579228335,0.0164943909831806));
#5688=CARTESIAN_POINT('',(0.0135820250659356,-0.0177161864034561,0.0163068393171032));
#5689=CARTESIAN_POINT('',(0.0135214607142084,-0.0174871271517123,0.0161215681285784));
#5690=CARTESIAN_POINT('',(0.0134612093997663,-0.0172562303924605,0.0159385988918122));
#5691=CARTESIAN_POINT('',(0.0134161630460766,-0.0170821212319067,0.0158025308974429));
#5692=CARTESIAN_POINT('',(0.0133712418031505,-0.0169070557892412,0.0156676291256289));
#5693=CARTESIAN_POINT('',(0.0133264263622479,-0.016731012682149,0.0155339012685339));
#5694=CARTESIAN_POINT('',(0.0132816957105477,-0.0165539689326632,0.0154013568668959));
#5695=CARTESIAN_POINT('',(0.0132370276938444,-0.0163759006927245,0.0152700073597615));
#5696=CARTESIAN_POINT('',(0.0131923990701804,-0.0161967840292509,0.0151398655907092));
#5697=CARTESIAN_POINT('',(0.0131329143042996,-0.015956532561207,0.0149679722836354));
#5698=CARTESIAN_POINT('',(0.0130287822047606,-0.0155322582320562,0.0146714889067417));
#5699=CARTESIAN_POINT('',(0.0128794404927081,-0.014914672913176,0.0142606350952199));
#5700=CARTESIAN_POINT('',(0.0126368635038997,-0.0139003783171492,0.013632085964774));
#5701=CARTESIAN_POINT('',(0.0123244065065912,-0.0125822699190109,0.0129044123270148));
#5702=CARTESIAN_POINT('',(0.0119261424781202,-0.0109258681937412,0.0121372014099946));
#5703=CARTESIAN_POINT('',(0.011499472116167,-0.00920306133949226,0.0114873498841309));
#5704=CARTESIAN_POINT('',(0.011011328798656,-0.00743658401658905,0.010964072424825));
#5705=CARTESIAN_POINT('',(0.0105429909698344,-0.00593757380917785,0.010630614975771));
#5706=CARTESIAN_POINT('',(0.0101260379572936,-0.00473020941641935,0.0104178161639064));
#5707=CARTESIAN_POINT('',(0.00968505141602694,-0.00351833999909816,0.0102364634734473));
#5708=CARTESIAN_POINT('',(0.00920972662373787,-0.00230882852760829,0.010091973890309));
#5709=CARTESIAN_POINT('',(0.0087133276825575,-0.00111072912379487,0.00996857531209032));
#5710=CARTESIAN_POINT('',(0.00833243368051015,-0.000222516376796033,0.00988928076784564));
#5711=CARTESIAN_POINT('',(0.0079410871409265,0.000655848081682795,0.00982285783264438));
#5712=CARTESIAN_POINT('',(0.00738037629856068,0.00181153491004109,0.00973999724432969));
#5713=CARTESIAN_POINT('',(0.00658772318516751,0.00324679464076857,0.00961455622690504));
#5714=CARTESIAN_POINT('',(0.00549088411622238,0.00495271393139838,0.00936840989354834));
#5715=CARTESIAN_POINT('',(0.00428681708790178,0.00663482600157057,0.00900582718468408));
#5716=CARTESIAN_POINT('',(0.00343820149830345,0.00773668704701915,0.008692532073994));
#5717=CARTESIAN_POINT('',(0.0030044595309655,0.0082828857039161,0.00851920052256515));
#5718=CARTESIAN_POINT('',(0.0148168072537815,-0.0182637228235341,0.0168083431955573));
#5719=CARTESIAN_POINT('',(0.0148012457929308,-0.0182075641023879,0.0167600061823772));
#5720=CARTESIAN_POINT('',(0.0147701828020159,-0.0180949515518515,0.0166637012064775));
#5721=CARTESIAN_POINT('',(0.0147237673811008,-0.0179251462682722,0.0165203524239398));
#5722=CARTESIAN_POINT('',(0.0146775274278932,-0.0177544532263603,0.0163781101318847));
#5723=CARTESIAN_POINT('',(0.0146161005586949,-0.017525669465466,0.016189928463545));
#5724=CARTESIAN_POINT('',(0.01455499809615,-0.0172950740241001,0.0160039599502748));
#5725=CARTESIAN_POINT('',(0.0144941747176604,-0.0170626102242252,0.0158202047825187));
#5726=CARTESIAN_POINT('',(0.0144486823538937,-0.0168873108681304,0.0156834963842936));
#5727=CARTESIAN_POINT('',(0.014403299209936,-0.0167110402516065,0.0155478995582099));
#5728=CARTESIAN_POINT('',(0.0143580078495559,-0.0165337766003647,0.015413419854387));
#5729=CARTESIAN_POINT('',(0.0143127894271576,-0.0163554965805194,0.0152800643430044));
#5730=CARTESIAN_POINT('',(0.014267623794115,-0.0161761755192539,0.0151478417365373));
#5731=CARTESIAN_POINT('',(0.0142224898361312,-0.0159957876263678,0.0150167626285395));
#5732=CARTESIAN_POINT('',(0.014162324529664,-0.0157538124888855,0.0148435318214087));
#5733=CARTESIAN_POINT('',(0.0140569923933499,-0.0153264348411464,0.0145444738651827));
#5734=CARTESIAN_POINT('',(0.0139059286148713,-0.0147041945019377,0.0141292986462644));
#5735=CARTESIAN_POINT('',(0.0136612425484877,-0.0136818025254423,0.0134926100183908));
#5736=CARTESIAN_POINT('',(0.0133467183983522,-0.0123517099128275,0.0127529184640418));
#5737=CARTESIAN_POINT('',(0.0129497027071351,-0.010674012589606,0.0119716207851525));
#5738=CARTESIAN_POINT('',(0.012520283199115,-0.00892590714619412,0.0113141652069659));
#5739=CARTESIAN_POINT('',(0.0120280705280546,-0.00712890698398255,0.0107937568923953));
#5740=CARTESIAN_POINT('',(0.0115505651468149,-0.00560103160741886,0.0104807114596612));
#5741=CARTESIAN_POINT('',(0.0111259440913006,-0.00436585266598622,0.0102960285077352));
#5742=CARTESIAN_POINT('',(0.0106747951498312,-0.00312659784928329,0.0101529755651788));
#5743=CARTESIAN_POINT('',(0.0101911513564336,-0.0018836722161832,0.0100646391053475));
#5744=CARTESIAN_POINT('',(0.00968619925351925,-0.000652135556558927,0.0100114961564614));
#5745=CARTESIAN_POINT('',(0.00930150824684977,0.000264105317038085,0.00998514101763405));
#5746=CARTESIAN_POINT('',(0.00889804756726132,0.00115894391051393,0.00997237188838638));
#5747=CARTESIAN_POINT('',(0.00831870883491466,0.00233679969300463,0.00996323790596717));
#5748=CARTESIAN_POINT('',(0.00750147587891852,0.00379613743986975,0.00993750948916195));
#5749=CARTESIAN_POINT('',(0.00636621115348458,0.00553647859011914,0.00980868657533735));
#5750=CARTESIAN_POINT('',(0.00511441072382821,0.00725685828591045,0.00955831009798608));
#5751=CARTESIAN_POINT('',(0.0042288834653893,0.00838608834152313,0.00931536082553418));
#5752=CARTESIAN_POINT('',(0.00377632069518939,0.00894596597913002,0.00917676677618752));
#5753=CARTESIAN_POINT('',(0.0153353371007226,-0.018166824158114,0.0167474392873465));
#5754=CARTESIAN_POINT('',(0.0153197199511895,-0.0181104789923645,0.0166990262184945));
#5755=CARTESIAN_POINT('',(0.0152885450641837,-0.0179974938402903,0.0166025663174283));
#5756=CARTESIAN_POINT('',(0.0152419590662204,-0.0178271296860344,0.0164589712254914));
#5757=CARTESIAN_POINT('',(0.015195545043539,-0.0176558731120716,0.0163164655367368));
#5758=CARTESIAN_POINT('',(0.0151338803209434,-0.0174263303282135,0.0161279029967948));
#5759=CARTESIAN_POINT('',(0.0150725295148551,-0.0171949651185845,0.0159414986458508));
#5760=CARTESIAN_POINT('',(0.0150114480239766,-0.0169617185653176,0.0157572436344823));
#5761=CARTESIAN_POINT('',(0.0149657578493582,-0.0167858247437574,0.0156201273764356));
#5762=CARTESIAN_POINT('',(0.0149201732993398,-0.0166089517743877,0.015484088095303));
#5763=CARTESIAN_POINT('',(0.0148746776394449,-0.0164310775536856,0.0153491296953075));
#5764=CARTESIAN_POINT('',(0.0148292529016329,-0.0162521783352074,0.0152152581629819));
#5765=CARTESIAN_POINT('',(0.0147838800899206,-0.016072229058432,0.015082481556113));
#5766=CARTESIAN_POINT('',(0.0147385393547445,-0.0158912037155548,0.0149508099847731));
#5767=CARTESIAN_POINT('',(0.0146781004136449,-0.01564836648835,0.0147767375130196));
#5768=CARTESIAN_POINT('',(0.0145722989617573,-0.0152194494694325,0.0144760710047837));
#5769=CARTESIAN_POINT('',(0.0144206432922763,-0.0145948965124733,0.0140582065515585));
#5770=CARTESIAN_POINT('',(0.0141752019327643,-0.0135685018242496,0.0134164633111442));
#5771=CARTESIAN_POINT('',(0.0138605018549039,-0.0122324642999562,0.0126692401661037));
#5772=CARTESIAN_POINT('',(0.0134640854338136,-0.0105450900538419,0.0118787311927501));
#5773=CARTESIAN_POINT('',(0.013034081129865,-0.00878523040974676,0.0112141510441556));
#5774=CARTESIAN_POINT('',(0.0125399660219082,-0.00697406525029776,0.010692085381095));
#5775=CARTESIAN_POINT('',(0.0120591603769633,-0.00543151955758072,0.0103850096135249));
#5776=CARTESIAN_POINT('',(0.0116313440806134,-0.00418278250014269,0.0102116770119295));
#5777=CARTESIAN_POINT('',(0.0111791709240384,-0.00292551270774393,0.0100842917760276));
#5778=CARTESIAN_POINT('',(0.0106859861450861,-0.00167117660763097,0.0100194714330659));
#5779=CARTESIAN_POINT('',(0.010180269175837,-0.000418810712213972,0.00999878764380115));
#5780=CARTESIAN_POINT('',(0.00979099985435342,0.00050877102145107,0.0099999179838757));
#5781=CARTESIAN_POINT('',(0.00938287561823173,0.00140910031385021,0.0100163813284629));
#5782=CARTESIAN_POINT('',(0.00879871294124668,0.0025967402143867,0.0100474675579737));
#5783=CARTESIAN_POINT('',(0.00797160928980711,0.00406719035374575,0.0100730434614043));
#5784=CARTESIAN_POINT('',(0.00681993905791832,0.00582284384048811,0.0100048729317195));
#5785=CARTESIAN_POINT('',(0.00554627618240669,0.00756108592380809,0.00981142269551802));
#5786=CARTESIAN_POINT('',(0.00464301939451181,0.00870353418621266,0.0096038222892417));
#5787=CARTESIAN_POINT('',(0.00418128187733529,0.00927014691415979,0.00948268679141841));
#5788=CARTESIAN_POINT('',(0.01,3.15703915033079E-18,0.0383333333333334));
#5789=CARTESIAN_POINT('',(0.01,-0.019,0.0173148229727541));
#5790=CARTESIAN_POINT('',(-0.01,-0.0173148229727541,0.019));
#5791=CARTESIAN_POINT('',(-0.0083988680752722,-0.0173148229727541,0.019));
#5792=CARTESIAN_POINT('',(-0.00679773615054439,-0.0172129744543869,0.0190920675069631));
#5793=CARTESIAN_POINT('',(0.0067977361505444,-0.0190920675069631,0.0172129744543869));
#5794=CARTESIAN_POINT('',(0.0083988680752722,-0.019,0.0173148229727541));
#5795=CARTESIAN_POINT('',(0.01,-0.019,0.0173148229727541));
#5796=CARTESIAN_POINT('',(-0.01,-0.0173148229727541,0.019));
#5797=CARTESIAN_POINT('',(-0.01,-0.0383333333333334,5.50427884869655E-18));
#5798=CARTESIAN_POINT('',(0.01,5.50427884869655E-18,3.37039873683535E-34));
#5799=CARTESIAN_POINT('',(0.01,3.15703915033079E-18,0.0383333333333334));
#5800=CARTESIAN_POINT('',(0.01,-0.025,0.025));
#5801=CARTESIAN_POINT('',(0.01,-0.019,-1.16341445918998E-18));
#5802=CARTESIAN_POINT('',(0.01,7.43733888380031E-18,-0.0383333333333334));
#5803=CARTESIAN_POINT('',(0.01,-0.025,-0.025));
#5804=CARTESIAN_POINT('',(0.01,-0.025,-1.53080849893419E-18));
#5805=CARTESIAN_POINT('',(0.01,5.50427884869655E-18,3.37039873683535E-34));
#5806=CARTESIAN_POINT('',(0.01,1.54074395550979E-33,9.43433576710347E-50));
#5807=CARTESIAN_POINT('',(0.01,5.50427884869655E-18,3.37039873683535E-34));
#5808=CARTESIAN_POINT('',(0.01,0.019,1.16341445918998E-18));
#5809=CARTESIAN_POINT('',(0.01,5.50427884869655E-18,3.37039873683535E-34));
#5810=CARTESIAN_POINT('',(0.01,3.15703915033079E-18,0.0383333333333334));
#5811=CARTESIAN_POINT('',(0.01,0.025,0.025));
#5812=CARTESIAN_POINT('',(0.01,0.025,1.53080849893419E-18));
#5813=CARTESIAN_POINT('',(0.01,0.025,-0.025));
#5814=CARTESIAN_POINT('',(0.01,7.43733888380031E-18,-0.0383333333333334));
#5815=CARTESIAN_POINT('',(-0.01,0.025,0.025));
#5816=CARTESIAN_POINT('',(-0.00983333333333333,0.025,0.025));
#5817=CARTESIAN_POINT('',(-0.0096657969156901,0.0249996401248919,0.0250006815662846));
#5818=CARTESIAN_POINT('',(-0.00928096516927083,0.0249987632461073,0.0250026181336505));
#5819=CARTESIAN_POINT('',(-0.00906376139322917,0.0249982452061707,0.0250038741709919));
#5820=CARTESIAN_POINT('',(-0.00855098470052083,0.0249974100706459,0.0250064048082468));
#5821=CARTESIAN_POINT('',(-0.00825550333658854,0.0249970919387976,0.0250076804444204));
#5822=CARTESIAN_POINT('',(-0.00757404073079427,0.0249968433039576,0.02500989707234));
#5823=CARTESIAN_POINT('',(-0.00718815104166667,0.0249969117647059,0.025010839100346));
#5824=CARTESIAN_POINT('',(-0.00632747395833333,0.0249974826989619,0.0250122058823529));
#5825=CARTESIAN_POINT('',(-0.00585277811686198,0.0249979841362096,0.0250126316726139));
#5826=CARTESIAN_POINT('',(-0.00482707722981771,0.0249993581945646,0.0250129228391724));
#5827=CARTESIAN_POINT('',(-0.00427616373697917,0.0250002297794118,0.0250127892517301));
#5828=CARTESIAN_POINT('',(-0.00311885579427083,0.0250022031790657,0.0250120269247405));
#5829=CARTESIAN_POINT('',(-0.00251255289713542,0.0250033039576125,0.0250113992214533));
#5830=CARTESIAN_POINT('',(-0.00127078755696615,0.0250055477535683,0.0250097912386462));
#5831=CARTESIAN_POINT('',(-0.000635416666666667,0.0250066897347174,0.0250088119953864));
#5832=CARTESIAN_POINT('',(0.000635416666666667,0.0250088119953864,0.0250066897347174));
#5833=CARTESIAN_POINT('',(0.00127078755696615,0.0250097912386462,0.0250055477535683));
#5834=CARTESIAN_POINT('',(0.00251255289713542,0.0250113992214533,0.0250033039576125));
#5835=CARTESIAN_POINT('',(0.00311885579427083,0.0250120269247405,0.0250022031790657));
#5836=CARTESIAN_POINT('',(0.00427616373697917,0.0250127892517301,0.0250002297794118));
#5837=CARTESIAN_POINT('',(0.00482707722981771,0.0250129228391724,0.0249993581945646));
#5838=CARTESIAN_POINT('',(0.00585277811686198,0.0250126316726139,0.0249979841362096));
#5839=CARTESIAN_POINT('',(0.00632747395833333,0.0250122058823529,0.0249974826989619));
#5840=CARTESIAN_POINT('',(0.00718815104166667,0.025010839100346,0.0249969117647059));
#5841=CARTESIAN_POINT('',(0.00757404073079427,0.02500989707234,0.0249968433039576));
#5842=CARTESIAN_POINT('',(0.00825550333658854,0.0250076804444204,0.0249970919387976));
#5843=CARTESIAN_POINT('',(0.00855098470052083,0.0250064048082468,0.0249974100706459));
#5844=CARTESIAN_POINT('',(0.00906376139322917,0.0250038741709919,0.0249982452061707));
#5845=CARTESIAN_POINT('',(0.00928096516927083,0.0250026181336505,0.0249987632461073));
#5846=CARTESIAN_POINT('',(0.0096657969156901,0.0250006815662846,0.0249996401248919));
#5847=CARTESIAN_POINT('',(0.00983333333333333,0.025,0.025));
#5848=CARTESIAN_POINT('',(0.01,0.025,0.025));
#5849=CARTESIAN_POINT('',(-0.01,0.0235590102285585,0.0242314721218978));
#5850=CARTESIAN_POINT('',(-0.00983250384896597,0.0235590102285585,0.0242314721218978));
#5851=CARTESIAN_POINT('',(-0.00966414083273473,0.0235585962778402,0.0242322033501981));
#5852=CARTESIAN_POINT('',(-0.00927782098609512,0.0235603262302759,0.0242315185474343));
#5853=CARTESIAN_POINT('',(-0.00905995540465489,0.0235624637664771,0.024230108883323));
#5854=CARTESIAN_POINT('',(-0.00854611512505754,0.0235713475847776,0.0242228973044789));
#5855=CARTESIAN_POINT('',(-0.00825023167586855,0.0235780874999241,0.024217101756699));
#5856=CARTESIAN_POINT('',(-0.00756826517249686,0.0235970958473474,0.0242000344014785));
#5857=CARTESIAN_POINT('',(-0.00718227336728229,0.0236093579126714,0.0241887689609907));
#5858=CARTESIAN_POINT('',(-0.00632168700880163,0.023639390219472,0.0241606477849478));
#5859=CARTESIAN_POINT('',(-0.00584718370450368,0.0236571540939959,0.0241437984163454));
#5860=CARTESIAN_POINT('',(-0.00482212108097378,0.0236974205745928,0.0241051743137146));
#5861=CARTESIAN_POINT('',(-0.00427165301070995,0.0237199168137131,0.0240834059466389));
#5862=CARTESIAN_POINT('',(-0.00311541999549722,0.0237683204838577,0.0240361967331652));
#5863=CARTESIAN_POINT('',(-0.00250974629951644,0.023794221547929,0.0240107622537201));
#5864=CARTESIAN_POINT('',(-0.00126933611120638,0.0238477402418723,0.0239578706494897));
#5865=CARTESIAN_POINT('',(-0.000634690867845226,0.0238753515047915,0.0239304198916572));
#5866=CARTESIAN_POINT('',(0.000634690867845214,0.0239304198924526,0.0238753515039268));
#5867=CARTESIAN_POINT('',(0.00126933611120637,0.0239578706502419,0.0238477402409819));
#5868=CARTESIAN_POINT('',(0.00250974629951643,0.0240107622543755,0.0237942215470099));
#5869=CARTESIAN_POINT('',(0.00311541999549721,0.0240361967337671,0.0237683204829356));
#5870=CARTESIAN_POINT('',(0.00427165301070994,0.0240834059471314,0.0237199168128114));
#5871=CARTESIAN_POINT('',(0.00482212108097377,0.0241051743141512,0.0236974205737142));
#5872=CARTESIAN_POINT('',(0.00584718370450367,0.0241437984166752,0.0236571540931888));
#5873=CARTESIAN_POINT('',(0.00632168700880162,0.0241606477852267,0.0236393902187133));
#5874=CARTESIAN_POINT('',(0.00718227336728227,0.0241887689611789,0.0236093579120294));
#5875=CARTESIAN_POINT('',(0.00756826517249685,0.0242000344016268,0.0235970958467738));
#5876=CARTESIAN_POINT('',(0.00825023167586854,0.0242171017567821,0.0235780874994961));
#5877=CARTESIAN_POINT('',(0.00854611512505752,0.0242228973045367,0.0235713475844268));
#5878=CARTESIAN_POINT('',(0.00905995540465487,0.0242301088833449,0.0235624637662719));
#5879=CARTESIAN_POINT('',(0.00927782098609511,0.0242315185474456,0.0235603262301391));
#5880=CARTESIAN_POINT('',(0.00966414083273473,0.0242322033501986,0.023558596277806));
#5881=CARTESIAN_POINT('',(0.00983250384896596,0.024231472121898,0.0235590102285585));
#5882=CARTESIAN_POINT('',(0.01,0.024231472121898,0.0235590102285585));
#5883=CARTESIAN_POINT('',(-0.00999999999999999,0.0221846540598389,0.0233380582434343));
#5884=CARTESIAN_POINT('',(-0.00983245553412647,0.0221846540598389,0.0233380582434343));
#5885=CARTESIAN_POINT('',(-0.00966404437114326,0.0221841472495167,0.0233388494017239));
#5886=CARTESIAN_POINT('',(-0.00927763784737493,0.0221875863958317,0.0233363469310728));
#5887=CARTESIAN_POINT('',(-0.0090597337178645,0.0221915220948183,0.0233330635597828));
#5888=CARTESIAN_POINT('',(-0.0085458314876966,0.0222071514065184,0.0233189329291573));
#5889=CARTESIAN_POINT('',(-0.00824992461831383,0.0222188347615812,0.0233080959274725));
#5890=CARTESIAN_POINT('',(-0.00756792876450285,0.0222514315361829,0.0232772386934195));
#5891=CARTESIAN_POINT('',(-0.00718193101134937,0.0222723346980711,0.0232572287187019));
#5892=CARTESIAN_POINT('',(-0.00632134993730428,0.0223233179705706,0.0232079582246065));
#5893=CARTESIAN_POINT('',(-0.00584685784768739,0.0223533878235312,0.0231787079628793));
#5894=CARTESIAN_POINT('',(-0.0048218324009874,0.0224214338254376,0.0231121338799332));
#5895=CARTESIAN_POINT('',(-0.004271390275179,0.0224593997167327,0.0230748203163648));
#5896=CARTESIAN_POINT('',(-0.00311521987109126,0.0225410573351013,0.0229942331845339));
#5897=CARTESIAN_POINT('',(-0.00250958282408663,0.0225847388045243,0.0229509698739219));
#5898=CARTESIAN_POINT('',(-0.00126925156908398,0.0226750450409901,0.0228612256429146));
#5899=CARTESIAN_POINT('',(-0.000634648592360659,0.0227216595503823,0.0228147549801699));
#5900=CARTESIAN_POINT('',(0.000634648592360683,0.0228147549801929,0.0227216595504054));
#5901=CARTESIAN_POINT('',(0.00126925156908401,0.0228612256429607,0.0226750450410362));
#5902=CARTESIAN_POINT('',(0.00250958282408666,0.0229509698740098,0.0225847388046123));
#5903=CARTESIAN_POINT('',(0.00311521987109128,0.0229942331846406,0.0225410573352081));
#5904=CARTESIAN_POINT('',(0.00427139027517901,0.0230748203165012,0.0224593997168691));
#5905=CARTESIAN_POINT('',(0.00482183240098743,0.0231121338800805,0.022421433825585));
#5906=CARTESIAN_POINT('',(0.00584685784768742,0.0231787079630384,0.0223533878236904));
#5907=CARTESIAN_POINT('',(0.00632134993730428,0.0232079582247664,0.0223233179707305));
#5908=CARTESIAN_POINT('',(0.00718193101134936,0.0232572287188531,0.0222723346982224));
#5909=CARTESIAN_POINT('',(0.00756792876450288,0.0232772386935612,0.0222514315363247));
#5910=CARTESIAN_POINT('',(0.00824992461831386,0.0233080959275874,0.0222188347616963));
#5911=CARTESIAN_POINT('',(0.00854583148769661,0.0233189329292549,0.0222071514066161));
#5912=CARTESIAN_POINT('',(0.0090597337178645,0.0233330635598438,0.0221915220948794));
#5913=CARTESIAN_POINT('',(0.00927763784737495,0.0233363469311147,0.0221875863958736));
#5914=CARTESIAN_POINT('',(0.00966404437114329,0.0233388494017352,0.022184147249528));
#5915=CARTESIAN_POINT('',(0.00983245553412647,0.0233380582434343,0.0221846540598389));
#5916=CARTESIAN_POINT('',(0.00999999999999999,0.0233380582434343,0.0221846540598389));
#5917=CARTESIAN_POINT('',(-0.01,0.0196101174043485,0.0213280564076692));
#5918=CARTESIAN_POINT('',(-0.00983279248426424,0.0196101174043485,0.0213280564076692));
#5919=CARTESIAN_POINT('',(-0.00966471709916792,0.0196093406796252,0.021328974878923));
#5920=CARTESIAN_POINT('',(-0.00927891506608555,0.0196143205830792,0.0213244619052097));
#5921=CARTESIAN_POINT('',(-0.00906127977276904,0.0196200621698691,0.0213190455016302));
#5922=CARTESIAN_POINT('',(-0.00854780958901799,0.0196429833949727,0.0212968713640994));
#5923=CARTESIAN_POINT('',(-0.00825206605325299,0.0196601479918991,0.0212801286715357));
#5924=CARTESIAN_POINT('',(-0.00757027489089226,0.019708119156575,0.0212330246620626));
#5925=CARTESIAN_POINT('',(-0.00718431861896604,0.0197389106829371,0.0212026783865408));
#5926=CARTESIAN_POINT('',(-0.00632370069099963,0.0198140900880846,0.0211283527957293));
#5927=CARTESIAN_POINT('',(-0.00584913038962899,0.0198584629254824,0.0210843885218271));
#5928=CARTESIAN_POINT('',(-0.00482384566983412,0.0199589610382268,0.0209846241557584));
#5929=CARTESIAN_POINT('',(-0.00427322260607944,0.0200150712721858,0.0209288391049795));
#5930=CARTESIAN_POINT('',(-0.00311661554883469,0.020135853209128,0.0208085908019622));
#5931=CARTESIAN_POINT('',(-0.00251072291001414,0.0202005098707236,0.0207441425911112));
#5932=CARTESIAN_POINT('',(-0.00126984117012763,0.0203342978811897,0.0206106347384294));
#5933=CARTESIAN_POINT('',(-0.00063494342373119,0.0204034141886726,0.0205415901379862));
#5934=CARTESIAN_POINT('',(0.000634943423731208,0.0205415901379632,0.0204034141886495));
#5935=CARTESIAN_POINT('',(0.00126984117012764,0.0206106347383834,0.0203342978811435));
#5936=CARTESIAN_POINT('',(0.00251072291001415,0.0207441425910233,0.0202005098706356));
#5937=CARTESIAN_POINT('',(0.00311661554883471,0.0208085908018555,0.0201358532090212));
#5938=CARTESIAN_POINT('',(0.00427322260607947,0.0209288391048432,0.0200150712720493));
#5939=CARTESIAN_POINT('',(0.00482384566983413,0.0209846241556111,0.0199589610380794));
#5940=CARTESIAN_POINT('',(0.00584913038962899,0.021084388521668,0.0198584629253233));
#5941=CARTESIAN_POINT('',(0.00632370069099966,0.0211283527955695,0.0198140900879246));
#5942=CARTESIAN_POINT('',(0.00718431861896607,0.0212026783863897,0.0197389106827858));
#5943=CARTESIAN_POINT('',(0.00757027489089226,0.0212330246619209,0.0197081191564332));
#5944=CARTESIAN_POINT('',(0.00825206605325298,0.0212801286714208,0.019660147991784));
#5945=CARTESIAN_POINT('',(0.00854780958901799,0.0212968713640019,0.019642983394875));
#5946=CARTESIAN_POINT('',(0.00906127977276904,0.0213190455015692,0.0196200621698079));
#5947=CARTESIAN_POINT('',(0.00927891506608553,0.021324461905168,0.0196143205830373));
#5948=CARTESIAN_POINT('',(0.0096647170991679,0.0213289748789118,0.0196093406796139));
#5949=CARTESIAN_POINT('',(0.00983279248426424,0.0213280564076694,0.0196101174043485));
#5950=CARTESIAN_POINT('',(0.01,0.0213280564076694,0.0196101174043485));
#5951=CARTESIAN_POINT('',(-0.01,0.0184099751990497,0.0202114983376213));
#5952=CARTESIAN_POINT('',(-0.00983317774924146,0.0184099751990497,0.0202114983376213));
#5953=CARTESIAN_POINT('',(-0.00966548628878399,0.0184090218328117,0.0202124843897372));
#5954=CARTESIAN_POINT('',(-0.00928037542351631,0.0184138345627587,0.0202077793309475));
#5955=CARTESIAN_POINT('',(-0.00906304751446388,0.0184195847247965,0.0202021041541891));
#5956=CARTESIAN_POINT('',(-0.00855007132770023,0.0184430542051469,0.0201788069477458));
#5957=CARTESIAN_POINT('',(-0.00825451454574682,0.0184607575893124,0.0201612008522081));
#5958=CARTESIAN_POINT('',(-0.00757295742527564,0.0185105165994334,0.0201116418029427));
#5959=CARTESIAN_POINT('',(-0.00718704858251562,0.0185425562912417,0.0200797047833621));
#5960=CARTESIAN_POINT('',(-0.00632638851619234,0.0186209824182439,0.0200014755409744));
#5961=CARTESIAN_POINT('',(-0.00585172878838683,0.0186673529192904,0.0199551992523145));
#5962=CARTESIAN_POINT('',(-0.00482614761866716,0.0187725246068611,0.0198501967625459));
#5963=CARTESIAN_POINT('',(-0.00427531767251077,0.0188313098592379,0.0197914864955842));
#5964=CARTESIAN_POINT('',(-0.003118211350984,0.018957962456474,0.0196649569513902));
#5965=CARTESIAN_POINT('',(-0.0025120264713714,0.0190258138671861,0.0195971536083049));
#5966=CARTESIAN_POINT('',(-0.00127051531329364,0.0191662956774275,0.0194567364010287));
#5967=CARTESIAN_POINT('',(-0.000635280530586249,0.0192389101428096,0.0193841384709849));
#5968=CARTESIAN_POINT('',(0.0006352805305863,0.019384138472472,0.0192389101415301));
#5969=CARTESIAN_POINT('',(0.00127051531329368,0.019456736402605,0.0191662956762661));
#5970=CARTESIAN_POINT('',(0.00251202647137145,0.0195971536100128,0.0190258138662697));
#5971=CARTESIAN_POINT('',(0.00311821135098405,0.0196649569531403,0.0189579624556844));
#5972=CARTESIAN_POINT('',(0.00427531767251082,0.01979148649736,0.0188313098586901));
#5973=CARTESIAN_POINT('',(0.00482614761866721,0.0198501967643049,0.0187725246064283));
#5974=CARTESIAN_POINT('',(0.00585172878838687,0.0199551992539779,0.0186673529190592));
#5975=CARTESIAN_POINT('',(0.00632638851619237,0.0200014755425588,0.018620982418099));
#5976=CARTESIAN_POINT('',(0.00718704858251566,0.0200797047847346,0.0185425562912309));
#5977=CARTESIAN_POINT('',(0.00757295742527566,0.0201116418041824,0.01851051659947));
#5978=CARTESIAN_POINT('',(0.00825451454574683,0.0201612008531516,0.0184607575894041));
#5979=CARTESIAN_POINT('',(0.00855007132770023,0.0201788069485259,0.0184430542052462));
#5980=CARTESIAN_POINT('',(0.00906304751446387,0.0202021041546534,0.0184195847248825));
#5981=CARTESIAN_POINT('',(0.00928037542351632,0.0202077793312592,0.0184138345628239));
#5982=CARTESIAN_POINT('',(0.009665486288784,0.0202124843898168,0.0184090218328339));
#5983=CARTESIAN_POINT('',(0.00983317774924146,0.0202114983376213,0.0184099751990497));
#5984=CARTESIAN_POINT('',(0.01,0.0202114983376213,0.0184099751990497));
#5985=CARTESIAN_POINT('',(-0.01,0.0173148229727541,0.019));
#5986=CARTESIAN_POINT('',(-0.00983321542450752,0.0173148229727541,0.019));
#5987=CARTESIAN_POINT('',(-0.00966556150824375,0.0173136426340917,0.019001053479231));
#5988=CARTESIAN_POINT('',(-0.00928051823264252,0.0173173184019032,0.018996959821528));
#5989=CARTESIAN_POINT('',(-0.00906322038285995,0.0173221591857268,0.0189918280072442));
#5990=CARTESIAN_POINT('',(-0.0085502925043232,0.0173430199492798,0.0189702986198647));
#5991=CARTESIAN_POINT('',(-0.00825475398512391,0.017359024606359,0.0189539163694192));
#5992=CARTESIAN_POINT('',(-0.007573219751733,0.0174045918203069,0.0189075730742442));
#5993=CARTESIAN_POINT('',(-0.00718731554709626,0.0174341390545255,0.0188776273521647));
#5994=CARTESIAN_POINT('',(-0.00632665136004075,0.0175068657592553,0.0188041365059191));
#5995=CARTESIAN_POINT('',(-0.00585198288717685,0.0175500299071163,0.018760606704403));
#5996=CARTESIAN_POINT('',(-0.00482637272746211,0.0176482200877582,0.0186617598396458));
#5997=CARTESIAN_POINT('',(-0.00427552255016614,0.0177032307978889,0.0186064580990549));
#5998=CARTESIAN_POINT('',(-0.00311836740532094,0.0178219587433269,0.0184872525651695));
#5999=CARTESIAN_POINT('',(-0.00251215394732659,0.0178856606559839,0.0184233640945251));
#6000=CARTESIAN_POINT('',(-0.00127058123811072,0.0180176903178656,0.0182910836987085));
#6001=CARTESIAN_POINT('',(-0.000635313496444078,0.01808600274444,0.0182227070961865));
#6002=CARTESIAN_POINT('',(0.000635313496444083,0.0182227070961865,0.01808600274444));
#6003=CARTESIAN_POINT('',(0.00127058123811073,0.0182910836987085,0.0180176903178656));
#6004=CARTESIAN_POINT('',(0.0025121539473266,0.0184233640945251,0.0178856606559839));
#6005=CARTESIAN_POINT('',(0.00311836740532095,0.0184872525651695,0.0178219587433269));
#6006=CARTESIAN_POINT('',(0.00427552255016614,0.0186064580990549,0.0177032307978889));
#6007=CARTESIAN_POINT('',(0.00482637272746211,0.0186617598396458,0.0176482200877582));
#6008=CARTESIAN_POINT('',(0.00585198288717685,0.018760606704403,0.0175500299071163));
#6009=CARTESIAN_POINT('',(0.00632665136004075,0.0188041365059191,0.0175068657592553));
#6010=CARTESIAN_POINT('',(0.00718731554709626,0.0188776273521647,0.0174341390545255));
#6011=CARTESIAN_POINT('',(0.007573219751733,0.0189075730742442,0.0174045918203069));
#6012=CARTESIAN_POINT('',(0.00825475398512391,0.0189539163694192,0.017359024606359));
#6013=CARTESIAN_POINT('',(0.0085502925043232,0.0189702986198647,0.0173430199492798));
#6014=CARTESIAN_POINT('',(0.00906322038285995,0.0189918280072442,0.0173221591857268));
#6015=CARTESIAN_POINT('',(0.00928051823264252,0.018996959821528,0.0173173184019032));
#6016=CARTESIAN_POINT('',(0.00966556150824375,0.019001053479231,0.0173136426340917));
#6017=CARTESIAN_POINT('',(0.00983321542450752,0.019,0.0173148229727541));
#6018=CARTESIAN_POINT('',(0.01,0.019,0.0173148229727541));
#6019=CARTESIAN_POINT('',(-0.01,0.0383333333333334,5.09009918543456E-18));
#6020=CARTESIAN_POINT('',(-0.01,0.025,0.025));
#6021=CARTESIAN_POINT('',(-0.01,0.025,0.025));
#6022=CARTESIAN_POINT('',(-0.0084,0.025,0.025));
#6023=CARTESIAN_POINT('',(-0.0068,0.0249716539792388,0.0250531487889274));
#6024=CARTESIAN_POINT('',(0.0068,0.0250531487889274,0.0249716539792388));
#6025=CARTESIAN_POINT('',(0.0084,0.025,0.025));
#6026=CARTESIAN_POINT('',(0.01,0.025,0.025));
#6027=CARTESIAN_POINT('',(-0.01,0.025,-0.025));
#6028=CARTESIAN_POINT('',(-0.00983333333333333,0.025,-0.025));
#6029=CARTESIAN_POINT('',(-0.0096657969156901,0.0249996401248919,-0.0250006815662846));
#6030=CARTESIAN_POINT('',(-0.00928096516927083,0.0249987632461073,-0.0250026181336505));
#6031=CARTESIAN_POINT('',(-0.00906376139322917,0.0249982452061707,-0.0250038741709919));
#6032=CARTESIAN_POINT('',(-0.00855098470052083,0.0249974100706459,-0.0250064048082468));
#6033=CARTESIAN_POINT('',(-0.00825550333658854,0.0249970919387976,-0.0250076804444204));
#6034=CARTESIAN_POINT('',(-0.00757404073079427,0.0249968433039576,-0.02500989707234));
#6035=CARTESIAN_POINT('',(-0.00718815104166667,0.0249969117647059,-0.025010839100346));
#6036=CARTESIAN_POINT('',(-0.00632747395833333,0.0249974826989619,-0.0250122058823529));
#6037=CARTESIAN_POINT('',(-0.00585277811686198,0.0249979841362096,-0.0250126316726139));
#6038=CARTESIAN_POINT('',(-0.00482707722981771,0.0249993581945646,-0.0250129228391724));
#6039=CARTESIAN_POINT('',(-0.00427616373697917,0.0250002297794118,-0.0250127892517301));
#6040=CARTESIAN_POINT('',(-0.00311885579427083,0.0250022031790657,-0.0250120269247405));
#6041=CARTESIAN_POINT('',(-0.00251255289713542,0.0250033039576125,-0.0250113992214533));
#6042=CARTESIAN_POINT('',(-0.00127078755696615,0.0250055477535683,-0.0250097912386462));
#6043=CARTESIAN_POINT('',(-0.000635416666666667,0.0250066897347174,-0.0250088119953864));
#6044=CARTESIAN_POINT('',(0.000635416666666667,0.0250088119953864,-0.0250066897347174));
#6045=CARTESIAN_POINT('',(0.00127078755696615,0.0250097912386462,-0.0250055477535683));
#6046=CARTESIAN_POINT('',(0.00251255289713542,0.0250113992214533,-0.0250033039576125));
#6047=CARTESIAN_POINT('',(0.00311885579427083,0.0250120269247405,-0.0250022031790657));
#6048=CARTESIAN_POINT('',(0.00427616373697917,0.0250127892517301,-0.0250002297794118));
#6049=CARTESIAN_POINT('',(0.00482707722981771,0.0250129228391724,-0.0249993581945646));
#6050=CARTESIAN_POINT('',(0.00585277811686198,0.0250126316726139,-0.0249979841362096));
#6051=CARTESIAN_POINT('',(0.00632747395833333,0.0250122058823529,-0.0249974826989619));
#6052=CARTESIAN_POINT('',(0.00718815104166667,0.025010839100346,-0.0249969117647059));
#6053=CARTESIAN_POINT('',(0.00757404073079427,0.02500989707234,-0.0249968433039576));
#6054=CARTESIAN_POINT('',(0.00825550333658854,0.0250076804444204,-0.0249970919387976));
#6055=CARTESIAN_POINT('',(0.00855098470052083,0.0250064048082468,-0.0249974100706459));
#6056=CARTESIAN_POINT('',(0.00906376139322917,0.0250038741709919,-0.0249982452061707));
#6057=CARTESIAN_POINT('',(0.00928096516927083,0.0250026181336505,-0.0249987632461073));
#6058=CARTESIAN_POINT('',(0.0096657969156901,0.0250006815662846,-0.0249996401248919));
#6059=CARTESIAN_POINT('',(0.00983333333333333,0.025,-0.025));
#6060=CARTESIAN_POINT('',(0.01,0.025,-0.025));
#6061=CARTESIAN_POINT('',(-0.01,0.0235590102285585,-0.0242314721218978));
#6062=CARTESIAN_POINT('',(-0.00983250384896597,0.0235590102285585,-0.0242314721218978));
#6063=CARTESIAN_POINT('',(-0.00966414083273473,0.0235585962778402,-0.0242322033501981));
#6064=CARTESIAN_POINT('',(-0.00927782098609512,0.0235603262302759,-0.0242315185474343));
#6065=CARTESIAN_POINT('',(-0.00905995540465489,0.0235624637664771,-0.024230108883323));
#6066=CARTESIAN_POINT('',(-0.00854611512505754,0.0235713475847776,-0.0242228973044789));
#6067=CARTESIAN_POINT('',(-0.00825023167586855,0.0235780874999241,-0.024217101756699));
#6068=CARTESIAN_POINT('',(-0.00756826517249686,0.0235970958473474,-0.0242000344014785));
#6069=CARTESIAN_POINT('',(-0.00718227336728229,0.0236093579126714,-0.0241887689609907));
#6070=CARTESIAN_POINT('',(-0.00632168700880163,0.023639390219472,-0.0241606477849478));
#6071=CARTESIAN_POINT('',(-0.00584718370450368,0.0236571540939959,-0.0241437984163454));
#6072=CARTESIAN_POINT('',(-0.00482212108097378,0.0236974205745928,-0.0241051743137146));
#6073=CARTESIAN_POINT('',(-0.00427165301070995,0.0237199168137131,-0.0240834059466389));
#6074=CARTESIAN_POINT('',(-0.00311541999549722,0.0237683204838577,-0.0240361967331652));
#6075=CARTESIAN_POINT('',(-0.00250974629951644,0.023794221547929,-0.0240107622537201));
#6076=CARTESIAN_POINT('',(-0.00126933611120638,0.0238477402418723,-0.0239578706494897));
#6077=CARTESIAN_POINT('',(-0.000634690867845226,0.0238753515047915,-0.0239304198916572));
#6078=CARTESIAN_POINT('',(0.000634690867845214,0.0239304198924526,-0.0238753515039268));
#6079=CARTESIAN_POINT('',(0.00126933611120637,0.0239578706502419,-0.0238477402409819));
#6080=CARTESIAN_POINT('',(0.00250974629951643,0.0240107622543755,-0.0237942215470099));
#6081=CARTESIAN_POINT('',(0.00311541999549721,0.0240361967337671,-0.0237683204829356));
#6082=CARTESIAN_POINT('',(0.00427165301070994,0.0240834059471314,-0.0237199168128114));
#6083=CARTESIAN_POINT('',(0.00482212108097377,0.0241051743141512,-0.0236974205737142));
#6084=CARTESIAN_POINT('',(0.00584718370450367,0.0241437984166752,-0.0236571540931888));
#6085=CARTESIAN_POINT('',(0.00632168700880162,0.0241606477852267,-0.0236393902187133));
#6086=CARTESIAN_POINT('',(0.00718227336728227,0.0241887689611789,-0.0236093579120294));
#6087=CARTESIAN_POINT('',(0.00756826517249685,0.0242000344016268,-0.0235970958467738));
#6088=CARTESIAN_POINT('',(0.00825023167586854,0.0242171017567821,-0.0235780874994961));
#6089=CARTESIAN_POINT('',(0.00854611512505752,0.0242228973045367,-0.0235713475844268));
#6090=CARTESIAN_POINT('',(0.00905995540465487,0.0242301088833449,-0.0235624637662719));
#6091=CARTESIAN_POINT('',(0.00927782098609511,0.0242315185474456,-0.0235603262301391));
#6092=CARTESIAN_POINT('',(0.00966414083273473,0.0242322033501986,-0.023558596277806));
#6093=CARTESIAN_POINT('',(0.00983250384896596,0.024231472121898,-0.0235590102285585));
#6094=CARTESIAN_POINT('',(0.01,0.024231472121898,-0.0235590102285585));
#6095=CARTESIAN_POINT('',(-0.00999999999999999,0.0221846540598389,-0.0233380582434343));
#6096=CARTESIAN_POINT('',(-0.00983245553412647,0.0221846540598389,-0.0233380582434343));
#6097=CARTESIAN_POINT('',(-0.00966404437114326,0.0221841472495167,-0.0233388494017239));
#6098=CARTESIAN_POINT('',(-0.00927763784737493,0.0221875863958317,-0.0233363469310728));
#6099=CARTESIAN_POINT('',(-0.0090597337178645,0.0221915220948183,-0.0233330635597828));
#6100=CARTESIAN_POINT('',(-0.0085458314876966,0.0222071514065184,-0.0233189329291573));
#6101=CARTESIAN_POINT('',(-0.00824992461831383,0.0222188347615812,-0.0233080959274725));
#6102=CARTESIAN_POINT('',(-0.00756792876450285,0.0222514315361829,-0.0232772386934195));
#6103=CARTESIAN_POINT('',(-0.00718193101134937,0.0222723346980711,-0.0232572287187019));
#6104=CARTESIAN_POINT('',(-0.00632134993730428,0.0223233179705706,-0.0232079582246065));
#6105=CARTESIAN_POINT('',(-0.00584685784768739,0.0223533878235312,-0.0231787079628793));
#6106=CARTESIAN_POINT('',(-0.0048218324009874,0.0224214338254376,-0.0231121338799332));
#6107=CARTESIAN_POINT('',(-0.004271390275179,0.0224593997167327,-0.0230748203163648));
#6108=CARTESIAN_POINT('',(-0.00311521987109126,0.0225410573351013,-0.0229942331845339));
#6109=CARTESIAN_POINT('',(-0.00250958282408663,0.0225847388045243,-0.0229509698739219));
#6110=CARTESIAN_POINT('',(-0.00126925156908398,0.0226750450409901,-0.0228612256429146));
#6111=CARTESIAN_POINT('',(-0.000634648592360659,0.0227216595503823,-0.0228147549801699));
#6112=CARTESIAN_POINT('',(0.000634648592360683,0.0228147549801929,-0.0227216595504054));
#6113=CARTESIAN_POINT('',(0.00126925156908401,0.0228612256429607,-0.0226750450410362));
#6114=CARTESIAN_POINT('',(0.00250958282408666,0.0229509698740098,-0.0225847388046123));
#6115=CARTESIAN_POINT('',(0.00311521987109128,0.0229942331846406,-0.0225410573352081));
#6116=CARTESIAN_POINT('',(0.00427139027517901,0.0230748203165012,-0.0224593997168691));
#6117=CARTESIAN_POINT('',(0.00482183240098743,0.0231121338800805,-0.022421433825585));
#6118=CARTESIAN_POINT('',(0.00584685784768742,0.0231787079630384,-0.0223533878236904));
#6119=CARTESIAN_POINT('',(0.00632134993730428,0.0232079582247664,-0.0223233179707305));
#6120=CARTESIAN_POINT('',(0.00718193101134936,0.0232572287188531,-0.0222723346982224));
#6121=CARTESIAN_POINT('',(0.00756792876450288,0.0232772386935612,-0.0222514315363247));
#6122=CARTESIAN_POINT('',(0.00824992461831386,0.0233080959275874,-0.0222188347616963));
#6123=CARTESIAN_POINT('',(0.00854583148769661,0.0233189329292549,-0.0222071514066161));
#6124=CARTESIAN_POINT('',(0.0090597337178645,0.0233330635598438,-0.0221915220948794));
#6125=CARTESIAN_POINT('',(0.00927763784737495,0.0233363469311147,-0.0221875863958736));
#6126=CARTESIAN_POINT('',(0.00966404437114329,0.0233388494017352,-0.022184147249528));
#6127=CARTESIAN_POINT('',(0.00983245553412647,0.0233380582434343,-0.0221846540598389));
#6128=CARTESIAN_POINT('',(0.00999999999999999,0.0233380582434343,-0.0221846540598389));
#6129=CARTESIAN_POINT('',(-0.01,0.0196101174043485,-0.0213280564076692));
#6130=CARTESIAN_POINT('',(-0.00983279248426424,0.0196101174043485,-0.0213280564076692));
#6131=CARTESIAN_POINT('',(-0.00966471709916792,0.0196093406796252,-0.021328974878923));
#6132=CARTESIAN_POINT('',(-0.00927891506608555,0.0196143205830792,-0.0213244619052097));
#6133=CARTESIAN_POINT('',(-0.00906127977276904,0.0196200621698691,-0.0213190455016302));
#6134=CARTESIAN_POINT('',(-0.00854780958901799,0.0196429833949727,-0.0212968713640994));
#6135=CARTESIAN_POINT('',(-0.00825206605325299,0.0196601479918991,-0.0212801286715357));
#6136=CARTESIAN_POINT('',(-0.00757027489089226,0.019708119156575,-0.0212330246620626));
#6137=CARTESIAN_POINT('',(-0.00718431861896604,0.0197389106829371,-0.0212026783865408));
#6138=CARTESIAN_POINT('',(-0.00632370069099963,0.0198140900880846,-0.0211283527957293));
#6139=CARTESIAN_POINT('',(-0.00584913038962899,0.0198584629254824,-0.0210843885218271));
#6140=CARTESIAN_POINT('',(-0.00482384566983412,0.0199589610382268,-0.0209846241557584));
#6141=CARTESIAN_POINT('',(-0.00427322260607944,0.0200150712721858,-0.0209288391049795));
#6142=CARTESIAN_POINT('',(-0.00311661554883469,0.020135853209128,-0.0208085908019622));
#6143=CARTESIAN_POINT('',(-0.00251072291001414,0.0202005098707236,-0.0207441425911112));
#6144=CARTESIAN_POINT('',(-0.00126984117012763,0.0203342978811897,-0.0206106347384294));
#6145=CARTESIAN_POINT('',(-0.00063494342373119,0.0204034141886726,-0.0205415901379862));
#6146=CARTESIAN_POINT('',(0.000634943423731208,0.0205415901379632,-0.0204034141886495));
#6147=CARTESIAN_POINT('',(0.00126984117012764,0.0206106347383834,-0.0203342978811435));
#6148=CARTESIAN_POINT('',(0.00251072291001415,0.0207441425910233,-0.0202005098706356));
#6149=CARTESIAN_POINT('',(0.00311661554883471,0.0208085908018555,-0.0201358532090212));
#6150=CARTESIAN_POINT('',(0.00427322260607947,0.0209288391048432,-0.0200150712720493));
#6151=CARTESIAN_POINT('',(0.00482384566983413,0.0209846241556111,-0.0199589610380794));
#6152=CARTESIAN_POINT('',(0.00584913038962899,0.021084388521668,-0.0198584629253233));
#6153=CARTESIAN_POINT('',(0.00632370069099966,0.0211283527955695,-0.0198140900879246));
#6154=CARTESIAN_POINT('',(0.00718431861896607,0.0212026783863897,-0.0197389106827858));
#6155=CARTESIAN_POINT('',(0.00757027489089226,0.0212330246619209,-0.0197081191564332));
#6156=CARTESIAN_POINT('',(0.00825206605325298,0.0212801286714208,-0.019660147991784));
#6157=CARTESIAN_POINT('',(0.00854780958901799,0.0212968713640019,-0.019642983394875));
#6158=CARTESIAN_POINT('',(0.00906127977276904,0.0213190455015692,-0.0196200621698079));
#6159=CARTESIAN_POINT('',(0.00927891506608553,0.021324461905168,-0.0196143205830373));
#6160=CARTESIAN_POINT('',(0.0096647170991679,0.0213289748789118,-0.0196093406796139));
#6161=CARTESIAN_POINT('',(0.00983279248426424,0.0213280564076694,-0.0196101174043485));
#6162=CARTESIAN_POINT('',(0.01,0.0213280564076694,-0.0196101174043485));
#6163=CARTESIAN_POINT('',(-0.01,0.0184099751990497,-0.0202114983376213));
#6164=CARTESIAN_POINT('',(-0.00983317774924146,0.0184099751990497,-0.0202114983376213));
#6165=CARTESIAN_POINT('',(-0.00966548628878399,0.0184090218328117,-0.0202124843897372));
#6166=CARTESIAN_POINT('',(-0.00928037542351631,0.0184138345627587,-0.0202077793309475));
#6167=CARTESIAN_POINT('',(-0.00906304751446388,0.0184195847247965,-0.0202021041541891));
#6168=CARTESIAN_POINT('',(-0.00855007132770023,0.0184430542051469,-0.0201788069477458));
#6169=CARTESIAN_POINT('',(-0.00825451454574682,0.0184607575893124,-0.0201612008522081));
#6170=CARTESIAN_POINT('',(-0.00757295742527564,0.0185105165994334,-0.0201116418029427));
#6171=CARTESIAN_POINT('',(-0.00718704858251562,0.0185425562912417,-0.0200797047833621));
#6172=CARTESIAN_POINT('',(-0.00632638851619234,0.0186209824182439,-0.0200014755409744));
#6173=CARTESIAN_POINT('',(-0.00585172878838683,0.0186673529192904,-0.0199551992523145));
#6174=CARTESIAN_POINT('',(-0.00482614761866716,0.0187725246068611,-0.0198501967625459));
#6175=CARTESIAN_POINT('',(-0.00427531767251077,0.0188313098592379,-0.0197914864955842));
#6176=CARTESIAN_POINT('',(-0.003118211350984,0.018957962456474,-0.0196649569513902));
#6177=CARTESIAN_POINT('',(-0.0025120264713714,0.0190258138671861,-0.0195971536083049));
#6178=CARTESIAN_POINT('',(-0.00127051531329364,0.0191662956774275,-0.0194567364010287));
#6179=CARTESIAN_POINT('',(-0.000635280530586249,0.0192389101428096,-0.0193841384709849));
#6180=CARTESIAN_POINT('',(0.0006352805305863,0.019384138472472,-0.0192389101415301));
#6181=CARTESIAN_POINT('',(0.00127051531329368,0.019456736402605,-0.0191662956762661));
#6182=CARTESIAN_POINT('',(0.00251202647137145,0.0195971536100128,-0.0190258138662697));
#6183=CARTESIAN_POINT('',(0.00311821135098405,0.0196649569531403,-0.0189579624556844));
#6184=CARTESIAN_POINT('',(0.00427531767251082,0.01979148649736,-0.0188313098586901));
#6185=CARTESIAN_POINT('',(0.00482614761866721,0.0198501967643049,-0.0187725246064283));
#6186=CARTESIAN_POINT('',(0.00585172878838687,0.0199551992539779,-0.0186673529190592));
#6187=CARTESIAN_POINT('',(0.00632638851619237,0.0200014755425588,-0.018620982418099));
#6188=CARTESIAN_POINT('',(0.00718704858251566,0.0200797047847346,-0.0185425562912309));
#6189=CARTESIAN_POINT('',(0.00757295742527566,0.0201116418041824,-0.01851051659947));
#6190=CARTESIAN_POINT('',(0.00825451454574683,0.0201612008531516,-0.0184607575894041));
#6191=CARTESIAN_POINT('',(0.00855007132770023,0.0201788069485259,-0.0184430542052462));
#6192=CARTESIAN_POINT('',(0.00906304751446387,0.0202021041546534,-0.0184195847248825));
#6193=CARTESIAN_POINT('',(0.00928037542351632,0.0202077793312592,-0.0184138345628239));
#6194=CARTESIAN_POINT('',(0.009665486288784,0.0202124843898168,-0.0184090218328339));
#6195=CARTESIAN_POINT('',(0.00983317774924146,0.0202114983376213,-0.0184099751990497));
#6196=CARTESIAN_POINT('',(0.01,0.0202114983376213,-0.0184099751990497));
#6197=CARTESIAN_POINT('',(-0.01,0.0173148229727541,-0.019));
#6198=CARTESIAN_POINT('',(-0.00983321542450752,0.0173148229727541,-0.019));
#6199=CARTESIAN_POINT('',(-0.00966556150824375,0.0173136426340917,-0.019001053479231));
#6200=CARTESIAN_POINT('',(-0.00928051823264252,0.0173173184019032,-0.018996959821528));
#6201=CARTESIAN_POINT('',(-0.00906322038285995,0.0173221591857268,-0.0189918280072442));
#6202=CARTESIAN_POINT('',(-0.0085502925043232,0.0173430199492798,-0.0189702986198647));
#6203=CARTESIAN_POINT('',(-0.00825475398512391,0.017359024606359,-0.0189539163694192));
#6204=CARTESIAN_POINT('',(-0.007573219751733,0.0174045918203069,-0.0189075730742442));
#6205=CARTESIAN_POINT('',(-0.00718731554709626,0.0174341390545255,-0.0188776273521647));
#6206=CARTESIAN_POINT('',(-0.00632665136004075,0.0175068657592553,-0.0188041365059191));
#6207=CARTESIAN_POINT('',(-0.00585198288717685,0.0175500299071163,-0.018760606704403));
#6208=CARTESIAN_POINT('',(-0.00482637272746211,0.0176482200877582,-0.0186617598396458));
#6209=CARTESIAN_POINT('',(-0.00427552255016614,0.0177032307978889,-0.0186064580990549));
#6210=CARTESIAN_POINT('',(-0.00311836740532094,0.0178219587433269,-0.0184872525651695));
#6211=CARTESIAN_POINT('',(-0.00251215394732659,0.0178856606559839,-0.0184233640945251));
#6212=CARTESIAN_POINT('',(-0.00127058123811072,0.0180176903178656,-0.0182910836987085));
#6213=CARTESIAN_POINT('',(-0.000635313496444078,0.01808600274444,-0.0182227070961865));
#6214=CARTESIAN_POINT('',(0.000635313496444083,0.0182227070961865,-0.01808600274444));
#6215=CARTESIAN_POINT('',(0.00127058123811073,0.0182910836987085,-0.0180176903178656));
#6216=CARTESIAN_POINT('',(0.0025121539473266,0.0184233640945251,-0.0178856606559839));
#6217=CARTESIAN_POINT('',(0.00311836740532095,0.0184872525651695,-0.0178219587433269));
#6218=CARTESIAN_POINT('',(0.00427552255016614,0.0186064580990549,-0.0177032307978889));
#6219=CARTESIAN_POINT('',(0.00482637272746211,0.0186617598396458,-0.0176482200877582));
#6220=CARTESIAN_POINT('',(0.00585198288717685,0.018760606704403,-0.0175500299071163));
#6221=CARTESIAN_POINT('',(0.00632665136004075,0.0188041365059191,-0.0175068657592553));
#6222=CARTESIAN_POINT('',(0.00718731554709626,0.0188776273521647,-0.0174341390545255));
#6223=CARTESIAN_POINT('',(0.007573219751733,0.0189075730742442,-0.0174045918203069));
#6224=CARTESIAN_POINT('',(0.00825475398512391,0.0189539163694192,-0.017359024606359));
#6225=CARTESIAN_POINT('',(0.0085502925043232,0.0189702986198647,-0.0173430199492798));
#6226=CARTESIAN_POINT('',(0.00906322038285995,0.0189918280072442,-0.0173221591857268));
#6227=CARTESIAN_POINT('',(0.00928051823264252,0.018996959821528,-0.0173173184019032));
#6228=CARTESIAN_POINT('',(0.00966556150824375,0.019001053479231,-0.0173136426340917));
#6229=CARTESIAN_POINT('',(0.00983321542450752,0.019,-0.0173148229727541));
#6230=CARTESIAN_POINT('',(0.01,0.019,-0.0173148229727541));
#6231=CARTESIAN_POINT('',(-0.01,0.025,-0.025));
#6232=CARTESIAN_POINT('',(-0.0084,0.025,-0.025));
#6233=CARTESIAN_POINT('',(-0.0068,0.0249716539792388,-0.0250531487889274));
#6234=CARTESIAN_POINT('',(0.0068,0.0250531487889274,-0.0249716539792388));
#6235=CARTESIAN_POINT('',(0.0084,0.025,-0.025));
#6236=CARTESIAN_POINT('',(0.01,0.025,-0.025));
#6237=CARTESIAN_POINT('',(-0.01,0.025,-0.025));
#6238=CARTESIAN_POINT('',(-0.01,0.0383333333333334,5.09009918543456E-18));
#6239=CARTESIAN_POINT('',(-0.01,-0.025,0.025));
#6240=CARTESIAN_POINT('',(-0.00983333333333333,-0.025,0.025));
#6241=CARTESIAN_POINT('',(-0.0096657969156901,-0.0249996401248919,0.0250006815662846));
#6242=CARTESIAN_POINT('',(-0.00928096516927083,-0.0249987632461073,0.0250026181336505));
#6243=CARTESIAN_POINT('',(-0.00906376139322917,-0.0249982452061707,0.0250038741709919));
#6244=CARTESIAN_POINT('',(-0.00855098470052083,-0.0249974100706459,0.0250064048082468));
#6245=CARTESIAN_POINT('',(-0.00825550333658854,-0.0249970919387976,0.0250076804444204));
#6246=CARTESIAN_POINT('',(-0.00757404073079427,-0.0249968433039576,0.02500989707234));
#6247=CARTESIAN_POINT('',(-0.00718815104166667,-0.0249969117647059,0.025010839100346));
#6248=CARTESIAN_POINT('',(-0.00632747395833333,-0.0249974826989619,0.0250122058823529));
#6249=CARTESIAN_POINT('',(-0.00585277811686198,-0.0249979841362096,0.0250126316726139));
#6250=CARTESIAN_POINT('',(-0.00482707722981771,-0.0249993581945646,0.0250129228391724));
#6251=CARTESIAN_POINT('',(-0.00427616373697917,-0.0250002297794118,0.0250127892517301));
#6252=CARTESIAN_POINT('',(-0.00311885579427083,-0.0250022031790657,0.0250120269247405));
#6253=CARTESIAN_POINT('',(-0.00251255289713542,-0.0250033039576125,0.0250113992214533));
#6254=CARTESIAN_POINT('',(-0.00127078755696615,-0.0250055477535683,0.0250097912386462));
#6255=CARTESIAN_POINT('',(-0.000635416666666667,-0.0250066897347174,0.0250088119953864));
#6256=CARTESIAN_POINT('',(0.000635416666666667,-0.0250088119953864,0.0250066897347174));
#6257=CARTESIAN_POINT('',(0.00127078755696615,-0.0250097912386462,0.0250055477535683));
#6258=CARTESIAN_POINT('',(0.00251255289713542,-0.0250113992214533,0.0250033039576125));
#6259=CARTESIAN_POINT('',(0.00311885579427083,-0.0250120269247405,0.0250022031790657));
#6260=CARTESIAN_POINT('',(0.00427616373697917,-0.0250127892517301,0.0250002297794118));
#6261=CARTESIAN_POINT('',(0.00482707722981771,-0.0250129228391724,0.0249993581945646));
#6262=CARTESIAN_POINT('',(0.00585277811686198,-0.0250126316726139,0.0249979841362096));
#6263=CARTESIAN_POINT('',(0.00632747395833333,-0.0250122058823529,0.0249974826989619));
#6264=CARTESIAN_POINT('',(0.00718815104166667,-0.025010839100346,0.0249969117647059));
#6265=CARTESIAN_POINT('',(0.00757404073079427,-0.02500989707234,0.0249968433039576));
#6266=CARTESIAN_POINT('',(0.00825550333658854,-0.0250076804444204,0.0249970919387976));
#6267=CARTESIAN_POINT('',(0.00855098470052083,-0.0250064048082468,0.0249974100706459));
#6268=CARTESIAN_POINT('',(0.00906376139322917,-0.0250038741709919,0.0249982452061707));
#6269=CARTESIAN_POINT('',(0.00928096516927083,-0.0250026181336505,0.0249987632461073));
#6270=CARTESIAN_POINT('',(0.0096657969156901,-0.0250006815662846,0.0249996401248919));
#6271=CARTESIAN_POINT('',(0.00983333333333333,-0.025,0.025));
#6272=CARTESIAN_POINT('',(0.01,-0.025,0.025));
#6273=CARTESIAN_POINT('',(-0.01,-0.0235590102285585,0.0242314721218978));
#6274=CARTESIAN_POINT('',(-0.00983250384896597,-0.0235590102285585,0.0242314721218978));
#6275=CARTESIAN_POINT('',(-0.00966414083273473,-0.0235585962778402,0.0242322033501981));
#6276=CARTESIAN_POINT('',(-0.00927782098609512,-0.0235603262302759,0.0242315185474343));
#6277=CARTESIAN_POINT('',(-0.00905995540465489,-0.0235624637664771,0.024230108883323));
#6278=CARTESIAN_POINT('',(-0.00854611512505754,-0.0235713475847776,0.0242228973044789));
#6279=CARTESIAN_POINT('',(-0.00825023167586855,-0.0235780874999241,0.024217101756699));
#6280=CARTESIAN_POINT('',(-0.00756826517249686,-0.0235970958473474,0.0242000344014785));
#6281=CARTESIAN_POINT('',(-0.00718227336728229,-0.0236093579126714,0.0241887689609907));
#6282=CARTESIAN_POINT('',(-0.00632168700880163,-0.023639390219472,0.0241606477849478));
#6283=CARTESIAN_POINT('',(-0.00584718370450368,-0.0236571540939959,0.0241437984163454));
#6284=CARTESIAN_POINT('',(-0.00482212108097378,-0.0236974205745928,0.0241051743137146));
#6285=CARTESIAN_POINT('',(-0.00427165301070995,-0.0237199168137131,0.0240834059466389));
#6286=CARTESIAN_POINT('',(-0.00311541999549722,-0.0237683204838577,0.0240361967331652));
#6287=CARTESIAN_POINT('',(-0.00250974629951644,-0.023794221547929,0.0240107622537201));
#6288=CARTESIAN_POINT('',(-0.00126933611120638,-0.0238477402418723,0.0239578706494897));
#6289=CARTESIAN_POINT('',(-0.000634690867845226,-0.0238753515047915,0.0239304198916572));
#6290=CARTESIAN_POINT('',(0.000634690867845214,-0.0239304198924526,0.0238753515039268));
#6291=CARTESIAN_POINT('',(0.00126933611120637,-0.0239578706502419,0.0238477402409819));
#6292=CARTESIAN_POINT('',(0.00250974629951643,-0.0240107622543755,0.0237942215470099));
#6293=CARTESIAN_POINT('',(0.00311541999549721,-0.0240361967337671,0.0237683204829356));
#6294=CARTESIAN_POINT('',(0.00427165301070994,-0.0240834059471314,0.0237199168128114));
#6295=CARTESIAN_POINT('',(0.00482212108097377,-0.0241051743141512,0.0236974205737142));
#6296=CARTESIAN_POINT('',(0.00584718370450367,-0.0241437984166752,0.0236571540931888));
#6297=CARTESIAN_POINT('',(0.00632168700880162,-0.0241606477852267,0.0236393902187133));
#6298=CARTESIAN_POINT('',(0.00718227336728227,-0.0241887689611789,0.0236093579120294));
#6299=CARTESIAN_POINT('',(0.00756826517249685,-0.0242000344016268,0.0235970958467738));
#6300=CARTESIAN_POINT('',(0.00825023167586854,-0.0242171017567821,0.0235780874994961));
#6301=CARTESIAN_POINT('',(0.00854611512505752,-0.0242228973045367,0.0235713475844268));
#6302=CARTESIAN_POINT('',(0.00905995540465487,-0.0242301088833449,0.0235624637662719));
#6303=CARTESIAN_POINT('',(0.00927782098609511,-0.0242315185474456,0.0235603262301391));
#6304=CARTESIAN_POINT('',(0.00966414083273473,-0.0242322033501986,0.023558596277806));
#6305=CARTESIAN_POINT('',(0.00983250384896596,-0.024231472121898,0.0235590102285585));
#6306=CARTESIAN_POINT('',(0.01,-0.024231472121898,0.0235590102285585));
#6307=CARTESIAN_POINT('',(-0.00999999999999999,-0.0221846540598389,0.0233380582434343));
#6308=CARTESIAN_POINT('',(-0.00983245553412647,-0.0221846540598389,0.0233380582434343));
#6309=CARTESIAN_POINT('',(-0.00966404437114326,-0.0221841472495167,0.0233388494017239));
#6310=CARTESIAN_POINT('',(-0.00927763784737493,-0.0221875863958317,0.0233363469310728));
#6311=CARTESIAN_POINT('',(-0.0090597337178645,-0.0221915220948183,0.0233330635597828));
#6312=CARTESIAN_POINT('',(-0.0085458314876966,-0.0222071514065184,0.0233189329291573));
#6313=CARTESIAN_POINT('',(-0.00824992461831383,-0.0222188347615812,0.0233080959274725));
#6314=CARTESIAN_POINT('',(-0.00756792876450285,-0.0222514315361829,0.0232772386934195));
#6315=CARTESIAN_POINT('',(-0.00718193101134937,-0.0222723346980711,0.0232572287187019));
#6316=CARTESIAN_POINT('',(-0.00632134993730428,-0.0223233179705706,0.0232079582246065));
#6317=CARTESIAN_POINT('',(-0.00584685784768739,-0.0223533878235312,0.0231787079628793));
#6318=CARTESIAN_POINT('',(-0.0048218324009874,-0.0224214338254376,0.0231121338799332));
#6319=CARTESIAN_POINT('',(-0.004271390275179,-0.0224593997167327,0.0230748203163648));
#6320=CARTESIAN_POINT('',(-0.00311521987109126,-0.0225410573351013,0.0229942331845339));
#6321=CARTESIAN_POINT('',(-0.00250958282408663,-0.0225847388045243,0.0229509698739219));
#6322=CARTESIAN_POINT('',(-0.00126925156908398,-0.0226750450409901,0.0228612256429146));
#6323=CARTESIAN_POINT('',(-0.000634648592360659,-0.0227216595503823,0.0228147549801699));
#6324=CARTESIAN_POINT('',(0.000634648592360683,-0.0228147549801929,0.0227216595504054));
#6325=CARTESIAN_POINT('',(0.00126925156908401,-0.0228612256429607,0.0226750450410362));
#6326=CARTESIAN_POINT('',(0.00250958282408666,-0.0229509698740098,0.0225847388046123));
#6327=CARTESIAN_POINT('',(0.00311521987109128,-0.0229942331846406,0.0225410573352081));
#6328=CARTESIAN_POINT('',(0.00427139027517901,-0.0230748203165012,0.0224593997168691));
#6329=CARTESIAN_POINT('',(0.00482183240098743,-0.0231121338800805,0.022421433825585));
#6330=CARTESIAN_POINT('',(0.00584685784768742,-0.0231787079630384,0.0223533878236904));
#6331=CARTESIAN_POINT('',(0.00632134993730428,-0.0232079582247664,0.0223233179707305));
#6332=CARTESIAN_POINT('',(0.00718193101134936,-0.0232572287188531,0.0222723346982224));
#6333=CARTESIAN_POINT('',(0.00756792876450288,-0.0232772386935612,0.0222514315363247));
#6334=CARTESIAN_POINT('',(0.00824992461831386,-0.0233080959275874,0.0222188347616963));
#6335=CARTESIAN_POINT('',(0.00854583148769661,-0.0233189329292549,0.0222071514066161));
#6336=CARTESIAN_POINT('',(0.0090597337178645,-0.0233330635598438,0.0221915220948794));
#6337=CARTESIAN_POINT('',(0.00927763784737495,-0.0233363469311147,0.0221875863958736));
#6338=CARTESIAN_POINT('',(0.00966404437114329,-0.0233388494017352,0.022184147249528));
#6339=CARTESIAN_POINT('',(0.00983245553412647,-0.0233380582434343,0.0221846540598389));
#6340=CARTESIAN_POINT('',(0.00999999999999999,-0.0233380582434343,0.0221846540598389));
#6341=CARTESIAN_POINT('',(-0.01,-0.0196101174043485,0.0213280564076692));
#6342=CARTESIAN_POINT('',(-0.00983279248426424,-0.0196101174043485,0.0213280564076692));
#6343=CARTESIAN_POINT('',(-0.00966471709916792,-0.0196093406796252,0.021328974878923));
#6344=CARTESIAN_POINT('',(-0.00927891506608555,-0.0196143205830792,0.0213244619052097));
#6345=CARTESIAN_POINT('',(-0.00906127977276904,-0.0196200621698691,0.0213190455016302));
#6346=CARTESIAN_POINT('',(-0.00854780958901799,-0.0196429833949727,0.0212968713640994));
#6347=CARTESIAN_POINT('',(-0.00825206605325299,-0.0196601479918991,0.0212801286715357));
#6348=CARTESIAN_POINT('',(-0.00757027489089226,-0.019708119156575,0.0212330246620626));
#6349=CARTESIAN_POINT('',(-0.00718431861896604,-0.0197389106829371,0.0212026783865408));
#6350=CARTESIAN_POINT('',(-0.00632370069099963,-0.0198140900880846,0.0211283527957293));
#6351=CARTESIAN_POINT('',(-0.00584913038962899,-0.0198584629254824,0.0210843885218271));
#6352=CARTESIAN_POINT('',(-0.00482384566983412,-0.0199589610382268,0.0209846241557584));
#6353=CARTESIAN_POINT('',(-0.00427322260607944,-0.0200150712721858,0.0209288391049795));
#6354=CARTESIAN_POINT('',(-0.00311661554883469,-0.020135853209128,0.0208085908019622));
#6355=CARTESIAN_POINT('',(-0.00251072291001414,-0.0202005098707236,0.0207441425911112));
#6356=CARTESIAN_POINT('',(-0.00126984117012763,-0.0203342978811897,0.0206106347384294));
#6357=CARTESIAN_POINT('',(-0.00063494342373119,-0.0204034141886726,0.0205415901379862));
#6358=CARTESIAN_POINT('',(0.000634943423731208,-0.0205415901379632,0.0204034141886495));
#6359=CARTESIAN_POINT('',(0.00126984117012764,-0.0206106347383834,0.0203342978811435));
#6360=CARTESIAN_POINT('',(0.00251072291001415,-0.0207441425910233,0.0202005098706356));
#6361=CARTESIAN_POINT('',(0.00311661554883471,-0.0208085908018555,0.0201358532090212));
#6362=CARTESIAN_POINT('',(0.00427322260607947,-0.0209288391048432,0.0200150712720493));
#6363=CARTESIAN_POINT('',(0.00482384566983413,-0.0209846241556111,0.0199589610380794));
#6364=CARTESIAN_POINT('',(0.00584913038962899,-0.021084388521668,0.0198584629253233));
#6365=CARTESIAN_POINT('',(0.00632370069099966,-0.0211283527955695,0.0198140900879246));
#6366=CARTESIAN_POINT('',(0.00718431861896607,-0.0212026783863897,0.0197389106827858));
#6367=CARTESIAN_POINT('',(0.00757027489089226,-0.0212330246619209,0.0197081191564332));
#6368=CARTESIAN_POINT('',(0.00825206605325298,-0.0212801286714208,0.019660147991784));
#6369=CARTESIAN_POINT('',(0.00854780958901799,-0.0212968713640019,0.019642983394875));
#6370=CARTESIAN_POINT('',(0.00906127977276904,-0.0213190455015692,0.0196200621698079));
#6371=CARTESIAN_POINT('',(0.00927891506608553,-0.021324461905168,0.0196143205830373));
#6372=CARTESIAN_POINT('',(0.0096647170991679,-0.0213289748789118,0.0196093406796139));
#6373=CARTESIAN_POINT('',(0.00983279248426424,-0.0213280564076694,0.0196101174043485));
#6374=CARTESIAN_POINT('',(0.01,-0.0213280564076694,0.0196101174043485));
#6375=CARTESIAN_POINT('',(-0.01,-0.0184099751990497,0.0202114983376213));
#6376=CARTESIAN_POINT('',(-0.00983317774924146,-0.0184099751990497,0.0202114983376213));
#6377=CARTESIAN_POINT('',(-0.00966548628878399,-0.0184090218328117,0.0202124843897372));
#6378=CARTESIAN_POINT('',(-0.00928037542351631,-0.0184138345627587,0.0202077793309475));
#6379=CARTESIAN_POINT('',(-0.00906304751446388,-0.0184195847247965,0.0202021041541891));
#6380=CARTESIAN_POINT('',(-0.00855007132770023,-0.0184430542051469,0.0201788069477458));
#6381=CARTESIAN_POINT('',(-0.00825451454574682,-0.0184607575893124,0.0201612008522081));
#6382=CARTESIAN_POINT('',(-0.00757295742527564,-0.0185105165994334,0.0201116418029427));
#6383=CARTESIAN_POINT('',(-0.00718704858251562,-0.0185425562912417,0.0200797047833621));
#6384=CARTESIAN_POINT('',(-0.00632638851619234,-0.0186209824182439,0.0200014755409744));
#6385=CARTESIAN_POINT('',(-0.00585172878838683,-0.0186673529192904,0.0199551992523145));
#6386=CARTESIAN_POINT('',(-0.00482614761866716,-0.0187725246068611,0.0198501967625459));
#6387=CARTESIAN_POINT('',(-0.00427531767251077,-0.0188313098592379,0.0197914864955842));
#6388=CARTESIAN_POINT('',(-0.003118211350984,-0.018957962456474,0.0196649569513902));
#6389=CARTESIAN_POINT('',(-0.0025120264713714,-0.0190258138671861,0.0195971536083049));
#6390=CARTESIAN_POINT('',(-0.00127051531329364,-0.0191662956774275,0.0194567364010287));
#6391=CARTESIAN_POINT('',(-0.000635280530586249,-0.0192389101428096,0.0193841384709849));
#6392=CARTESIAN_POINT('',(0.0006352805305863,-0.019384138472472,0.0192389101415301));
#6393=CARTESIAN_POINT('',(0.00127051531329368,-0.019456736402605,0.0191662956762661));
#6394=CARTESIAN_POINT('',(0.00251202647137145,-0.0195971536100128,0.0190258138662697));
#6395=CARTESIAN_POINT('',(0.00311821135098405,-0.0196649569531403,0.0189579624556844));
#6396=CARTESIAN_POINT('',(0.00427531767251082,-0.01979148649736,0.0188313098586901));
#6397=CARTESIAN_POINT('',(0.00482614761866721,-0.0198501967643049,0.0187725246064283));
#6398=CARTESIAN_POINT('',(0.00585172878838687,-0.0199551992539779,0.0186673529190592));
#6399=CARTESIAN_POINT('',(0.00632638851619237,-0.0200014755425588,0.018620982418099));
#6400=CARTESIAN_POINT('',(0.00718704858251566,-0.0200797047847346,0.0185425562912309));
#6401=CARTESIAN_POINT('',(0.00757295742527566,-0.0201116418041824,0.01851051659947));
#6402=CARTESIAN_POINT('',(0.00825451454574683,-0.0201612008531516,0.0184607575894041));
#6403=CARTESIAN_POINT('',(0.00855007132770023,-0.0201788069485259,0.0184430542052462));
#6404=CARTESIAN_POINT('',(0.00906304751446387,-0.0202021041546534,0.0184195847248825));
#6405=CARTESIAN_POINT('',(0.00928037542351632,-0.0202077793312592,0.0184138345628239));
#6406=CARTESIAN_POINT('',(0.009665486288784,-0.0202124843898168,0.0184090218328339));
#6407=CARTESIAN_POINT('',(0.00983317774924146,-0.0202114983376213,0.0184099751990497));
#6408=CARTESIAN_POINT('',(0.01,-0.0202114983376213,0.0184099751990497));
#6409=CARTESIAN_POINT('',(-0.01,-0.0173148229727541,0.019));
#6410=CARTESIAN_POINT('',(-0.00983321542450752,-0.0173148229727541,0.019));
#6411=CARTESIAN_POINT('',(-0.00966556150824375,-0.0173136426340917,0.019001053479231));
#6412=CARTESIAN_POINT('',(-0.00928051823264252,-0.0173173184019032,0.018996959821528));
#6413=CARTESIAN_POINT('',(-0.00906322038285995,-0.0173221591857268,0.0189918280072442));
#6414=CARTESIAN_POINT('',(-0.0085502925043232,-0.0173430199492798,0.0189702986198647));
#6415=CARTESIAN_POINT('',(-0.00825475398512391,-0.017359024606359,0.0189539163694192));
#6416=CARTESIAN_POINT('',(-0.007573219751733,-0.0174045918203069,0.0189075730742442));
#6417=CARTESIAN_POINT('',(-0.00718731554709626,-0.0174341390545255,0.0188776273521647));
#6418=CARTESIAN_POINT('',(-0.00632665136004075,-0.0175068657592553,0.0188041365059191));
#6419=CARTESIAN_POINT('',(-0.00585198288717685,-0.0175500299071163,0.018760606704403));
#6420=CARTESIAN_POINT('',(-0.00482637272746211,-0.0176482200877582,0.0186617598396458));
#6421=CARTESIAN_POINT('',(-0.00427552255016614,-0.0177032307978889,0.0186064580990549));
#6422=CARTESIAN_POINT('',(-0.00311836740532094,-0.0178219587433269,0.0184872525651695));
#6423=CARTESIAN_POINT('',(-0.00251215394732659,-0.0178856606559839,0.0184233640945251));
#6424=CARTESIAN_POINT('',(-0.00127058123811072,-0.0180176903178656,0.0182910836987085));
#6425=CARTESIAN_POINT('',(-0.000635313496444078,-0.01808600274444,0.0182227070961865));
#6426=CARTESIAN_POINT('',(0.000635313496444083,-0.0182227070961865,0.01808600274444));
#6427=CARTESIAN_POINT('',(0.00127058123811073,-0.0182910836987085,0.0180176903178656));
#6428=CARTESIAN_POINT('',(0.0025121539473266,-0.0184233640945251,0.0178856606559839));
#6429=CARTESIAN_POINT('',(0.00311836740532095,-0.0184872525651695,0.0178219587433269));
#6430=CARTESIAN_POINT('',(0.00427552255016614,-0.0186064580990549,0.0177032307978889));
#6431=CARTESIAN_POINT('',(0.00482637272746211,-0.0186617598396458,0.0176482200877582));
#6432=CARTESIAN_POINT('',(0.00585198288717685,-0.018760606704403,0.0175500299071163));
#6433=CARTESIAN_POINT('',(0.00632665136004075,-0.0188041365059191,0.0175068657592553));
#6434=CARTESIAN_POINT('',(0.00718731554709626,-0.0188776273521647,0.0174341390545255));
#6435=CARTESIAN_POINT('',(0.007573219751733,-0.0189075730742442,0.0174045918203069));
#6436=CARTESIAN_POINT('',(0.00825475398512391,-0.0189539163694192,0.017359024606359));
#6437=CARTESIAN_POINT('',(0.0085502925043232,-0.0189702986198647,0.0173430199492798));
#6438=CARTESIAN_POINT('',(0.00906322038285995,-0.0189918280072442,0.0173221591857268));
#6439=CARTESIAN_POINT('',(0.00928051823264252,-0.018996959821528,0.0173173184019032));
#6440=CARTESIAN_POINT('',(0.00966556150824375,-0.019001053479231,0.0173136426340917));
#6441=CARTESIAN_POINT('',(0.00983321542450752,-0.019,0.0173148229727541));
#6442=CARTESIAN_POINT('',(0.01,-0.019,0.0173148229727541));
#6443=CARTESIAN_POINT('',(-0.01,-0.025,0.025));
#6444=CARTESIAN_POINT('',(-0.0084,-0.025,0.025));
#6445=CARTESIAN_POINT('',(-0.0068,-0.0249716539792388,0.0250531487889274));
#6446=CARTESIAN_POINT('',(0.0068,-0.0250531487889274,0.0249716539792388));
#6447=CARTESIAN_POINT('',(0.0084,-0.025,0.025));
#6448=CARTESIAN_POINT('',(0.01,-0.025,0.025));
#6449=CARTESIAN_POINT('',(-0.01,-0.025,0.025));
#6450=CARTESIAN_POINT('',(-0.01,-0.0383333333333334,5.50427884869655E-18));
#6451=CARTESIAN_POINT('',(-0.01,-0.025,-0.025));
#6452=CARTESIAN_POINT('',(-0.00983333333333333,-0.025,-0.025));
#6453=CARTESIAN_POINT('',(-0.0096657969156901,-0.0249996401248919,-0.0250006815662846));
#6454=CARTESIAN_POINT('',(-0.00928096516927083,-0.0249987632461073,-0.0250026181336505));
#6455=CARTESIAN_POINT('',(-0.00906376139322917,-0.0249982452061707,-0.0250038741709919));
#6456=CARTESIAN_POINT('',(-0.00855098470052083,-0.0249974100706459,-0.0250064048082468));
#6457=CARTESIAN_POINT('',(-0.00825550333658854,-0.0249970919387976,-0.0250076804444204));
#6458=CARTESIAN_POINT('',(-0.00757404073079427,-0.0249968433039576,-0.02500989707234));
#6459=CARTESIAN_POINT('',(-0.00718815104166667,-0.0249969117647059,-0.025010839100346));
#6460=CARTESIAN_POINT('',(-0.00632747395833333,-0.0249974826989619,-0.0250122058823529));
#6461=CARTESIAN_POINT('',(-0.00585277811686198,-0.0249979841362096,-0.0250126316726139));
#6462=CARTESIAN_POINT('',(-0.00482707722981771,-0.0249993581945646,-0.0250129228391724));
#6463=CARTESIAN_POINT('',(-0.00427616373697917,-0.0250002297794118,-0.0250127892517301));
#6464=CARTESIAN_POINT('',(-0.00311885579427083,-0.0250022031790657,-0.0250120269247405));
#6465=CARTESIAN_POINT('',(-0.00251255289713542,-0.0250033039576125,-0.0250113992214533));
#6466=CARTESIAN_POINT('',(-0.00127078755696615,-0.0250055477535683,-0.0250097912386462));
#6467=CARTESIAN_POINT('',(-0.000635416666666667,-0.0250066897347174,-0.0250088119953864));
#6468=CARTESIAN_POINT('',(0.000635416666666667,-0.0250088119953864,-0.0250066897347174));
#6469=CARTESIAN_POINT('',(0.00127078755696615,-0.0250097912386462,-0.0250055477535683));
#6470=CARTESIAN_POINT('',(0.00251255289713542,-0.0250113992214533,-0.0250033039576125));
#6471=CARTESIAN_POINT('',(0.00311885579427083,-0.0250120269247405,-0.0250022031790657));
#6472=CARTESIAN_POINT('',(0.00427616373697917,-0.0250127892517301,-0.0250002297794118));
#6473=CARTESIAN_POINT('',(0.00482707722981771,-0.0250129228391724,-0.0249993581945646));
#6474=CARTESIAN_POINT('',(0.00585277811686198,-0.0250126316726139,-0.0249979841362096));
#6475=CARTESIAN_POINT('',(0.00632747395833333,-0.0250122058823529,-0.0249974826989619));
#6476=CARTESIAN_POINT('',(0.00718815104166667,-0.025010839100346,-0.0249969117647059));
#6477=CARTESIAN_POINT('',(0.00757404073079427,-0.02500989707234,-0.0249968433039576));
#6478=CARTESIAN_POINT('',(0.00825550333658854,-0.0250076804444204,-0.0249970919387976));
#6479=CARTESIAN_POINT('',(0.00855098470052083,-0.0250064048082468,-0.0249974100706459));
#6480=CARTESIAN_POINT('',(0.00906376139322917,-0.0250038741709919,-0.0249982452061707));
#6481=CARTESIAN_POINT('',(0.00928096516927083,-0.0250026181336505,-0.0249987632461073));
#6482=CARTESIAN_POINT('',(0.0096657969156901,-0.0250006815662846,-0.0249996401248919));
#6483=CARTESIAN_POINT('',(0.00983333333333333,-0.025,-0.025));
#6484=CARTESIAN_POINT('',(0.01,-0.025,-0.025));
#6485=CARTESIAN_POINT('',(-0.01,-0.0235590102285585,-0.0242314721218978));
#6486=CARTESIAN_POINT('',(-0.00983250384896597,-0.0235590102285585,-0.0242314721218978));
#6487=CARTESIAN_POINT('',(-0.00966414083273473,-0.0235585962778402,-0.0242322033501981));
#6488=CARTESIAN_POINT('',(-0.00927782098609512,-0.0235603262302759,-0.0242315185474343));
#6489=CARTESIAN_POINT('',(-0.00905995540465489,-0.0235624637664771,-0.024230108883323));
#6490=CARTESIAN_POINT('',(-0.00854611512505754,-0.0235713475847776,-0.0242228973044789));
#6491=CARTESIAN_POINT('',(-0.00825023167586855,-0.0235780874999241,-0.024217101756699));
#6492=CARTESIAN_POINT('',(-0.00756826517249686,-0.0235970958473474,-0.0242000344014785));
#6493=CARTESIAN_POINT('',(-0.00718227336728229,-0.0236093579126714,-0.0241887689609907));
#6494=CARTESIAN_POINT('',(-0.00632168700880163,-0.023639390219472,-0.0241606477849478));
#6495=CARTESIAN_POINT('',(-0.00584718370450368,-0.0236571540939959,-0.0241437984163454));
#6496=CARTESIAN_POINT('',(-0.00482212108097378,-0.0236974205745928,-0.0241051743137146));
#6497=CARTESIAN_POINT('',(-0.00427165301070995,-0.0237199168137131,-0.0240834059466389));
#6498=CARTESIAN_POINT('',(-0.00311541999549722,-0.0237683204838577,-0.0240361967331652));
#6499=CARTESIAN_POINT('',(-0.00250974629951644,-0.023794221547929,-0.0240107622537201));
#6500=CARTESIAN_POINT('',(-0.00126933611120638,-0.0238477402418723,-0.0239578706494897));
#6501=CARTESIAN_POINT('',(-0.000634690867845226,-0.0238753515047915,-0.0239304198916572));
#6502=CARTESIAN_POINT('',(0.000634690867845214,-0.0239304198924526,-0.0238753515039268));
#6503=CARTESIAN_POINT('',(0.00126933611120637,-0.0239578706502419,-0.0238477402409819));
#6504=CARTESIAN_POINT('',(0.00250974629951643,-0.0240107622543755,-0.0237942215470099));
#6505=CARTESIAN_POINT('',(0.00311541999549721,-0.0240361967337671,-0.0237683204829356));
#6506=CARTESIAN_POINT('',(0.00427165301070994,-0.0240834059471314,-0.0237199168128114));
#6507=CARTESIAN_POINT('',(0.00482212108097377,-0.0241051743141512,-0.0236974205737142));
#6508=CARTESIAN_POINT('',(0.00584718370450367,-0.0241437984166752,-0.0236571540931888));
#6509=CARTESIAN_POINT('',(0.00632168700880162,-0.0241606477852267,-0.0236393902187133));
#6510=CARTESIAN_POINT('',(0.00718227336728227,-0.0241887689611789,-0.0236093579120294));
#6511=CARTESIAN_POINT('',(0.00756826517249685,-0.0242000344016268,-0.0235970958467738));
#6512=CARTESIAN_POINT('',(0.00825023167586854,-0.0242171017567821,-0.0235780874994961));
#6513=CARTESIAN_POINT('',(0.00854611512505752,-0.0242228973045367,-0.0235713475844268));
#6514=CARTESIAN_POINT('',(0.00905995540465487,-0.0242301088833449,-0.0235624637662719));
#6515=CARTESIAN_POINT('',(0.00927782098609511,-0.0242315185474456,-0.0235603262301391));
#6516=CARTESIAN_POINT('',(0.00966414083273473,-0.0242322033501986,-0.023558596277806));
#6517=CARTESIAN_POINT('',(0.00983250384896596,-0.024231472121898,-0.0235590102285585));
#6518=CARTESIAN_POINT('',(0.01,-0.024231472121898,-0.0235590102285585));
#6519=CARTESIAN_POINT('',(-0.00999999999999999,-0.0221846540598389,-0.0233380582434343));
#6520=CARTESIAN_POINT('',(-0.00983245553412647,-0.0221846540598389,-0.0233380582434343));
#6521=CARTESIAN_POINT('',(-0.00966404437114326,-0.0221841472495167,-0.0233388494017239));
#6522=CARTESIAN_POINT('',(-0.00927763784737493,-0.0221875863958317,-0.0233363469310728));
#6523=CARTESIAN_POINT('',(-0.0090597337178645,-0.0221915220948183,-0.0233330635597828));
#6524=CARTESIAN_POINT('',(-0.0085458314876966,-0.0222071514065184,-0.0233189329291573));
#6525=CARTESIAN_POINT('',(-0.00824992461831383,-0.0222188347615812,-0.0233080959274725));
#6526=CARTESIAN_POINT('',(-0.00756792876450285,-0.0222514315361829,-0.0232772386934195));
#6527=CARTESIAN_POINT('',(-0.00718193101134937,-0.0222723346980711,-0.0232572287187019));
#6528=CARTESIAN_POINT('',(-0.00632134993730428,-0.0223233179705706,-0.0232079582246065));
#6529=CARTESIAN_POINT('',(-0.00584685784768739,-0.0223533878235312,-0.0231787079628793));
#6530=CARTESIAN_POINT('',(-0.0048218324009874,-0.0224214338254376,-0.0231121338799332));
#6531=CARTESIAN_POINT('',(-0.004271390275179,-0.0224593997167327,-0.0230748203163648));
#6532=CARTESIAN_POINT('',(-0.00311521987109126,-0.0225410573351013,-0.0229942331845339));
#6533=CARTESIAN_POINT('',(-0.00250958282408663,-0.0225847388045243,-0.0229509698739219));
#6534=CARTESIAN_POINT('',(-0.00126925156908398,-0.0226750450409901,-0.0228612256429146));
#6535=CARTESIAN_POINT('',(-0.000634648592360659,-0.0227216595503823,-0.0228147549801699));
#6536=CARTESIAN_POINT('',(0.000634648592360683,-0.0228147549801929,-0.0227216595504054));
#6537=CARTESIAN_POINT('',(0.00126925156908401,-0.0228612256429607,-0.0226750450410362));
#6538=CARTESIAN_POINT('',(0.00250958282408666,-0.0229509698740098,-0.0225847388046123));
#6539=CARTESIAN_POINT('',(0.00311521987109128,-0.0229942331846406,-0.0225410573352081));
#6540=CARTESIAN_POINT('',(0.00427139027517901,-0.0230748203165012,-0.0224593997168691));
#6541=CARTESIAN_POINT('',(0.00482183240098743,-0.0231121338800805,-0.022421433825585));
#6542=CARTESIAN_POINT('',(0.00584685784768742,-0.0231787079630384,-0.0223533878236904));
#6543=CARTESIAN_POINT('',(0.00632134993730428,-0.0232079582247664,-0.0223233179707305));
#6544=CARTESIAN_POINT('',(0.00718193101134936,-0.0232572287188531,-0.0222723346982224));
#6545=CARTESIAN_POINT('',(0.00756792876450288,-0.0232772386935612,-0.0222514315363247));
#6546=CARTESIAN_POINT('',(0.00824992461831386,-0.0233080959275874,-0.0222188347616963));
#6547=CARTESIAN_POINT('',(0.00854583148769661,-0.0233189329292549,-0.0222071514066161));
#6548=CARTESIAN_POINT('',(0.0090597337178645,-0.0233330635598438,-0.0221915220948794));
#6549=CARTESIAN_POINT('',(0.00927763784737495,-0.0233363469311147,-0.0221875863958736));
#6550=CARTESIAN_POINT('',(0.00966404437114329,-0.0233388494017352,-0.022184147249528));
#6551=CARTESIAN_POINT('',(0.00983245553412647,-0.0233380582434343,-0.0221846540598389));
#6552=CARTESIAN_POINT('',(0.00999999999999999,-0.0233380582434343,-0.0221846540598389));
#6553=CARTESIAN_POINT('',(-0.01,-0.0196101174043485,-0.0213280564076692));
#6554=CARTESIAN_POINT('',(-0.00983279248426424,-0.0196101174043485,-0.0213280564076692));
#6555=CARTESIAN_POINT('',(-0.00966471709916792,-0.0196093406796252,-0.021328974878923));
#6556=CARTESIAN_POINT('',(-0.00927891506608555,-0.0196143205830792,-0.0213244619052097));
#6557=CARTESIAN_POINT('',(-0.00906127977276904,-0.0196200621698691,-0.0213190455016302));
#6558=CARTESIAN_POINT('',(-0.00854780958901799,-0.0196429833949727,-0.0212968713640994));
#6559=CARTESIAN_POINT('',(-0.00825206605325299,-0.0196601479918991,-0.0212801286715357));
#6560=CARTESIAN_POINT('',(-0.00757027489089226,-0.019708119156575,-0.0212330246620626));
#6561=CARTESIAN_POINT('',(-0.00718431861896604,-0.0197389106829371,-0.0212026783865408));
#6562=CARTESIAN_POINT('',(-0.00632370069099963,-0.0198140900880846,-0.0211283527957293));
#6563=CARTESIAN_POINT('',(-0.00584913038962899,-0.0198584629254824,-0.0210843885218271));
#6564=CARTESIAN_POINT('',(-0.00482384566983412,-0.0199589610382268,-0.0209846241557584));
#6565=CARTESIAN_POINT('',(-0.00427322260607944,-0.0200150712721858,-0.0209288391049795));
#6566=CARTESIAN_POINT('',(-0.00311661554883469,-0.020135853209128,-0.0208085908019622));
#6567=CARTESIAN_POINT('',(-0.00251072291001414,-0.0202005098707236,-0.0207441425911112));
#6568=CARTESIAN_POINT('',(-0.00126984117012763,-0.0203342978811897,-0.0206106347384294));
#6569=CARTESIAN_POINT('',(-0.00063494342373119,-0.0204034141886726,-0.0205415901379862));
#6570=CARTESIAN_POINT('',(0.000634943423731208,-0.0205415901379632,-0.0204034141886495));
#6571=CARTESIAN_POINT('',(0.00126984117012764,-0.0206106347383834,-0.0203342978811435));
#6572=CARTESIAN_POINT('',(0.00251072291001415,-0.0207441425910233,-0.0202005098706356));
#6573=CARTESIAN_POINT('',(0.00311661554883471,-0.0208085908018555,-0.0201358532090212));
#6574=CARTESIAN_POINT('',(0.00427322260607947,-0.0209288391048432,-0.0200150712720493));
#6575=CARTESIAN_POINT('',(0.00482384566983413,-0.0209846241556111,-0.0199589610380794));
#6576=CARTESIAN_POINT('',(0.00584913038962899,-0.021084388521668,-0.0198584629253233));
#6577=CARTESIAN_POINT('',(0.00632370069099966,-0.0211283527955695,-0.0198140900879246));
#6578=CARTESIAN_POINT('',(0.00718431861896607,-0.0212026783863897,-0.0197389106827858));
#6579=CARTESIAN_POINT('',(0.00757027489089226,-0.0212330246619209,-0.0197081191564332));
#6580=CARTESIAN_POINT('',(0.00825206605325298,-0.0212801286714208,-0.019660147991784));
#6581=CARTESIAN_POINT('',(0.00854780958901799,-0.0212968713640019,-0.019642983394875));
#6582=CARTESIAN_POINT('',(0.00906127977276904,-0.0213190455015692,-0.0196200621698079));
#6583=CARTESIAN_POINT('',(0.00927891506608553,-0.021324461905168,-0.0196143205830373));
#6584=CARTESIAN_POINT('',(0.0096647170991679,-0.0213289748789118,-0.0196093406796139));
#6585=CARTESIAN_POINT('',(0.00983279248426424,-0.0213280564076694,-0.0196101174043485));
#6586=CARTESIAN_POINT('',(0.01,-0.0213280564076694,-0.0196101174043485));
#6587=CARTESIAN_POINT('',(-0.01,-0.0184099751990497,-0.0202114983376213));
#6588=CARTESIAN_POINT('',(-0.00983317774924146,-0.0184099751990497,-0.0202114983376213));
#6589=CARTESIAN_POINT('',(-0.00966548628878399,-0.0184090218328117,-0.0202124843897372));
#6590=CARTESIAN_POINT('',(-0.00928037542351631,-0.0184138345627587,-0.0202077793309475));
#6591=CARTESIAN_POINT('',(-0.00906304751446388,-0.0184195847247965,-0.0202021041541891));
#6592=CARTESIAN_POINT('',(-0.00855007132770023,-0.0184430542051469,-0.0201788069477458));
#6593=CARTESIAN_POINT('',(-0.00825451454574682,-0.0184607575893124,-0.0201612008522081));
#6594=CARTESIAN_POINT('',(-0.00757295742527564,-0.0185105165994334,-0.0201116418029427));
#6595=CARTESIAN_POINT('',(-0.00718704858251562,-0.0185425562912417,-0.0200797047833621));
#6596=CARTESIAN_POINT('',(-0.00632638851619234,-0.0186209824182439,-0.0200014755409744));
#6597=CARTESIAN_POINT('',(-0.00585172878838683,-0.0186673529192904,-0.0199551992523145));
#6598=CARTESIAN_POINT('',(-0.00482614761866716,-0.0187725246068611,-0.0198501967625459));
#6599=CARTESIAN_POINT('',(-0.00427531767251077,-0.0188313098592379,-0.0197914864955842));
#6600=CARTESIAN_POINT('',(-0.003118211350984,-0.018957962456474,-0.0196649569513902));
#6601=CARTESIAN_POINT('',(-0.0025120264713714,-0.0190258138671861,-0.0195971536083049));
#6602=CARTESIAN_POINT('',(-0.00127051531329364,-0.0191662956774275,-0.0194567364010287));
#6603=CARTESIAN_POINT('',(-0.000635280530586249,-0.0192389101428096,-0.0193841384709849));
#6604=CARTESIAN_POINT('',(0.0006352805305863,-0.019384138472472,-0.0192389101415301));
#6605=CARTESIAN_POINT('',(0.00127051531329368,-0.019456736402605,-0.0191662956762661));
#6606=CARTESIAN_POINT('',(0.00251202647137145,-0.0195971536100128,-0.0190258138662697));
#6607=CARTESIAN_POINT('',(0.00311821135098405,-0.0196649569531403,-0.0189579624556844));
#6608=CARTESIAN_POINT('',(0.00427531767251082,-0.01979148649736,-0.0188313098586901));
#6609=CARTESIAN_POINT('',(0.00482614761866721,-0.0198501967643049,-0.0187725246064283));
#6610=CARTESIAN_POINT('',(0.00585172878838687,-0.0199551992539779,-0.0186673529190592));
#6611=CARTESIAN_POINT('',(0.00632638851619237,-0.0200014755425588,-0.018620982418099));
#6612=CARTESIAN_POINT('',(0.00718704858251566,-0.0200797047847346,-0.0185425562912309));
#6613=CARTESIAN_POINT('',(0.00757295742527566,-0.0201116418041824,-0.01851051659947));
#6614=CARTESIAN_POINT('',(0.00825451454574683,-0.0201612008531516,-0.0184607575894041));
#6615=CARTESIAN_POINT('',(0.00855007132770023,-0.0201788069485259,-0.0184430542052462));
#6616=CARTESIAN_POINT('',(0.00906304751446387,-0.0202021041546534,-0.0184195847248825));
#6617=CARTESIAN_POINT('',(0.00928037542351632,-0.0202077793312592,-0.0184138345628239));
#6618=CARTESIAN_POINT('',(0.009665486288784,-0.0202124843898168,-0.0184090218328339));
#6619=CARTESIAN_POINT('',(0.00983317774924146,-0.0202114983376213,-0.0184099751990497));
#6620=CARTESIAN_POINT('',(0.01,-0.0202114983376213,-0.0184099751990497));
#6621=CARTESIAN_POINT('',(-0.01,-0.0173148229727541,-0.019));
#6622=CARTESIAN_POINT('',(-0.00983321542450752,-0.0173148229727541,-0.019));
#6623=CARTESIAN_POINT('',(-0.00966556150824375,-0.0173136426340917,-0.019001053479231));
#6624=CARTESIAN_POINT('',(-0.00928051823264252,-0.0173173184019032,-0.018996959821528));
#6625=CARTESIAN_POINT('',(-0.00906322038285995,-0.0173221591857268,-0.0189918280072442));
#6626=CARTESIAN_POINT('',(-0.0085502925043232,-0.0173430199492798,-0.0189702986198647));
#6627=CARTESIAN_POINT('',(-0.00825475398512391,-0.017359024606359,-0.0189539163694192));
#6628=CARTESIAN_POINT('',(-0.007573219751733,-0.0174045918203069,-0.0189075730742442));
#6629=CARTESIAN_POINT('',(-0.00718731554709626,-0.0174341390545255,-0.0188776273521647));
#6630=CARTESIAN_POINT('',(-0.00632665136004075,-0.0175068657592553,-0.0188041365059191));
#6631=CARTESIAN_POINT('',(-0.00585198288717685,-0.0175500299071163,-0.018760606704403));
#6632=CARTESIAN_POINT('',(-0.00482637272746211,-0.0176482200877582,-0.0186617598396458));
#6633=CARTESIAN_POINT('',(-0.00427552255016614,-0.0177032307978889,-0.0186064580990549));
#6634=CARTESIAN_POINT('',(-0.00311836740532094,-0.0178219587433269,-0.0184872525651695));
#6635=CARTESIAN_POINT('',(-0.00251215394732659,-0.0178856606559839,-0.0184233640945251));
#6636=CARTESIAN_POINT('',(-0.00127058123811072,-0.0180176903178656,-0.0182910836987085));
#6637=CARTESIAN_POINT('',(-0.000635313496444078,-0.01808600274444,-0.0182227070961865));
#6638=CARTESIAN_POINT('',(0.000635313496444083,-0.0182227070961865,-0.01808600274444));
#6639=CARTESIAN_POINT('',(0.00127058123811073,-0.0182910836987085,-0.0180176903178656));
#6640=CARTESIAN_POINT('',(0.0025121539473266,-0.0184233640945251,-0.0178856606559839));
#6641=CARTESIAN_POINT('',(0.00311836740532095,-0.0184872525651695,-0.0178219587433269));
#6642=CARTESIAN_POINT('',(0.00427552255016614,-0.0186064580990549,-0.0177032307978889));
#6643=CARTESIAN_POINT('',(0.00482637272746211,-0.0186617598396458,-0.0176482200877582));
#6644=CARTESIAN_POINT('',(0.00585198288717685,-0.018760606704403,-0.0175500299071163));
#6645=CARTESIAN_POINT('',(0.00632665136004075,-0.0188041365059191,-0.0175068657592553));
#6646=CARTESIAN_POINT('',(0.00718731554709626,-0.0188776273521647,-0.0174341390545255));
#6647=CARTESIAN_POINT('',(0.007573219751733,-0.0189075730742442,-0.0174045918203069));
#6648=CARTESIAN_POINT('',(0.00825475398512391,-0.0189539163694192,-0.017359024606359));
#6649=CARTESIAN_POINT('',(0.0085502925043232,-0.0189702986198647,-0.0173430199492798));
#6650=CARTESIAN_POINT('',(0.00906322038285995,-0.0189918280072442,-0.0173221591857268));
#6651=CARTESIAN_POINT('',(0.00928051823264252,-0.018996959821528,-0.0173173184019032));
#6652=CARTESIAN_POINT('',(0.00966556150824375,-0.019001053479231,-0.0173136426340917));
#6653=CARTESIAN_POINT('',(0.00983321542450752,-0.019,-0.0173148229727541));
#6654=CARTESIAN_POINT('',(0.01,-0.019,-0.0173148229727541));
#6655=CARTESIAN_POINT('',(-0.01,-0.0383333333333334,5.50427884869655E-18));
#6656=CARTESIAN_POINT('',(-0.01,-0.025,-0.025));
#6657=CARTESIAN_POINT('',(-0.01,-0.025,-0.025));
#6658=CARTESIAN_POINT('',(-0.0084,-0.025,-0.025));
#6659=CARTESIAN_POINT('',(-0.0068,-0.0249716539792388,-0.0250531487889274));
#6660=CARTESIAN_POINT('',(0.0068,-0.0250531487889274,-0.0249716539792388));
#6661=CARTESIAN_POINT('',(0.0084,-0.025,-0.025));
#6662=CARTESIAN_POINT('',(0.01,-0.025,-0.025));
#6663=CARTESIAN_POINT('',(-0.01,0.,5.50427884869655E-18));
#6664=CARTESIAN_POINT('',(-0.01,0.,-0.019));
#6665=CARTESIAN_POINT('',(-0.01,0.,-0.025));
#6666=CARTESIAN_POINT('',(-0.01,0.,5.50427884869655E-18));
#6667=CARTESIAN_POINT('',(-0.01,0.,1.54074395550979E-33));
#6668=CARTESIAN_POINT('',(-0.01,0.,5.50427884869655E-18));
#6669=CARTESIAN_POINT('',(-0.01,0.,0.019));
#6670=CARTESIAN_POINT('',(-0.01,0.,5.50427884869655E-18));
#6671=CARTESIAN_POINT('',(-0.01,0.,0.025));
#6672=MECHANICAL_DESIGN_GEOMETRIC_PRESENTATION_REPRESENTATION('',(#334),
#6674);
#6673=MECHANICAL_DESIGN_GEOMETRIC_PRESENTATION_REPRESENTATION('',(#335),
#6675);
#6674=(
GEOMETRIC_REPRESENTATION_CONTEXT(3)
GLOBAL_UNCERTAINTY_ASSIGNED_CONTEXT((#6676))
GLOBAL_UNIT_ASSIGNED_CONTEXT((#6682,#6680,#6678))
REPRESENTATION_CONTEXT('Part 1','TOP_LEVEL_ASSEMBLY_PART')
);
#6675=(
GEOMETRIC_REPRESENTATION_CONTEXT(3)
GLOBAL_UNCERTAINTY_ASSIGNED_CONTEXT((#6677))
GLOBAL_UNIT_ASSIGNED_CONTEXT((#6683,#6681,#6679))
REPRESENTATION_CONTEXT('Surface 1','TOP_LEVEL_ASSEMBLY_PART')
);
#6676=UNCERTAINTY_MEASURE_WITH_UNIT(LENGTH_MEASURE(1.E-8),#6682,
'DISTANCE_ACCURACY_VALUE','Maximum Tolerance applied to model');
#6677=UNCERTAINTY_MEASURE_WITH_UNIT(LENGTH_MEASURE(2.E-5),#6683,
'DISTANCE_ACCURACY_VALUE','Maximum Tolerance applied to model');
#6678=(
NAMED_UNIT(*)
SI_UNIT($,.STERADIAN.)
SOLID_ANGLE_UNIT()
);
#6679=(
NAMED_UNIT(*)
SI_UNIT($,.STERADIAN.)
SOLID_ANGLE_UNIT()
);
#6680=(
NAMED_UNIT(*)
PLANE_ANGLE_UNIT()
SI_UNIT($,.RADIAN.)
);
#6681=(
NAMED_UNIT(*)
PLANE_ANGLE_UNIT()
SI_UNIT($,.RADIAN.)
);
#6682=(
LENGTH_UNIT()
NAMED_UNIT(*)
SI_UNIT($,.METRE.)
);
#6683=(
LENGTH_UNIT()
NAMED_UNIT(*)
SI_UNIT($,.METRE.)
);
#6684=PRODUCT_DEFINITION_SHAPE('','',#6686);
#6685=PRODUCT_DEFINITION_SHAPE('','',#6687);
#6686=PRODUCT_DEFINITION('','',#6690,#6688);
#6687=PRODUCT_DEFINITION('','',#6691,#6689);
#6688=PRODUCT_DEFINITION_CONTEXT('',#6702,'design');
#6689=PRODUCT_DEFINITION_CONTEXT('',#6703,'design');
#6690=PRODUCT_DEFINITION_FORMATION_WITH_SPECIFIED_SOURCE('','',#6694,
 .NOT_KNOWN.);
#6691=PRODUCT_DEFINITION_FORMATION_WITH_SPECIFIED_SOURCE('','',#6695,
 .NOT_KNOWN.);
#6692=PRODUCT_RELATED_PRODUCT_CATEGORY('','',(#6694));
#6693=PRODUCT_RELATED_PRODUCT_CATEGORY('','',(#6695));
#6694=PRODUCT('Part 1','Part 1','Part 1',(#6698));
#6695=PRODUCT('Surface 1','Surface 1','Surface 1',(#6699));
#6696=PRODUCT_CATEGORY('','');
#6697=PRODUCT_CATEGORY('','');
#6698=PRODUCT_CONTEXT('',#6702,'mechanical');
#6699=PRODUCT_CONTEXT('',#6703,'mechanical');
#6700=APPLICATION_PROTOCOL_DEFINITION('international standard',
'ap242_managed_model_based_3d_engineering',2020,#6702);
#6701=APPLICATION_PROTOCOL_DEFINITION('international standard',
'ap242_managed_model_based_3d_engineering',2020,#6703);
#6702=APPLICATION_CONTEXT('managed model based 3d engineering');
#6703=APPLICATION_CONTEXT('managed model based 3d engineering');
ENDSEC;
END-ISO-10303-21;
