ISO-10303-21;
HEADER;
/* Generated by software containing ST-Developer
 * from STEP Tools, Inc. (www.steptools.com) 
 */
/* OPTION: using custom renumber hook */

FILE_DESCRIPTION(
/* description */ ('STEP AP242 Edition 2',
'CAx-IF Rec.Pracs.---Representation and Presentation of Product Manufa
cturing Information (PMI)---4.0---2014-10-13',
'CAx-IF Rec.Pracs.---3D Tessellated Geometry---0.4---2014-09-14','2;1',
'CAx-IF Rec.Pracs.---User Defined Attributes---1.5---2016-08-15'),
/* implementation_level */ '2;1');

FILE_NAME(
/* name */ 'Part Studio 1',
/* time_stamp */ '2026-06-17T15:17:25Z',
/* author */ (''),
/* organization */ (''),
/* preprocessor_version */ 'ST-DEVELOPER v20',
/* originating_system */ 'ONSHAPE BY PTC INC, 1.216',
/* authorisation */ '  ');

FILE_SCHEMA (('AP242_MANAGED_MODEL_BASED_3D_ENGINEERING_MIM_LF { 1 0 10303 442 3 1 4 }'));
ENDSEC;

DATA;
#10=SHAPE_REPRESENTATION_RELATIONSHIP('','',#1767,#11);
#11=ADVANCED_BREP_SHAPE_REPRESENTATION('',(#1765),#4301);
#12=CIRCLE('',#1772,0.001);
#13=CIRCLE('',#1773,0.001);
#14=CIRCLE('',#1780,0.001);
#15=CIRCLE('',#1781,0.001);
#16=CIRCLE('',#1792,0.001);
#17=CIRCLE('',#1793,0.001);
#18=CIRCLE('',#1800,0.001);
#19=CIRCLE('',#1801,0.001);
#20=ORIENTED_EDGE('',*,*,#484,.F.);
#21=ORIENTED_EDGE('',*,*,#485,.T.);
#22=ORIENTED_EDGE('',*,*,#486,.F.);
#23=ORIENTED_EDGE('',*,*,#487,.T.);
#24=ORIENTED_EDGE('',*,*,#488,.F.);
#25=ORIENTED_EDGE('',*,*,#489,.T.);
#26=ORIENTED_EDGE('',*,*,#490,.T.);
#27=ORIENTED_EDGE('',*,*,#491,.T.);
#28=ORIENTED_EDGE('',*,*,#485,.F.);
#29=ORIENTED_EDGE('',*,*,#492,.F.);
#30=ORIENTED_EDGE('',*,*,#493,.F.);
#31=ORIENTED_EDGE('',*,*,#494,.F.);
#32=ORIENTED_EDGE('',*,*,#495,.F.);
#33=ORIENTED_EDGE('',*,*,#496,.F.);
#34=ORIENTED_EDGE('',*,*,#497,.F.);
#35=ORIENTED_EDGE('',*,*,#498,.F.);
#36=ORIENTED_EDGE('',*,*,#499,.F.);
#37=ORIENTED_EDGE('',*,*,#500,.F.);
#38=ORIENTED_EDGE('',*,*,#501,.F.);
#39=ORIENTED_EDGE('',*,*,#502,.F.);
#40=ORIENTED_EDGE('',*,*,#503,.F.);
#41=ORIENTED_EDGE('',*,*,#504,.F.);
#42=ORIENTED_EDGE('',*,*,#505,.F.);
#43=ORIENTED_EDGE('',*,*,#506,.F.);
#44=ORIENTED_EDGE('',*,*,#507,.F.);
#45=ORIENTED_EDGE('',*,*,#508,.F.);
#46=ORIENTED_EDGE('',*,*,#509,.F.);
#47=ORIENTED_EDGE('',*,*,#510,.F.);
#48=ORIENTED_EDGE('',*,*,#511,.F.);
#49=ORIENTED_EDGE('',*,*,#512,.F.);
#50=ORIENTED_EDGE('',*,*,#513,.F.);
#51=ORIENTED_EDGE('',*,*,#514,.F.);
#52=ORIENTED_EDGE('',*,*,#515,.F.);
#53=ORIENTED_EDGE('',*,*,#516,.F.);
#54=ORIENTED_EDGE('',*,*,#517,.F.);
#55=ORIENTED_EDGE('',*,*,#518,.F.);
#56=ORIENTED_EDGE('',*,*,#490,.F.);
#57=ORIENTED_EDGE('',*,*,#519,.T.);
#58=ORIENTED_EDGE('',*,*,#520,.F.);
#59=ORIENTED_EDGE('',*,*,#521,.F.);
#60=ORIENTED_EDGE('',*,*,#494,.T.);
#61=ORIENTED_EDGE('',*,*,#493,.T.);
#62=ORIENTED_EDGE('',*,*,#522,.F.);
#63=ORIENTED_EDGE('',*,*,#523,.F.);
#64=ORIENTED_EDGE('',*,*,#496,.T.);
#65=ORIENTED_EDGE('',*,*,#495,.T.);
#66=ORIENTED_EDGE('',*,*,#524,.F.);
#67=ORIENTED_EDGE('',*,*,#525,.F.);
#68=ORIENTED_EDGE('',*,*,#498,.T.);
#69=ORIENTED_EDGE('',*,*,#497,.T.);
#70=ORIENTED_EDGE('',*,*,#526,.F.);
#71=ORIENTED_EDGE('',*,*,#527,.F.);
#72=ORIENTED_EDGE('',*,*,#500,.T.);
#73=ORIENTED_EDGE('',*,*,#499,.T.);
#74=ORIENTED_EDGE('',*,*,#528,.F.);
#75=ORIENTED_EDGE('',*,*,#529,.F.);
#76=ORIENTED_EDGE('',*,*,#502,.T.);
#77=ORIENTED_EDGE('',*,*,#501,.T.);
#78=ORIENTED_EDGE('',*,*,#521,.T.);
#79=ORIENTED_EDGE('',*,*,#520,.T.);
#80=ORIENTED_EDGE('',*,*,#523,.T.);
#81=ORIENTED_EDGE('',*,*,#522,.T.);
#82=ORIENTED_EDGE('',*,*,#525,.T.);
#83=ORIENTED_EDGE('',*,*,#524,.T.);
#84=ORIENTED_EDGE('',*,*,#527,.T.);
#85=ORIENTED_EDGE('',*,*,#526,.T.);
#86=ORIENTED_EDGE('',*,*,#529,.T.);
#87=ORIENTED_EDGE('',*,*,#528,.T.);
#88=ORIENTED_EDGE('',*,*,#489,.F.);
#89=ORIENTED_EDGE('',*,*,#530,.T.);
#90=ORIENTED_EDGE('',*,*,#531,.F.);
#91=ORIENTED_EDGE('',*,*,#532,.F.);
#92=ORIENTED_EDGE('',*,*,#533,.F.);
#93=ORIENTED_EDGE('',*,*,#534,.F.);
#94=ORIENTED_EDGE('',*,*,#535,.F.);
#95=ORIENTED_EDGE('',*,*,#536,.F.);
#96=ORIENTED_EDGE('',*,*,#537,.F.);
#97=ORIENTED_EDGE('',*,*,#538,.F.);
#98=ORIENTED_EDGE('',*,*,#539,.F.);
#99=ORIENTED_EDGE('',*,*,#540,.F.);
#100=ORIENTED_EDGE('',*,*,#541,.F.);
#101=ORIENTED_EDGE('',*,*,#542,.F.);
#102=ORIENTED_EDGE('',*,*,#543,.F.);
#103=ORIENTED_EDGE('',*,*,#544,.F.);
#104=ORIENTED_EDGE('',*,*,#545,.F.);
#105=ORIENTED_EDGE('',*,*,#546,.F.);
#106=ORIENTED_EDGE('',*,*,#547,.F.);
#107=ORIENTED_EDGE('',*,*,#486,.T.);
#108=ORIENTED_EDGE('',*,*,#546,.T.);
#109=ORIENTED_EDGE('',*,*,#545,.T.);
#110=ORIENTED_EDGE('',*,*,#504,.T.);
#111=ORIENTED_EDGE('',*,*,#503,.T.);
#112=ORIENTED_EDGE('',*,*,#544,.T.);
#113=ORIENTED_EDGE('',*,*,#543,.T.);
#114=ORIENTED_EDGE('',*,*,#506,.T.);
#115=ORIENTED_EDGE('',*,*,#505,.T.);
#116=ORIENTED_EDGE('',*,*,#542,.T.);
#117=ORIENTED_EDGE('',*,*,#541,.T.);
#118=ORIENTED_EDGE('',*,*,#508,.T.);
#119=ORIENTED_EDGE('',*,*,#507,.T.);
#120=ORIENTED_EDGE('',*,*,#540,.T.);
#121=ORIENTED_EDGE('',*,*,#539,.T.);
#122=ORIENTED_EDGE('',*,*,#510,.T.);
#123=ORIENTED_EDGE('',*,*,#509,.T.);
#124=ORIENTED_EDGE('',*,*,#538,.T.);
#125=ORIENTED_EDGE('',*,*,#537,.T.);
#126=ORIENTED_EDGE('',*,*,#512,.T.);
#127=ORIENTED_EDGE('',*,*,#511,.T.);
#128=ORIENTED_EDGE('',*,*,#536,.T.);
#129=ORIENTED_EDGE('',*,*,#535,.T.);
#130=ORIENTED_EDGE('',*,*,#514,.T.);
#131=ORIENTED_EDGE('',*,*,#513,.T.);
#132=ORIENTED_EDGE('',*,*,#534,.T.);
#133=ORIENTED_EDGE('',*,*,#533,.T.);
#134=ORIENTED_EDGE('',*,*,#516,.T.);
#135=ORIENTED_EDGE('',*,*,#515,.T.);
#136=ORIENTED_EDGE('',*,*,#532,.T.);
#137=ORIENTED_EDGE('',*,*,#531,.T.);
#138=ORIENTED_EDGE('',*,*,#518,.T.);
#139=ORIENTED_EDGE('',*,*,#517,.T.);
#140=ORIENTED_EDGE('',*,*,#548,.T.);
#141=ORIENTED_EDGE('',*,*,#549,.T.);
#142=ORIENTED_EDGE('',*,*,#550,.F.);
#143=ORIENTED_EDGE('',*,*,#551,.T.);
#144=ORIENTED_EDGE('',*,*,#550,.T.);
#145=ORIENTED_EDGE('',*,*,#552,.T.);
#146=ORIENTED_EDGE('',*,*,#553,.T.);
#147=ORIENTED_EDGE('',*,*,#554,.T.);
#148=ORIENTED_EDGE('',*,*,#555,.T.);
#149=ORIENTED_EDGE('',*,*,#556,.T.);
#150=ORIENTED_EDGE('',*,*,#557,.T.);
#151=ORIENTED_EDGE('',*,*,#558,.T.);
#152=ORIENTED_EDGE('',*,*,#559,.T.);
#153=ORIENTED_EDGE('',*,*,#560,.T.);
#154=ORIENTED_EDGE('',*,*,#561,.T.);
#155=ORIENTED_EDGE('',*,*,#562,.T.);
#156=ORIENTED_EDGE('',*,*,#563,.T.);
#157=ORIENTED_EDGE('',*,*,#564,.T.);
#158=ORIENTED_EDGE('',*,*,#565,.T.);
#159=ORIENTED_EDGE('',*,*,#566,.T.);
#160=ORIENTED_EDGE('',*,*,#567,.T.);
#161=ORIENTED_EDGE('',*,*,#568,.T.);
#162=ORIENTED_EDGE('',*,*,#569,.T.);
#163=ORIENTED_EDGE('',*,*,#570,.T.);
#164=ORIENTED_EDGE('',*,*,#571,.T.);
#165=ORIENTED_EDGE('',*,*,#572,.T.);
#166=ORIENTED_EDGE('',*,*,#573,.T.);
#167=ORIENTED_EDGE('',*,*,#574,.T.);
#168=ORIENTED_EDGE('',*,*,#575,.T.);
#169=ORIENTED_EDGE('',*,*,#576,.T.);
#170=ORIENTED_EDGE('',*,*,#577,.T.);
#171=ORIENTED_EDGE('',*,*,#578,.T.);
#172=ORIENTED_EDGE('',*,*,#579,.T.);
#173=ORIENTED_EDGE('',*,*,#580,.F.);
#174=ORIENTED_EDGE('',*,*,#581,.T.);
#175=ORIENTED_EDGE('',*,*,#582,.T.);
#176=ORIENTED_EDGE('',*,*,#554,.F.);
#177=ORIENTED_EDGE('',*,*,#553,.F.);
#178=ORIENTED_EDGE('',*,*,#583,.T.);
#179=ORIENTED_EDGE('',*,*,#584,.T.);
#180=ORIENTED_EDGE('',*,*,#556,.F.);
#181=ORIENTED_EDGE('',*,*,#555,.F.);
#182=ORIENTED_EDGE('',*,*,#585,.T.);
#183=ORIENTED_EDGE('',*,*,#586,.T.);
#184=ORIENTED_EDGE('',*,*,#558,.F.);
#185=ORIENTED_EDGE('',*,*,#557,.F.);
#186=ORIENTED_EDGE('',*,*,#587,.T.);
#187=ORIENTED_EDGE('',*,*,#588,.T.);
#188=ORIENTED_EDGE('',*,*,#560,.F.);
#189=ORIENTED_EDGE('',*,*,#559,.F.);
#190=ORIENTED_EDGE('',*,*,#589,.T.);
#191=ORIENTED_EDGE('',*,*,#590,.T.);
#192=ORIENTED_EDGE('',*,*,#562,.F.);
#193=ORIENTED_EDGE('',*,*,#561,.F.);
#194=ORIENTED_EDGE('',*,*,#582,.F.);
#195=ORIENTED_EDGE('',*,*,#581,.F.);
#196=ORIENTED_EDGE('',*,*,#584,.F.);
#197=ORIENTED_EDGE('',*,*,#583,.F.);
#198=ORIENTED_EDGE('',*,*,#586,.F.);
#199=ORIENTED_EDGE('',*,*,#585,.F.);
#200=ORIENTED_EDGE('',*,*,#588,.F.);
#201=ORIENTED_EDGE('',*,*,#587,.F.);
#202=ORIENTED_EDGE('',*,*,#590,.F.);
#203=ORIENTED_EDGE('',*,*,#589,.F.);
#204=ORIENTED_EDGE('',*,*,#591,.T.);
#205=ORIENTED_EDGE('',*,*,#592,.F.);
#206=ORIENTED_EDGE('',*,*,#593,.T.);
#207=ORIENTED_EDGE('',*,*,#594,.T.);
#208=ORIENTED_EDGE('',*,*,#595,.T.);
#209=ORIENTED_EDGE('',*,*,#596,.T.);
#210=ORIENTED_EDGE('',*,*,#597,.T.);
#211=ORIENTED_EDGE('',*,*,#598,.T.);
#212=ORIENTED_EDGE('',*,*,#599,.T.);
#213=ORIENTED_EDGE('',*,*,#600,.T.);
#214=ORIENTED_EDGE('',*,*,#601,.T.);
#215=ORIENTED_EDGE('',*,*,#602,.T.);
#216=ORIENTED_EDGE('',*,*,#603,.T.);
#217=ORIENTED_EDGE('',*,*,#604,.T.);
#218=ORIENTED_EDGE('',*,*,#605,.T.);
#219=ORIENTED_EDGE('',*,*,#606,.T.);
#220=ORIENTED_EDGE('',*,*,#607,.T.);
#221=ORIENTED_EDGE('',*,*,#608,.T.);
#222=ORIENTED_EDGE('',*,*,#609,.T.);
#223=ORIENTED_EDGE('',*,*,#548,.F.);
#224=ORIENTED_EDGE('',*,*,#608,.F.);
#225=ORIENTED_EDGE('',*,*,#607,.F.);
#226=ORIENTED_EDGE('',*,*,#564,.F.);
#227=ORIENTED_EDGE('',*,*,#563,.F.);
#228=ORIENTED_EDGE('',*,*,#606,.F.);
#229=ORIENTED_EDGE('',*,*,#605,.F.);
#230=ORIENTED_EDGE('',*,*,#566,.F.);
#231=ORIENTED_EDGE('',*,*,#565,.F.);
#232=ORIENTED_EDGE('',*,*,#604,.F.);
#233=ORIENTED_EDGE('',*,*,#603,.F.);
#234=ORIENTED_EDGE('',*,*,#568,.F.);
#235=ORIENTED_EDGE('',*,*,#567,.F.);
#236=ORIENTED_EDGE('',*,*,#602,.F.);
#237=ORIENTED_EDGE('',*,*,#601,.F.);
#238=ORIENTED_EDGE('',*,*,#570,.F.);
#239=ORIENTED_EDGE('',*,*,#569,.F.);
#240=ORIENTED_EDGE('',*,*,#600,.F.);
#241=ORIENTED_EDGE('',*,*,#599,.F.);
#242=ORIENTED_EDGE('',*,*,#572,.F.);
#243=ORIENTED_EDGE('',*,*,#571,.F.);
#244=ORIENTED_EDGE('',*,*,#598,.F.);
#245=ORIENTED_EDGE('',*,*,#597,.F.);
#246=ORIENTED_EDGE('',*,*,#574,.F.);
#247=ORIENTED_EDGE('',*,*,#573,.F.);
#248=ORIENTED_EDGE('',*,*,#596,.F.);
#249=ORIENTED_EDGE('',*,*,#595,.F.);
#250=ORIENTED_EDGE('',*,*,#576,.F.);
#251=ORIENTED_EDGE('',*,*,#575,.F.);
#252=ORIENTED_EDGE('',*,*,#594,.F.);
#253=ORIENTED_EDGE('',*,*,#593,.F.);
#254=ORIENTED_EDGE('',*,*,#578,.F.);
#255=ORIENTED_EDGE('',*,*,#577,.F.);
#256=ORIENTED_EDGE('',*,*,#610,.F.);
#257=ORIENTED_EDGE('',*,*,#579,.F.);
#258=ORIENTED_EDGE('',*,*,#611,.F.);
#259=ORIENTED_EDGE('',*,*,#591,.F.);
#260=ORIENTED_EDGE('',*,*,#487,.F.);
#261=ORIENTED_EDGE('',*,*,#547,.T.);
#262=ORIENTED_EDGE('',*,*,#612,.F.);
#263=ORIENTED_EDGE('',*,*,#613,.F.);
#264=ORIENTED_EDGE('',*,*,#614,.F.);
#265=ORIENTED_EDGE('',*,*,#615,.F.);
#266=ORIENTED_EDGE('',*,*,#616,.F.);
#267=ORIENTED_EDGE('',*,*,#617,.F.);
#268=ORIENTED_EDGE('',*,*,#618,.F.);
#269=ORIENTED_EDGE('',*,*,#619,.F.);
#270=ORIENTED_EDGE('',*,*,#620,.F.);
#271=ORIENTED_EDGE('',*,*,#621,.F.);
#272=ORIENTED_EDGE('',*,*,#622,.F.);
#273=ORIENTED_EDGE('',*,*,#623,.F.);
#274=ORIENTED_EDGE('',*,*,#624,.F.);
#275=ORIENTED_EDGE('',*,*,#625,.F.);
#276=ORIENTED_EDGE('',*,*,#626,.F.);
#277=ORIENTED_EDGE('',*,*,#627,.F.);
#278=ORIENTED_EDGE('',*,*,#628,.F.);
#279=ORIENTED_EDGE('',*,*,#629,.F.);
#280=ORIENTED_EDGE('',*,*,#630,.F.);
#281=ORIENTED_EDGE('',*,*,#631,.F.);
#282=ORIENTED_EDGE('',*,*,#632,.F.);
#283=ORIENTED_EDGE('',*,*,#633,.F.);
#284=ORIENTED_EDGE('',*,*,#634,.F.);
#285=ORIENTED_EDGE('',*,*,#635,.F.);
#286=ORIENTED_EDGE('',*,*,#636,.F.);
#287=ORIENTED_EDGE('',*,*,#637,.F.);
#288=ORIENTED_EDGE('',*,*,#549,.F.);
#289=ORIENTED_EDGE('',*,*,#609,.F.);
#290=ORIENTED_EDGE('',*,*,#638,.F.);
#291=ORIENTED_EDGE('',*,*,#639,.F.);
#292=ORIENTED_EDGE('',*,*,#613,.T.);
#293=ORIENTED_EDGE('',*,*,#612,.T.);
#294=ORIENTED_EDGE('',*,*,#640,.F.);
#295=ORIENTED_EDGE('',*,*,#641,.F.);
#296=ORIENTED_EDGE('',*,*,#615,.T.);
#297=ORIENTED_EDGE('',*,*,#614,.T.);
#298=ORIENTED_EDGE('',*,*,#642,.F.);
#299=ORIENTED_EDGE('',*,*,#643,.F.);
#300=ORIENTED_EDGE('',*,*,#617,.T.);
#301=ORIENTED_EDGE('',*,*,#616,.T.);
#302=ORIENTED_EDGE('',*,*,#644,.F.);
#303=ORIENTED_EDGE('',*,*,#645,.F.);
#304=ORIENTED_EDGE('',*,*,#619,.T.);
#305=ORIENTED_EDGE('',*,*,#618,.T.);
#306=ORIENTED_EDGE('',*,*,#646,.F.);
#307=ORIENTED_EDGE('',*,*,#647,.F.);
#308=ORIENTED_EDGE('',*,*,#621,.T.);
#309=ORIENTED_EDGE('',*,*,#620,.T.);
#310=ORIENTED_EDGE('',*,*,#639,.T.);
#311=ORIENTED_EDGE('',*,*,#638,.T.);
#312=ORIENTED_EDGE('',*,*,#641,.T.);
#313=ORIENTED_EDGE('',*,*,#640,.T.);
#314=ORIENTED_EDGE('',*,*,#643,.T.);
#315=ORIENTED_EDGE('',*,*,#642,.T.);
#316=ORIENTED_EDGE('',*,*,#645,.T.);
#317=ORIENTED_EDGE('',*,*,#644,.T.);
#318=ORIENTED_EDGE('',*,*,#647,.T.);
#319=ORIENTED_EDGE('',*,*,#646,.T.);
#320=ORIENTED_EDGE('',*,*,#551,.F.);
#321=ORIENTED_EDGE('',*,*,#552,.F.);
#322=ORIENTED_EDGE('',*,*,#648,.F.);
#323=ORIENTED_EDGE('',*,*,#649,.F.);
#324=ORIENTED_EDGE('',*,*,#650,.F.);
#325=ORIENTED_EDGE('',*,*,#651,.F.);
#326=ORIENTED_EDGE('',*,*,#652,.F.);
#327=ORIENTED_EDGE('',*,*,#653,.F.);
#328=ORIENTED_EDGE('',*,*,#654,.F.);
#329=ORIENTED_EDGE('',*,*,#655,.F.);
#330=ORIENTED_EDGE('',*,*,#656,.F.);
#331=ORIENTED_EDGE('',*,*,#657,.F.);
#332=ORIENTED_EDGE('',*,*,#658,.F.);
#333=ORIENTED_EDGE('',*,*,#659,.F.);
#334=ORIENTED_EDGE('',*,*,#660,.F.);
#335=ORIENTED_EDGE('',*,*,#661,.F.);
#336=ORIENTED_EDGE('',*,*,#662,.F.);
#337=ORIENTED_EDGE('',*,*,#663,.F.);
#338=ORIENTED_EDGE('',*,*,#492,.T.);
#339=ORIENTED_EDGE('',*,*,#484,.T.);
#340=ORIENTED_EDGE('',*,*,#663,.T.);
#341=ORIENTED_EDGE('',*,*,#662,.T.);
#342=ORIENTED_EDGE('',*,*,#623,.T.);
#343=ORIENTED_EDGE('',*,*,#622,.T.);
#344=ORIENTED_EDGE('',*,*,#661,.T.);
#345=ORIENTED_EDGE('',*,*,#660,.T.);
#346=ORIENTED_EDGE('',*,*,#625,.T.);
#347=ORIENTED_EDGE('',*,*,#624,.T.);
#348=ORIENTED_EDGE('',*,*,#659,.T.);
#349=ORIENTED_EDGE('',*,*,#658,.T.);
#350=ORIENTED_EDGE('',*,*,#627,.T.);
#351=ORIENTED_EDGE('',*,*,#626,.T.);
#352=ORIENTED_EDGE('',*,*,#657,.T.);
#353=ORIENTED_EDGE('',*,*,#656,.T.);
#354=ORIENTED_EDGE('',*,*,#629,.T.);
#355=ORIENTED_EDGE('',*,*,#628,.T.);
#356=ORIENTED_EDGE('',*,*,#655,.T.);
#357=ORIENTED_EDGE('',*,*,#654,.T.);
#358=ORIENTED_EDGE('',*,*,#631,.T.);
#359=ORIENTED_EDGE('',*,*,#630,.T.);
#360=ORIENTED_EDGE('',*,*,#653,.T.);
#361=ORIENTED_EDGE('',*,*,#652,.T.);
#362=ORIENTED_EDGE('',*,*,#633,.T.);
#363=ORIENTED_EDGE('',*,*,#632,.T.);
#364=ORIENTED_EDGE('',*,*,#651,.T.);
#365=ORIENTED_EDGE('',*,*,#650,.T.);
#366=ORIENTED_EDGE('',*,*,#635,.T.);
#367=ORIENTED_EDGE('',*,*,#634,.T.);
#368=ORIENTED_EDGE('',*,*,#649,.T.);
#369=ORIENTED_EDGE('',*,*,#648,.T.);
#370=ORIENTED_EDGE('',*,*,#637,.T.);
#371=ORIENTED_EDGE('',*,*,#636,.T.);
#372=ORIENTED_EDGE('',*,*,#488,.T.);
#373=ORIENTED_EDGE('',*,*,#530,.F.);
#374=ORIENTED_EDGE('',*,*,#664,.T.);
#375=ORIENTED_EDGE('',*,*,#665,.T.);
#376=ORIENTED_EDGE('',*,*,#666,.T.);
#377=ORIENTED_EDGE('',*,*,#667,.T.);
#378=ORIENTED_EDGE('',*,*,#668,.T.);
#379=ORIENTED_EDGE('',*,*,#669,.T.);
#380=ORIENTED_EDGE('',*,*,#670,.T.);
#381=ORIENTED_EDGE('',*,*,#671,.T.);
#382=ORIENTED_EDGE('',*,*,#672,.T.);
#383=ORIENTED_EDGE('',*,*,#673,.T.);
#384=ORIENTED_EDGE('',*,*,#674,.T.);
#385=ORIENTED_EDGE('',*,*,#675,.T.);
#386=ORIENTED_EDGE('',*,*,#676,.T.);
#387=ORIENTED_EDGE('',*,*,#677,.T.);
#388=ORIENTED_EDGE('',*,*,#678,.T.);
#389=ORIENTED_EDGE('',*,*,#679,.T.);
#390=ORIENTED_EDGE('',*,*,#680,.T.);
#391=ORIENTED_EDGE('',*,*,#681,.T.);
#392=ORIENTED_EDGE('',*,*,#682,.T.);
#393=ORIENTED_EDGE('',*,*,#683,.T.);
#394=ORIENTED_EDGE('',*,*,#684,.T.);
#395=ORIENTED_EDGE('',*,*,#685,.T.);
#396=ORIENTED_EDGE('',*,*,#686,.T.);
#397=ORIENTED_EDGE('',*,*,#687,.T.);
#398=ORIENTED_EDGE('',*,*,#688,.T.);
#399=ORIENTED_EDGE('',*,*,#689,.T.);
#400=ORIENTED_EDGE('',*,*,#611,.T.);
#401=ORIENTED_EDGE('',*,*,#592,.T.);
#402=ORIENTED_EDGE('',*,*,#690,.T.);
#403=ORIENTED_EDGE('',*,*,#691,.T.);
#404=ORIENTED_EDGE('',*,*,#665,.F.);
#405=ORIENTED_EDGE('',*,*,#664,.F.);
#406=ORIENTED_EDGE('',*,*,#692,.T.);
#407=ORIENTED_EDGE('',*,*,#693,.T.);
#408=ORIENTED_EDGE('',*,*,#667,.F.);
#409=ORIENTED_EDGE('',*,*,#666,.F.);
#410=ORIENTED_EDGE('',*,*,#694,.T.);
#411=ORIENTED_EDGE('',*,*,#695,.T.);
#412=ORIENTED_EDGE('',*,*,#669,.F.);
#413=ORIENTED_EDGE('',*,*,#668,.F.);
#414=ORIENTED_EDGE('',*,*,#696,.T.);
#415=ORIENTED_EDGE('',*,*,#697,.T.);
#416=ORIENTED_EDGE('',*,*,#671,.F.);
#417=ORIENTED_EDGE('',*,*,#670,.F.);
#418=ORIENTED_EDGE('',*,*,#698,.T.);
#419=ORIENTED_EDGE('',*,*,#699,.T.);
#420=ORIENTED_EDGE('',*,*,#673,.F.);
#421=ORIENTED_EDGE('',*,*,#672,.F.);
#422=ORIENTED_EDGE('',*,*,#691,.F.);
#423=ORIENTED_EDGE('',*,*,#690,.F.);
#424=ORIENTED_EDGE('',*,*,#693,.F.);
#425=ORIENTED_EDGE('',*,*,#692,.F.);
#426=ORIENTED_EDGE('',*,*,#695,.F.);
#427=ORIENTED_EDGE('',*,*,#694,.F.);
#428=ORIENTED_EDGE('',*,*,#697,.F.);
#429=ORIENTED_EDGE('',*,*,#696,.F.);
#430=ORIENTED_EDGE('',*,*,#699,.F.);
#431=ORIENTED_EDGE('',*,*,#698,.F.);
#432=ORIENTED_EDGE('',*,*,#610,.T.);
#433=ORIENTED_EDGE('',*,*,#580,.T.);
#434=ORIENTED_EDGE('',*,*,#700,.T.);
#435=ORIENTED_EDGE('',*,*,#701,.T.);
#436=ORIENTED_EDGE('',*,*,#702,.T.);
#437=ORIENTED_EDGE('',*,*,#703,.T.);
#438=ORIENTED_EDGE('',*,*,#704,.T.);
#439=ORIENTED_EDGE('',*,*,#705,.T.);
#440=ORIENTED_EDGE('',*,*,#706,.T.);
#441=ORIENTED_EDGE('',*,*,#707,.T.);
#442=ORIENTED_EDGE('',*,*,#708,.T.);
#443=ORIENTED_EDGE('',*,*,#709,.T.);
#444=ORIENTED_EDGE('',*,*,#710,.T.);
#445=ORIENTED_EDGE('',*,*,#711,.T.);
#446=ORIENTED_EDGE('',*,*,#712,.T.);
#447=ORIENTED_EDGE('',*,*,#713,.T.);
#448=ORIENTED_EDGE('',*,*,#714,.T.);
#449=ORIENTED_EDGE('',*,*,#715,.T.);
#450=ORIENTED_EDGE('',*,*,#491,.F.);
#451=ORIENTED_EDGE('',*,*,#519,.F.);
#452=ORIENTED_EDGE('',*,*,#715,.F.);
#453=ORIENTED_EDGE('',*,*,#714,.F.);
#454=ORIENTED_EDGE('',*,*,#675,.F.);
#455=ORIENTED_EDGE('',*,*,#674,.F.);
#456=ORIENTED_EDGE('',*,*,#713,.F.);
#457=ORIENTED_EDGE('',*,*,#712,.F.);
#458=ORIENTED_EDGE('',*,*,#677,.F.);
#459=ORIENTED_EDGE('',*,*,#676,.F.);
#460=ORIENTED_EDGE('',*,*,#711,.F.);
#461=ORIENTED_EDGE('',*,*,#710,.F.);
#462=ORIENTED_EDGE('',*,*,#679,.F.);
#463=ORIENTED_EDGE('',*,*,#678,.F.);
#464=ORIENTED_EDGE('',*,*,#709,.F.);
#465=ORIENTED_EDGE('',*,*,#708,.F.);
#466=ORIENTED_EDGE('',*,*,#681,.F.);
#467=ORIENTED_EDGE('',*,*,#680,.F.);
#468=ORIENTED_EDGE('',*,*,#707,.F.);
#469=ORIENTED_EDGE('',*,*,#706,.F.);
#470=ORIENTED_EDGE('',*,*,#683,.F.);
#471=ORIENTED_EDGE('',*,*,#682,.F.);
#472=ORIENTED_EDGE('',*,*,#705,.F.);
#473=ORIENTED_EDGE('',*,*,#704,.F.);
#474=ORIENTED_EDGE('',*,*,#685,.F.);
#475=ORIENTED_EDGE('',*,*,#684,.F.);
#476=ORIENTED_EDGE('',*,*,#703,.F.);
#477=ORIENTED_EDGE('',*,*,#702,.F.);
#478=ORIENTED_EDGE('',*,*,#687,.F.);
#479=ORIENTED_EDGE('',*,*,#686,.F.);
#480=ORIENTED_EDGE('',*,*,#701,.F.);
#481=ORIENTED_EDGE('',*,*,#700,.F.);
#482=ORIENTED_EDGE('',*,*,#689,.F.);
#483=ORIENTED_EDGE('',*,*,#688,.F.);
#484=EDGE_CURVE('',#716,#717,#940,.T.);
#485=EDGE_CURVE('',#716,#717,#941,.T.);
#486=EDGE_CURVE('',#718,#719,#942,.T.);
#487=EDGE_CURVE('',#718,#719,#943,.T.);
#488=EDGE_CURVE('',#720,#721,#944,.T.);
#489=EDGE_CURVE('',#720,#721,#945,.T.);
#490=EDGE_CURVE('',#722,#723,#946,.T.);
#491=EDGE_CURVE('',#723,#722,#947,.T.);
#492=EDGE_CURVE('',#717,#716,#12,.F.);
#493=EDGE_CURVE('',#724,#725,#948,.T.);
#494=EDGE_CURVE('',#725,#724,#949,.T.);
#495=EDGE_CURVE('',#726,#727,#950,.T.);
#496=EDGE_CURVE('',#727,#726,#951,.T.);
#497=EDGE_CURVE('',#728,#729,#952,.T.);
#498=EDGE_CURVE('',#729,#728,#953,.T.);
#499=EDGE_CURVE('',#730,#731,#954,.T.);
#500=EDGE_CURVE('',#731,#730,#955,.T.);
#501=EDGE_CURVE('',#732,#733,#956,.T.);
#502=EDGE_CURVE('',#733,#732,#957,.T.);
#503=EDGE_CURVE('',#734,#735,#958,.T.);
#504=EDGE_CURVE('',#735,#734,#959,.T.);
#505=EDGE_CURVE('',#736,#737,#960,.T.);
#506=EDGE_CURVE('',#737,#736,#961,.T.);
#507=EDGE_CURVE('',#738,#739,#962,.T.);
#508=EDGE_CURVE('',#739,#738,#963,.T.);
#509=EDGE_CURVE('',#740,#741,#964,.T.);
#510=EDGE_CURVE('',#741,#740,#965,.T.);
#511=EDGE_CURVE('',#742,#743,#966,.T.);
#512=EDGE_CURVE('',#743,#742,#967,.T.);
#513=EDGE_CURVE('',#744,#745,#968,.T.);
#514=EDGE_CURVE('',#745,#744,#969,.T.);
#515=EDGE_CURVE('',#746,#747,#970,.T.);
#516=EDGE_CURVE('',#747,#746,#971,.T.);
#517=EDGE_CURVE('',#748,#749,#972,.T.);
#518=EDGE_CURVE('',#749,#748,#973,.T.);
#519=EDGE_CURVE('',#722,#723,#13,.F.);
#520=EDGE_CURVE('',#750,#751,#974,.T.);
#521=EDGE_CURVE('',#751,#750,#975,.T.);
#522=EDGE_CURVE('',#752,#753,#976,.T.);
#523=EDGE_CURVE('',#753,#752,#977,.T.);
#524=EDGE_CURVE('',#754,#755,#978,.T.);
#525=EDGE_CURVE('',#755,#754,#979,.T.);
#526=EDGE_CURVE('',#756,#757,#980,.T.);
#527=EDGE_CURVE('',#757,#756,#981,.T.);
#528=EDGE_CURVE('',#758,#759,#982,.T.);
#529=EDGE_CURVE('',#759,#758,#983,.T.);
#530=EDGE_CURVE('',#720,#721,#14,.F.);
#531=EDGE_CURVE('',#760,#761,#984,.T.);
#532=EDGE_CURVE('',#761,#760,#985,.T.);
#533=EDGE_CURVE('',#762,#763,#986,.T.);
#534=EDGE_CURVE('',#763,#762,#987,.T.);
#535=EDGE_CURVE('',#764,#765,#988,.T.);
#536=EDGE_CURVE('',#765,#764,#989,.T.);
#537=EDGE_CURVE('',#766,#767,#990,.T.);
#538=EDGE_CURVE('',#767,#766,#991,.T.);
#539=EDGE_CURVE('',#768,#769,#992,.T.);
#540=EDGE_CURVE('',#769,#768,#993,.T.);
#541=EDGE_CURVE('',#770,#771,#994,.T.);
#542=EDGE_CURVE('',#771,#770,#995,.T.);
#543=EDGE_CURVE('',#772,#773,#996,.T.);
#544=EDGE_CURVE('',#773,#772,#997,.T.);
#545=EDGE_CURVE('',#774,#775,#998,.T.);
#546=EDGE_CURVE('',#775,#774,#999,.T.);
#547=EDGE_CURVE('',#718,#719,#15,.F.);
#548=EDGE_CURVE('',#776,#777,#1000,.T.);
#549=EDGE_CURVE('',#777,#776,#1001,.T.);
#550=EDGE_CURVE('',#778,#779,#1002,.T.);
#551=EDGE_CURVE('',#778,#779,#1003,.T.);
#552=EDGE_CURVE('',#779,#778,#16,.F.);
#553=EDGE_CURVE('',#780,#781,#1004,.T.);
#554=EDGE_CURVE('',#781,#780,#1005,.T.);
#555=EDGE_CURVE('',#782,#783,#1006,.T.);
#556=EDGE_CURVE('',#783,#782,#1007,.T.);
#557=EDGE_CURVE('',#784,#785,#1008,.T.);
#558=EDGE_CURVE('',#785,#784,#1009,.T.);
#559=EDGE_CURVE('',#786,#787,#1010,.T.);
#560=EDGE_CURVE('',#787,#786,#1011,.T.);
#561=EDGE_CURVE('',#788,#789,#1012,.T.);
#562=EDGE_CURVE('',#789,#788,#1013,.T.);
#563=EDGE_CURVE('',#790,#791,#1014,.T.);
#564=EDGE_CURVE('',#791,#790,#1015,.T.);
#565=EDGE_CURVE('',#792,#793,#1016,.T.);
#566=EDGE_CURVE('',#793,#792,#1017,.T.);
#567=EDGE_CURVE('',#794,#795,#1018,.T.);
#568=EDGE_CURVE('',#795,#794,#1019,.T.);
#569=EDGE_CURVE('',#796,#797,#1020,.T.);
#570=EDGE_CURVE('',#797,#796,#1021,.T.);
#571=EDGE_CURVE('',#798,#799,#1022,.T.);
#572=EDGE_CURVE('',#799,#798,#1023,.T.);
#573=EDGE_CURVE('',#800,#801,#1024,.T.);
#574=EDGE_CURVE('',#801,#800,#1025,.T.);
#575=EDGE_CURVE('',#802,#803,#1026,.T.);
#576=EDGE_CURVE('',#803,#802,#1027,.T.);
#577=EDGE_CURVE('',#804,#805,#1028,.T.);
#578=EDGE_CURVE('',#805,#804,#1029,.T.);
#579=EDGE_CURVE('',#806,#807,#1030,.T.);
#580=EDGE_CURVE('',#806,#807,#17,.F.);
#581=EDGE_CURVE('',#808,#809,#1031,.T.);
#582=EDGE_CURVE('',#809,#808,#1032,.T.);
#583=EDGE_CURVE('',#810,#811,#1033,.T.);
#584=EDGE_CURVE('',#811,#810,#1034,.T.);
#585=EDGE_CURVE('',#812,#813,#1035,.T.);
#586=EDGE_CURVE('',#813,#812,#1036,.T.);
#587=EDGE_CURVE('',#814,#815,#1037,.T.);
#588=EDGE_CURVE('',#815,#814,#1038,.T.);
#589=EDGE_CURVE('',#816,#817,#1039,.T.);
#590=EDGE_CURVE('',#817,#816,#1040,.T.);
#591=EDGE_CURVE('',#818,#819,#1041,.T.);
#592=EDGE_CURVE('',#818,#819,#18,.F.);
#593=EDGE_CURVE('',#820,#821,#1042,.T.);
#594=EDGE_CURVE('',#821,#820,#1043,.T.);
#595=EDGE_CURVE('',#822,#823,#1044,.T.);
#596=EDGE_CURVE('',#823,#822,#1045,.T.);
#597=EDGE_CURVE('',#824,#825,#1046,.T.);
#598=EDGE_CURVE('',#825,#824,#1047,.T.);
#599=EDGE_CURVE('',#826,#827,#1048,.T.);
#600=EDGE_CURVE('',#827,#826,#1049,.T.);
#601=EDGE_CURVE('',#828,#829,#1050,.T.);
#602=EDGE_CURVE('',#829,#828,#1051,.T.);
#603=EDGE_CURVE('',#830,#831,#1052,.T.);
#604=EDGE_CURVE('',#831,#830,#1053,.T.);
#605=EDGE_CURVE('',#832,#833,#1054,.T.);
#606=EDGE_CURVE('',#833,#832,#1055,.T.);
#607=EDGE_CURVE('',#834,#835,#1056,.T.);
#608=EDGE_CURVE('',#835,#834,#1057,.T.);
#609=EDGE_CURVE('',#776,#777,#19,.F.);
#610=EDGE_CURVE('',#807,#806,#1058,.T.);
#611=EDGE_CURVE('',#819,#818,#1059,.T.);
#612=EDGE_CURVE('',#836,#837,#1060,.T.);
#613=EDGE_CURVE('',#837,#836,#1061,.T.);
#614=EDGE_CURVE('',#838,#839,#1062,.T.);
#615=EDGE_CURVE('',#839,#838,#1063,.T.);
#616=EDGE_CURVE('',#840,#841,#1064,.T.);
#617=EDGE_CURVE('',#841,#840,#1065,.T.);
#618=EDGE_CURVE('',#842,#843,#1066,.T.);
#619=EDGE_CURVE('',#843,#842,#1067,.T.);
#620=EDGE_CURVE('',#844,#845,#1068,.T.);
#621=EDGE_CURVE('',#845,#844,#1069,.T.);
#622=EDGE_CURVE('',#846,#847,#1070,.T.);
#623=EDGE_CURVE('',#847,#846,#1071,.T.);
#624=EDGE_CURVE('',#848,#849,#1072,.T.);
#625=EDGE_CURVE('',#849,#848,#1073,.T.);
#626=EDGE_CURVE('',#850,#851,#1074,.T.);
#627=EDGE_CURVE('',#851,#850,#1075,.T.);
#628=EDGE_CURVE('',#852,#853,#1076,.T.);
#629=EDGE_CURVE('',#853,#852,#1077,.T.);
#630=EDGE_CURVE('',#854,#855,#1078,.T.);
#631=EDGE_CURVE('',#855,#854,#1079,.T.);
#632=EDGE_CURVE('',#856,#857,#1080,.T.);
#633=EDGE_CURVE('',#857,#856,#1081,.T.);
#634=EDGE_CURVE('',#858,#859,#1082,.T.);
#635=EDGE_CURVE('',#859,#858,#1083,.T.);
#636=EDGE_CURVE('',#860,#861,#1084,.T.);
#637=EDGE_CURVE('',#861,#860,#1085,.T.);
#638=EDGE_CURVE('',#862,#863,#1086,.T.);
#639=EDGE_CURVE('',#863,#862,#1087,.T.);
#640=EDGE_CURVE('',#864,#865,#1088,.T.);
#641=EDGE_CURVE('',#865,#864,#1089,.T.);
#642=EDGE_CURVE('',#866,#867,#1090,.T.);
#643=EDGE_CURVE('',#867,#866,#1091,.T.);
#644=EDGE_CURVE('',#868,#869,#1092,.T.);
#645=EDGE_CURVE('',#869,#868,#1093,.T.);
#646=EDGE_CURVE('',#870,#871,#1094,.T.);
#647=EDGE_CURVE('',#871,#870,#1095,.T.);
#648=EDGE_CURVE('',#872,#873,#1096,.T.);
#649=EDGE_CURVE('',#873,#872,#1097,.T.);
#650=EDGE_CURVE('',#874,#875,#1098,.T.);
#651=EDGE_CURVE('',#875,#874,#1099,.T.);
#652=EDGE_CURVE('',#876,#877,#1100,.T.);
#653=EDGE_CURVE('',#877,#876,#1101,.T.);
#654=EDGE_CURVE('',#878,#879,#1102,.T.);
#655=EDGE_CURVE('',#879,#878,#1103,.T.);
#656=EDGE_CURVE('',#880,#881,#1104,.T.);
#657=EDGE_CURVE('',#881,#880,#1105,.T.);
#658=EDGE_CURVE('',#882,#883,#1106,.T.);
#659=EDGE_CURVE('',#883,#882,#1107,.T.);
#660=EDGE_CURVE('',#884,#885,#1108,.T.);
#661=EDGE_CURVE('',#885,#884,#1109,.T.);
#662=EDGE_CURVE('',#886,#887,#1110,.T.);
#663=EDGE_CURVE('',#887,#886,#1111,.T.);
#664=EDGE_CURVE('',#888,#889,#1112,.T.);
#665=EDGE_CURVE('',#889,#888,#1113,.T.);
#666=EDGE_CURVE('',#890,#891,#1114,.T.);
#667=EDGE_CURVE('',#891,#890,#1115,.T.);
#668=EDGE_CURVE('',#892,#893,#1116,.T.);
#669=EDGE_CURVE('',#893,#892,#1117,.T.);
#670=EDGE_CURVE('',#894,#895,#1118,.T.);
#671=EDGE_CURVE('',#895,#894,#1119,.T.);
#672=EDGE_CURVE('',#896,#897,#1120,.T.);
#673=EDGE_CURVE('',#897,#896,#1121,.T.);
#674=EDGE_CURVE('',#898,#899,#1122,.T.);
#675=EDGE_CURVE('',#899,#898,#1123,.T.);
#676=EDGE_CURVE('',#900,#901,#1124,.T.);
#677=EDGE_CURVE('',#901,#900,#1125,.T.);
#678=EDGE_CURVE('',#902,#903,#1126,.T.);
#679=EDGE_CURVE('',#903,#902,#1127,.T.);
#680=EDGE_CURVE('',#904,#905,#1128,.T.);
#681=EDGE_CURVE('',#905,#904,#1129,.T.);
#682=EDGE_CURVE('',#906,#907,#1130,.T.);
#683=EDGE_CURVE('',#907,#906,#1131,.T.);
#684=EDGE_CURVE('',#908,#909,#1132,.T.);
#685=EDGE_CURVE('',#909,#908,#1133,.T.);
#686=EDGE_CURVE('',#910,#911,#1134,.T.);
#687=EDGE_CURVE('',#911,#910,#1135,.T.);
#688=EDGE_CURVE('',#912,#913,#1136,.T.);
#689=EDGE_CURVE('',#913,#912,#1137,.T.);
#690=EDGE_CURVE('',#914,#915,#1138,.T.);
#691=EDGE_CURVE('',#915,#914,#1139,.T.);
#692=EDGE_CURVE('',#916,#917,#1140,.T.);
#693=EDGE_CURVE('',#917,#916,#1141,.T.);
#694=EDGE_CURVE('',#918,#919,#1142,.T.);
#695=EDGE_CURVE('',#919,#918,#1143,.T.);
#696=EDGE_CURVE('',#920,#921,#1144,.T.);
#697=EDGE_CURVE('',#921,#920,#1145,.T.);
#698=EDGE_CURVE('',#922,#923,#1146,.T.);
#699=EDGE_CURVE('',#923,#922,#1147,.T.);
#700=EDGE_CURVE('',#924,#925,#1148,.T.);
#701=EDGE_CURVE('',#925,#924,#1149,.T.);
#702=EDGE_CURVE('',#926,#927,#1150,.T.);
#703=EDGE_CURVE('',#927,#926,#1151,.T.);
#704=EDGE_CURVE('',#928,#929,#1152,.T.);
#705=EDGE_CURVE('',#929,#928,#1153,.T.);
#706=EDGE_CURVE('',#930,#931,#1154,.T.);
#707=EDGE_CURVE('',#931,#930,#1155,.T.);
#708=EDGE_CURVE('',#932,#933,#1156,.T.);
#709=EDGE_CURVE('',#933,#932,#1157,.T.);
#710=EDGE_CURVE('',#934,#935,#1158,.T.);
#711=EDGE_CURVE('',#935,#934,#1159,.T.);
#712=EDGE_CURVE('',#936,#937,#1160,.T.);
#713=EDGE_CURVE('',#937,#936,#1161,.T.);
#714=EDGE_CURVE('',#938,#939,#1162,.T.);
#715=EDGE_CURVE('',#939,#938,#1163,.T.);
#716=VERTEX_POINT('',#1998);
#717=VERTEX_POINT('',#1999);
#718=VERTEX_POINT('',#2018);
#719=VERTEX_POINT('',#2019);
#720=VERTEX_POINT('',#2039);
#721=VERTEX_POINT('',#2040);
#722=VERTEX_POINT('',#2059);
#723=VERTEX_POINT('',#2060);
#724=VERTEX_POINT('',#2081);
#725=VERTEX_POINT('',#2082);
#726=VERTEX_POINT('',#2101);
#727=VERTEX_POINT('',#2102);
#728=VERTEX_POINT('',#2121);
#729=VERTEX_POINT('',#2122);
#730=VERTEX_POINT('',#2141);
#731=VERTEX_POINT('',#2142);
#732=VERTEX_POINT('',#2161);
#733=VERTEX_POINT('',#2162);
#734=VERTEX_POINT('',#2181);
#735=VERTEX_POINT('',#2182);
#736=VERTEX_POINT('',#2201);
#737=VERTEX_POINT('',#2202);
#738=VERTEX_POINT('',#2221);
#739=VERTEX_POINT('',#2222);
#740=VERTEX_POINT('',#2241);
#741=VERTEX_POINT('',#2242);
#742=VERTEX_POINT('',#2261);
#743=VERTEX_POINT('',#2262);
#744=VERTEX_POINT('',#2281);
#745=VERTEX_POINT('',#2282);
#746=VERTEX_POINT('',#2301);
#747=VERTEX_POINT('',#2302);
#748=VERTEX_POINT('',#2321);
#749=VERTEX_POINT('',#2322);
#750=VERTEX_POINT('',#2343);
#751=VERTEX_POINT('',#2344);
#752=VERTEX_POINT('',#2364);
#753=VERTEX_POINT('',#2365);
#754=VERTEX_POINT('',#2385);
#755=VERTEX_POINT('',#2386);
#756=VERTEX_POINT('',#2406);
#757=VERTEX_POINT('',#2407);
#758=VERTEX_POINT('',#2427);
#759=VERTEX_POINT('',#2428);
#760=VERTEX_POINT('',#2449);
#761=VERTEX_POINT('',#2450);
#762=VERTEX_POINT('',#2469);
#763=VERTEX_POINT('',#2470);
#764=VERTEX_POINT('',#2489);
#765=VERTEX_POINT('',#2490);
#766=VERTEX_POINT('',#2509);
#767=VERTEX_POINT('',#2510);
#768=VERTEX_POINT('',#2529);
#769=VERTEX_POINT('',#2530);
#770=VERTEX_POINT('',#2549);
#771=VERTEX_POINT('',#2550);
#772=VERTEX_POINT('',#2569);
#773=VERTEX_POINT('',#2570);
#774=VERTEX_POINT('',#2589);
#775=VERTEX_POINT('',#2590);
#776=VERTEX_POINT('',#2619);
#777=VERTEX_POINT('',#2620);
#778=VERTEX_POINT('',#2639);
#779=VERTEX_POINT('',#2640);
#780=VERTEX_POINT('',#2661);
#781=VERTEX_POINT('',#2662);
#782=VERTEX_POINT('',#2681);
#783=VERTEX_POINT('',#2682);
#784=VERTEX_POINT('',#2701);
#785=VERTEX_POINT('',#2702);
#786=VERTEX_POINT('',#2721);
#787=VERTEX_POINT('',#2722);
#788=VERTEX_POINT('',#2741);
#789=VERTEX_POINT('',#2742);
#790=VERTEX_POINT('',#2761);
#791=VERTEX_POINT('',#2762);
#792=VERTEX_POINT('',#2781);
#793=VERTEX_POINT('',#2782);
#794=VERTEX_POINT('',#2801);
#795=VERTEX_POINT('',#2802);
#796=VERTEX_POINT('',#2821);
#797=VERTEX_POINT('',#2822);
#798=VERTEX_POINT('',#2841);
#799=VERTEX_POINT('',#2842);
#800=VERTEX_POINT('',#2861);
#801=VERTEX_POINT('',#2862);
#802=VERTEX_POINT('',#2881);
#803=VERTEX_POINT('',#2882);
#804=VERTEX_POINT('',#2901);
#805=VERTEX_POINT('',#2902);
#806=VERTEX_POINT('',#2921);
#807=VERTEX_POINT('',#2922);
#808=VERTEX_POINT('',#2934);
#809=VERTEX_POINT('',#2935);
#810=VERTEX_POINT('',#2955);
#811=VERTEX_POINT('',#2956);
#812=VERTEX_POINT('',#2976);
#813=VERTEX_POINT('',#2977);
#814=VERTEX_POINT('',#2997);
#815=VERTEX_POINT('',#2998);
#816=VERTEX_POINT('',#3018);
#817=VERTEX_POINT('',#3019);
#818=VERTEX_POINT('',#3039);
#819=VERTEX_POINT('',#3040);
#820=VERTEX_POINT('',#3051);
#821=VERTEX_POINT('',#3052);
#822=VERTEX_POINT('',#3071);
#823=VERTEX_POINT('',#3072);
#824=VERTEX_POINT('',#3091);
#825=VERTEX_POINT('',#3092);
#826=VERTEX_POINT('',#3111);
#827=VERTEX_POINT('',#3112);
#828=VERTEX_POINT('',#3131);
#829=VERTEX_POINT('',#3132);
#830=VERTEX_POINT('',#3151);
#831=VERTEX_POINT('',#3152);
#832=VERTEX_POINT('',#3171);
#833=VERTEX_POINT('',#3172);
#834=VERTEX_POINT('',#3191);
#835=VERTEX_POINT('',#3192);
#836=VERTEX_POINT('',#3240);
#837=VERTEX_POINT('',#3241);
#838=VERTEX_POINT('',#3260);
#839=VERTEX_POINT('',#3261);
#840=VERTEX_POINT('',#3280);
#841=VERTEX_POINT('',#3281);
#842=VERTEX_POINT('',#3300);
#843=VERTEX_POINT('',#3301);
#844=VERTEX_POINT('',#3320);
#845=VERTEX_POINT('',#3321);
#846=VERTEX_POINT('',#3340);
#847=VERTEX_POINT('',#3341);
#848=VERTEX_POINT('',#3360);
#849=VERTEX_POINT('',#3361);
#850=VERTEX_POINT('',#3380);
#851=VERTEX_POINT('',#3381);
#852=VERTEX_POINT('',#3400);
#853=VERTEX_POINT('',#3401);
#854=VERTEX_POINT('',#3420);
#855=VERTEX_POINT('',#3421);
#856=VERTEX_POINT('',#3440);
#857=VERTEX_POINT('',#3441);
#858=VERTEX_POINT('',#3460);
#859=VERTEX_POINT('',#3461);
#860=VERTEX_POINT('',#3480);
#861=VERTEX_POINT('',#3481);
#862=VERTEX_POINT('',#3501);
#863=VERTEX_POINT('',#3502);
#864=VERTEX_POINT('',#3522);
#865=VERTEX_POINT('',#3523);
#866=VERTEX_POINT('',#3543);
#867=VERTEX_POINT('',#3544);
#868=VERTEX_POINT('',#3564);
#869=VERTEX_POINT('',#3565);
#870=VERTEX_POINT('',#3585);
#871=VERTEX_POINT('',#3586);
#872=VERTEX_POINT('',#3606);
#873=VERTEX_POINT('',#3607);
#874=VERTEX_POINT('',#3626);
#875=VERTEX_POINT('',#3627);
#876=VERTEX_POINT('',#3646);
#877=VERTEX_POINT('',#3647);
#878=VERTEX_POINT('',#3666);
#879=VERTEX_POINT('',#3667);
#880=VERTEX_POINT('',#3686);
#881=VERTEX_POINT('',#3687);
#882=VERTEX_POINT('',#3706);
#883=VERTEX_POINT('',#3707);
#884=VERTEX_POINT('',#3726);
#885=VERTEX_POINT('',#3727);
#886=VERTEX_POINT('',#3746);
#887=VERTEX_POINT('',#3747);
#888=VERTEX_POINT('',#3775);
#889=VERTEX_POINT('',#3776);
#890=VERTEX_POINT('',#3795);
#891=VERTEX_POINT('',#3796);
#892=VERTEX_POINT('',#3815);
#893=VERTEX_POINT('',#3816);
#894=VERTEX_POINT('',#3835);
#895=VERTEX_POINT('',#3836);
#896=VERTEX_POINT('',#3855);
#897=VERTEX_POINT('',#3856);
#898=VERTEX_POINT('',#3875);
#899=VERTEX_POINT('',#3876);
#900=VERTEX_POINT('',#3895);
#901=VERTEX_POINT('',#3896);
#902=VERTEX_POINT('',#3915);
#903=VERTEX_POINT('',#3916);
#904=VERTEX_POINT('',#3935);
#905=VERTEX_POINT('',#3936);
#906=VERTEX_POINT('',#3955);
#907=VERTEX_POINT('',#3956);
#908=VERTEX_POINT('',#3975);
#909=VERTEX_POINT('',#3976);
#910=VERTEX_POINT('',#3995);
#911=VERTEX_POINT('',#3996);
#912=VERTEX_POINT('',#4015);
#913=VERTEX_POINT('',#4016);
#914=VERTEX_POINT('',#4036);
#915=VERTEX_POINT('',#4037);
#916=VERTEX_POINT('',#4057);
#917=VERTEX_POINT('',#4058);
#918=VERTEX_POINT('',#4078);
#919=VERTEX_POINT('',#4079);
#920=VERTEX_POINT('',#4099);
#921=VERTEX_POINT('',#4100);
#922=VERTEX_POINT('',#4120);
#923=VERTEX_POINT('',#4121);
#924=VERTEX_POINT('',#4141);
#925=VERTEX_POINT('',#4142);
#926=VERTEX_POINT('',#4161);
#927=VERTEX_POINT('',#4162);
#928=VERTEX_POINT('',#4181);
#929=VERTEX_POINT('',#4182);
#930=VERTEX_POINT('',#4201);
#931=VERTEX_POINT('',#4202);
#932=VERTEX_POINT('',#4221);
#933=VERTEX_POINT('',#4222);
#934=VERTEX_POINT('',#4241);
#935=VERTEX_POINT('',#4242);
#936=VERTEX_POINT('',#4261);
#937=VERTEX_POINT('',#4262);
#938=VERTEX_POINT('',#4281);
#939=VERTEX_POINT('',#4282);
#940=B_SPLINE_CURVE_WITH_KNOTS('',3,(#1989,#1990,#1991,#1992,#1993,#1994,
#1995,#1996,#1997),.UNSPECIFIED.,.F.,.F.,(4,1,1,1,1,1,4),(-6.32456310598737E-6,
0.000940872877943439,0.00141447159846815,0.00188807031899286,0.00236166903951758,
0.00283526776004229,0.00378246520109172),.UNSPECIFIED.);
#941=B_SPLINE_CURVE_WITH_KNOTS('',3,(#2000,#2001,#2002,#2003,#2004,#2005,
#2006,#2007,#2008),.UNSPECIFIED.,.F.,.F.,(4,1,1,1,1,1,4),(-6.46670661182088E-6,
0.000939403733094332,0.00141233895294741,0.00188527417280049,0.00235820939265356,
0.00283114461250664,0.00377701505221279),.UNSPECIFIED.);
#942=B_SPLINE_CURVE_WITH_KNOTS('',3,(#2009,#2010,#2011,#2012,#2013,#2014,
#2015,#2016,#2017),.UNSPECIFIED.,.F.,.F.,(4,1,1,1,1,1,4),(-6.32456310598737E-6,
0.000940872877943441,0.00141447159846815,0.00188807031899287,0.00236166903951758,
0.0028352677600423,0.00378246520109172),.UNSPECIFIED.);
#943=B_SPLINE_CURVE_WITH_KNOTS('',3,(#2020,#2021,#2022,#2023,#2024,#2025,
#2026,#2027,#2028),.UNSPECIFIED.,.F.,.F.,(4,1,1,1,1,1,4),(-6.46670661182088E-6,
0.00093940373309433,0.00141233895294741,0.00188527417280048,0.00235820939265356,
0.00283114461250663,0.00377701505221278),.UNSPECIFIED.);
#944=B_SPLINE_CURVE_WITH_KNOTS('',3,(#2030,#2031,#2032,#2033,#2034,#2035,
#2036,#2037,#2038),.UNSPECIFIED.,.F.,.F.,(4,1,1,1,1,1,4),(-6.46670661182088E-6,
0.00093940373309433,0.00141233895294741,0.00188527417280048,0.00235820939265356,
0.00283114461250663,0.00377701505221278),.UNSPECIFIED.);
#945=B_SPLINE_CURVE_WITH_KNOTS('',3,(#2041,#2042,#2043,#2044,#2045,#2046,
#2047,#2048,#2049),.UNSPECIFIED.,.F.,.F.,(4,1,1,1,1,1,4),(-6.32456310598737E-6,
0.000940872877943444,0.00141447159846816,0.00188807031899288,0.00236166903951759,
0.00283526776004231,0.00378246520109174),.UNSPECIFIED.);
#946=B_SPLINE_CURVE_WITH_KNOTS('',3,(#2050,#2051,#2052,#2053,#2054,#2055,
#2056,#2057,#2058),.UNSPECIFIED.,.F.,.F.,(4,1,1,1,1,1,4),(-6.37229632976074E-6,
0.000939251470147454,0.00141206335338606,0.00188487523662467,0.00235768711986328,
0.00283049900310188,0.0037761227695791),.UNSPECIFIED.);
#947=B_SPLINE_CURVE_WITH_KNOTS('',3,(#2061,#2062,#2063,#2064,#2065,#2066,
#2067,#2068,#2069),.UNSPECIFIED.,.F.,.F.,(4,1,1,1,1,1,4),(-6.32456310598737E-6,
0.000940872877943439,0.00141447159846815,0.00188807031899286,0.00236166903951758,
0.00283526776004229,0.00378246520109172),.UNSPECIFIED.);
#948=B_SPLINE_CURVE_WITH_KNOTS('',3,(#2072,#2073,#2074,#2075,#2076,#2077,
#2078,#2079,#2080),.UNSPECIFIED.,.F.,.F.,(4,1,1,1,1,1,4),(-6.37229632968665E-6,
0.000939251470147595,0.00141206335338624,0.00188487523662488,0.00235768711986352,
0.00283049900310216,0.00377612276957944),.UNSPECIFIED.);
#949=B_SPLINE_CURVE_WITH_KNOTS('',3,(#2083,#2084,#2085,#2086,#2087,#2088,
#2089,#2090,#2091),.UNSPECIFIED.,.F.,.F.,(4,1,1,1,1,1,4),(-6.46670661182085E-6,
0.000939403733094336,0.00141233895294741,0.00188527417280049,0.00235820939265357,
0.00283114461250665,0.00377701505221281),.UNSPECIFIED.);
#950=B_SPLINE_CURVE_WITH_KNOTS('',3,(#2092,#2093,#2094,#2095,#2096,#2097,
#2098,#2099,#2100),.UNSPECIFIED.,.F.,.F.,(4,1,1,1,1,1,4),(-6.46670661181765E-6,
0.000939403733094317,0.00141233895294738,0.00188527417280045,0.00235820939265352,
0.00283114461250659,0.00377701505221272),.UNSPECIFIED.);
#951=B_SPLINE_CURVE_WITH_KNOTS('',3,(#2103,#2104,#2105,#2106,#2107,#2108,
#2109,#2110,#2111),.UNSPECIFIED.,.F.,.F.,(4,1,1,1,1,1,4),(-6.3722963297423E-6,
0.000939251470147445,0.00141206335338604,0.00188487523662463,0.00235768711986323,
0.00283049900310182,0.00377612276957901),.UNSPECIFIED.);
#952=B_SPLINE_CURVE_WITH_KNOTS('',3,(#2112,#2113,#2114,#2115,#2116,#2117,
#2118,#2119,#2120),.UNSPECIFIED.,.F.,.F.,(4,1,1,1,1,1,4),(-6.46670661188755E-6,
0.000939403733094287,0.00141233895294737,0.00188527417280046,0.00235820939265355,
0.00283114461250664,0.00377701505221281),.UNSPECIFIED.);
#953=B_SPLINE_CURVE_WITH_KNOTS('',3,(#2123,#2124,#2125,#2126,#2127,#2128,
#2129,#2130,#2131),.UNSPECIFIED.,.F.,.F.,(4,1,1,1,1,1,4),(-6.37229632972822E-6,
0.000939251470147322,0.00141206335338585,0.00188487523662437,0.0023576871198629,
0.00283049900310142,0.00377612276957847),.UNSPECIFIED.);
#954=B_SPLINE_CURVE_WITH_KNOTS('',3,(#2132,#2133,#2134,#2135,#2136,#2137,
#2138,#2139,#2140),.UNSPECIFIED.,.F.,.F.,(4,1,1,1,1,1,4),(-6.46670661185494E-6,
0.000939403733094528,0.00141233895294772,0.00188527417280091,0.0023582093926541,
0.00283114461250729,0.00377701505221368),.UNSPECIFIED.);
#955=B_SPLINE_CURVE_WITH_KNOTS('',3,(#2143,#2144,#2145,#2146,#2147,#2148,
#2149,#2150,#2151),.UNSPECIFIED.,.F.,.F.,(4,1,1,1,1,1,4),(-6.37229632971515E-6,
0.000939251470147433,0.00141206335338601,0.00188487523662458,0.00235768711986316,
0.00283049900310173,0.00377612276957888),.UNSPECIFIED.);
#956=B_SPLINE_CURVE_WITH_KNOTS('',3,(#2152,#2153,#2154,#2155,#2156,#2157,
#2158,#2159,#2160),.UNSPECIFIED.,.F.,.F.,(4,1,1,1,1,1,4),(-6.46670661183808E-6,
0.000939403733094413,0.00141233895294754,0.00188527417280066,0.00235820939265379,
0.00283114461250691,0.00377701505221317),.UNSPECIFIED.);
#957=B_SPLINE_CURVE_WITH_KNOTS('',3,(#2163,#2164,#2165,#2166,#2167,#2168,
#2169,#2170,#2171),.UNSPECIFIED.,.F.,.F.,(4,1,1,1,1,1,4),(-6.37229632967542E-6,
0.000939251470147692,0.00141206335338638,0.00188487523662506,0.00235768711986374,
0.00283049900310243,0.00377612276957979),.UNSPECIFIED.);
#958=B_SPLINE_CURVE_WITH_KNOTS('',3,(#2172,#2173,#2174,#2175,#2176,#2177,
#2178,#2179,#2180),.UNSPECIFIED.,.F.,.F.,(4,1,1,1,1,1,4),(-6.46670661183575E-6,
0.000939403733094405,0.00141233895294753,0.00188527417280065,0.00235820939265377,
0.00283114461250689,0.00377701505221313),.UNSPECIFIED.);
#959=B_SPLINE_CURVE_WITH_KNOTS('',3,(#2183,#2184,#2185,#2186,#2187,#2188,
#2189,#2190,#2191),.UNSPECIFIED.,.F.,.F.,(4,1,1,1,1,1,4),(-6.37229632970569E-6,
0.000939251470147421,0.00141206335338598,0.00188487523662455,0.00235768711986311,
0.00283049900310167,0.0037761227695788),.UNSPECIFIED.);
#960=B_SPLINE_CURVE_WITH_KNOTS('',3,(#2192,#2193,#2194,#2195,#2196,#2197,
#2198,#2199,#2200),.UNSPECIFIED.,.F.,.F.,(4,1,1,1,1,1,4),(-6.46670661181257E-6,
0.000939403733094736,0.00141233895294801,0.00188527417280128,0.00235820939265456,
0.00283114461250783,0.00377701505221438),.UNSPECIFIED.);
#961=B_SPLINE_CURVE_WITH_KNOTS('',3,(#2203,#2204,#2205,#2206,#2207,#2208,
#2209,#2210,#2211),.UNSPECIFIED.,.F.,.F.,(4,1,1,1,1,1,4),(-6.37229632969352E-6,
0.000939251470147354,0.00141206335338588,0.0018848752366244,0.00235768711986292,
0.00283049900310145,0.0037761227695785),.UNSPECIFIED.);
#962=B_SPLINE_CURVE_WITH_KNOTS('',3,(#2212,#2213,#2214,#2215,#2216,#2217,
#2218,#2219,#2220),.UNSPECIFIED.,.F.,.F.,(4,1,1,1,1,1,4),(-6.46670661183479E-6,
0.000939403733094162,0.00141233895294716,0.00188527417280016,0.00235820939265316,
0.00283114461250616,0.00377701505221215),.UNSPECIFIED.);
#963=B_SPLINE_CURVE_WITH_KNOTS('',3,(#2223,#2224,#2225,#2226,#2227,#2228,
#2229,#2230,#2231),.UNSPECIFIED.,.F.,.F.,(4,1,1,1,1,1,4),(-6.37229632969152E-6,
0.00093925147014773,0.00141206335338644,0.00188487523662515,0.00235768711986386,
0.00283049900310257,0.00377612276958),.UNSPECIFIED.);
#964=B_SPLINE_CURVE_WITH_KNOTS('',3,(#2232,#2233,#2234,#2235,#2236,#2237,
#2238,#2239,#2240),.UNSPECIFIED.,.F.,.F.,(4,1,1,1,1,1,4),(-6.46670661182277E-6,
0.000939403733094543,0.00141233895294773,0.00188527417280091,0.00235820939265409,
0.00283114461250728,0.00377701505221364),.UNSPECIFIED.);
#965=B_SPLINE_CURVE_WITH_KNOTS('',3,(#2243,#2244,#2245,#2246,#2247,#2248,
#2249,#2250,#2251),.UNSPECIFIED.,.F.,.F.,(4,1,1,1,1,1,4),(-6.37229632967592E-6,
0.00093925147014734,0.00141206335338585,0.00188487523662436,0.00235768711986286,
0.00283049900310137,0.00377612276957839),.UNSPECIFIED.);
#966=B_SPLINE_CURVE_WITH_KNOTS('',3,(#2252,#2253,#2254,#2255,#2256,#2257,
#2258,#2259,#2260),.UNSPECIFIED.,.F.,.F.,(4,1,1,1,1,1,4),(-6.46670661183714E-6,
0.000939403733094265,0.00141233895294732,0.00188527417280037,0.00235820939265342,
0.00283114461250647,0.00377701505221257),.UNSPECIFIED.);
#967=B_SPLINE_CURVE_WITH_KNOTS('',3,(#2263,#2264,#2265,#2266,#2267,#2268,
#2269,#2270,#2271),.UNSPECIFIED.,.F.,.F.,(4,1,1,1,1,1,4),(-6.37229632971684E-6,
0.000939251470147197,0.00141206335338565,0.00188487523662411,0.00235768711986257,
0.00283049900310102,0.00377612276957794),.UNSPECIFIED.);
#968=B_SPLINE_CURVE_WITH_KNOTS('',3,(#2272,#2273,#2274,#2275,#2276,#2277,
#2278,#2279,#2280),.UNSPECIFIED.,.F.,.F.,(4,1,1,1,1,1,4),(-6.46670661187877E-6,
0.000939403733094257,0.00141233895294732,0.00188527417280039,0.00235820939265346,
0.00283114461250653,0.00377701505221266),.UNSPECIFIED.);
#969=B_SPLINE_CURVE_WITH_KNOTS('',3,(#2283,#2284,#2285,#2286,#2287,#2288,
#2289,#2290,#2291),.UNSPECIFIED.,.F.,.F.,(4,1,1,1,1,1,4),(-6.37229632971976E-6,
0.000939251470147647,0.00141206335338633,0.00188487523662501,0.0023576871198637,
0.00283049900310238,0.00377612276957975),.UNSPECIFIED.);
#970=B_SPLINE_CURVE_WITH_KNOTS('',3,(#2292,#2293,#2294,#2295,#2296,#2297,
#2298,#2299,#2300),.UNSPECIFIED.,.F.,.F.,(4,1,1,1,1,1,4),(-6.46670661184998E-6,
0.000939403733094438,0.00141233895294758,0.00188527417280073,0.00235820939265387,
0.00283114461250701,0.0037770150522133),.UNSPECIFIED.);
#971=B_SPLINE_CURVE_WITH_KNOTS('',3,(#2303,#2304,#2305,#2306,#2307,#2308,
#2309,#2310,#2311),.UNSPECIFIED.,.F.,.F.,(4,1,1,1,1,1,4),(-6.37229632975227E-6,
0.000939251470147653,0.00141206335338636,0.00188487523662506,0.00235768711986376,
0.00283049900310246,0.00377612276957987),.UNSPECIFIED.);
#972=B_SPLINE_CURVE_WITH_KNOTS('',3,(#2312,#2313,#2314,#2315,#2316,#2317,
#2318,#2319,#2320),.UNSPECIFIED.,.F.,.F.,(4,1,1,1,1,1,4),(-6.46670661184551E-6,
0.000939403733094331,0.00141233895294742,0.00188527417280051,0.0023582093926536,
0.00283114461250668,0.00377701505221286),.UNSPECIFIED.);
#973=B_SPLINE_CURVE_WITH_KNOTS('',3,(#2323,#2324,#2325,#2326,#2327,#2328,
#2329,#2330,#2331),.UNSPECIFIED.,.F.,.F.,(4,1,1,1,1,1,4),(-6.37229632974777E-6,
0.00093925147014766,0.00141206335338636,0.00188487523662507,0.00235768711986377,
0.00283049900310248,0.00377612276957988),.UNSPECIFIED.);
#974=B_SPLINE_CURVE_WITH_KNOTS('',3,(#2334,#2335,#2336,#2337,#2338,#2339,
#2340,#2341,#2342),.UNSPECIFIED.,.F.,.F.,(4,1,1,1,1,1,4),(-6.3245631059425E-6,
0.000940872877943413,0.00141447159846809,0.00188807031899277,0.00236166903951745,
0.00283526776004212,0.00378246520109148),.UNSPECIFIED.);
#975=B_SPLINE_CURVE_WITH_KNOTS('',3,(#2345,#2346,#2347,#2348,#2349,#2350,
#2351,#2352,#2353),.UNSPECIFIED.,.F.,.F.,(4,1,1,1,1,1,4),(-6.37229669877585E-6,
0.000940946114360068,0.00141460531988949,0.00188826452541891,0.00236192373094833,
0.00283558293647776,0.0037829013475366),.UNSPECIFIED.);
#976=B_SPLINE_CURVE_WITH_KNOTS('',3,(#2355,#2356,#2357,#2358,#2359,#2360,
#2361,#2362,#2363),.UNSPECIFIED.,.F.,.F.,(4,1,1,1,1,1,4),(-6.32456310596792E-6,
0.000940872877943382,0.00141447159846806,0.00188807031899273,0.00236166903951741,
0.00283526776004208,0.00378246520109143),.UNSPECIFIED.);
#977=B_SPLINE_CURVE_WITH_KNOTS('',3,(#2366,#2367,#2368,#2369,#2370,#2371,
#2372,#2373,#2374),.UNSPECIFIED.,.F.,.F.,(4,1,1,1,1,1,4),(-6.37229669879628E-6,
0.000940946114360031,0.00141460531988944,0.00188826452541886,0.00236192373094827,
0.00283558293647769,0.00378290134753651),.UNSPECIFIED.);
#978=B_SPLINE_CURVE_WITH_KNOTS('',3,(#2376,#2377,#2378,#2379,#2380,#2381,
#2382,#2383,#2384),.UNSPECIFIED.,.F.,.F.,(4,1,1,1,1,1,4),(-6.32456310601728E-6,
0.000940872877943296,0.00141447159846795,0.00188807031899261,0.00236166903951727,
0.00283526776004192,0.00378246520109123),.UNSPECIFIED.);
#979=B_SPLINE_CURVE_WITH_KNOTS('',3,(#2387,#2388,#2389,#2390,#2391,#2392,
#2393,#2394,#2395),.UNSPECIFIED.,.F.,.F.,(4,1,1,1,1,1,4),(-6.37229669877728E-6,
0.000940946114360031,0.00141460531988944,0.00188826452541884,0.00236192373094824,
0.00283558293647765,0.00378290134753646),.UNSPECIFIED.);
#980=B_SPLINE_CURVE_WITH_KNOTS('',3,(#2397,#2398,#2399,#2400,#2401,#2402,
#2403,#2404,#2405),.UNSPECIFIED.,.F.,.F.,(4,1,1,1,1,1,4),(-6.32456310596578E-6,
0.000940872877943384,0.00141447159846806,0.00188807031899273,0.00236166903951741,
0.00283526776004208,0.00378246520109143),.UNSPECIFIED.);
#981=B_SPLINE_CURVE_WITH_KNOTS('',3,(#2408,#2409,#2410,#2411,#2412,#2413,
#2414,#2415,#2416),.UNSPECIFIED.,.F.,.F.,(4,1,1,1,1,1,4),(-6.37229669877078E-6,
0.000940946114360067,0.00141460531988949,0.0018882645254189,0.00236192373094832,
0.00283558293647774,0.00378290134753658),.UNSPECIFIED.);
#982=B_SPLINE_CURVE_WITH_KNOTS('',3,(#2418,#2419,#2420,#2421,#2422,#2423,
#2424,#2425,#2426),.UNSPECIFIED.,.F.,.F.,(4,1,1,1,1,1,4),(-6.32456310598495E-6,
0.000940872877943342,0.00141447159846801,0.00188807031899267,0.00236166903951733,
0.002835267760042,0.00378246520109132),.UNSPECIFIED.);
#983=B_SPLINE_CURVE_WITH_KNOTS('',3,(#2429,#2430,#2431,#2432,#2433,#2434,
#2435,#2436,#2437),.UNSPECIFIED.,.F.,.F.,(4,1,1,1,1,1,4),(-6.37229669875401E-6,
0.000940946114360059,0.00141460531988947,0.00188826452541887,0.00236192373094828,
0.00283558293647769,0.0037829013475365),.UNSPECIFIED.);
#984=B_SPLINE_CURVE_WITH_KNOTS('',3,(#2440,#2441,#2442,#2443,#2444,#2445,
#2446,#2447,#2448),.UNSPECIFIED.,.F.,.F.,(4,1,1,1,1,1,4),(-6.32456310602108E-6,
0.000940872877943874,0.00141447159846882,0.00188807031899377,0.00236166903951872,
0.00283526776004367,0.00378246520109356),.UNSPECIFIED.);
#985=B_SPLINE_CURVE_WITH_KNOTS('',3,(#2451,#2452,#2453,#2454,#2455,#2456,
#2457,#2458,#2459),.UNSPECIFIED.,.F.,.F.,(4,1,1,1,1,1,4),(-6.37229669879216E-6,
0.00094094611435957,0.00141460531988875,0.00188826452541793,0.00236192373094711,
0.00283558293647629,0.00378290134753466),.UNSPECIFIED.);
#986=B_SPLINE_CURVE_WITH_KNOTS('',3,(#2460,#2461,#2462,#2463,#2464,#2465,
#2466,#2467,#2468),.UNSPECIFIED.,.F.,.F.,(4,1,1,1,1,1,4),(-6.32456310596586E-6,
0.000940872877943372,0.00141447159846804,0.00188807031899271,0.00236166903951738,
0.00283526776004205,0.00378246520109139),.UNSPECIFIED.);
#987=B_SPLINE_CURVE_WITH_KNOTS('',3,(#2471,#2472,#2473,#2474,#2475,#2476,
#2477,#2478,#2479),.UNSPECIFIED.,.F.,.F.,(4,1,1,1,1,1,4),(-6.37229669877078E-6,
0.000940946114360069,0.00141460531988949,0.00188826452541891,0.00236192373094833,
0.00283558293647775,0.00378290134753659),.UNSPECIFIED.);
#988=B_SPLINE_CURVE_WITH_KNOTS('',3,(#2480,#2481,#2482,#2483,#2484,#2485,
#2486,#2487,#2488),.UNSPECIFIED.,.F.,.F.,(4,1,1,1,1,1,4),(-6.32456310598503E-6,
0.000940872877943321,0.00141447159846797,0.00188807031899263,0.00236166903951728,
0.00283526776004193,0.00378246520109124),.UNSPECIFIED.);
#989=B_SPLINE_CURVE_WITH_KNOTS('',3,(#2491,#2492,#2493,#2494,#2495,#2496,
#2497,#2498,#2499),.UNSPECIFIED.,.F.,.F.,(4,1,1,1,1,1,4),(-6.3722966988574E-6,
0.000940946114359989,0.00141460531988941,0.00188826452541883,0.00236192373094826,
0.00283558293647768,0.00378290134753653),.UNSPECIFIED.);
#990=B_SPLINE_CURVE_WITH_KNOTS('',3,(#2500,#2501,#2502,#2503,#2504,#2505,
#2506,#2507,#2508),.UNSPECIFIED.,.F.,.F.,(4,1,1,1,1,1,4),(-6.32456310593503E-6,
0.000940872877943832,0.00141447159846872,0.0018880703189936,0.00236166903951848,
0.00283526776004337,0.00378246520109313),.UNSPECIFIED.);
#991=B_SPLINE_CURVE_WITH_KNOTS('',3,(#2511,#2512,#2513,#2514,#2515,#2516,
#2517,#2518,#2519),.UNSPECIFIED.,.F.,.F.,(4,1,1,1,1,1,4),(-6.37229669871997E-6,
0.000940946114359539,0.00141460531988867,0.0018882645254178,0.00236192373094693,
0.00283558293647606,0.00378290134753431),.UNSPECIFIED.);
#992=B_SPLINE_CURVE_WITH_KNOTS('',3,(#2520,#2521,#2522,#2523,#2524,#2525,
#2526,#2527,#2528),.UNSPECIFIED.,.F.,.F.,(4,1,1,1,1,1,4),(-6.32456310597668E-6,
0.000940872877943425,0.00141447159846813,0.00188807031899283,0.00236166903951753,
0.00283526776004223,0.00378246520109163),.UNSPECIFIED.);
#993=B_SPLINE_CURVE_WITH_KNOTS('',3,(#2531,#2532,#2533,#2534,#2535,#2536,
#2537,#2538,#2539),.UNSPECIFIED.,.F.,.F.,(4,1,1,1,1,1,4),(-6.37229669877998E-6,
0.000940946114360071,0.0014146053198895,0.00188826452541892,0.00236192373094835,
0.00283558293647777,0.00378290134753662),.UNSPECIFIED.);
#994=B_SPLINE_CURVE_WITH_KNOTS('',3,(#2540,#2541,#2542,#2543,#2544,#2545,
#2546,#2547,#2548),.UNSPECIFIED.,.F.,.F.,(4,1,1,1,1,1,4),(-6.32456310601736E-6,
0.000940872877943286,0.00141447159846794,0.00188807031899259,0.00236166903951724,
0.00283526776004189,0.0037824652010912),.UNSPECIFIED.);
#995=B_SPLINE_CURVE_WITH_KNOTS('',3,(#2551,#2552,#2553,#2554,#2555,#2556,
#2557,#2558,#2559),.UNSPECIFIED.,.F.,.F.,(4,1,1,1,1,1,4),(-6.37229669877728E-6,
0.000940946114360026,0.00141460531988943,0.00188826452541883,0.00236192373094823,
0.00283558293647763,0.00378290134753643),.UNSPECIFIED.);
#996=B_SPLINE_CURVE_WITH_KNOTS('',3,(#2560,#2561,#2562,#2563,#2564,#2565,
#2566,#2567,#2568),.UNSPECIFIED.,.F.,.F.,(4,1,1,1,1,1,4),(-6.32456310601455E-6,
0.00094087287794339,0.00141447159846809,0.0018880703189928,0.0023616690395175,
0.0028352677600422,0.00378246520109161),.UNSPECIFIED.);
#997=B_SPLINE_CURVE_WITH_KNOTS('',3,(#2571,#2572,#2573,#2574,#2575,#2576,
#2577,#2578,#2579),.UNSPECIFIED.,.F.,.F.,(4,1,1,1,1,1,4),(-6.3722966987765E-6,
0.000940946114360069,0.00141460531988949,0.00188826452541891,0.00236192373094834,
0.00283558293647776,0.0037829013475366),.UNSPECIFIED.);
#998=B_SPLINE_CURVE_WITH_KNOTS('',3,(#2580,#2581,#2582,#2583,#2584,#2585,
#2586,#2587,#2588),.UNSPECIFIED.,.F.,.F.,(4,1,1,1,1,1,4),(-6.32456310592712E-6,
0.000940872877943484,0.00141447159846819,0.00188807031899289,0.0023616690395176,
0.00283526776004231,0.00378246520109172),.UNSPECIFIED.);
#999=B_SPLINE_CURVE_WITH_KNOTS('',3,(#2591,#2592,#2593,#2594,#2595,#2596,
#2597,#2598,#2599),.UNSPECIFIED.,.F.,.F.,(4,1,1,1,1,1,4),(-6.3722966988574E-6,
0.000940946114359997,0.00141460531988942,0.00188826452541885,0.00236192373094828,
0.00283558293647771,0.00378290134753656),.UNSPECIFIED.);
#1000=B_SPLINE_CURVE_WITH_KNOTS('',3,(#2610,#2611,#2612,#2613,#2614,#2615,
#2616,#2617,#2618),.UNSPECIFIED.,.F.,.F.,(4,1,1,1,1,1,4),(-6.32456310598737E-6,
0.000940872877943431,0.00141447159846814,0.00188807031899285,0.00236166903951756,
0.00283526776004227,0.00378246520109169),.UNSPECIFIED.);
#1001=B_SPLINE_CURVE_WITH_KNOTS('',3,(#2621,#2622,#2623,#2624,#2625,#2626,
#2627,#2628,#2629),.UNSPECIFIED.,.F.,.F.,(4,1,1,1,1,1,4),(-6.37229632976074E-6,
0.00093925147014745,0.00141206335338606,0.00188487523662466,0.00235768711986327,
0.00283049900310187,0.00377612276957908),.UNSPECIFIED.);
#1002=B_SPLINE_CURVE_WITH_KNOTS('',3,(#2630,#2631,#2632,#2633,#2634,#2635,
#2636,#2637,#2638),.UNSPECIFIED.,.F.,.F.,(4,1,1,1,1,1,4),(-6.46670661182088E-6,
0.000939403733094336,0.00141233895294741,0.00188527417280049,0.00235820939265357,
0.00283114461250665,0.00377701505221281),.UNSPECIFIED.);
#1003=B_SPLINE_CURVE_WITH_KNOTS('',3,(#2641,#2642,#2643,#2644,#2645,#2646,
#2647,#2648,#2649),.UNSPECIFIED.,.F.,.F.,(4,1,1,1,1,1,4),(-6.32456310598737E-6,
0.000940872877943441,0.00141447159846815,0.00188807031899287,0.00236166903951758,
0.0028352677600423,0.00378246520109172),.UNSPECIFIED.);
#1004=B_SPLINE_CURVE_WITH_KNOTS('',3,(#2652,#2653,#2654,#2655,#2656,#2657,
#2658,#2659,#2660),.UNSPECIFIED.,.F.,.F.,(4,1,1,1,1,1,4),(-6.37229632968666E-6,
0.000939251470147588,0.00141206335338623,0.00188487523662486,0.0023576871198635,
0.00283049900310214,0.00377612276957941),.UNSPECIFIED.);
#1005=B_SPLINE_CURVE_WITH_KNOTS('',3,(#2663,#2664,#2665,#2666,#2667,#2668,
#2669,#2670,#2671),.UNSPECIFIED.,.F.,.F.,(4,1,1,1,1,1,4),(-6.46670661182085E-6,
0.000939403733094316,0.00141233895294738,0.00188527417280045,0.00235820939265352,
0.00283114461250659,0.00377701505221273),.UNSPECIFIED.);
#1006=B_SPLINE_CURVE_WITH_KNOTS('',3,(#2672,#2673,#2674,#2675,#2676,#2677,
#2678,#2679,#2680),.UNSPECIFIED.,.F.,.F.,(4,1,1,1,1,1,4),(-6.46670661181826E-6,
0.000939403733094292,0.00141233895294735,0.0018852741728004,0.00235820939265346,
0.00283114461250651,0.00377701505221262),.UNSPECIFIED.);
#1007=B_SPLINE_CURVE_WITH_KNOTS('',3,(#2683,#2684,#2685,#2686,#2687,#2688,
#2689,#2690,#2691),.UNSPECIFIED.,.F.,.F.,(4,1,1,1,1,1,4),(-6.37229632974877E-6,
0.000939251470147451,0.00141206335338605,0.00188487523662465,0.00235768711986325,
0.00283049900310185,0.00377612276957905),.UNSPECIFIED.);
#1008=B_SPLINE_CURVE_WITH_KNOTS('',3,(#2692,#2693,#2694,#2695,#2696,#2697,
#2698,#2699,#2700),.UNSPECIFIED.,.F.,.F.,(4,1,1,1,1,1,4),(-6.46670661187972E-6,
0.000939403733094302,0.00141233895294739,0.00188527417280048,0.00235820939265358,
0.00283114461250667,0.00377701505221285),.UNSPECIFIED.);
#1009=B_SPLINE_CURVE_WITH_KNOTS('',3,(#2703,#2704,#2705,#2706,#2707,#2708,
#2709,#2710,#2711),.UNSPECIFIED.,.F.,.F.,(4,1,1,1,1,1,4),(-6.37229632972876E-6,
0.000939251470147318,0.00141206335338584,0.00188487523662436,0.00235768711986289,
0.00283049900310141,0.00377612276957846),.UNSPECIFIED.);
#1010=B_SPLINE_CURVE_WITH_KNOTS('',3,(#2712,#2713,#2714,#2715,#2716,#2717,
#2718,#2719,#2720),.UNSPECIFIED.,.F.,.F.,(4,1,1,1,1,1,4),(-6.46670661185606E-6,
0.000939403733094536,0.00141233895294773,0.00188527417280093,0.00235820939265412,
0.00283114461250732,0.00377701505221371),.UNSPECIFIED.);
#1011=B_SPLINE_CURVE_WITH_KNOTS('',3,(#2723,#2724,#2725,#2726,#2727,#2728,
#2729,#2730,#2731),.UNSPECIFIED.,.F.,.F.,(4,1,1,1,1,1,4),(-6.37229632971515E-6,
0.000939251470147421,0.00141206335338599,0.00188487523662456,0.00235768711986313,
0.00283049900310169,0.00377612276957883),.UNSPECIFIED.);
#1012=B_SPLINE_CURVE_WITH_KNOTS('',3,(#2732,#2733,#2734,#2735,#2736,#2737,
#2738,#2739,#2740),.UNSPECIFIED.,.F.,.F.,(4,1,1,1,1,1,4),(-6.46670661183863E-6,
0.000939403733094436,0.00141233895294757,0.00188527417280071,0.00235820939265385,
0.00283114461250698,0.00377701505221326),.UNSPECIFIED.);
#1013=B_SPLINE_CURVE_WITH_KNOTS('',3,(#2743,#2744,#2745,#2746,#2747,#2748,
#2749,#2750,#2751),.UNSPECIFIED.,.F.,.F.,(4,1,1,1,1,1,4),(-6.37229632970693E-6,
0.000939251470147634,0.0014120633533863,0.00188487523662497,0.00235768711986364,
0.00283049900310231,0.00377612276957966),.UNSPECIFIED.);
#1014=B_SPLINE_CURVE_WITH_KNOTS('',3,(#2752,#2753,#2754,#2755,#2756,#2757,
#2758,#2759,#2760),.UNSPECIFIED.,.F.,.F.,(4,1,1,1,1,1,4),(-6.46670661186912E-6,
0.000939403733094367,0.00141233895294749,0.0018852741728006,0.00235820939265372,
0.00283114461250684,0.00377701505221308),.UNSPECIFIED.);
#1015=B_SPLINE_CURVE_WITH_KNOTS('',3,(#2763,#2764,#2765,#2766,#2767,#2768,
#2769,#2770,#2771),.UNSPECIFIED.,.F.,.F.,(4,1,1,1,1,1,4),(-6.37229632969679E-6,
0.000939251470147429,0.00141206335338599,0.00188487523662455,0.00235768711986312,
0.00283049900310168,0.00377612276957881),.UNSPECIFIED.);
#1016=B_SPLINE_CURVE_WITH_KNOTS('',3,(#2772,#2773,#2774,#2775,#2776,#2777,
#2778,#2779,#2780),.UNSPECIFIED.,.F.,.F.,(4,1,1,1,1,1,4),(-6.46670661179752E-6,
0.000939403733094729,0.00141233895294799,0.00188527417280126,0.00235820939265452,
0.00283114461250778,0.00377701505221431),.UNSPECIFIED.);
#1017=B_SPLINE_CURVE_WITH_KNOTS('',3,(#2783,#2784,#2785,#2786,#2787,#2788,
#2789,#2790,#2791),.UNSPECIFIED.,.F.,.F.,(4,1,1,1,1,1,4),(-6.37229632969352E-6,
0.000939251470147356,0.00141206335338588,0.00188487523662441,0.00235768711986293,
0.00283049900310145,0.0037761227695785),.UNSPECIFIED.);
#1018=B_SPLINE_CURVE_WITH_KNOTS('',3,(#2792,#2793,#2794,#2795,#2796,#2797,
#2798,#2799,#2800),.UNSPECIFIED.,.F.,.F.,(4,1,1,1,1,1,4),(-6.46670661183539E-6,
0.000939403733094147,0.00141233895294714,0.00188527417280013,0.00235820939265312,
0.00283114461250611,0.00377701505221209),.UNSPECIFIED.);
#1019=B_SPLINE_CURVE_WITH_KNOTS('',3,(#2803,#2804,#2805,#2806,#2807,#2808,
#2809,#2810,#2811),.UNSPECIFIED.,.F.,.F.,(4,1,1,1,1,1,4),(-6.37229632969859E-6,
0.000939251470147754,0.00141206335338648,0.00188487523662521,0.00235768711986393,
0.00283049900310266,0.00377612276958011),.UNSPECIFIED.);
#1020=B_SPLINE_CURVE_WITH_KNOTS('',3,(#2812,#2813,#2814,#2815,#2816,#2817,
#2818,#2819,#2820),.UNSPECIFIED.,.F.,.F.,(4,1,1,1,1,1,4),(-6.46670661183905E-6,
0.000939403733094497,0.00141233895294767,0.00188527417280083,0.002358209392654,
0.00283114461250717,0.00377701505221351),.UNSPECIFIED.);
#1021=B_SPLINE_CURVE_WITH_KNOTS('',3,(#2823,#2824,#2825,#2826,#2827,#2828,
#2829,#2830,#2831),.UNSPECIFIED.,.F.,.F.,(4,1,1,1,1,1,4),(-6.37229632967592E-6,
0.000939251470147346,0.00141206335338586,0.00188487523662437,0.00235768711986288,
0.00283049900310139,0.00377612276957841),.UNSPECIFIED.);
#1022=B_SPLINE_CURVE_WITH_KNOTS('',3,(#2832,#2833,#2834,#2835,#2836,#2837,
#2838,#2839,#2840),.UNSPECIFIED.,.F.,.F.,(4,1,1,1,1,1,4),(-6.46670661182645E-6,
0.000939403733094293,0.00141233895294735,0.00188527417280041,0.00235820939265347,
0.00283114461250653,0.00377701505221265),.UNSPECIFIED.);
#1023=B_SPLINE_CURVE_WITH_KNOTS('',3,(#2843,#2844,#2845,#2846,#2847,#2848,
#2849,#2850,#2851),.UNSPECIFIED.,.F.,.F.,(4,1,1,1,1,1,4),(-6.37229632972721E-6,
0.000939251470147177,0.00141206335338563,0.00188487523662408,0.00235768711986253,
0.00283049900310099,0.00377612276957789),.UNSPECIFIED.);
#1024=B_SPLINE_CURVE_WITH_KNOTS('',3,(#2852,#2853,#2854,#2855,#2856,#2857,
#2858,#2859,#2860),.UNSPECIFIED.,.F.,.F.,(4,1,1,1,1,1,4),(-6.46670661190044E-6,
0.000939403733094275,0.00141233895294736,0.00188527417280045,0.00235820939265354,
0.00283114461250662,0.0037770150522128),.UNSPECIFIED.);
#1025=B_SPLINE_CURVE_WITH_KNOTS('',3,(#2863,#2864,#2865,#2866,#2867,#2868,
#2869,#2870,#2871),.UNSPECIFIED.,.F.,.F.,(4,1,1,1,1,1,4),(-6.37229632969873E-6,
0.000939251470147628,0.00141206335338629,0.00188487523662495,0.00235768711986362,
0.00283049900310228,0.00377612276957961),.UNSPECIFIED.);
#1026=B_SPLINE_CURVE_WITH_KNOTS('',3,(#2872,#2873,#2874,#2875,#2876,#2877,
#2878,#2879,#2880),.UNSPECIFIED.,.F.,.F.,(4,1,1,1,1,1,4),(-6.46670661184325E-6,
0.000939403733094443,0.00141233895294759,0.00188527417280073,0.00235820939265387,
0.00283114461250702,0.0037770150522133),.UNSPECIFIED.);
#1027=B_SPLINE_CURVE_WITH_KNOTS('',3,(#2883,#2884,#2885,#2886,#2887,#2888,
#2889,#2890,#2891),.UNSPECIFIED.,.F.,.F.,(4,1,1,1,1,1,4),(-6.37229632975227E-6,
0.00093925147014764,0.00141206335338634,0.00188487523662503,0.00235768711986373,
0.00283049900310242,0.00377612276957982),.UNSPECIFIED.);
#1028=B_SPLINE_CURVE_WITH_KNOTS('',3,(#2892,#2893,#2894,#2895,#2896,#2897,
#2898,#2899,#2900),.UNSPECIFIED.,.F.,.F.,(4,1,1,1,1,1,4),(-6.46670661184551E-6,
0.000939403733094326,0.00141233895294741,0.0018852741728005,0.00235820939265358,
0.00283114461250667,0.00377701505221284),.UNSPECIFIED.);
#1029=B_SPLINE_CURVE_WITH_KNOTS('',3,(#2903,#2904,#2905,#2906,#2907,#2908,
#2909,#2910,#2911),.UNSPECIFIED.,.F.,.F.,(4,1,1,1,1,1,4),(-6.37229632974777E-6,
0.000939251470147644,0.00141206335338634,0.00188487523662504,0.00235768711986373,
0.00283049900310243,0.00377612276957982),.UNSPECIFIED.);
#1030=B_SPLINE_CURVE_WITH_KNOTS('',3,(#2912,#2913,#2914,#2915,#2916,#2917,
#2918,#2919,#2920),.UNSPECIFIED.,.F.,.F.,(4,1,1,1,1,1,4),(-6.37229632976074E-6,
0.000939251470147446,0.00141206335338605,0.00188487523662465,0.00235768711986326,
0.00283049900310186,0.00377612276957907),.UNSPECIFIED.);
#1031=B_SPLINE_CURVE_WITH_KNOTS('',3,(#2925,#2926,#2927,#2928,#2929,#2930,
#2931,#2932,#2933),.UNSPECIFIED.,.F.,.F.,(4,1,1,1,1,1,4),(-6.32456310594242E-6,
0.00094087287794344,0.00141447159846813,0.00188807031899282,0.00236166903951751,
0.00283526776004221,0.00378246520109159),.UNSPECIFIED.);
#1032=B_SPLINE_CURVE_WITH_KNOTS('',3,(#2936,#2937,#2938,#2939,#2940,#2941,
#2942,#2943,#2944),.UNSPECIFIED.,.F.,.F.,(4,1,1,1,1,1,4),(-6.37229669877585E-6,
0.000940946114360054,0.00141460531988947,0.00188826452541888,0.0023619237309483,
0.00283558293647771,0.00378290134753655),.UNSPECIFIED.);
#1033=B_SPLINE_CURVE_WITH_KNOTS('',3,(#2946,#2947,#2948,#2949,#2950,#2951,
#2952,#2953,#2954),.UNSPECIFIED.,.F.,.F.,(4,1,1,1,1,1,4),(-6.32456310596784E-6,
0.000940872877943409,0.0014144715984681,0.00188807031899279,0.00236166903951747,
0.00283526776004216,0.00378246520109154),.UNSPECIFIED.);
#1034=B_SPLINE_CURVE_WITH_KNOTS('',3,(#2957,#2958,#2959,#2960,#2961,#2962,
#2963,#2964,#2965),.UNSPECIFIED.,.F.,.F.,(4,1,1,1,1,1,4),(-6.37229669879628E-6,
0.000940946114360019,0.00141460531988943,0.00188826452541883,0.00236192373094824,
0.00283558293647765,0.00378290134753647),.UNSPECIFIED.);
#1035=B_SPLINE_CURVE_WITH_KNOTS('',3,(#2967,#2968,#2969,#2970,#2971,#2972,
#2973,#2974,#2975),.UNSPECIFIED.,.F.,.F.,(4,1,1,1,1,1,4),(-6.32456310599128E-6,
0.000940872877943321,0.00141447159846798,0.00188807031899263,0.00236166903951729,
0.00283526776004194,0.00378246520109126),.UNSPECIFIED.);
#1036=B_SPLINE_CURVE_WITH_KNOTS('',3,(#2978,#2979,#2980,#2981,#2982,#2983,
#2984,#2985,#2986),.UNSPECIFIED.,.F.,.F.,(4,1,1,1,1,1,4),(-6.37229669877728E-6,
0.00094094611436003,0.00141460531988943,0.00188826452541884,0.00236192373094824,
0.00283558293647764,0.00378290134753645),.UNSPECIFIED.);
#1037=B_SPLINE_CURVE_WITH_KNOTS('',3,(#2988,#2989,#2990,#2991,#2992,#2993,
#2994,#2995,#2996),.UNSPECIFIED.,.F.,.F.,(4,1,1,1,1,1,4),(-6.32456310596578E-6,
0.00094087287794338,0.00141447159846805,0.00188807031899273,0.0023616690395174,
0.00283526776004207,0.00378246520109142),.UNSPECIFIED.);
#1038=B_SPLINE_CURVE_WITH_KNOTS('',3,(#2999,#3000,#3001,#3002,#3003,#3004,
#3005,#3006,#3007),.UNSPECIFIED.,.F.,.F.,(4,1,1,1,1,1,4),(-6.37229669877078E-6,
0.000940946114360068,0.00141460531988949,0.00188826452541891,0.00236192373094833,
0.00283558293647775,0.00378290134753658),.UNSPECIFIED.);
#1039=B_SPLINE_CURVE_WITH_KNOTS('',3,(#3009,#3010,#3011,#3012,#3013,#3014,
#3015,#3016,#3017),.UNSPECIFIED.,.F.,.F.,(4,1,1,1,1,1,4),(-6.32456310598495E-6,
0.000940872877943332,0.00141447159846799,0.00188807031899265,0.00236166903951731,
0.00283526776004197,0.00378246520109128),.UNSPECIFIED.);
#1040=B_SPLINE_CURVE_WITH_KNOTS('',3,(#3020,#3021,#3022,#3023,#3024,#3025,
#3026,#3027,#3028),.UNSPECIFIED.,.F.,.F.,(4,1,1,1,1,1,4),(-6.37229669875401E-6,
0.000940946114360071,0.00141460531988948,0.0018882645254189,0.00236192373094831,
0.00283558293647772,0.00378290134753655),.UNSPECIFIED.);
#1041=B_SPLINE_CURVE_WITH_KNOTS('',3,(#3030,#3031,#3032,#3033,#3034,#3035,
#3036,#3037,#3038),.UNSPECIFIED.,.F.,.F.,(4,1,1,1,1,1,4),(-6.32456310598737E-6,
0.000940872877943443,0.00141447159846816,0.00188807031899287,0.00236166903951759,
0.0028352677600423,0.00378246520109173),.UNSPECIFIED.);
#1042=B_SPLINE_CURVE_WITH_KNOTS('',3,(#3042,#3043,#3044,#3045,#3046,#3047,
#3048,#3049,#3050),.UNSPECIFIED.,.F.,.F.,(4,1,1,1,1,1,4),(-6.32456310601914E-6,
0.000940872877943914,0.00141447159846888,0.00188807031899385,0.00236166903951881,
0.00283526776004378,0.00378246520109372),.UNSPECIFIED.);
#1043=B_SPLINE_CURVE_WITH_KNOTS('',3,(#3053,#3054,#3055,#3056,#3057,#3058,
#3059,#3060,#3061),.UNSPECIFIED.,.F.,.F.,(4,1,1,1,1,1,4),(-6.37229669879216E-6,
0.000940946114359555,0.00141460531988873,0.0018882645254179,0.00236192373094708,
0.00283558293647625,0.0037829013475346),.UNSPECIFIED.);
#1044=B_SPLINE_CURVE_WITH_KNOTS('',3,(#3062,#3063,#3064,#3065,#3066,#3067,
#3068,#3069,#3070),.UNSPECIFIED.,.F.,.F.,(4,1,1,1,1,1,4),(-6.32456310596578E-6,
0.000940872877943379,0.00141447159846805,0.00188807031899272,0.0023616690395174,
0.00283526776004207,0.00378246520109141),.UNSPECIFIED.);
#1045=B_SPLINE_CURVE_WITH_KNOTS('',3,(#3073,#3074,#3075,#3076,#3077,#3078,
#3079,#3080,#3081),.UNSPECIFIED.,.F.,.F.,(4,1,1,1,1,1,4),(-6.37229669877078E-6,
0.000940946114360064,0.00141460531988948,0.0018882645254189,0.00236192373094832,
0.00283558293647773,0.00378290134753657),.UNSPECIFIED.);
#1046=B_SPLINE_CURVE_WITH_KNOTS('',3,(#3082,#3083,#3084,#3085,#3086,#3087,
#3088,#3089,#3090),.UNSPECIFIED.,.F.,.F.,(4,1,1,1,1,1,4),(-6.32456310598495E-6,
0.000940872877943326,0.00141447159846798,0.00188807031899264,0.00236166903951729,
0.00283526776004195,0.00378246520109126),.UNSPECIFIED.);
#1047=B_SPLINE_CURVE_WITH_KNOTS('',3,(#3093,#3094,#3095,#3096,#3097,#3098,
#3099,#3100,#3101),.UNSPECIFIED.,.F.,.F.,(4,1,1,1,1,1,4),(-6.3722966988574E-6,
0.000940946114360012,0.00141460531988945,0.00188826452541888,0.00236192373094832,
0.00283558293647775,0.00378290134753662),.UNSPECIFIED.);
#1048=B_SPLINE_CURVE_WITH_KNOTS('',3,(#3102,#3103,#3104,#3105,#3106,#3107,
#3108,#3109,#3110),.UNSPECIFIED.,.F.,.F.,(4,1,1,1,1,1,4),(-6.32456310593494E-6,
0.000940872877943879,0.00141447159846879,0.00188807031899369,0.0023616690395186,
0.00283526776004351,0.00378246520109332),.UNSPECIFIED.);
#1049=B_SPLINE_CURVE_WITH_KNOTS('',3,(#3113,#3114,#3115,#3116,#3117,#3118,
#3119,#3120,#3121),.UNSPECIFIED.,.F.,.F.,(4,1,1,1,1,1,4),(-6.37229669871997E-6,
0.000940946114359519,0.00141460531988864,0.00188826452541776,0.00236192373094688,
0.002835582936476,0.00378290134753424),.UNSPECIFIED.);
#1050=B_SPLINE_CURVE_WITH_KNOTS('',3,(#3122,#3123,#3124,#3125,#3126,#3127,
#3128,#3129,#3130),.UNSPECIFIED.,.F.,.F.,(4,1,1,1,1,1,4),(-6.3245631059766E-6,
0.000940872877943433,0.00141447159846814,0.00188807031899284,0.00236166903951755,
0.00283526776004225,0.00378246520109166),.UNSPECIFIED.);
#1051=B_SPLINE_CURVE_WITH_KNOTS('',3,(#3133,#3134,#3135,#3136,#3137,#3138,
#3139,#3140,#3141),.UNSPECIFIED.,.F.,.F.,(4,1,1,1,1,1,4),(-6.37229669877998E-6,
0.000940946114360076,0.0014146053198895,0.00188826452541893,0.00236192373094836,
0.00283558293647779,0.00378290134753664),.UNSPECIFIED.);
#1052=B_SPLINE_CURVE_WITH_KNOTS('',3,(#3142,#3143,#3144,#3145,#3146,#3147,
#3148,#3149,#3150),.UNSPECIFIED.,.F.,.F.,(4,1,1,1,1,1,4),(-6.32456310601728E-6,
0.000940872877943307,0.00141447159846797,0.00188807031899263,0.00236166903951729,
0.00283526776004196,0.00378246520109128),.UNSPECIFIED.);
#1053=B_SPLINE_CURVE_WITH_KNOTS('',3,(#3153,#3154,#3155,#3156,#3157,#3158,
#3159,#3160,#3161),.UNSPECIFIED.,.F.,.F.,(4,1,1,1,1,1,4),(-6.37229669877728E-6,
0.000940946114360017,0.00141460531988941,0.00188826452541881,0.00236192373094821,
0.00283558293647761,0.0037829013475364),.UNSPECIFIED.);
#1054=B_SPLINE_CURVE_WITH_KNOTS('',3,(#3162,#3163,#3164,#3165,#3166,#3167,
#3168,#3169,#3170),.UNSPECIFIED.,.F.,.F.,(4,1,1,1,1,1,4),(-6.32456310601455E-6,
0.000940872877943393,0.0014144715984681,0.0018880703189928,0.00236166903951751,
0.00283526776004221,0.00378246520109162),.UNSPECIFIED.);
#1055=B_SPLINE_CURVE_WITH_KNOTS('',3,(#3173,#3174,#3175,#3176,#3177,#3178,
#3179,#3180,#3181),.UNSPECIFIED.,.F.,.F.,(4,1,1,1,1,1,4),(-6.3722966987765E-6,
0.000940946114360073,0.0014146053198895,0.00188826452541892,0.00236192373094835,
0.00283558293647777,0.00378290134753662),.UNSPECIFIED.);
#1056=B_SPLINE_CURVE_WITH_KNOTS('',3,(#3182,#3183,#3184,#3185,#3186,#3187,
#3188,#3189,#3190),.UNSPECIFIED.,.F.,.F.,(4,1,1,1,1,1,4),(-6.32456310592712E-6,
0.000940872877943478,0.00141447159846818,0.00188807031899288,0.00236166903951759,
0.00283526776004229,0.00378246520109169),.UNSPECIFIED.);
#1057=B_SPLINE_CURVE_WITH_KNOTS('',3,(#3193,#3194,#3195,#3196,#3197,#3198,
#3199,#3200,#3201),.UNSPECIFIED.,.F.,.F.,(4,1,1,1,1,1,4),(-6.3722966988574E-6,
0.000940946114359999,0.00141460531988943,0.00188826452541886,0.00236192373094828,
0.00283558293647771,0.00378290134753657),.UNSPECIFIED.);
#1058=B_SPLINE_CURVE_WITH_KNOTS('',3,(#3212,#3213,#3214,#3215,#3216,#3217,
#3218,#3219,#3220),.UNSPECIFIED.,.F.,.F.,(4,1,1,1,1,1,4),(-6.32456310598737E-6,
0.000940872877943441,0.00141447159846815,0.00188807031899287,0.00236166903951758,
0.0028352677600423,0.00378246520109172),.UNSPECIFIED.);
#1059=B_SPLINE_CURVE_WITH_KNOTS('',3,(#3221,#3222,#3223,#3224,#3225,#3226,
#3227,#3228,#3229),.UNSPECIFIED.,.F.,.F.,(4,1,1,1,1,1,4),(-6.37229632976074E-6,
0.00093925147014745,0.00141206335338606,0.00188487523662466,0.00235768711986327,
0.00283049900310187,0.00377612276957908),.UNSPECIFIED.);
#1060=B_SPLINE_CURVE_WITH_KNOTS('',3,(#3231,#3232,#3233,#3234,#3235,#3236,
#3237,#3238,#3239),.UNSPECIFIED.,.F.,.F.,(4,1,1,1,1,1,4),(-6.37229632968666E-6,
0.000939251470147594,0.00141206335338624,0.00188487523662488,0.00235768711986352,
0.00283049900310216,0.00377612276957944),.UNSPECIFIED.);
#1061=B_SPLINE_CURVE_WITH_KNOTS('',3,(#3242,#3243,#3244,#3245,#3246,#3247,
#3248,#3249,#3250),.UNSPECIFIED.,.F.,.F.,(4,1,1,1,1,1,4),(-6.46670661182085E-6,
0.000939403733094331,0.00141233895294741,0.00188527417280048,0.00235820939265356,
0.00283114461250663,0.00377701505221279),.UNSPECIFIED.);
#1062=B_SPLINE_CURVE_WITH_KNOTS('',3,(#3251,#3252,#3253,#3254,#3255,#3256,
#3257,#3258,#3259),.UNSPECIFIED.,.F.,.F.,(4,1,1,1,1,1,4),(-6.46670661182493E-6,
0.000939403733094306,0.00141233895294737,0.00188527417280044,0.0023582093926535,
0.00283114461250657,0.0037770150522127),.UNSPECIFIED.);
#1063=B_SPLINE_CURVE_WITH_KNOTS('',3,(#3262,#3263,#3264,#3265,#3266,#3267,
#3268,#3269,#3270),.UNSPECIFIED.,.F.,.F.,(4,1,1,1,1,1,4),(-6.37229632974936E-6,
0.000939251470147456,0.00141206335338606,0.00188487523662466,0.00235768711986326,
0.00283049900310187,0.00377612276957907),.UNSPECIFIED.);
#1064=B_SPLINE_CURVE_WITH_KNOTS('',3,(#3271,#3272,#3273,#3274,#3275,#3276,
#3277,#3278,#3279),.UNSPECIFIED.,.F.,.F.,(4,1,1,1,1,1,4),(-6.46670661188028E-6,
0.00093940373309429,0.00141233895294737,0.00188527417280046,0.00235820939265355,
0.00283114461250663,0.0037770150522128),.UNSPECIFIED.);
#1065=B_SPLINE_CURVE_WITH_KNOTS('',3,(#3282,#3283,#3284,#3285,#3286,#3287,
#3288,#3289,#3290),.UNSPECIFIED.,.F.,.F.,(4,1,1,1,1,1,4),(-6.37229632972876E-6,
0.000939251470147314,0.00141206335338584,0.00188487523662436,0.00235768711986288,
0.0028304990031014,0.00377612276957844),.UNSPECIFIED.);
#1066=B_SPLINE_CURVE_WITH_KNOTS('',3,(#3291,#3292,#3293,#3294,#3295,#3296,
#3297,#3298,#3299),.UNSPECIFIED.,.F.,.F.,(4,1,1,1,1,1,4),(-6.46670661185606E-6,
0.000939403733094525,0.00141233895294771,0.00188527417280091,0.0023582093926541,
0.00283114461250729,0.00377701505221367),.UNSPECIFIED.);
#1067=B_SPLINE_CURVE_WITH_KNOTS('',3,(#3302,#3303,#3304,#3305,#3306,#3307,
#3308,#3309,#3310),.UNSPECIFIED.,.F.,.F.,(4,1,1,1,1,1,4),(-6.37229632972168E-6,
0.000939251470147426,0.001412063353386,0.00188487523662457,0.00235768711986315,
0.00283049900310172,0.00377612276957887),.UNSPECIFIED.);
#1068=B_SPLINE_CURVE_WITH_KNOTS('',3,(#3311,#3312,#3313,#3314,#3315,#3316,
#3317,#3318,#3319),.UNSPECIFIED.,.F.,.F.,(4,1,1,1,1,1,4),(-6.46670661182794E-6,
0.000939403733094425,0.00141233895294755,0.00188527417280068,0.00235820939265381,
0.00283114461250693,0.00377701505221319),.UNSPECIFIED.);
#1069=B_SPLINE_CURVE_WITH_KNOTS('',3,(#3322,#3323,#3324,#3325,#3326,#3327,
#3328,#3329,#3330),.UNSPECIFIED.,.F.,.F.,(4,1,1,1,1,1,4),(-6.37229632970693E-6,
0.00093925147014766,0.00141206335338634,0.00188487523662503,0.00235768711986371,
0.00283049900310239,0.00377612276957976),.UNSPECIFIED.);
#1070=B_SPLINE_CURVE_WITH_KNOTS('',3,(#3331,#3332,#3333,#3334,#3335,#3336,
#3337,#3338,#3339),.UNSPECIFIED.,.F.,.F.,(4,1,1,1,1,1,4),(-6.46670661183575E-6,
0.000939403733094399,0.00141233895294752,0.00188527417280063,0.00235820939265375,
0.00283114461250687,0.0037770150522131),.UNSPECIFIED.);
#1071=B_SPLINE_CURVE_WITH_KNOTS('',3,(#3342,#3343,#3344,#3345,#3346,#3347,
#3348,#3349,#3350),.UNSPECIFIED.,.F.,.F.,(4,1,1,1,1,1,4),(-6.37229632970719E-6,
0.000939251470147425,0.00141206335338599,0.00188487523662456,0.00235768711986312,
0.00283049900310169,0.00377612276957882),.UNSPECIFIED.);
#1072=B_SPLINE_CURVE_WITH_KNOTS('',3,(#3351,#3352,#3353,#3354,#3355,#3356,
#3357,#3358,#3359),.UNSPECIFIED.,.F.,.F.,(4,1,1,1,1,1,4),(-6.46670661181257E-6,
0.00093940373309474,0.00141233895294802,0.00188527417280129,0.00235820939265457,
0.00283114461250784,0.0037770150522144),.UNSPECIFIED.);
#1073=B_SPLINE_CURVE_WITH_KNOTS('',3,(#3362,#3363,#3364,#3365,#3366,#3367,
#3368,#3369,#3370),.UNSPECIFIED.,.F.,.F.,(4,1,1,1,1,1,4),(-6.37229632969352E-6,
0.000939251470147349,0.00141206335338587,0.00188487523662439,0.00235768711986291,
0.00283049900310143,0.00377612276957848),.UNSPECIFIED.);
#1074=B_SPLINE_CURVE_WITH_KNOTS('',3,(#3371,#3372,#3373,#3374,#3375,#3376,
#3377,#3378,#3379),.UNSPECIFIED.,.F.,.F.,(4,1,1,1,1,1,4),(-6.46670661182811E-6,
0.00093940373309416,0.00141233895294715,0.00188527417280015,0.00235820939265314,
0.00283114461250614,0.00377701505221213),.UNSPECIFIED.);
#1075=B_SPLINE_CURVE_WITH_KNOTS('',3,(#3382,#3383,#3384,#3385,#3386,#3387,
#3388,#3389,#3390),.UNSPECIFIED.,.F.,.F.,(4,1,1,1,1,1,4),(-6.37229632969859E-6,
0.000939251470147734,0.00141206335338645,0.00188487523662517,0.00235768711986388,
0.0028304990031026,0.00377612276958003),.UNSPECIFIED.);
#1076=B_SPLINE_CURVE_WITH_KNOTS('',3,(#3391,#3392,#3393,#3394,#3395,#3396,
#3397,#3398,#3399),.UNSPECIFIED.,.F.,.F.,(4,1,1,1,1,1,4),(-6.46670661183905E-6,
0.000939403733094499,0.00141233895294767,0.00188527417280084,0.00235820939265401,
0.00283114461250718,0.00377701505221352),.UNSPECIFIED.);
#1077=B_SPLINE_CURVE_WITH_KNOTS('',3,(#3402,#3403,#3404,#3405,#3406,#3407,
#3408,#3409,#3410),.UNSPECIFIED.,.F.,.F.,(4,1,1,1,1,1,4),(-6.37229632967592E-6,
0.000939251470147339,0.00141206335338585,0.00188487523662435,0.00235768711986286,
0.00283049900310137,0.00377612276957838),.UNSPECIFIED.);
#1078=B_SPLINE_CURVE_WITH_KNOTS('',3,(#3411,#3412,#3413,#3414,#3415,#3416,
#3417,#3418,#3419),.UNSPECIFIED.,.F.,.F.,(4,1,1,1,1,1,4),(-6.46670661183714E-6,
0.000939403733094265,0.00141233895294732,0.00188527417280037,0.00235820939265342,
0.00283114461250647,0.00377701505221257),.UNSPECIFIED.);
#1079=B_SPLINE_CURVE_WITH_KNOTS('',3,(#3422,#3423,#3424,#3425,#3426,#3427,
#3428,#3429,#3430),.UNSPECIFIED.,.F.,.F.,(4,1,1,1,1,1,4),(-6.37229632971684E-6,
0.000939251470147205,0.00141206335338567,0.00188487523662413,0.00235768711986259,
0.00283049900310105,0.00377612276957797),.UNSPECIFIED.);
#1080=B_SPLINE_CURVE_WITH_KNOTS('',3,(#3431,#3432,#3433,#3434,#3435,#3436,
#3437,#3438,#3439),.UNSPECIFIED.,.F.,.F.,(4,1,1,1,1,1,4),(-6.46670661187877E-6,
0.000939403733094243,0.0014123389529473,0.00188527417280037,0.00235820939265343,
0.00283114461250649,0.00377701505221261),.UNSPECIFIED.);
#1081=B_SPLINE_CURVE_WITH_KNOTS('',3,(#3442,#3443,#3444,#3445,#3446,#3447,
#3448,#3449,#3450),.UNSPECIFIED.,.F.,.F.,(4,1,1,1,1,1,4),(-6.37229632970914E-6,
0.000939251470147674,0.00141206335338637,0.00188487523662506,0.00235768711986375,
0.00283049900310244,0.00377612276957983),.UNSPECIFIED.);
#1082=B_SPLINE_CURVE_WITH_KNOTS('',3,(#3451,#3452,#3453,#3454,#3455,#3456,
#3457,#3458,#3459),.UNSPECIFIED.,.F.,.F.,(4,1,1,1,1,1,4),(-6.46670661184998E-6,
0.000939403733094434,0.00141233895294758,0.00188527417280072,0.00235820939265386,
0.002831144612507,0.00377701505221328),.UNSPECIFIED.);
#1083=B_SPLINE_CURVE_WITH_KNOTS('',3,(#3462,#3463,#3464,#3465,#3466,#3467,
#3468,#3469,#3470),.UNSPECIFIED.,.F.,.F.,(4,1,1,1,1,1,4),(-6.37229632974574E-6,
0.00093925147014765,0.00141206335338635,0.00188487523662505,0.00235768711986374,
0.00283049900310244,0.00377612276957984),.UNSPECIFIED.);
#1084=B_SPLINE_CURVE_WITH_KNOTS('',3,(#3471,#3472,#3473,#3474,#3475,#3476,
#3477,#3478,#3479),.UNSPECIFIED.,.F.,.F.,(4,1,1,1,1,1,4),(-6.4667066118449E-6,
0.000939403733094345,0.00141233895294744,0.00188527417280053,0.00235820939265363,
0.00283114461250672,0.00377701505221291),.UNSPECIFIED.);
#1085=B_SPLINE_CURVE_WITH_KNOTS('',3,(#3482,#3483,#3484,#3485,#3486,#3487,
#3488,#3489,#3490),.UNSPECIFIED.,.F.,.F.,(4,1,1,1,1,1,4),(-6.37229632974718E-6,
0.00093925147014765,0.00141206335338635,0.00188487523662505,0.00235768711986375,
0.00283049900310244,0.00377612276957984),.UNSPECIFIED.);
#1086=B_SPLINE_CURVE_WITH_KNOTS('',3,(#3492,#3493,#3494,#3495,#3496,#3497,
#3498,#3499,#3500),.UNSPECIFIED.,.F.,.F.,(4,1,1,1,1,1,4),(-6.32456310594242E-6,
0.00094087287794342,0.0014144715984681,0.00188807031899278,0.00236166903951746,
0.00283526776004215,0.00378246520109151),.UNSPECIFIED.);
#1087=B_SPLINE_CURVE_WITH_KNOTS('',3,(#3503,#3504,#3505,#3506,#3507,#3508,
#3509,#3510,#3511),.UNSPECIFIED.,.F.,.F.,(4,1,1,1,1,1,4),(-6.37229669877585E-6,
0.000940946114360047,0.00141460531988946,0.00188826452541887,0.00236192373094828,
0.00283558293647769,0.00378290134753652),.UNSPECIFIED.);
#1088=B_SPLINE_CURVE_WITH_KNOTS('',3,(#3513,#3514,#3515,#3516,#3517,#3518,
#3519,#3520,#3521),.UNSPECIFIED.,.F.,.F.,(4,1,1,1,1,1,4),(-6.32456310599383E-6,
0.000940872877943373,0.00141447159846806,0.00188807031899274,0.00236166903951742,
0.00283526776004211,0.00378246520109147),.UNSPECIFIED.);
#1089=B_SPLINE_CURVE_WITH_KNOTS('',3,(#3524,#3525,#3526,#3527,#3528,#3529,
#3530,#3531,#3532),.UNSPECIFIED.,.F.,.F.,(4,1,1,1,1,1,4),(-6.37229669875525E-6,
0.000940946114360054,0.00141460531988946,0.00188826452541886,0.00236192373094827,
0.00283558293647767,0.00378290134753648),.UNSPECIFIED.);
#1090=B_SPLINE_CURVE_WITH_KNOTS('',3,(#3534,#3535,#3536,#3537,#3538,#3539,
#3540,#3541,#3542),.UNSPECIFIED.,.F.,.F.,(4,1,1,1,1,1,4),(-6.32456310599128E-6,
0.000940872877943312,0.00141447159846796,0.00188807031899262,0.00236166903951727,
0.00283526776004192,0.00378246520109122),.UNSPECIFIED.);
#1091=B_SPLINE_CURVE_WITH_KNOTS('',3,(#3545,#3546,#3547,#3548,#3549,#3550,
#3551,#3552,#3553),.UNSPECIFIED.,.F.,.F.,(4,1,1,1,1,1,4),(-6.37229669881831E-6,
0.000940946114360006,0.00141460531988942,0.00188826452541883,0.00236192373094824,
0.00283558293647765,0.00378290134753648),.UNSPECIFIED.);
#1092=B_SPLINE_CURVE_WITH_KNOTS('',3,(#3555,#3556,#3557,#3558,#3559,#3560,
#3561,#3562,#3563),.UNSPECIFIED.,.F.,.F.,(4,1,1,1,1,1,4),(-6.32456310596578E-6,
0.000940872877943384,0.00141447159846806,0.00188807031899273,0.00236166903951741,
0.00283526776004209,0.00378246520109144),.UNSPECIFIED.);
#1093=B_SPLINE_CURVE_WITH_KNOTS('',3,(#3566,#3567,#3568,#3569,#3570,#3571,
#3572,#3573,#3574),.UNSPECIFIED.,.F.,.F.,(4,1,1,1,1,1,4),(-6.37229669877078E-6,
0.000940946114360072,0.00141460531988949,0.00188826452541891,0.00236192373094834,
0.00283558293647776,0.0037829013475366),.UNSPECIFIED.);
#1094=B_SPLINE_CURVE_WITH_KNOTS('',3,(#3576,#3577,#3578,#3579,#3580,#3581,
#3582,#3583,#3584),.UNSPECIFIED.,.F.,.F.,(4,1,1,1,1,1,4),(-6.32456310598495E-6,
0.00094087287794334,0.001414471598468,0.00188807031899267,0.00236166903951733,
0.00283526776004199,0.00378246520109132),.UNSPECIFIED.);
#1095=B_SPLINE_CURVE_WITH_KNOTS('',3,(#3587,#3588,#3589,#3590,#3591,#3592,
#3593,#3594,#3595),.UNSPECIFIED.,.F.,.F.,(4,1,1,1,1,1,4),(-6.3722966988574E-6,
0.000940946114359981,0.0014146053198894,0.00188826452541882,0.00236192373094824,
0.00283558293647766,0.0037829013475365),.UNSPECIFIED.);
#1096=B_SPLINE_CURVE_WITH_KNOTS('',3,(#3597,#3598,#3599,#3600,#3601,#3602,
#3603,#3604,#3605),.UNSPECIFIED.,.F.,.F.,(4,1,1,1,1,1,4),(-6.32456310601922E-6,
0.000940872877943885,0.00141447159846884,0.00188807031899379,0.00236166903951874,
0.00283526776004369,0.0037824652010936),.UNSPECIFIED.);
#1097=B_SPLINE_CURVE_WITH_KNOTS('',3,(#3608,#3609,#3610,#3611,#3612,#3613,
#3614,#3615,#3616),.UNSPECIFIED.,.F.,.F.,(4,1,1,1,1,1,4),(-6.37229669879216E-6,
0.000940946114359551,0.00141460531988872,0.00188826452541789,0.00236192373094706,
0.00283558293647624,0.00378290134753458),.UNSPECIFIED.);
#1098=B_SPLINE_CURVE_WITH_KNOTS('',3,(#3617,#3618,#3619,#3620,#3621,#3622,
#3623,#3624,#3625),.UNSPECIFIED.,.F.,.F.,(4,1,1,1,1,1,4),(-6.324563105982E-6,
0.000940872877943372,0.00141447159846805,0.00188807031899273,0.0023616690395174,
0.00283526776004208,0.00378246520109143),.UNSPECIFIED.);
#1099=B_SPLINE_CURVE_WITH_KNOTS('',3,(#3628,#3629,#3630,#3631,#3632,#3633,
#3634,#3635,#3636),.UNSPECIFIED.,.F.,.F.,(4,1,1,1,1,1,4),(-6.37229669877078E-6,
0.000940946114360072,0.00141460531988949,0.00188826452541891,0.00236192373094834,
0.00283558293647776,0.0037829013475366),.UNSPECIFIED.);
#1100=B_SPLINE_CURVE_WITH_KNOTS('',3,(#3637,#3638,#3639,#3640,#3641,#3642,
#3643,#3644,#3645),.UNSPECIFIED.,.F.,.F.,(4,1,1,1,1,1,4),(-6.32456310598495E-6,
0.000940872877943338,0.001414471598468,0.00188807031899266,0.00236166903951732,
0.00283526776004198,0.00378246520109131),.UNSPECIFIED.);
#1101=B_SPLINE_CURVE_WITH_KNOTS('',3,(#3648,#3649,#3650,#3651,#3652,#3653,
#3654,#3655,#3656),.UNSPECIFIED.,.F.,.F.,(4,1,1,1,1,1,4),(-6.3722966988574E-6,
0.000940946114359982,0.0014146053198894,0.00188826452541882,0.00236192373094824,
0.00283558293647766,0.0037829013475365),.UNSPECIFIED.);
#1102=B_SPLINE_CURVE_WITH_KNOTS('',3,(#3657,#3658,#3659,#3660,#3661,#3662,
#3663,#3664,#3665),.UNSPECIFIED.,.F.,.F.,(4,1,1,1,1,1,4),(-6.32456310593502E-6,
0.000940872877943848,0.00141447159846874,0.00188807031899363,0.00236166903951852,
0.00283526776004342,0.0037824652010932),.UNSPECIFIED.);
#1103=B_SPLINE_CURVE_WITH_KNOTS('',3,(#3668,#3669,#3670,#3671,#3672,#3673,
#3674,#3675,#3676),.UNSPECIFIED.,.F.,.F.,(4,1,1,1,1,1,4),(-6.37229669871997E-6,
0.000940946114359545,0.00141460531988868,0.00188826452541781,0.00236192373094694,
0.00283558293647608,0.00378290134753434),.UNSPECIFIED.);
#1104=B_SPLINE_CURVE_WITH_KNOTS('',3,(#3677,#3678,#3679,#3680,#3681,#3682,
#3683,#3684,#3685),.UNSPECIFIED.,.F.,.F.,(4,1,1,1,1,1,4),(-6.3245631059766E-6,
0.000940872877943417,0.00141447159846811,0.00188807031899281,0.00236166903951751,
0.00283526776004221,0.0037824652010916),.UNSPECIFIED.);
#1105=B_SPLINE_CURVE_WITH_KNOTS('',3,(#3688,#3689,#3690,#3691,#3692,#3693,
#3694,#3695,#3696),.UNSPECIFIED.,.F.,.F.,(4,1,1,1,1,1,4),(-6.37229669877998E-6,
0.000940946114360079,0.00141460531988951,0.00188826452541894,0.00236192373094837,
0.0028355829364778,0.00378290134753666),.UNSPECIFIED.);
#1106=B_SPLINE_CURVE_WITH_KNOTS('',3,(#3697,#3698,#3699,#3700,#3701,#3702,
#3703,#3704,#3705),.UNSPECIFIED.,.F.,.F.,(4,1,1,1,1,1,4),(-6.32456310599128E-6,
0.000940872877943328,0.00141447159846799,0.00188807031899265,0.00236166903951731,
0.00283526776004197,0.00378246520109129),.UNSPECIFIED.);
#1107=B_SPLINE_CURVE_WITH_KNOTS('',3,(#3708,#3709,#3710,#3711,#3712,#3713,
#3714,#3715,#3716),.UNSPECIFIED.,.F.,.F.,(4,1,1,1,1,1,4),(-6.37229669882124E-6,
0.000940946114359981,0.00141460531988938,0.00188826452541878,0.00236192373094818,
0.00283558293647759,0.00378290134753639),.UNSPECIFIED.);
#1108=B_SPLINE_CURVE_WITH_KNOTS('',3,(#3717,#3718,#3719,#3720,#3721,#3722,
#3723,#3724,#3725),.UNSPECIFIED.,.F.,.F.,(4,1,1,1,1,1,4),(-6.32456310601455E-6,
0.000940872877943396,0.0014144715984681,0.00188807031899281,0.00236166903951751,
0.00283526776004222,0.00378246520109163),.UNSPECIFIED.);
#1109=B_SPLINE_CURVE_WITH_KNOTS('',3,(#3728,#3729,#3730,#3731,#3732,#3733,
#3734,#3735,#3736),.UNSPECIFIED.,.F.,.F.,(4,1,1,1,1,1,4),(-6.3722966987765E-6,
0.000940946114360073,0.0014146053198895,0.00188826452541892,0.00236192373094835,
0.00283558293647777,0.00378290134753662),.UNSPECIFIED.);
#1110=B_SPLINE_CURVE_WITH_KNOTS('',3,(#3737,#3738,#3739,#3740,#3741,#3742,
#3743,#3744,#3745),.UNSPECIFIED.,.F.,.F.,(4,1,1,1,1,1,4),(-6.32456310592712E-6,
0.000940872877943478,0.00141447159846818,0.00188807031899288,0.00236166903951759,
0.00283526776004229,0.00378246520109169),.UNSPECIFIED.);
#1111=B_SPLINE_CURVE_WITH_KNOTS('',3,(#3748,#3749,#3750,#3751,#3752,#3753,
#3754,#3755,#3756),.UNSPECIFIED.,.F.,.F.,(4,1,1,1,1,1,4),(-6.3722966988574E-6,
0.000940946114359982,0.0014146053198894,0.00188826452541882,0.00236192373094824,
0.00283558293647766,0.0037829013475365),.UNSPECIFIED.);
#1112=B_SPLINE_CURVE_WITH_KNOTS('',3,(#3766,#3767,#3768,#3769,#3770,#3771,
#3772,#3773,#3774),.UNSPECIFIED.,.F.,.F.,(4,1,1,1,1,1,4),(-6.37229632968666E-6,
0.000939251470147594,0.00141206335338624,0.00188487523662488,0.00235768711986352,
0.00283049900310216,0.00377612276957944),.UNSPECIFIED.);
#1113=B_SPLINE_CURVE_WITH_KNOTS('',3,(#3777,#3778,#3779,#3780,#3781,#3782,
#3783,#3784,#3785),.UNSPECIFIED.,.F.,.F.,(4,1,1,1,1,1,4),(-6.46670661182085E-6,
0.000939403733094331,0.00141233895294741,0.00188527417280048,0.00235820939265356,
0.00283114461250663,0.00377701505221279),.UNSPECIFIED.);
#1114=B_SPLINE_CURVE_WITH_KNOTS('',3,(#3786,#3787,#3788,#3789,#3790,#3791,
#3792,#3793,#3794),.UNSPECIFIED.,.F.,.F.,(4,1,1,1,1,1,4),(-6.46670661182493E-6,
0.000939403733094306,0.00141233895294737,0.00188527417280044,0.0023582093926535,
0.00283114461250657,0.0037770150522127),.UNSPECIFIED.);
#1115=B_SPLINE_CURVE_WITH_KNOTS('',3,(#3797,#3798,#3799,#3800,#3801,#3802,
#3803,#3804,#3805),.UNSPECIFIED.,.F.,.F.,(4,1,1,1,1,1,4),(-6.37229632974936E-6,
0.000939251470147456,0.00141206335338606,0.00188487523662466,0.00235768711986326,
0.00283049900310187,0.00377612276957907),.UNSPECIFIED.);
#1116=B_SPLINE_CURVE_WITH_KNOTS('',3,(#3806,#3807,#3808,#3809,#3810,#3811,
#3812,#3813,#3814),.UNSPECIFIED.,.F.,.F.,(4,1,1,1,1,1,4),(-6.46670661188028E-6,
0.00093940373309429,0.00141233895294737,0.00188527417280046,0.00235820939265355,
0.00283114461250663,0.0037770150522128),.UNSPECIFIED.);
#1117=B_SPLINE_CURVE_WITH_KNOTS('',3,(#3817,#3818,#3819,#3820,#3821,#3822,
#3823,#3824,#3825),.UNSPECIFIED.,.F.,.F.,(4,1,1,1,1,1,4),(-6.37229632972876E-6,
0.000939251470147314,0.00141206335338584,0.00188487523662436,0.00235768711986288,
0.0028304990031014,0.00377612276957844),.UNSPECIFIED.);
#1118=B_SPLINE_CURVE_WITH_KNOTS('',3,(#3826,#3827,#3828,#3829,#3830,#3831,
#3832,#3833,#3834),.UNSPECIFIED.,.F.,.F.,(4,1,1,1,1,1,4),(-6.46670661185606E-6,
0.000939403733094525,0.00141233895294771,0.00188527417280091,0.0023582093926541,
0.00283114461250729,0.00377701505221367),.UNSPECIFIED.);
#1119=B_SPLINE_CURVE_WITH_KNOTS('',3,(#3837,#3838,#3839,#3840,#3841,#3842,
#3843,#3844,#3845),.UNSPECIFIED.,.F.,.F.,(4,1,1,1,1,1,4),(-6.37229632972168E-6,
0.000939251470147426,0.001412063353386,0.00188487523662457,0.00235768711986315,
0.00283049900310172,0.00377612276957887),.UNSPECIFIED.);
#1120=B_SPLINE_CURVE_WITH_KNOTS('',3,(#3846,#3847,#3848,#3849,#3850,#3851,
#3852,#3853,#3854),.UNSPECIFIED.,.F.,.F.,(4,1,1,1,1,1,4),(-6.46670661182794E-6,
0.000939403733094425,0.00141233895294755,0.00188527417280068,0.00235820939265381,
0.00283114461250693,0.00377701505221319),.UNSPECIFIED.);
#1121=B_SPLINE_CURVE_WITH_KNOTS('',3,(#3857,#3858,#3859,#3860,#3861,#3862,
#3863,#3864,#3865),.UNSPECIFIED.,.F.,.F.,(4,1,1,1,1,1,4),(-6.37229632970693E-6,
0.00093925147014766,0.00141206335338634,0.00188487523662503,0.00235768711986371,
0.00283049900310239,0.00377612276957976),.UNSPECIFIED.);
#1122=B_SPLINE_CURVE_WITH_KNOTS('',3,(#3866,#3867,#3868,#3869,#3870,#3871,
#3872,#3873,#3874),.UNSPECIFIED.,.F.,.F.,(4,1,1,1,1,1,4),(-6.46670661183575E-6,
0.000939403733094399,0.00141233895294752,0.00188527417280063,0.00235820939265375,
0.00283114461250687,0.0037770150522131),.UNSPECIFIED.);
#1123=B_SPLINE_CURVE_WITH_KNOTS('',3,(#3877,#3878,#3879,#3880,#3881,#3882,
#3883,#3884,#3885),.UNSPECIFIED.,.F.,.F.,(4,1,1,1,1,1,4),(-6.37229632970719E-6,
0.000939251470147425,0.00141206335338599,0.00188487523662456,0.00235768711986312,
0.00283049900310169,0.00377612276957882),.UNSPECIFIED.);
#1124=B_SPLINE_CURVE_WITH_KNOTS('',3,(#3886,#3887,#3888,#3889,#3890,#3891,
#3892,#3893,#3894),.UNSPECIFIED.,.F.,.F.,(4,1,1,1,1,1,4),(-6.46670661181257E-6,
0.00093940373309474,0.00141233895294802,0.00188527417280129,0.00235820939265457,
0.00283114461250784,0.0037770150522144),.UNSPECIFIED.);
#1125=B_SPLINE_CURVE_WITH_KNOTS('',3,(#3897,#3898,#3899,#3900,#3901,#3902,
#3903,#3904,#3905),.UNSPECIFIED.,.F.,.F.,(4,1,1,1,1,1,4),(-6.37229632969352E-6,
0.000939251470147349,0.00141206335338587,0.00188487523662439,0.00235768711986291,
0.00283049900310143,0.00377612276957848),.UNSPECIFIED.);
#1126=B_SPLINE_CURVE_WITH_KNOTS('',3,(#3906,#3907,#3908,#3909,#3910,#3911,
#3912,#3913,#3914),.UNSPECIFIED.,.F.,.F.,(4,1,1,1,1,1,4),(-6.46670661182811E-6,
0.00093940373309416,0.00141233895294715,0.00188527417280015,0.00235820939265314,
0.00283114461250614,0.00377701505221213),.UNSPECIFIED.);
#1127=B_SPLINE_CURVE_WITH_KNOTS('',3,(#3917,#3918,#3919,#3920,#3921,#3922,
#3923,#3924,#3925),.UNSPECIFIED.,.F.,.F.,(4,1,1,1,1,1,4),(-6.37229632969859E-6,
0.000939251470147734,0.00141206335338645,0.00188487523662517,0.00235768711986388,
0.0028304990031026,0.00377612276958003),.UNSPECIFIED.);
#1128=B_SPLINE_CURVE_WITH_KNOTS('',3,(#3926,#3927,#3928,#3929,#3930,#3931,
#3932,#3933,#3934),.UNSPECIFIED.,.F.,.F.,(4,1,1,1,1,1,4),(-6.46670661183905E-6,
0.000939403733094499,0.00141233895294767,0.00188527417280084,0.00235820939265401,
0.00283114461250718,0.00377701505221352),.UNSPECIFIED.);
#1129=B_SPLINE_CURVE_WITH_KNOTS('',3,(#3937,#3938,#3939,#3940,#3941,#3942,
#3943,#3944,#3945),.UNSPECIFIED.,.F.,.F.,(4,1,1,1,1,1,4),(-6.37229632967592E-6,
0.000939251470147339,0.00141206335338585,0.00188487523662435,0.00235768711986286,
0.00283049900310137,0.00377612276957838),.UNSPECIFIED.);
#1130=B_SPLINE_CURVE_WITH_KNOTS('',3,(#3946,#3947,#3948,#3949,#3950,#3951,
#3952,#3953,#3954),.UNSPECIFIED.,.F.,.F.,(4,1,1,1,1,1,4),(-6.46670661183714E-6,
0.000939403733094265,0.00141233895294732,0.00188527417280037,0.00235820939265342,
0.00283114461250647,0.00377701505221257),.UNSPECIFIED.);
#1131=B_SPLINE_CURVE_WITH_KNOTS('',3,(#3957,#3958,#3959,#3960,#3961,#3962,
#3963,#3964,#3965),.UNSPECIFIED.,.F.,.F.,(4,1,1,1,1,1,4),(-6.37229632971684E-6,
0.000939251470147205,0.00141206335338567,0.00188487523662413,0.00235768711986259,
0.00283049900310105,0.00377612276957797),.UNSPECIFIED.);
#1132=B_SPLINE_CURVE_WITH_KNOTS('',3,(#3966,#3967,#3968,#3969,#3970,#3971,
#3972,#3973,#3974),.UNSPECIFIED.,.F.,.F.,(4,1,1,1,1,1,4),(-6.46670661187877E-6,
0.000939403733094243,0.0014123389529473,0.00188527417280037,0.00235820939265343,
0.00283114461250649,0.00377701505221261),.UNSPECIFIED.);
#1133=B_SPLINE_CURVE_WITH_KNOTS('',3,(#3977,#3978,#3979,#3980,#3981,#3982,
#3983,#3984,#3985),.UNSPECIFIED.,.F.,.F.,(4,1,1,1,1,1,4),(-6.37229632970914E-6,
0.000939251470147674,0.00141206335338637,0.00188487523662506,0.00235768711986375,
0.00283049900310244,0.00377612276957983),.UNSPECIFIED.);
#1134=B_SPLINE_CURVE_WITH_KNOTS('',3,(#3986,#3987,#3988,#3989,#3990,#3991,
#3992,#3993,#3994),.UNSPECIFIED.,.F.,.F.,(4,1,1,1,1,1,4),(-6.46670661184998E-6,
0.000939403733094434,0.00141233895294758,0.00188527417280072,0.00235820939265386,
0.002831144612507,0.00377701505221328),.UNSPECIFIED.);
#1135=B_SPLINE_CURVE_WITH_KNOTS('',3,(#3997,#3998,#3999,#4000,#4001,#4002,
#4003,#4004,#4005),.UNSPECIFIED.,.F.,.F.,(4,1,1,1,1,1,4),(-6.37229632974574E-6,
0.00093925147014765,0.00141206335338635,0.00188487523662505,0.00235768711986374,
0.00283049900310244,0.00377612276957984),.UNSPECIFIED.);
#1136=B_SPLINE_CURVE_WITH_KNOTS('',3,(#4006,#4007,#4008,#4009,#4010,#4011,
#4012,#4013,#4014),.UNSPECIFIED.,.F.,.F.,(4,1,1,1,1,1,4),(-6.4667066118449E-6,
0.000939403733094345,0.00141233895294744,0.00188527417280053,0.00235820939265363,
0.00283114461250672,0.00377701505221291),.UNSPECIFIED.);
#1137=B_SPLINE_CURVE_WITH_KNOTS('',3,(#4017,#4018,#4019,#4020,#4021,#4022,
#4023,#4024,#4025),.UNSPECIFIED.,.F.,.F.,(4,1,1,1,1,1,4),(-6.37229632974718E-6,
0.00093925147014765,0.00141206335338635,0.00188487523662505,0.00235768711986375,
0.00283049900310244,0.00377612276957984),.UNSPECIFIED.);
#1138=B_SPLINE_CURVE_WITH_KNOTS('',3,(#4027,#4028,#4029,#4030,#4031,#4032,
#4033,#4034,#4035),.UNSPECIFIED.,.F.,.F.,(4,1,1,1,1,1,4),(-6.32456310594242E-6,
0.00094087287794342,0.0014144715984681,0.00188807031899278,0.00236166903951746,
0.00283526776004215,0.00378246520109151),.UNSPECIFIED.);
#1139=B_SPLINE_CURVE_WITH_KNOTS('',3,(#4038,#4039,#4040,#4041,#4042,#4043,
#4044,#4045,#4046),.UNSPECIFIED.,.F.,.F.,(4,1,1,1,1,1,4),(-6.37229669877585E-6,
0.000940946114360047,0.00141460531988946,0.00188826452541887,0.00236192373094828,
0.00283558293647769,0.00378290134753652),.UNSPECIFIED.);
#1140=B_SPLINE_CURVE_WITH_KNOTS('',3,(#4048,#4049,#4050,#4051,#4052,#4053,
#4054,#4055,#4056),.UNSPECIFIED.,.F.,.F.,(4,1,1,1,1,1,4),(-6.32456310599383E-6,
0.000940872877943373,0.00141447159846806,0.00188807031899274,0.00236166903951742,
0.00283526776004211,0.00378246520109147),.UNSPECIFIED.);
#1141=B_SPLINE_CURVE_WITH_KNOTS('',3,(#4059,#4060,#4061,#4062,#4063,#4064,
#4065,#4066,#4067),.UNSPECIFIED.,.F.,.F.,(4,1,1,1,1,1,4),(-6.37229669875525E-6,
0.000940946114360054,0.00141460531988946,0.00188826452541886,0.00236192373094827,
0.00283558293647767,0.00378290134753648),.UNSPECIFIED.);
#1142=B_SPLINE_CURVE_WITH_KNOTS('',3,(#4069,#4070,#4071,#4072,#4073,#4074,
#4075,#4076,#4077),.UNSPECIFIED.,.F.,.F.,(4,1,1,1,1,1,4),(-6.32456310599128E-6,
0.000940872877943312,0.00141447159846796,0.00188807031899262,0.00236166903951727,
0.00283526776004192,0.00378246520109122),.UNSPECIFIED.);
#1143=B_SPLINE_CURVE_WITH_KNOTS('',3,(#4080,#4081,#4082,#4083,#4084,#4085,
#4086,#4087,#4088),.UNSPECIFIED.,.F.,.F.,(4,1,1,1,1,1,4),(-6.37229669881831E-6,
0.000940946114360006,0.00141460531988942,0.00188826452541883,0.00236192373094824,
0.00283558293647765,0.00378290134753648),.UNSPECIFIED.);
#1144=B_SPLINE_CURVE_WITH_KNOTS('',3,(#4090,#4091,#4092,#4093,#4094,#4095,
#4096,#4097,#4098),.UNSPECIFIED.,.F.,.F.,(4,1,1,1,1,1,4),(-6.32456310596578E-6,
0.000940872877943384,0.00141447159846806,0.00188807031899273,0.00236166903951741,
0.00283526776004209,0.00378246520109144),.UNSPECIFIED.);
#1145=B_SPLINE_CURVE_WITH_KNOTS('',3,(#4101,#4102,#4103,#4104,#4105,#4106,
#4107,#4108,#4109),.UNSPECIFIED.,.F.,.F.,(4,1,1,1,1,1,4),(-6.37229669877078E-6,
0.000940946114360072,0.00141460531988949,0.00188826452541891,0.00236192373094834,
0.00283558293647776,0.0037829013475366),.UNSPECIFIED.);
#1146=B_SPLINE_CURVE_WITH_KNOTS('',3,(#4111,#4112,#4113,#4114,#4115,#4116,
#4117,#4118,#4119),.UNSPECIFIED.,.F.,.F.,(4,1,1,1,1,1,4),(-6.32456310598495E-6,
0.00094087287794334,0.001414471598468,0.00188807031899267,0.00236166903951733,
0.00283526776004199,0.00378246520109132),.UNSPECIFIED.);
#1147=B_SPLINE_CURVE_WITH_KNOTS('',3,(#4122,#4123,#4124,#4125,#4126,#4127,
#4128,#4129,#4130),.UNSPECIFIED.,.F.,.F.,(4,1,1,1,1,1,4),(-6.3722966988574E-6,
0.000940946114359981,0.0014146053198894,0.00188826452541882,0.00236192373094824,
0.00283558293647766,0.0037829013475365),.UNSPECIFIED.);
#1148=B_SPLINE_CURVE_WITH_KNOTS('',3,(#4132,#4133,#4134,#4135,#4136,#4137,
#4138,#4139,#4140),.UNSPECIFIED.,.F.,.F.,(4,1,1,1,1,1,4),(-6.32456310601922E-6,
0.000940872877943885,0.00141447159846884,0.00188807031899379,0.00236166903951874,
0.00283526776004369,0.0037824652010936),.UNSPECIFIED.);
#1149=B_SPLINE_CURVE_WITH_KNOTS('',3,(#4143,#4144,#4145,#4146,#4147,#4148,
#4149,#4150,#4151),.UNSPECIFIED.,.F.,.F.,(4,1,1,1,1,1,4),(-6.37229669879216E-6,
0.000940946114359551,0.00141460531988872,0.00188826452541789,0.00236192373094706,
0.00283558293647624,0.00378290134753458),.UNSPECIFIED.);
#1150=B_SPLINE_CURVE_WITH_KNOTS('',3,(#4152,#4153,#4154,#4155,#4156,#4157,
#4158,#4159,#4160),.UNSPECIFIED.,.F.,.F.,(4,1,1,1,1,1,4),(-6.324563105982E-6,
0.000940872877943372,0.00141447159846805,0.00188807031899273,0.0023616690395174,
0.00283526776004208,0.00378246520109143),.UNSPECIFIED.);
#1151=B_SPLINE_CURVE_WITH_KNOTS('',3,(#4163,#4164,#4165,#4166,#4167,#4168,
#4169,#4170,#4171),.UNSPECIFIED.,.F.,.F.,(4,1,1,1,1,1,4),(-6.37229669877078E-6,
0.000940946114360072,0.00141460531988949,0.00188826452541891,0.00236192373094834,
0.00283558293647776,0.0037829013475366),.UNSPECIFIED.);
#1152=B_SPLINE_CURVE_WITH_KNOTS('',3,(#4172,#4173,#4174,#4175,#4176,#4177,
#4178,#4179,#4180),.UNSPECIFIED.,.F.,.F.,(4,1,1,1,1,1,4),(-6.32456310598495E-6,
0.000940872877943338,0.001414471598468,0.00188807031899266,0.00236166903951732,
0.00283526776004198,0.00378246520109131),.UNSPECIFIED.);
#1153=B_SPLINE_CURVE_WITH_KNOTS('',3,(#4183,#4184,#4185,#4186,#4187,#4188,
#4189,#4190,#4191),.UNSPECIFIED.,.F.,.F.,(4,1,1,1,1,1,4),(-6.3722966988574E-6,
0.000940946114359982,0.0014146053198894,0.00188826452541882,0.00236192373094824,
0.00283558293647766,0.0037829013475365),.UNSPECIFIED.);
#1154=B_SPLINE_CURVE_WITH_KNOTS('',3,(#4192,#4193,#4194,#4195,#4196,#4197,
#4198,#4199,#4200),.UNSPECIFIED.,.F.,.F.,(4,1,1,1,1,1,4),(-6.32456310593502E-6,
0.000940872877943848,0.00141447159846874,0.00188807031899363,0.00236166903951852,
0.00283526776004342,0.0037824652010932),.UNSPECIFIED.);
#1155=B_SPLINE_CURVE_WITH_KNOTS('',3,(#4203,#4204,#4205,#4206,#4207,#4208,
#4209,#4210,#4211),.UNSPECIFIED.,.F.,.F.,(4,1,1,1,1,1,4),(-6.37229669871997E-6,
0.000940946114359545,0.00141460531988868,0.00188826452541781,0.00236192373094694,
0.00283558293647608,0.00378290134753434),.UNSPECIFIED.);
#1156=B_SPLINE_CURVE_WITH_KNOTS('',3,(#4212,#4213,#4214,#4215,#4216,#4217,
#4218,#4219,#4220),.UNSPECIFIED.,.F.,.F.,(4,1,1,1,1,1,4),(-6.3245631059766E-6,
0.000940872877943417,0.00141447159846811,0.00188807031899281,0.00236166903951751,
0.00283526776004221,0.0037824652010916),.UNSPECIFIED.);
#1157=B_SPLINE_CURVE_WITH_KNOTS('',3,(#4223,#4224,#4225,#4226,#4227,#4228,
#4229,#4230,#4231),.UNSPECIFIED.,.F.,.F.,(4,1,1,1,1,1,4),(-6.37229669877998E-6,
0.000940946114360079,0.00141460531988951,0.00188826452541894,0.00236192373094837,
0.0028355829364778,0.00378290134753666),.UNSPECIFIED.);
#1158=B_SPLINE_CURVE_WITH_KNOTS('',3,(#4232,#4233,#4234,#4235,#4236,#4237,
#4238,#4239,#4240),.UNSPECIFIED.,.F.,.F.,(4,1,1,1,1,1,4),(-6.32456310599128E-6,
0.000940872877943328,0.00141447159846799,0.00188807031899265,0.00236166903951731,
0.00283526776004197,0.00378246520109129),.UNSPECIFIED.);
#1159=B_SPLINE_CURVE_WITH_KNOTS('',3,(#4243,#4244,#4245,#4246,#4247,#4248,
#4249,#4250,#4251),.UNSPECIFIED.,.F.,.F.,(4,1,1,1,1,1,4),(-6.37229669882124E-6,
0.000940946114359981,0.00141460531988938,0.00188826452541878,0.00236192373094818,
0.00283558293647759,0.00378290134753639),.UNSPECIFIED.);
#1160=B_SPLINE_CURVE_WITH_KNOTS('',3,(#4252,#4253,#4254,#4255,#4256,#4257,
#4258,#4259,#4260),.UNSPECIFIED.,.F.,.F.,(4,1,1,1,1,1,4),(-6.32456310601455E-6,
0.000940872877943396,0.0014144715984681,0.00188807031899281,0.00236166903951751,
0.00283526776004222,0.00378246520109163),.UNSPECIFIED.);
#1161=B_SPLINE_CURVE_WITH_KNOTS('',3,(#4263,#4264,#4265,#4266,#4267,#4268,
#4269,#4270,#4271),.UNSPECIFIED.,.F.,.F.,(4,1,1,1,1,1,4),(-6.3722966987765E-6,
0.000940946114360073,0.0014146053198895,0.00188826452541892,0.00236192373094835,
0.00283558293647777,0.00378290134753662),.UNSPECIFIED.);
#1162=B_SPLINE_CURVE_WITH_KNOTS('',3,(#4272,#4273,#4274,#4275,#4276,#4277,
#4278,#4279,#4280),.UNSPECIFIED.,.F.,.F.,(4,1,1,1,1,1,4),(-6.32456310592712E-6,
0.000940872877943478,0.00141447159846818,0.00188807031899288,0.00236166903951759,
0.00283526776004229,0.00378246520109169),.UNSPECIFIED.);
#1163=B_SPLINE_CURVE_WITH_KNOTS('',3,(#4283,#4284,#4285,#4286,#4287,#4288,
#4289,#4290,#4291),.UNSPECIFIED.,.F.,.F.,(4,1,1,1,1,1,4),(-6.3722966988574E-6,
0.000940946114359982,0.0014146053198894,0.00188826452541882,0.00236192373094824,
0.00283558293647766,0.0037829013475365),.UNSPECIFIED.);
#1164=EDGE_LOOP('',(#20,#21));
#1165=EDGE_LOOP('',(#22,#23));
#1166=EDGE_LOOP('',(#24,#25));
#1167=EDGE_LOOP('',(#26,#27));
#1168=EDGE_LOOP('',(#28,#29));
#1169=EDGE_LOOP('',(#30,#31));
#1170=EDGE_LOOP('',(#32,#33));
#1171=EDGE_LOOP('',(#34,#35));
#1172=EDGE_LOOP('',(#36,#37));
#1173=EDGE_LOOP('',(#38,#39));
#1174=EDGE_LOOP('',(#40,#41));
#1175=EDGE_LOOP('',(#42,#43));
#1176=EDGE_LOOP('',(#44,#45));
#1177=EDGE_LOOP('',(#46,#47));
#1178=EDGE_LOOP('',(#48,#49));
#1179=EDGE_LOOP('',(#50,#51));
#1180=EDGE_LOOP('',(#52,#53));
#1181=EDGE_LOOP('',(#54,#55));
#1182=EDGE_LOOP('',(#56,#57));
#1183=EDGE_LOOP('',(#58,#59));
#1184=EDGE_LOOP('',(#60,#61));
#1185=EDGE_LOOP('',(#62,#63));
#1186=EDGE_LOOP('',(#64,#65));
#1187=EDGE_LOOP('',(#66,#67));
#1188=EDGE_LOOP('',(#68,#69));
#1189=EDGE_LOOP('',(#70,#71));
#1190=EDGE_LOOP('',(#72,#73));
#1191=EDGE_LOOP('',(#74,#75));
#1192=EDGE_LOOP('',(#76,#77));
#1193=EDGE_LOOP('',(#78,#79));
#1194=EDGE_LOOP('',(#80,#81));
#1195=EDGE_LOOP('',(#82,#83));
#1196=EDGE_LOOP('',(#84,#85));
#1197=EDGE_LOOP('',(#86,#87));
#1198=EDGE_LOOP('',(#88,#89));
#1199=EDGE_LOOP('',(#90,#91));
#1200=EDGE_LOOP('',(#92,#93));
#1201=EDGE_LOOP('',(#94,#95));
#1202=EDGE_LOOP('',(#96,#97));
#1203=EDGE_LOOP('',(#98,#99));
#1204=EDGE_LOOP('',(#100,#101));
#1205=EDGE_LOOP('',(#102,#103));
#1206=EDGE_LOOP('',(#104,#105));
#1207=EDGE_LOOP('',(#106,#107));
#1208=EDGE_LOOP('',(#108,#109));
#1209=EDGE_LOOP('',(#110,#111));
#1210=EDGE_LOOP('',(#112,#113));
#1211=EDGE_LOOP('',(#114,#115));
#1212=EDGE_LOOP('',(#116,#117));
#1213=EDGE_LOOP('',(#118,#119));
#1214=EDGE_LOOP('',(#120,#121));
#1215=EDGE_LOOP('',(#122,#123));
#1216=EDGE_LOOP('',(#124,#125));
#1217=EDGE_LOOP('',(#126,#127));
#1218=EDGE_LOOP('',(#128,#129));
#1219=EDGE_LOOP('',(#130,#131));
#1220=EDGE_LOOP('',(#132,#133));
#1221=EDGE_LOOP('',(#134,#135));
#1222=EDGE_LOOP('',(#136,#137));
#1223=EDGE_LOOP('',(#138,#139));
#1224=EDGE_LOOP('',(#140,#141));
#1225=EDGE_LOOP('',(#142,#143));
#1226=EDGE_LOOP('',(#144,#145));
#1227=EDGE_LOOP('',(#146,#147));
#1228=EDGE_LOOP('',(#148,#149));
#1229=EDGE_LOOP('',(#150,#151));
#1230=EDGE_LOOP('',(#152,#153));
#1231=EDGE_LOOP('',(#154,#155));
#1232=EDGE_LOOP('',(#156,#157));
#1233=EDGE_LOOP('',(#158,#159));
#1234=EDGE_LOOP('',(#160,#161));
#1235=EDGE_LOOP('',(#162,#163));
#1236=EDGE_LOOP('',(#164,#165));
#1237=EDGE_LOOP('',(#166,#167));
#1238=EDGE_LOOP('',(#168,#169));
#1239=EDGE_LOOP('',(#170,#171));
#1240=EDGE_LOOP('',(#172,#173));
#1241=EDGE_LOOP('',(#174,#175));
#1242=EDGE_LOOP('',(#176,#177));
#1243=EDGE_LOOP('',(#178,#179));
#1244=EDGE_LOOP('',(#180,#181));
#1245=EDGE_LOOP('',(#182,#183));
#1246=EDGE_LOOP('',(#184,#185));
#1247=EDGE_LOOP('',(#186,#187));
#1248=EDGE_LOOP('',(#188,#189));
#1249=EDGE_LOOP('',(#190,#191));
#1250=EDGE_LOOP('',(#192,#193));
#1251=EDGE_LOOP('',(#194,#195));
#1252=EDGE_LOOP('',(#196,#197));
#1253=EDGE_LOOP('',(#198,#199));
#1254=EDGE_LOOP('',(#200,#201));
#1255=EDGE_LOOP('',(#202,#203));
#1256=EDGE_LOOP('',(#204,#205));
#1257=EDGE_LOOP('',(#206,#207));
#1258=EDGE_LOOP('',(#208,#209));
#1259=EDGE_LOOP('',(#210,#211));
#1260=EDGE_LOOP('',(#212,#213));
#1261=EDGE_LOOP('',(#214,#215));
#1262=EDGE_LOOP('',(#216,#217));
#1263=EDGE_LOOP('',(#218,#219));
#1264=EDGE_LOOP('',(#220,#221));
#1265=EDGE_LOOP('',(#222,#223));
#1266=EDGE_LOOP('',(#224,#225));
#1267=EDGE_LOOP('',(#226,#227));
#1268=EDGE_LOOP('',(#228,#229));
#1269=EDGE_LOOP('',(#230,#231));
#1270=EDGE_LOOP('',(#232,#233));
#1271=EDGE_LOOP('',(#234,#235));
#1272=EDGE_LOOP('',(#236,#237));
#1273=EDGE_LOOP('',(#238,#239));
#1274=EDGE_LOOP('',(#240,#241));
#1275=EDGE_LOOP('',(#242,#243));
#1276=EDGE_LOOP('',(#244,#245));
#1277=EDGE_LOOP('',(#246,#247));
#1278=EDGE_LOOP('',(#248,#249));
#1279=EDGE_LOOP('',(#250,#251));
#1280=EDGE_LOOP('',(#252,#253));
#1281=EDGE_LOOP('',(#254,#255));
#1282=EDGE_LOOP('',(#256,#257));
#1283=EDGE_LOOP('',(#258,#259));
#1284=EDGE_LOOP('',(#260,#261));
#1285=EDGE_LOOP('',(#262,#263));
#1286=EDGE_LOOP('',(#264,#265));
#1287=EDGE_LOOP('',(#266,#267));
#1288=EDGE_LOOP('',(#268,#269));
#1289=EDGE_LOOP('',(#270,#271));
#1290=EDGE_LOOP('',(#272,#273));
#1291=EDGE_LOOP('',(#274,#275));
#1292=EDGE_LOOP('',(#276,#277));
#1293=EDGE_LOOP('',(#278,#279));
#1294=EDGE_LOOP('',(#280,#281));
#1295=EDGE_LOOP('',(#282,#283));
#1296=EDGE_LOOP('',(#284,#285));
#1297=EDGE_LOOP('',(#286,#287));
#1298=EDGE_LOOP('',(#288,#289));
#1299=EDGE_LOOP('',(#290,#291));
#1300=EDGE_LOOP('',(#292,#293));
#1301=EDGE_LOOP('',(#294,#295));
#1302=EDGE_LOOP('',(#296,#297));
#1303=EDGE_LOOP('',(#298,#299));
#1304=EDGE_LOOP('',(#300,#301));
#1305=EDGE_LOOP('',(#302,#303));
#1306=EDGE_LOOP('',(#304,#305));
#1307=EDGE_LOOP('',(#306,#307));
#1308=EDGE_LOOP('',(#308,#309));
#1309=EDGE_LOOP('',(#310,#311));
#1310=EDGE_LOOP('',(#312,#313));
#1311=EDGE_LOOP('',(#314,#315));
#1312=EDGE_LOOP('',(#316,#317));
#1313=EDGE_LOOP('',(#318,#319));
#1314=EDGE_LOOP('',(#320,#321));
#1315=EDGE_LOOP('',(#322,#323));
#1316=EDGE_LOOP('',(#324,#325));
#1317=EDGE_LOOP('',(#326,#327));
#1318=EDGE_LOOP('',(#328,#329));
#1319=EDGE_LOOP('',(#330,#331));
#1320=EDGE_LOOP('',(#332,#333));
#1321=EDGE_LOOP('',(#334,#335));
#1322=EDGE_LOOP('',(#336,#337));
#1323=EDGE_LOOP('',(#338,#339));
#1324=EDGE_LOOP('',(#340,#341));
#1325=EDGE_LOOP('',(#342,#343));
#1326=EDGE_LOOP('',(#344,#345));
#1327=EDGE_LOOP('',(#346,#347));
#1328=EDGE_LOOP('',(#348,#349));
#1329=EDGE_LOOP('',(#350,#351));
#1330=EDGE_LOOP('',(#352,#353));
#1331=EDGE_LOOP('',(#354,#355));
#1332=EDGE_LOOP('',(#356,#357));
#1333=EDGE_LOOP('',(#358,#359));
#1334=EDGE_LOOP('',(#360,#361));
#1335=EDGE_LOOP('',(#362,#363));
#1336=EDGE_LOOP('',(#364,#365));
#1337=EDGE_LOOP('',(#366,#367));
#1338=EDGE_LOOP('',(#368,#369));
#1339=EDGE_LOOP('',(#370,#371));
#1340=EDGE_LOOP('',(#372,#373));
#1341=EDGE_LOOP('',(#374,#375));
#1342=EDGE_LOOP('',(#376,#377));
#1343=EDGE_LOOP('',(#378,#379));
#1344=EDGE_LOOP('',(#380,#381));
#1345=EDGE_LOOP('',(#382,#383));
#1346=EDGE_LOOP('',(#384,#385));
#1347=EDGE_LOOP('',(#386,#387));
#1348=EDGE_LOOP('',(#388,#389));
#1349=EDGE_LOOP('',(#390,#391));
#1350=EDGE_LOOP('',(#392,#393));
#1351=EDGE_LOOP('',(#394,#395));
#1352=EDGE_LOOP('',(#396,#397));
#1353=EDGE_LOOP('',(#398,#399));
#1354=EDGE_LOOP('',(#400,#401));
#1355=EDGE_LOOP('',(#402,#403));
#1356=EDGE_LOOP('',(#404,#405));
#1357=EDGE_LOOP('',(#406,#407));
#1358=EDGE_LOOP('',(#408,#409));
#1359=EDGE_LOOP('',(#410,#411));
#1360=EDGE_LOOP('',(#412,#413));
#1361=EDGE_LOOP('',(#414,#415));
#1362=EDGE_LOOP('',(#416,#417));
#1363=EDGE_LOOP('',(#418,#419));
#1364=EDGE_LOOP('',(#420,#421));
#1365=EDGE_LOOP('',(#422,#423));
#1366=EDGE_LOOP('',(#424,#425));
#1367=EDGE_LOOP('',(#426,#427));
#1368=EDGE_LOOP('',(#428,#429));
#1369=EDGE_LOOP('',(#430,#431));
#1370=EDGE_LOOP('',(#432,#433));
#1371=EDGE_LOOP('',(#434,#435));
#1372=EDGE_LOOP('',(#436,#437));
#1373=EDGE_LOOP('',(#438,#439));
#1374=EDGE_LOOP('',(#440,#441));
#1375=EDGE_LOOP('',(#442,#443));
#1376=EDGE_LOOP('',(#444,#445));
#1377=EDGE_LOOP('',(#446,#447));
#1378=EDGE_LOOP('',(#448,#449));
#1379=EDGE_LOOP('',(#450,#451));
#1380=EDGE_LOOP('',(#452,#453));
#1381=EDGE_LOOP('',(#454,#455));
#1382=EDGE_LOOP('',(#456,#457));
#1383=EDGE_LOOP('',(#458,#459));
#1384=EDGE_LOOP('',(#460,#461));
#1385=EDGE_LOOP('',(#462,#463));
#1386=EDGE_LOOP('',(#464,#465));
#1387=EDGE_LOOP('',(#466,#467));
#1388=EDGE_LOOP('',(#468,#469));
#1389=EDGE_LOOP('',(#470,#471));
#1390=EDGE_LOOP('',(#472,#473));
#1391=EDGE_LOOP('',(#474,#475));
#1392=EDGE_LOOP('',(#476,#477));
#1393=EDGE_LOOP('',(#478,#479));
#1394=EDGE_LOOP('',(#480,#481));
#1395=EDGE_LOOP('',(#482,#483));
#1396=FACE_BOUND('',#1164,.T.);
#1397=FACE_BOUND('',#1165,.T.);
#1398=FACE_BOUND('',#1166,.T.);
#1399=FACE_BOUND('',#1167,.T.);
#1400=FACE_BOUND('',#1168,.T.);
#1401=FACE_BOUND('',#1169,.T.);
#1402=FACE_BOUND('',#1170,.T.);
#1403=FACE_BOUND('',#1171,.T.);
#1404=FACE_BOUND('',#1172,.T.);
#1405=FACE_BOUND('',#1173,.T.);
#1406=FACE_BOUND('',#1174,.T.);
#1407=FACE_BOUND('',#1175,.T.);
#1408=FACE_BOUND('',#1176,.T.);
#1409=FACE_BOUND('',#1177,.T.);
#1410=FACE_BOUND('',#1178,.T.);
#1411=FACE_BOUND('',#1179,.T.);
#1412=FACE_BOUND('',#1180,.T.);
#1413=FACE_BOUND('',#1181,.T.);
#1414=FACE_BOUND('',#1182,.T.);
#1415=FACE_BOUND('',#1183,.T.);
#1416=FACE_BOUND('',#1184,.T.);
#1417=FACE_BOUND('',#1185,.T.);
#1418=FACE_BOUND('',#1186,.T.);
#1419=FACE_BOUND('',#1187,.T.);
#1420=FACE_BOUND('',#1188,.T.);
#1421=FACE_BOUND('',#1189,.T.);
#1422=FACE_BOUND('',#1190,.T.);
#1423=FACE_BOUND('',#1191,.T.);
#1424=FACE_BOUND('',#1192,.T.);
#1425=FACE_BOUND('',#1193,.T.);
#1426=FACE_BOUND('',#1194,.T.);
#1427=FACE_BOUND('',#1195,.T.);
#1428=FACE_BOUND('',#1196,.T.);
#1429=FACE_BOUND('',#1197,.T.);
#1430=FACE_BOUND('',#1198,.T.);
#1431=FACE_BOUND('',#1199,.T.);
#1432=FACE_BOUND('',#1200,.T.);
#1433=FACE_BOUND('',#1201,.T.);
#1434=FACE_BOUND('',#1202,.T.);
#1435=FACE_BOUND('',#1203,.T.);
#1436=FACE_BOUND('',#1204,.T.);
#1437=FACE_BOUND('',#1205,.T.);
#1438=FACE_BOUND('',#1206,.T.);
#1439=FACE_BOUND('',#1207,.T.);
#1440=FACE_BOUND('',#1208,.T.);
#1441=FACE_BOUND('',#1209,.T.);
#1442=FACE_BOUND('',#1210,.T.);
#1443=FACE_BOUND('',#1211,.T.);
#1444=FACE_BOUND('',#1212,.T.);
#1445=FACE_BOUND('',#1213,.T.);
#1446=FACE_BOUND('',#1214,.T.);
#1447=FACE_BOUND('',#1215,.T.);
#1448=FACE_BOUND('',#1216,.T.);
#1449=FACE_BOUND('',#1217,.T.);
#1450=FACE_BOUND('',#1218,.T.);
#1451=FACE_BOUND('',#1219,.T.);
#1452=FACE_BOUND('',#1220,.T.);
#1453=FACE_BOUND('',#1221,.T.);
#1454=FACE_BOUND('',#1222,.T.);
#1455=FACE_BOUND('',#1223,.T.);
#1456=FACE_BOUND('',#1224,.T.);
#1457=FACE_BOUND('',#1225,.T.);
#1458=FACE_BOUND('',#1226,.T.);
#1459=FACE_BOUND('',#1227,.T.);
#1460=FACE_BOUND('',#1228,.T.);
#1461=FACE_BOUND('',#1229,.T.);
#1462=FACE_BOUND('',#1230,.T.);
#1463=FACE_BOUND('',#1231,.T.);
#1464=FACE_BOUND('',#1232,.T.);
#1465=FACE_BOUND('',#1233,.T.);
#1466=FACE_BOUND('',#1234,.T.);
#1467=FACE_BOUND('',#1235,.T.);
#1468=FACE_BOUND('',#1236,.T.);
#1469=FACE_BOUND('',#1237,.T.);
#1470=FACE_BOUND('',#1238,.T.);
#1471=FACE_BOUND('',#1239,.T.);
#1472=FACE_BOUND('',#1240,.T.);
#1473=FACE_BOUND('',#1241,.T.);
#1474=FACE_BOUND('',#1242,.T.);
#1475=FACE_BOUND('',#1243,.T.);
#1476=FACE_BOUND('',#1244,.T.);
#1477=FACE_BOUND('',#1245,.T.);
#1478=FACE_BOUND('',#1246,.T.);
#1479=FACE_BOUND('',#1247,.T.);
#1480=FACE_BOUND('',#1248,.T.);
#1481=FACE_BOUND('',#1249,.T.);
#1482=FACE_BOUND('',#1250,.T.);
#1483=FACE_BOUND('',#1251,.T.);
#1484=FACE_BOUND('',#1252,.T.);
#1485=FACE_BOUND('',#1253,.T.);
#1486=FACE_BOUND('',#1254,.T.);
#1487=FACE_BOUND('',#1255,.T.);
#1488=FACE_BOUND('',#1256,.T.);
#1489=FACE_BOUND('',#1257,.T.);
#1490=FACE_BOUND('',#1258,.T.);
#1491=FACE_BOUND('',#1259,.T.);
#1492=FACE_BOUND('',#1260,.T.);
#1493=FACE_BOUND('',#1261,.T.);
#1494=FACE_BOUND('',#1262,.T.);
#1495=FACE_BOUND('',#1263,.T.);
#1496=FACE_BOUND('',#1264,.T.);
#1497=FACE_BOUND('',#1265,.T.);
#1498=FACE_BOUND('',#1266,.T.);
#1499=FACE_BOUND('',#1267,.T.);
#1500=FACE_BOUND('',#1268,.T.);
#1501=FACE_BOUND('',#1269,.T.);
#1502=FACE_BOUND('',#1270,.T.);
#1503=FACE_BOUND('',#1271,.T.);
#1504=FACE_BOUND('',#1272,.T.);
#1505=FACE_BOUND('',#1273,.T.);
#1506=FACE_BOUND('',#1274,.T.);
#1507=FACE_BOUND('',#1275,.T.);
#1508=FACE_BOUND('',#1276,.T.);
#1509=FACE_BOUND('',#1277,.T.);
#1510=FACE_BOUND('',#1278,.T.);
#1511=FACE_BOUND('',#1279,.T.);
#1512=FACE_BOUND('',#1280,.T.);
#1513=FACE_BOUND('',#1281,.T.);
#1514=FACE_BOUND('',#1282,.T.);
#1515=FACE_BOUND('',#1283,.T.);
#1516=FACE_BOUND('',#1284,.T.);
#1517=FACE_BOUND('',#1285,.T.);
#1518=FACE_BOUND('',#1286,.T.);
#1519=FACE_BOUND('',#1287,.T.);
#1520=FACE_BOUND('',#1288,.T.);
#1521=FACE_BOUND('',#1289,.T.);
#1522=FACE_BOUND('',#1290,.T.);
#1523=FACE_BOUND('',#1291,.T.);
#1524=FACE_BOUND('',#1292,.T.);
#1525=FACE_BOUND('',#1293,.T.);
#1526=FACE_BOUND('',#1294,.T.);
#1527=FACE_BOUND('',#1295,.T.);
#1528=FACE_BOUND('',#1296,.T.);
#1529=FACE_BOUND('',#1297,.T.);
#1530=FACE_BOUND('',#1298,.T.);
#1531=FACE_BOUND('',#1299,.T.);
#1532=FACE_BOUND('',#1300,.T.);
#1533=FACE_BOUND('',#1301,.T.);
#1534=FACE_BOUND('',#1302,.T.);
#1535=FACE_BOUND('',#1303,.T.);
#1536=FACE_BOUND('',#1304,.T.);
#1537=FACE_BOUND('',#1305,.T.);
#1538=FACE_BOUND('',#1306,.T.);
#1539=FACE_BOUND('',#1307,.T.);
#1540=FACE_BOUND('',#1308,.T.);
#1541=FACE_BOUND('',#1309,.T.);
#1542=FACE_BOUND('',#1310,.T.);
#1543=FACE_BOUND('',#1311,.T.);
#1544=FACE_BOUND('',#1312,.T.);
#1545=FACE_BOUND('',#1313,.T.);
#1546=FACE_BOUND('',#1314,.T.);
#1547=FACE_BOUND('',#1315,.T.);
#1548=FACE_BOUND('',#1316,.T.);
#1549=FACE_BOUND('',#1317,.T.);
#1550=FACE_BOUND('',#1318,.T.);
#1551=FACE_BOUND('',#1319,.T.);
#1552=FACE_BOUND('',#1320,.T.);
#1553=FACE_BOUND('',#1321,.T.);
#1554=FACE_BOUND('',#1322,.T.);
#1555=FACE_BOUND('',#1323,.T.);
#1556=FACE_BOUND('',#1324,.T.);
#1557=FACE_BOUND('',#1325,.T.);
#1558=FACE_BOUND('',#1326,.T.);
#1559=FACE_BOUND('',#1327,.T.);
#1560=FACE_BOUND('',#1328,.T.);
#1561=FACE_BOUND('',#1329,.T.);
#1562=FACE_BOUND('',#1330,.T.);
#1563=FACE_BOUND('',#1331,.T.);
#1564=FACE_BOUND('',#1332,.T.);
#1565=FACE_BOUND('',#1333,.T.);
#1566=FACE_BOUND('',#1334,.T.);
#1567=FACE_BOUND('',#1335,.T.);
#1568=FACE_BOUND('',#1336,.T.);
#1569=FACE_BOUND('',#1337,.T.);
#1570=FACE_BOUND('',#1338,.T.);
#1571=FACE_BOUND('',#1339,.T.);
#1572=FACE_BOUND('',#1340,.T.);
#1573=FACE_BOUND('',#1341,.T.);
#1574=FACE_BOUND('',#1342,.T.);
#1575=FACE_BOUND('',#1343,.T.);
#1576=FACE_BOUND('',#1344,.T.);
#1577=FACE_BOUND('',#1345,.T.);
#1578=FACE_BOUND('',#1346,.T.);
#1579=FACE_BOUND('',#1347,.T.);
#1580=FACE_BOUND('',#1348,.T.);
#1581=FACE_BOUND('',#1349,.T.);
#1582=FACE_BOUND('',#1350,.T.);
#1583=FACE_BOUND('',#1351,.T.);
#1584=FACE_BOUND('',#1352,.T.);
#1585=FACE_BOUND('',#1353,.T.);
#1586=FACE_BOUND('',#1354,.T.);
#1587=FACE_BOUND('',#1355,.T.);
#1588=FACE_BOUND('',#1356,.T.);
#1589=FACE_BOUND('',#1357,.T.);
#1590=FACE_BOUND('',#1358,.T.);
#1591=FACE_BOUND('',#1359,.T.);
#1592=FACE_BOUND('',#1360,.T.);
#1593=FACE_BOUND('',#1361,.T.);
#1594=FACE_BOUND('',#1362,.T.);
#1595=FACE_BOUND('',#1363,.T.);
#1596=FACE_BOUND('',#1364,.T.);
#1597=FACE_BOUND('',#1365,.T.);
#1598=FACE_BOUND('',#1366,.T.);
#1599=FACE_BOUND('',#1367,.T.);
#1600=FACE_BOUND('',#1368,.T.);
#1601=FACE_BOUND('',#1369,.T.);
#1602=FACE_BOUND('',#1370,.T.);
#1603=FACE_BOUND('',#1371,.T.);
#1604=FACE_BOUND('',#1372,.T.);
#1605=FACE_BOUND('',#1373,.T.);
#1606=FACE_BOUND('',#1374,.T.);
#1607=FACE_BOUND('',#1375,.T.);
#1608=FACE_BOUND('',#1376,.T.);
#1609=FACE_BOUND('',#1377,.T.);
#1610=FACE_BOUND('',#1378,.T.);
#1611=FACE_BOUND('',#1379,.T.);
#1612=FACE_BOUND('',#1380,.T.);
#1613=FACE_BOUND('',#1381,.T.);
#1614=FACE_BOUND('',#1382,.T.);
#1615=FACE_BOUND('',#1383,.T.);
#1616=FACE_BOUND('',#1384,.T.);
#1617=FACE_BOUND('',#1385,.T.);
#1618=FACE_BOUND('',#1386,.T.);
#1619=FACE_BOUND('',#1387,.T.);
#1620=FACE_BOUND('',#1388,.T.);
#1621=FACE_BOUND('',#1389,.T.);
#1622=FACE_BOUND('',#1390,.T.);
#1623=FACE_BOUND('',#1391,.T.);
#1624=FACE_BOUND('',#1392,.T.);
#1625=FACE_BOUND('',#1393,.T.);
#1626=FACE_BOUND('',#1394,.T.);
#1627=FACE_BOUND('',#1395,.T.);
#1628=TOROIDAL_SURFACE('',#1769,0.066,0.001);
#1629=TOROIDAL_SURFACE('',#1770,0.066,0.001);
#1630=TOROIDAL_SURFACE('',#1771,0.022,0.001);
#1631=TOROIDAL_SURFACE('',#1774,0.066,0.001);
#1632=TOROIDAL_SURFACE('',#1775,0.066,0.001);
#1633=TOROIDAL_SURFACE('',#1776,0.066,0.001);
#1634=TOROIDAL_SURFACE('',#1777,0.066,0.001);
#1635=TOROIDAL_SURFACE('',#1778,0.066,0.001);
#1636=TOROIDAL_SURFACE('',#1779,0.088,0.001);
#1637=TOROIDAL_SURFACE('',#1782,0.066,0.001);
#1638=TOROIDAL_SURFACE('',#1783,0.066,0.001);
#1639=TOROIDAL_SURFACE('',#1784,0.066,0.001);
#1640=TOROIDAL_SURFACE('',#1785,0.066,0.001);
#1641=TOROIDAL_SURFACE('',#1786,0.066,0.001);
#1642=TOROIDAL_SURFACE('',#1787,0.066,0.001);
#1643=TOROIDAL_SURFACE('',#1788,0.066,0.001);
#1644=TOROIDAL_SURFACE('',#1789,0.066,0.001);
#1645=TOROIDAL_SURFACE('',#1790,0.066,0.001);
#1646=TOROIDAL_SURFACE('',#1791,0.022,0.001);
#1647=TOROIDAL_SURFACE('',#1794,0.066,0.001);
#1648=TOROIDAL_SURFACE('',#1795,0.066,0.001);
#1649=TOROIDAL_SURFACE('',#1796,0.066,0.001);
#1650=TOROIDAL_SURFACE('',#1797,0.066,0.001);
#1651=TOROIDAL_SURFACE('',#1798,0.066,0.001);
#1652=TOROIDAL_SURFACE('',#1799,0.088,0.001);
#1653=TOROIDAL_SURFACE('',#1802,0.066,0.001);
#1654=TOROIDAL_SURFACE('',#1803,0.066,0.001);
#1655=TOROIDAL_SURFACE('',#1804,0.066,0.001);
#1656=TOROIDAL_SURFACE('',#1805,0.066,0.001);
#1657=TOROIDAL_SURFACE('',#1806,0.066,0.001);
#1658=TOROIDAL_SURFACE('',#1807,0.066,0.001);
#1659=TOROIDAL_SURFACE('',#1808,0.066,0.001);
#1660=TOROIDAL_SURFACE('',#1809,0.066,0.001);
#1661=TOROIDAL_SURFACE('',#1810,0.066,0.001);
#1662=TOROIDAL_SURFACE('',#1811,0.022,0.001);
#1663=TOROIDAL_SURFACE('',#1812,0.066,0.001);
#1664=TOROIDAL_SURFACE('',#1813,0.066,0.001);
#1665=TOROIDAL_SURFACE('',#1814,0.066,0.001);
#1666=TOROIDAL_SURFACE('',#1815,0.066,0.001);
#1667=TOROIDAL_SURFACE('',#1816,0.066,0.001);
#1668=TOROIDAL_SURFACE('',#1817,0.088,0.001);
#1669=TOROIDAL_SURFACE('',#1818,0.066,0.001);
#1670=TOROIDAL_SURFACE('',#1819,0.066,0.001);
#1671=TOROIDAL_SURFACE('',#1820,0.066,0.001);
#1672=TOROIDAL_SURFACE('',#1821,0.066,0.001);
#1673=TOROIDAL_SURFACE('',#1822,0.066,0.001);
#1674=TOROIDAL_SURFACE('',#1823,0.066,0.001);
#1675=TOROIDAL_SURFACE('',#1824,0.066,0.001);
#1676=TOROIDAL_SURFACE('',#1825,0.066,0.001);
#1677=TOROIDAL_SURFACE('',#1826,0.022,0.001);
#1678=TOROIDAL_SURFACE('',#1827,0.066,0.001);
#1679=TOROIDAL_SURFACE('',#1828,0.066,0.001);
#1680=TOROIDAL_SURFACE('',#1829,0.066,0.001);
#1681=TOROIDAL_SURFACE('',#1830,0.066,0.001);
#1682=TOROIDAL_SURFACE('',#1831,0.066,0.001);
#1683=TOROIDAL_SURFACE('',#1832,0.088,0.001);
#1684=TOROIDAL_SURFACE('',#1833,0.066,0.001);
#1685=TOROIDAL_SURFACE('',#1834,0.066,0.001);
#1686=TOROIDAL_SURFACE('',#1835,0.066,0.001);
#1687=TOROIDAL_SURFACE('',#1836,0.066,0.001);
#1688=TOROIDAL_SURFACE('',#1837,0.066,0.001);
#1689=TOROIDAL_SURFACE('',#1838,0.066,0.001);
#1690=TOROIDAL_SURFACE('',#1839,0.066,0.001);
#1691=TOROIDAL_SURFACE('',#1840,0.066,0.001);
#1692=ADVANCED_FACE('',(#1396,#1397),#1628,.T.);
#1693=ADVANCED_FACE('',(#1398,#1399),#1629,.T.);
#1694=ADVANCED_FACE('',(#1400,#1401,#1402,#1403,#1404,#1405,#1406,#1407,
#1408,#1409,#1410,#1411,#1412,#1413,#1414),#1630,.T.);
#1695=ADVANCED_FACE('',(#1415,#1416),#1631,.T.);
#1696=ADVANCED_FACE('',(#1417,#1418),#1632,.T.);
#1697=ADVANCED_FACE('',(#1419,#1420),#1633,.T.);
#1698=ADVANCED_FACE('',(#1421,#1422),#1634,.T.);
#1699=ADVANCED_FACE('',(#1423,#1424),#1635,.T.);
#1700=ADVANCED_FACE('',(#1425,#1426,#1427,#1428,#1429,#1430,#1431,#1432,
#1433,#1434,#1435,#1436,#1437,#1438,#1439),#1636,.T.);
#1701=ADVANCED_FACE('',(#1440,#1441),#1637,.T.);
#1702=ADVANCED_FACE('',(#1442,#1443),#1638,.T.);
#1703=ADVANCED_FACE('',(#1444,#1445),#1639,.T.);
#1704=ADVANCED_FACE('',(#1446,#1447),#1640,.T.);
#1705=ADVANCED_FACE('',(#1448,#1449),#1641,.T.);
#1706=ADVANCED_FACE('',(#1450,#1451),#1642,.T.);
#1707=ADVANCED_FACE('',(#1452,#1453),#1643,.T.);
#1708=ADVANCED_FACE('',(#1454,#1455),#1644,.T.);
#1709=ADVANCED_FACE('',(#1456,#1457),#1645,.T.);
#1710=ADVANCED_FACE('',(#1458,#1459,#1460,#1461,#1462,#1463,#1464,#1465,
#1466,#1467,#1468,#1469,#1470,#1471,#1472),#1646,.T.);
#1711=ADVANCED_FACE('',(#1473,#1474),#1647,.T.);
#1712=ADVANCED_FACE('',(#1475,#1476),#1648,.T.);
#1713=ADVANCED_FACE('',(#1477,#1478),#1649,.T.);
#1714=ADVANCED_FACE('',(#1479,#1480),#1650,.T.);
#1715=ADVANCED_FACE('',(#1481,#1482),#1651,.T.);
#1716=ADVANCED_FACE('',(#1483,#1484,#1485,#1486,#1487,#1488,#1489,#1490,
#1491,#1492,#1493,#1494,#1495,#1496,#1497),#1652,.T.);
#1717=ADVANCED_FACE('',(#1498,#1499),#1653,.T.);
#1718=ADVANCED_FACE('',(#1500,#1501),#1654,.T.);
#1719=ADVANCED_FACE('',(#1502,#1503),#1655,.T.);
#1720=ADVANCED_FACE('',(#1504,#1505),#1656,.T.);
#1721=ADVANCED_FACE('',(#1506,#1507),#1657,.T.);
#1722=ADVANCED_FACE('',(#1508,#1509),#1658,.T.);
#1723=ADVANCED_FACE('',(#1510,#1511),#1659,.T.);
#1724=ADVANCED_FACE('',(#1512,#1513),#1660,.T.);
#1725=ADVANCED_FACE('',(#1514,#1515),#1661,.T.);
#1726=ADVANCED_FACE('',(#1516,#1517,#1518,#1519,#1520,#1521,#1522,#1523,
#1524,#1525,#1526,#1527,#1528,#1529,#1530),#1662,.T.);
#1727=ADVANCED_FACE('',(#1531,#1532),#1663,.T.);
#1728=ADVANCED_FACE('',(#1533,#1534),#1664,.T.);
#1729=ADVANCED_FACE('',(#1535,#1536),#1665,.T.);
#1730=ADVANCED_FACE('',(#1537,#1538),#1666,.T.);
#1731=ADVANCED_FACE('',(#1539,#1540),#1667,.T.);
#1732=ADVANCED_FACE('',(#1541,#1542,#1543,#1544,#1545,#1546,#1547,#1548,
#1549,#1550,#1551,#1552,#1553,#1554,#1555),#1668,.T.);
#1733=ADVANCED_FACE('',(#1556,#1557),#1669,.T.);
#1734=ADVANCED_FACE('',(#1558,#1559),#1670,.T.);
#1735=ADVANCED_FACE('',(#1560,#1561),#1671,.T.);
#1736=ADVANCED_FACE('',(#1562,#1563),#1672,.T.);
#1737=ADVANCED_FACE('',(#1564,#1565),#1673,.T.);
#1738=ADVANCED_FACE('',(#1566,#1567),#1674,.T.);
#1739=ADVANCED_FACE('',(#1568,#1569),#1675,.T.);
#1740=ADVANCED_FACE('',(#1570,#1571),#1676,.T.);
#1741=ADVANCED_FACE('',(#1572,#1573,#1574,#1575,#1576,#1577,#1578,#1579,
#1580,#1581,#1582,#1583,#1584,#1585,#1586),#1677,.T.);
#1742=ADVANCED_FACE('',(#1587,#1588),#1678,.T.);
#1743=ADVANCED_FACE('',(#1589,#1590),#1679,.T.);
#1744=ADVANCED_FACE('',(#1591,#1592),#1680,.T.);
#1745=ADVANCED_FACE('',(#1593,#1594),#1681,.T.);
#1746=ADVANCED_FACE('',(#1595,#1596),#1682,.T.);
#1747=ADVANCED_FACE('',(#1597,#1598,#1599,#1600,#1601,#1602,#1603,#1604,
#1605,#1606,#1607,#1608,#1609,#1610,#1611),#1683,.T.);
#1748=ADVANCED_FACE('',(#1612,#1613),#1684,.T.);
#1749=ADVANCED_FACE('',(#1614,#1615),#1685,.T.);
#1750=ADVANCED_FACE('',(#1616,#1617),#1686,.T.);
#1751=ADVANCED_FACE('',(#1618,#1619),#1687,.T.);
#1752=ADVANCED_FACE('',(#1620,#1621),#1688,.T.);
#1753=ADVANCED_FACE('',(#1622,#1623),#1689,.T.);
#1754=ADVANCED_FACE('',(#1624,#1625),#1690,.T.);
#1755=ADVANCED_FACE('',(#1626,#1627),#1691,.T.);
#1756=CLOSED_SHELL('',(#1692,#1693,#1694,#1695,#1696,#1697,#1698,#1699,
#1700,#1701,#1702,#1703,#1704,#1705,#1706,#1707,#1708,#1709,#1710,#1711,
#1712,#1713,#1714,#1715,#1716,#1717,#1718,#1719,#1720,#1721,#1722,#1723,
#1724,#1725,#1726,#1727,#1728,#1729,#1730,#1731,#1732,#1733,#1734,#1735,
#1736,#1737,#1738,#1739,#1740,#1741,#1742,#1743,#1744,#1745,#1746,#1747,
#1748,#1749,#1750,#1751,#1752,#1753,#1754,#1755));
#1757=STYLED_ITEM('',(#1758),#1765);
#1758=PRESENTATION_STYLE_ASSIGNMENT((#1759));
#1759=SURFACE_STYLE_USAGE(.BOTH.,#1760);
#1760=SURFACE_SIDE_STYLE('',(#1761));
#1761=SURFACE_STYLE_FILL_AREA(#1762);
#1762=FILL_AREA_STYLE('',(#1763));
#1763=FILL_AREA_STYLE_COLOUR('',#1764);
#1764=COLOUR_RGB('',0.447058823529412,0.243137254901961,0.);
#1765=MANIFOLD_SOLID_BREP('Part 1',#1756);
#1766=SHAPE_DEFINITION_REPRESENTATION(#4306,#1767);
#1767=SHAPE_REPRESENTATION('Part 1',(#1768),#4301);
#1768=AXIS2_PLACEMENT_3D('',#1987,#1841,#1842);
#1769=AXIS2_PLACEMENT_3D('',#1988,#1843,#1844);
#1770=AXIS2_PLACEMENT_3D('',#2029,#1845,#1846);
#1771=AXIS2_PLACEMENT_3D('',#2070,#1847,#1848);
#1772=AXIS2_PLACEMENT_3D('',#2071,#1849,#1850);
#1773=AXIS2_PLACEMENT_3D('',#2332,#1851,#1852);
#1774=AXIS2_PLACEMENT_3D('',#2333,#1853,#1854);
#1775=AXIS2_PLACEMENT_3D('',#2354,#1855,#1856);
#1776=AXIS2_PLACEMENT_3D('',#2375,#1857,#1858);
#1777=AXIS2_PLACEMENT_3D('',#2396,#1859,#1860);
#1778=AXIS2_PLACEMENT_3D('',#2417,#1861,#1862);
#1779=AXIS2_PLACEMENT_3D('',#2438,#1863,#1864);
#1780=AXIS2_PLACEMENT_3D('',#2439,#1865,#1866);
#1781=AXIS2_PLACEMENT_3D('',#2600,#1867,#1868);
#1782=AXIS2_PLACEMENT_3D('',#2601,#1869,#1870);
#1783=AXIS2_PLACEMENT_3D('',#2602,#1871,#1872);
#1784=AXIS2_PLACEMENT_3D('',#2603,#1873,#1874);
#1785=AXIS2_PLACEMENT_3D('',#2604,#1875,#1876);
#1786=AXIS2_PLACEMENT_3D('',#2605,#1877,#1878);
#1787=AXIS2_PLACEMENT_3D('',#2606,#1879,#1880);
#1788=AXIS2_PLACEMENT_3D('',#2607,#1881,#1882);
#1789=AXIS2_PLACEMENT_3D('',#2608,#1883,#1884);
#1790=AXIS2_PLACEMENT_3D('',#2609,#1885,#1886);
#1791=AXIS2_PLACEMENT_3D('',#2650,#1887,#1888);
#1792=AXIS2_PLACEMENT_3D('',#2651,#1889,#1890);
#1793=AXIS2_PLACEMENT_3D('',#2923,#1891,#1892);
#1794=AXIS2_PLACEMENT_3D('',#2924,#1893,#1894);
#1795=AXIS2_PLACEMENT_3D('',#2945,#1895,#1896);
#1796=AXIS2_PLACEMENT_3D('',#2966,#1897,#1898);
#1797=AXIS2_PLACEMENT_3D('',#2987,#1899,#1900);
#1798=AXIS2_PLACEMENT_3D('',#3008,#1901,#1902);
#1799=AXIS2_PLACEMENT_3D('',#3029,#1903,#1904);
#1800=AXIS2_PLACEMENT_3D('',#3041,#1905,#1906);
#1801=AXIS2_PLACEMENT_3D('',#3202,#1907,#1908);
#1802=AXIS2_PLACEMENT_3D('',#3203,#1909,#1910);
#1803=AXIS2_PLACEMENT_3D('',#3204,#1911,#1912);
#1804=AXIS2_PLACEMENT_3D('',#3205,#1913,#1914);
#1805=AXIS2_PLACEMENT_3D('',#3206,#1915,#1916);
#1806=AXIS2_PLACEMENT_3D('',#3207,#1917,#1918);
#1807=AXIS2_PLACEMENT_3D('',#3208,#1919,#1920);
#1808=AXIS2_PLACEMENT_3D('',#3209,#1921,#1922);
#1809=AXIS2_PLACEMENT_3D('',#3210,#1923,#1924);
#1810=AXIS2_PLACEMENT_3D('',#3211,#1925,#1926);
#1811=AXIS2_PLACEMENT_3D('',#3230,#1927,#1928);
#1812=AXIS2_PLACEMENT_3D('',#3491,#1929,#1930);
#1813=AXIS2_PLACEMENT_3D('',#3512,#1931,#1932);
#1814=AXIS2_PLACEMENT_3D('',#3533,#1933,#1934);
#1815=AXIS2_PLACEMENT_3D('',#3554,#1935,#1936);
#1816=AXIS2_PLACEMENT_3D('',#3575,#1937,#1938);
#1817=AXIS2_PLACEMENT_3D('',#3596,#1939,#1940);
#1818=AXIS2_PLACEMENT_3D('',#3757,#1941,#1942);
#1819=AXIS2_PLACEMENT_3D('',#3758,#1943,#1944);
#1820=AXIS2_PLACEMENT_3D('',#3759,#1945,#1946);
#1821=AXIS2_PLACEMENT_3D('',#3760,#1947,#1948);
#1822=AXIS2_PLACEMENT_3D('',#3761,#1949,#1950);
#1823=AXIS2_PLACEMENT_3D('',#3762,#1951,#1952);
#1824=AXIS2_PLACEMENT_3D('',#3763,#1953,#1954);
#1825=AXIS2_PLACEMENT_3D('',#3764,#1955,#1956);
#1826=AXIS2_PLACEMENT_3D('',#3765,#1957,#1958);
#1827=AXIS2_PLACEMENT_3D('',#4026,#1959,#1960);
#1828=AXIS2_PLACEMENT_3D('',#4047,#1961,#1962);
#1829=AXIS2_PLACEMENT_3D('',#4068,#1963,#1964);
#1830=AXIS2_PLACEMENT_3D('',#4089,#1965,#1966);
#1831=AXIS2_PLACEMENT_3D('',#4110,#1967,#1968);
#1832=AXIS2_PLACEMENT_3D('',#4131,#1969,#1970);
#1833=AXIS2_PLACEMENT_3D('',#4292,#1971,#1972);
#1834=AXIS2_PLACEMENT_3D('',#4293,#1973,#1974);
#1835=AXIS2_PLACEMENT_3D('',#4294,#1975,#1976);
#1836=AXIS2_PLACEMENT_3D('',#4295,#1977,#1978);
#1837=AXIS2_PLACEMENT_3D('',#4296,#1979,#1980);
#1838=AXIS2_PLACEMENT_3D('',#4297,#1981,#1982);
#1839=AXIS2_PLACEMENT_3D('',#4298,#1983,#1984);
#1840=AXIS2_PLACEMENT_3D('',#4299,#1985,#1986);
#1841=DIRECTION('',(0.,0.,1.));
#1842=DIRECTION('',(1.,0.,0.));
#1843=DIRECTION('',(1.,1.22464679914735E-16,-7.39557098644699E-32));
#1844=DIRECTION('',(9.86076131526265E-32,-6.12323399573677E-17,1.));
#1845=DIRECTION('',(-1.,-1.22464679914735E-16,-1.22464679914735E-16));
#1846=DIRECTION('',(1.22464679914735E-16,6.12323399573677E-17,-1.));
#1847=DIRECTION('',(1.22464679914735E-16,-1.,-6.12323399573677E-17));
#1848=DIRECTION('',(-1.,-1.22464679914735E-16,-1.22464679914735E-16));
#1849=DIRECTION('',(1.,1.22464679914735E-16,-7.39557098644699E-32));
#1850=DIRECTION('',(-1.22464679914735E-16,1.,6.12323399573677E-17));
#1851=DIRECTION('',(-1.,-1.22464679914735E-16,-1.22464679914735E-16));
#1852=DIRECTION('',(-1.22464679914735E-16,1.,6.12323399573677E-17));
#1853=DIRECTION('',(6.12323399573676E-17,6.12323399573677E-17,-1.));
#1854=DIRECTION('',(1.,1.22464679914735E-16,6.12323399573676E-17));
#1855=DIRECTION('',(-0.222520933956315,3.24461624013561E-17,-0.974927912181824));
#1856=DIRECTION('',(0.974927912181824,1.33019712180932E-16,-0.222520933956315));
#1857=DIRECTION('',(0.974927912181824,1.33019712180932E-16,-0.222520933956315));
#1858=DIRECTION('',(0.222520933956315,-3.24461624013561E-17,0.974927912181824));
#1859=DIRECTION('',(0.900968867902419,1.36904580636431E-16,-0.433883739117558));
#1860=DIRECTION('',(0.433883739117558,-2.03299877916535E-18,0.900968867902419));
#1861=DIRECTION('',(0.78183148246803,1.33924481755076E-16,-0.623489801858734));
#1862=DIRECTION('',(0.623489801858734,2.84821078908764E-17,0.78183148246803));
#1863=DIRECTION('',(1.22464679914735E-16,-1.,-6.12323399573677E-17));
#1864=DIRECTION('',(-1.,-1.22464679914735E-16,-1.22464679914735E-16));
#1865=DIRECTION('',(-1.,-1.22464679914735E-16,-1.22464679914735E-16));
#1866=DIRECTION('',(-1.22464679914735E-16,1.,6.12323399573677E-17));
#1867=DIRECTION('',(1.,1.22464679914735E-16,-4.93038065763132E-32));
#1868=DIRECTION('',(-1.22464679914735E-16,1.,6.12323399573677E-17));
#1869=DIRECTION('',(0.623489801858734,1.24228850138587E-16,-0.78183148246803));
#1870=DIRECTION('',(0.78183148246803,5.75690027403445E-17,0.623489801858734));
#1871=DIRECTION('',(0.433883739117558,1.08303865241646E-16,-0.900968867902419));
#1872=DIRECTION('',(0.900968867902419,8.3769147405191E-17,0.433883739117558));
#1873=DIRECTION('',(0.222520933956315,8.69480723039321E-17,-0.974927912181824));
#1874=DIRECTION('',(0.974927912181824,1.05768757229644E-16,0.222520933956315));
#1875=DIRECTION('',(-0.433883739117558,2.03299877916536E-18,-0.900968867902419));
#1876=DIRECTION('',(0.900968867902419,1.36904580636431E-16,-0.433883739117558));
#1877=DIRECTION('',(-0.623489801858734,-2.84821078908763E-17,-0.78183148246803));
#1878=DIRECTION('',(0.78183148246803,1.33924481755076E-16,-0.623489801858734));
#1879=DIRECTION('',(-0.78183148246803,-5.75690027403445E-17,-0.623489801858734));
#1880=DIRECTION('',(0.623489801858734,1.24228850138587E-16,-0.78183148246803));
#1881=DIRECTION('',(-0.900968867902419,-8.3769147405191E-17,-0.433883739117559));
#1882=DIRECTION('',(0.433883739117559,1.08303865241646E-16,-0.900968867902419));
#1883=DIRECTION('',(-0.974927912181824,-1.05768757229644E-16,-0.222520933956315));
#1884=DIRECTION('',(0.222520933956315,8.69480723039321E-17,-0.974927912181824));
#1885=DIRECTION('',(1.,1.22464679914735E-16,-7.39557098644699E-32));
#1886=DIRECTION('',(9.86076131526265E-32,-6.12323399573677E-17,1.));
#1887=DIRECTION('',(-1.22464679914735E-16,1.,6.12323399573677E-17));
#1888=DIRECTION('',(-1.,-1.22464679914735E-16,-1.22464679914735E-16));
#1889=DIRECTION('',(-1.,-1.22464679914735E-16,7.39557098644699E-32));
#1890=DIRECTION('',(1.22464679914735E-16,-1.,-6.12323399573677E-17));
#1891=DIRECTION('',(1.,1.22464679914735E-16,1.22464679914735E-16));
#1892=DIRECTION('',(1.22464679914735E-16,-1.,-6.12323399573677E-17));
#1893=DIRECTION('',(6.12323399573676E-17,6.12323399573677E-17,-1.));
#1894=DIRECTION('',(1.,1.22464679914735E-16,6.12323399573676E-17));
#1895=DIRECTION('',(-0.222520933956315,3.24461624013561E-17,-0.974927912181824));
#1896=DIRECTION('',(0.974927912181824,1.33019712180932E-16,-0.222520933956315));
#1897=DIRECTION('',(0.974927912181824,1.33019712180932E-16,-0.222520933956315));
#1898=DIRECTION('',(0.222520933956315,-3.24461624013561E-17,0.974927912181824));
#1899=DIRECTION('',(0.900968867902419,1.36904580636431E-16,-0.433883739117558));
#1900=DIRECTION('',(0.433883739117558,-2.03299877916535E-18,0.900968867902419));
#1901=DIRECTION('',(0.78183148246803,1.33924481755076E-16,-0.623489801858734));
#1902=DIRECTION('',(0.623489801858734,2.84821078908764E-17,0.78183148246803));
#1903=DIRECTION('',(-1.22464679914735E-16,1.,6.12323399573677E-17));
#1904=DIRECTION('',(-1.,-1.22464679914735E-16,-1.22464679914735E-16));
#1905=DIRECTION('',(1.,1.22464679914735E-16,1.22464679914735E-16));
#1906=DIRECTION('',(1.22464679914735E-16,-1.,-6.12323399573677E-17));
#1907=DIRECTION('',(-1.,-1.22464679914735E-16,4.93038065763132E-32));
#1908=DIRECTION('',(1.22464679914735E-16,-1.,-6.12323399573677E-17));
#1909=DIRECTION('',(0.623489801858734,1.24228850138587E-16,-0.78183148246803));
#1910=DIRECTION('',(0.78183148246803,5.75690027403445E-17,0.623489801858734));
#1911=DIRECTION('',(0.433883739117558,1.08303865241646E-16,-0.900968867902419));
#1912=DIRECTION('',(0.900968867902419,8.3769147405191E-17,0.433883739117558));
#1913=DIRECTION('',(0.222520933956315,8.69480723039321E-17,-0.974927912181824));
#1914=DIRECTION('',(0.974927912181824,1.05768757229644E-16,0.222520933956315));
#1915=DIRECTION('',(-0.433883739117558,2.03299877916536E-18,-0.900968867902419));
#1916=DIRECTION('',(0.900968867902419,1.36904580636431E-16,-0.433883739117558));
#1917=DIRECTION('',(-0.623489801858734,-2.84821078908763E-17,-0.78183148246803));
#1918=DIRECTION('',(0.78183148246803,1.33924481755076E-16,-0.623489801858734));
#1919=DIRECTION('',(-0.78183148246803,-5.75690027403445E-17,-0.623489801858734));
#1920=DIRECTION('',(0.623489801858734,1.24228850138587E-16,-0.78183148246803));
#1921=DIRECTION('',(-0.900968867902419,-8.3769147405191E-17,-0.433883739117559));
#1922=DIRECTION('',(0.433883739117559,1.08303865241646E-16,-0.900968867902419));
#1923=DIRECTION('',(-0.974927912181824,-1.05768757229644E-16,-0.222520933956315));
#1924=DIRECTION('',(0.222520933956315,8.69480723039321E-17,-0.974927912181824));
#1925=DIRECTION('',(-1.,-1.22464679914735E-16,-1.22464679914735E-16));
#1926=DIRECTION('',(1.22464679914735E-16,6.12323399573677E-17,-1.));
#1927=DIRECTION('',(0.,0.,1.));
#1928=DIRECTION('',(1.,0.,0.));
#1929=DIRECTION('',(6.12323399573677E-17,1.,0.));
#1930=DIRECTION('',(-1.,6.12323399573677E-17,0.));
#1931=DIRECTION('',(0.222520933956315,0.974927912181824,0.));
#1932=DIRECTION('',(-0.974927912181824,0.222520933956315,0.));
#1933=DIRECTION('',(-0.974927912181824,0.222520933956315,0.));
#1934=DIRECTION('',(-0.222520933956315,-0.974927912181824,0.));
#1935=DIRECTION('',(-0.900968867902419,0.433883739117559,0.));
#1936=DIRECTION('',(-0.433883739117559,-0.900968867902419,0.));
#1937=DIRECTION('',(-0.78183148246803,0.623489801858734,0.));
#1938=DIRECTION('',(-0.623489801858734,-0.78183148246803,0.));
#1939=DIRECTION('',(0.,0.,1.));
#1940=DIRECTION('',(1.,0.,0.));
#1941=DIRECTION('',(-0.623489801858734,0.78183148246803,0.));
#1942=DIRECTION('',(-0.78183148246803,-0.623489801858734,0.));
#1943=DIRECTION('',(-0.433883739117558,0.900968867902419,0.));
#1944=DIRECTION('',(-0.900968867902419,-0.433883739117558,0.));
#1945=DIRECTION('',(-0.222520933956315,0.974927912181824,0.));
#1946=DIRECTION('',(-0.974927912181824,-0.222520933956315,0.));
#1947=DIRECTION('',(0.433883739117558,0.900968867902419,0.));
#1948=DIRECTION('',(-0.900968867902419,0.433883739117558,0.));
#1949=DIRECTION('',(0.623489801858734,0.78183148246803,0.));
#1950=DIRECTION('',(-0.78183148246803,0.623489801858734,0.));
#1951=DIRECTION('',(0.78183148246803,0.623489801858734,0.));
#1952=DIRECTION('',(-0.623489801858734,0.78183148246803,0.));
#1953=DIRECTION('',(0.900968867902419,0.433883739117558,0.));
#1954=DIRECTION('',(-0.433883739117558,0.900968867902419,0.));
#1955=DIRECTION('',(0.974927912181824,0.222520933956315,0.));
#1956=DIRECTION('',(-0.222520933956315,0.974927912181824,0.));
#1957=DIRECTION('',(0.,0.,-1.));
#1958=DIRECTION('',(1.,0.,0.));
#1959=DIRECTION('',(6.12323399573677E-17,1.,0.));
#1960=DIRECTION('',(-1.,6.12323399573677E-17,0.));
#1961=DIRECTION('',(0.222520933956315,0.974927912181824,0.));
#1962=DIRECTION('',(-0.974927912181824,0.222520933956315,0.));
#1963=DIRECTION('',(-0.974927912181824,0.222520933956315,0.));
#1964=DIRECTION('',(-0.222520933956315,-0.974927912181824,0.));
#1965=DIRECTION('',(-0.900968867902419,0.433883739117559,0.));
#1966=DIRECTION('',(-0.433883739117559,-0.900968867902419,0.));
#1967=DIRECTION('',(-0.78183148246803,0.623489801858734,0.));
#1968=DIRECTION('',(-0.623489801858734,-0.78183148246803,0.));
#1969=DIRECTION('',(0.,0.,-1.));
#1970=DIRECTION('',(1.,0.,0.));
#1971=DIRECTION('',(-0.623489801858734,0.78183148246803,0.));
#1972=DIRECTION('',(-0.78183148246803,-0.623489801858734,0.));
#1973=DIRECTION('',(-0.433883739117558,0.900968867902419,0.));
#1974=DIRECTION('',(-0.900968867902419,-0.433883739117558,0.));
#1975=DIRECTION('',(-0.222520933956315,0.974927912181824,0.));
#1976=DIRECTION('',(-0.974927912181824,-0.222520933956315,0.));
#1977=DIRECTION('',(0.433883739117558,0.900968867902419,0.));
#1978=DIRECTION('',(-0.900968867902419,0.433883739117558,0.));
#1979=DIRECTION('',(0.623489801858734,0.78183148246803,0.));
#1980=DIRECTION('',(-0.78183148246803,0.623489801858734,0.));
#1981=DIRECTION('',(0.78183148246803,0.623489801858734,0.));
#1982=DIRECTION('',(-0.623489801858734,0.78183148246803,0.));
#1983=DIRECTION('',(0.900968867902419,0.433883739117558,0.));
#1984=DIRECTION('',(-0.433883739117558,0.900968867902419,0.));
#1985=DIRECTION('',(0.974927912181824,0.222520933956315,0.));
#1986=DIRECTION('',(-0.222520933956315,0.974927912181824,0.));
#1987=CARTESIAN_POINT('',(0.,0.,0.));
#1988=CARTESIAN_POINT('',(1.06847540883377E-17,-0.088,0.088));
#1989=CARTESIAN_POINT('',(-1.06847540883377E-17,-0.088,0.023));
#1990=CARTESIAN_POINT('',(-0.000224104534690354,-0.0877775940601153,0.023));
#1991=CARTESIAN_POINT('',(-0.000566063419791821,-0.0874368261969705,0.0228931192183321));
#1992=CARTESIAN_POINT('',(-0.000919575891478589,-0.0870792242565358,0.0224779383134125));
#1993=CARTESIAN_POINT('',(-0.00104111557700573,-0.0869526398142657,0.0220043965657797));
#1994=CARTESIAN_POINT('',(-0.000915922234867344,-0.0870757818032775,0.0215286637579996));
#1995=CARTESIAN_POINT('',(-0.00056424339187704,-0.0874300716617859,0.0211106698118652));
#1996=CARTESIAN_POINT('',(-0.000222413099495246,-0.0877759025454792,0.021));
#1997=CARTESIAN_POINT('',(-1.06847540883377E-17,-0.088,0.021));
#1998=CARTESIAN_POINT('',(1.07768918324967E-17,-0.088,0.023));
#1999=CARTESIAN_POINT('',(-1.07768918324967E-17,-0.088,0.021));
#2000=CARTESIAN_POINT('',(1.06805660090578E-17,-0.088,0.023));
#2001=CARTESIAN_POINT('',(0.000226247122549111,-0.0877804085983151,0.023));
#2002=CARTESIAN_POINT('',(0.000572084312022414,-0.0874447002166008,0.0228900147155315));
#2003=CARTESIAN_POINT('',(0.00092254220511027,-0.0870915212231607,0.0224711783102864));
#2004=CARTESIAN_POINT('',(0.00104093664168851,-0.0869593837774776,0.0220001738510359));
#2005=CARTESIAN_POINT('',(0.000913500704575099,-0.0870723839088237,0.0215232941523735));
#2006=CARTESIAN_POINT('',(0.000557899102351723,-0.0874247263540097,0.0211069643093354));
#2007=CARTESIAN_POINT('',(0.000219487404256138,-0.08777365203672,0.021));
#2008=CARTESIAN_POINT('',(1.06889421676177E-17,-0.088,0.021));
#2009=CARTESIAN_POINT('',(2.72454989387995E-18,-0.023,0.088));
#2010=CARTESIAN_POINT('',(0.000224104534690347,-0.023,0.0877775940601153));
#2011=CARTESIAN_POINT('',(0.00056606341979181,-0.0228931192183321,0.0874368261969705));
#2012=CARTESIAN_POINT('',(0.00091957589147858,-0.0224779383134125,0.0870792242565358));
#2013=CARTESIAN_POINT('',(0.00104111557700572,-0.0220043965657796,0.0869526398142657));
#2014=CARTESIAN_POINT('',(0.000915922234867326,-0.0215286637579996,0.0870757818032775));
#2015=CARTESIAN_POINT('',(0.000564243391877037,-0.0211106698118652,0.0874300716617859));
#2016=CARTESIAN_POINT('',(0.000222413099495238,-0.021,0.0877759025454792));
#2017=CARTESIAN_POINT('',(2.47962053405048E-18,-0.021,0.088));
#2018=CARTESIAN_POINT('',(-2.81668763803891E-18,-0.023,0.088));
#2019=CARTESIAN_POINT('',(2.57175827820944E-18,-0.021,0.088));
#2020=CARTESIAN_POINT('',(-2.72036181459999E-18,-0.023,0.088));
#2021=CARTESIAN_POINT('',(-0.000226247122549103,-0.023,0.0877804085983151));
#2022=CARTESIAN_POINT('',(-0.000572084312022415,-0.0228900147155315,0.0874447002166008));
#2023=CARTESIAN_POINT('',(-0.000922542205110251,-0.0224711783102865,0.0870915212231607));
#2024=CARTESIAN_POINT('',(-0.00104093664168851,-0.0220001738510359,0.0869593837774776));
#2025=CARTESIAN_POINT('',(-0.000913500704575101,-0.0215232941523735,0.0870723839088237));
#2026=CARTESIAN_POINT('',(-0.000557899102351709,-0.0211069643093354,0.0874247263540097));
#2027=CARTESIAN_POINT('',(-0.000219487404256129,-0.021,0.08777365203672));
#2028=CARTESIAN_POINT('',(-2.48380861333042E-18,-0.021,0.088));
#2029=CARTESIAN_POINT('',(2.16459214091523E-17,-0.088,-0.088));
#2030=CARTESIAN_POINT('',(-2.72036181459999E-18,-0.023,-0.088));
#2031=CARTESIAN_POINT('',(-0.000226247122549103,-0.023,-0.0877804085983151));
#2032=CARTESIAN_POINT('',(-0.000572084312022415,-0.0228900147155315,-0.0874447002166008));
#2033=CARTESIAN_POINT('',(-0.000922542205110251,-0.0224711783102865,-0.0870915212231607));
#2034=CARTESIAN_POINT('',(-0.00104093664168851,-0.0220001738510359,-0.0869593837774776));
#2035=CARTESIAN_POINT('',(-0.000913500704575101,-0.0215232941523735,-0.0870723839088237));
#2036=CARTESIAN_POINT('',(-0.000557899102351709,-0.0211069643093354,-0.0874247263540097));
#2037=CARTESIAN_POINT('',(-0.000219487404256129,-0.021,-0.08777365203672));
#2038=CARTESIAN_POINT('',(-2.48380861333042E-18,-0.021,-0.088));
#2039=CARTESIAN_POINT('',(1.35935794705356E-17,-0.023,-0.088));
#2040=CARTESIAN_POINT('',(-2.48380861333043E-18,-0.021,-0.088));
#2041=CARTESIAN_POINT('',(1.36857172146946E-17,-0.023,-0.088));
#2042=CARTESIAN_POINT('',(0.000224104534690358,-0.023,-0.0877775940601153));
#2043=CARTESIAN_POINT('',(0.00056606341979182,-0.0228931192183321,-0.0874368261969705));
#2044=CARTESIAN_POINT('',(0.000919575891478603,-0.0224779383134125,-0.0870792242565358));
#2045=CARTESIAN_POINT('',(0.00104111557700569,-0.0220043965657796,-0.0869526398142657));
#2046=CARTESIAN_POINT('',(0.000915922234867481,-0.0215286637579996,-0.0870757818032776));
#2047=CARTESIAN_POINT('',(0.000564243391876265,-0.0211106698118652,-0.0874300716617852));
#2048=CARTESIAN_POINT('',(0.000222413099498587,-0.021,-0.0877759025454825));
#2049=CARTESIAN_POINT('',(1.34407878548651E-17,-0.021,-0.088));
#2050=CARTESIAN_POINT('',(1.34365997755852E-17,-0.088,-0.021));
#2051=CARTESIAN_POINT('',(0.000219430164154932,-0.0877737110658738,-0.021));
#2052=CARTESIAN_POINT('',(0.00055519347878493,-0.0874274880380994,-0.0211053926448576));
#2053=CARTESIAN_POINT('',(0.000911816035973151,-0.0870740150216909,-0.0215207071872301));
#2054=CARTESIAN_POINT('',(0.00104088884757079,-0.0869592384363026,-0.021994242217199));
#2055=CARTESIAN_POINT('',(0.00092410814780668,-0.0870899104909037,-0.0224687344053592));
#2056=CARTESIAN_POINT('',(0.000574682966319922,-0.0874421528300173,-0.0228884870790179));
#2057=CARTESIAN_POINT('',(0.000226188119583196,-0.0877804658654239,-0.023));
#2058=CARTESIAN_POINT('',(1.36899052939745E-17,-0.088,-0.023));
#2059=CARTESIAN_POINT('',(1.33486501107061E-17,-0.088,-0.021));
#2060=CARTESIAN_POINT('',(-1.06847540883377E-17,-0.088,-0.023));
#2061=CARTESIAN_POINT('',(-1.06847540883377E-17,-0.088,-0.023));
#2062=CARTESIAN_POINT('',(-0.000224104534690354,-0.0877775940601153,-0.023));
#2063=CARTESIAN_POINT('',(-0.000566063419791821,-0.0874368261969705,-0.0228931192183321));
#2064=CARTESIAN_POINT('',(-0.000919575891478589,-0.0870792242565358,-0.0224779383134125));
#2065=CARTESIAN_POINT('',(-0.00104111557700573,-0.0869526398142657,-0.0220043965657797));
#2066=CARTESIAN_POINT('',(-0.000915922234867344,-0.0870757818032775,-0.0215286637579996));
#2067=CARTESIAN_POINT('',(-0.00056424339187704,-0.0874300716617859,-0.0211106698118652));
#2068=CARTESIAN_POINT('',(-0.000222413099495246,-0.0877759025454792,-0.021));
#2069=CARTESIAN_POINT('',(-1.06847540883377E-17,-0.088,-0.021));
#2070=CARTESIAN_POINT('',(1.07768918324967E-17,-0.088,-5.38844591624835E-18));
#2071=CARTESIAN_POINT('',(1.07768918324967E-17,-0.088,0.022));
#2072=CARTESIAN_POINT('',(0.021,-0.088,-4.01461711226462E-18));
#2073=CARTESIAN_POINT('',(0.021,-0.0877737110658958,0.000219430164177702));
#2074=CARTESIAN_POINT('',(0.0211053926448576,-0.0874274880380944,0.000555193478779779));
#2075=CARTESIAN_POINT('',(0.0215207071872301,-0.0870740150216919,0.000911816035974123));
#2076=CARTESIAN_POINT('',(0.021994242217199,-0.0869592384363023,0.00104088884757051));
#2077=CARTESIAN_POINT('',(0.0224687344053592,-0.0870899104909038,0.000924108147806738));
#2078=CARTESIAN_POINT('',(0.0228884870790179,-0.0874421528300172,0.000574682966319819));
#2079=CARTESIAN_POINT('',(0.023,-0.087780465865424,0.000226188119583284));
#2080=CARTESIAN_POINT('',(0.023,-0.088,-3.88377627378998E-18));
#2081=CARTESIAN_POINT('',(0.021,-0.088,-4.01461711226462E-18));
#2082=CARTESIAN_POINT('',(0.023,-0.088,-3.88377627378998E-18));
#2083=CARTESIAN_POINT('',(0.023,-0.088,-3.88377627378998E-18));
#2084=CARTESIAN_POINT('',(0.023,-0.0877804085983151,-0.000226247122549105));
#2085=CARTESIAN_POINT('',(0.0228900147155315,-0.0874447002166008,-0.000572084312022417));
#2086=CARTESIAN_POINT('',(0.0224711783102865,-0.0870915212231607,-0.000922542205110251));
#2087=CARTESIAN_POINT('',(0.0220001738510359,-0.0869593837774776,-0.00104093664168851));
#2088=CARTESIAN_POINT('',(0.0215232941523735,-0.0870723839088237,-0.000913500704575082));
#2089=CARTESIAN_POINT('',(0.0211069643093354,-0.0874247263540098,-0.00055789910235181));
#2090=CARTESIAN_POINT('',(0.021,-0.0877736520367196,-0.000219487404255696));
#2091=CARTESIAN_POINT('',(0.021,-0.088,-4.01461711226462E-18));
#2092=CARTESIAN_POINT('',(0.022423341980182,-0.088,-0.00511798148099524));
#2093=CARTESIAN_POINT('',(0.0223729972591674,-0.087780408598315,-0.00533855611581907));
#2094=CARTESIAN_POINT('',(0.0221888135210113,-0.0874447002166009,-0.00565124841668588));
#2095=CARTESIAN_POINT('',(0.0217024940012178,-0.0870915212231606,-0.00589971973063144));
#2096=CARTESIAN_POINT('',(0.0212169533665297,-0.086959383777478,-0.00591033741932913));
#2097=CARTESIAN_POINT('',(0.0207803872012973,-0.0870723839088222,-0.0056799808512891));
#2098=CARTESIAN_POINT('',(0.0204536244172861,-0.0874247263540177,-0.00524065281816784));
#2099=CARTESIAN_POINT('',(0.0204246456136398,-0.0877736520366843,-0.00488692400982828));
#2100=CARTESIAN_POINT('',(0.0204734861558183,-0.088,-0.0046729396130826));
#2101=CARTESIAN_POINT('',(0.022423341980182,-0.088,-0.00511798148099524));
#2102=CARTESIAN_POINT('',(0.0204734861558183,-0.088,-0.0046729396130826));
#2103=CARTESIAN_POINT('',(0.0204734861558183,-0.088,-0.0046729396130826));
#2104=CARTESIAN_POINT('',(0.020522313960883,-0.0877737110658683,-0.00445901102127883));
#2105=CARTESIAN_POINT('',(0.0206997785584546,-0.0874274880381005,-0.00415511806371863));
#2106=CARTESIAN_POINT('',(0.0211840362826437,-0.087074015021691,-0.0038998529584576));
#2107=CARTESIAN_POINT('',(0.0216744202033411,-0.0869592384363018,-0.00387938772885774));
#2108=CARTESIAN_POINT('',(0.0221110297313121,-0.087089910490907,-0.00409882493752242));
#2109=CARTESIAN_POINT('',(0.0224425039113381,-0.0874421528299997,-0.00453289305716593));
#2110=CARTESIAN_POINT('',(0.0224736735718183,-0.0877804658655019,-0.00489746436973594));
#2111=CARTESIAN_POINT('',(0.022423341980182,-0.088,-0.00511798148099524));
#2112=CARTESIAN_POINT('',(0.00511798148099524,-0.088,0.022423341980182));
#2113=CARTESIAN_POINT('',(0.00533855611580276,-0.0877804085982977,0.0223729972591711));
#2114=CARTESIAN_POINT('',(0.00565124841668976,-0.0874447002166049,0.0221888135210104));
#2115=CARTESIAN_POINT('',(0.00589971973063056,-0.0870915212231597,0.0217024940012181));
#2116=CARTESIAN_POINT('',(0.00591033741933026,-0.0869593837774791,0.0212169533665294));
#2117=CARTESIAN_POINT('',(0.00567998085128578,-0.0870723839088188,0.0207803872012981));
#2118=CARTESIAN_POINT('',(0.00524065281818557,-0.0874247263540353,0.020453624417282));
#2119=CARTESIAN_POINT('',(0.00488692400974988,-0.0877736520366063,0.0204246456136577));
#2120=CARTESIAN_POINT('',(0.00467293961308262,-0.088,0.0204734861558183));
#2121=CARTESIAN_POINT('',(0.00511798148099525,-0.088,0.022423341980182));
#2122=CARTESIAN_POINT('',(0.00467293961308262,-0.088,0.0204734861558183));
#2123=CARTESIAN_POINT('',(0.00467293961308262,-0.088,0.0204734861558183));
#2124=CARTESIAN_POINT('',(0.00445901102131389,-0.0877737110658335,0.020522313960875));
#2125=CARTESIAN_POINT('',(0.00415511806371081,-0.0874274880381083,0.0206997785584564));
#2126=CARTESIAN_POINT('',(0.0038998529584592,-0.0870740150216895,0.0211840362826432));
#2127=CARTESIAN_POINT('',(0.00387938772885714,-0.0869592384363024,0.0216744202033413));
#2128=CARTESIAN_POINT('',(0.00409882493752348,-0.0870899104909058,0.0221110297313118));
#2129=CARTESIAN_POINT('',(0.00453289305716081,-0.0874421528300052,0.0224425039113393));
#2130=CARTESIAN_POINT('',(0.0048974643697585,-0.0877804658654781,0.0224736735718131));
#2131=CARTESIAN_POINT('',(0.00511798148099524,-0.088,0.022423341980182));
#2132=CARTESIAN_POINT('',(0.00997932599970384,-0.088,0.0207222839617557));
#2133=CARTESIAN_POINT('',(0.0101831676135096,-0.0877804085982424,0.02062411901429));
#2134=CARTESIAN_POINT('',(0.0104470353281926,-0.0874447002166172,0.0203749725641244));
#2135=CARTESIAN_POINT('',(0.0105810606737722,-0.0870915212231576,0.0198455560212064));
#2136=CARTESIAN_POINT('',(0.0104833691993448,-0.0869593837774784,0.0193698262459436));
#2137=CARTESIAN_POINT('',(0.0101616430405878,-0.0870723839088235,0.0189954648646072));
#2138=CARTESIAN_POINT('',(0.00966061831860507,-0.08742472635401,0.0187746543900599));
#2139=CARTESIAN_POINT('',(0.00930930983959973,-0.0877736520367194,0.0188251142103032));
#2140=CARTESIAN_POINT('',(0.00911155852146872,-0.088,0.0189203462259508));
#2141=CARTESIAN_POINT('',(0.00997932599970385,-0.088,0.0207222839617557));
#2142=CARTESIAN_POINT('',(0.00911155852146872,-0.088,0.0189203462259508));
#2143=CARTESIAN_POINT('',(0.00911155852146872,-0.088,0.0189203462259508));
#2144=CARTESIAN_POINT('',(0.00891385877489687,-0.0877737110658625,0.0190155534060445));
#2145=CARTESIAN_POINT('',(0.00865707463624524,-0.0874274880381017,0.0192561911403834));
#2146=CARTESIAN_POINT('',(0.00851596704118378,-0.0870740150216907,0.0197851093420134));
#2147=CARTESIAN_POINT('',(0.00860513560564805,-0.086959238436302,0.0202677522559909));
#2148=CARTESIAN_POINT('',(0.00891622582528529,-0.0870899104909066,0.0206445856989172));
#2149=CARTESIAN_POINT('',(0.00941317089503366,-0.0874421528300019,0.0208711598858095));
#2150=CARTESIAN_POINT('',(0.00977553754561002,-0.0877804658654925,0.0208204233088533));
#2151=CARTESIAN_POINT('',(0.00997932599970384,-0.088,0.0207222839617557));
#2152=CARTESIAN_POINT('',(0.0143402654427509,-0.088,0.0179821240967647));
#2153=CARTESIAN_POINT('',(0.0145171525659555,-0.0877804085982858,0.0178410613231731));
#2154=CARTESIAN_POINT('',(0.0147189642653004,-0.0874447002166075,0.0175394454044056));
#2155=CARTESIAN_POINT('',(0.0147318230520725,-0.0870915212231594,0.0169934789944649));
#2156=CARTESIAN_POINT('',(0.0145307210729671,-0.086959383777478,0.0165514151560356));
#2157=CARTESIAN_POINT('',(0.0141337580165037,-0.0870723839088232,0.0162580306014526));
#2158=CARTESIAN_POINT('',(0.0135961600773279,-0.0874247263540119,0.0161542447955836));
#2159=CARTESIAN_POINT('',(0.0132648880016783,-0.0877736520367104,0.0162816129736447));
#2160=CARTESIAN_POINT('',(0.0130932858390334,-0.088,0.0164184611318287));
#2161=CARTESIAN_POINT('',(0.0143402654427509,-0.088,0.0179821240967647));
#2162=CARTESIAN_POINT('',(0.0130932858390334,-0.088,0.0164184611318286));
#2163=CARTESIAN_POINT('',(0.0130932858390334,-0.088,0.0164184611318286));
#2164=CARTESIAN_POINT('',(0.0129217284284604,-0.0877737110659153,0.0165552736014262));
#2165=CARTESIAN_POINT('',(0.0127249293377257,-0.0874274880380898,0.0168470178916737));
#2166=CARTESIAN_POINT('',(0.0127050549768815,-0.0870740150216928,0.0173940744035542));
#2167=CARTESIAN_POINT('',(0.0128993860512543,-0.086959238436302,0.0178447745797621));
#2168=CARTESIAN_POINT('',(0.0132865299192529,-0.0870899104909045,0.0181429359352949));
#2169=CARTESIAN_POINT('',(0.0138214330382387,-0.087442152830014,0.0182532487532392));
#2170=CARTESIAN_POINT('',(0.0141634244498893,-0.0877804658654386,0.0181231500826354));
#2171=CARTESIAN_POINT('',(0.0143402654427509,-0.088,0.0179821240967647));
#2172=CARTESIAN_POINT('',(0.0179821240967647,-0.088,0.0143402654427509));
#2173=CARTESIAN_POINT('',(0.0181231868703505,-0.0877804085982763,0.0141633783195536));
#2174=CARTESIAN_POINT('',(0.0182528228731136,-0.0874447002166096,0.0138244172137584));
#2175=CARTESIAN_POINT('',(0.0181438703078042,-0.0870915212231591,0.0132892779723533));
#2176=CARTESIAN_POINT('',(0.0178494419169839,-0.0869593837774779,0.0129030469975133));
#2177=CARTESIAN_POINT('',(0.0173971473480393,-0.0870723839088241,0.0127053507963167));
#2178=CARTESIAN_POINT('',(0.0168499335971481,-0.0874247263540069,0.01272379391281));
#2179=CARTESIAN_POINT('',(0.016555309290027,-0.0877736520367328,0.0129216836763705));
#2180=CARTESIAN_POINT('',(0.0164184611318287,-0.088,0.0130932858390334));
#2181=CARTESIAN_POINT('',(0.0179821240967647,-0.088,0.0143402654427509));
#2182=CARTESIAN_POINT('',(0.0164184611318286,-0.088,0.0130932858390334));
#2183=CARTESIAN_POINT('',(0.0164184611318286,-0.088,0.0130932858390334));
#2184=CARTESIAN_POINT('',(0.0162816486622684,-0.0877737110658574,0.0132648432495596));
#2185=CARTESIAN_POINT('',(0.0161547029475157,-0.087427488038103,0.0135930648188709));
#2186=CARTESIAN_POINT('',(0.0162570584043523,-0.0870740150216904,0.0141308279431684));
#2187=CARTESIAN_POINT('',(0.0165468074171047,-0.0869592384363026,0.0145269853928151));
#2188=CARTESIAN_POINT('',(0.0169905919233499,-0.0870899104909045,0.0147315236055751));
#2189=CARTESIAN_POINT('',(0.0175366308156393,-0.0874421528300127,0.0147200435092466));
#2190=CARTESIAN_POINT('',(0.0178410981108905,-0.0877804658654446,0.014517106435617));
#2191=CARTESIAN_POINT('',(0.0179821240967647,-0.088,0.0143402654427509));
#2192=CARTESIAN_POINT('',(0.0207222839617557,-0.088,0.00997932599970384));
#2193=CARTESIAN_POINT('',(0.0208204489092025,-0.0877804085981976,0.00977548438593712));
#2194=CARTESIAN_POINT('',(0.020871408724924,-0.0874447002166272,0.00941617501825993));
#2195=CARTESIAN_POINT('',(0.020646108144097,-0.0870915212231556,0.00891869706151835));
#2196=CARTESIAN_POINT('',(0.0202731172105052,-0.0869593837774791,0.00860766618410219));
#2197=CARTESIAN_POINT('',(0.0197881710673818,-0.0870723839088227,0.00851557164933077));
#2198=CARTESIAN_POINT('',(0.0192587810872191,-0.0874247263540138,0.00865531887330195));
#2199=CARTESIAN_POINT('',(0.0190155782415911,-0.0877736520367029,0.00891380720335302));
#2200=CARTESIAN_POINT('',(0.0189203462259508,-0.088,0.00911155852146872));
#2201=CARTESIAN_POINT('',(0.0207222839617557,-0.088,0.00997932599970384));
#2202=CARTESIAN_POINT('',(0.0189203462259508,-0.088,0.00911155852146872));
#2203=CARTESIAN_POINT('',(0.0189203462259508,-0.088,0.00911155852146872));
#2204=CARTESIAN_POINT('',(0.0188251390458685,-0.0877737110658371,0.00930925826801688));
#2205=CARTESIAN_POINT('',(0.0187744122953609,-0.0874274880381076,0.00965749871635023));
#2206=CARTESIAN_POINT('',(0.0189938650398634,-0.0870740150216896,0.0101590027645141));
#2207=CARTESIAN_POINT('',(0.0193645027656116,-0.0869592384363025,0.0104807524988635));
#2208=CARTESIAN_POINT('',(0.0198426747018764,-0.0870899104909057,0.0105814111687871));
#2209=CARTESIAN_POINT('',(0.0203724686973525,-0.0874421528300063,0.0104487138181467));
#2210=CARTESIAN_POINT('',(0.0206241446146664,-0.0877804658654728,0.0101831144537804));
#2211=CARTESIAN_POINT('',(0.0207222839617557,-0.088,0.00997932599970384));
#2212=CARTESIAN_POINT('',(0.022423341980182,-0.088,0.00511798148099523));
#2213=CARTESIAN_POINT('',(0.0224736867012049,-0.0877804085983541,0.00489740684613439));
#2214=CARTESIAN_POINT('',(0.0224434149918354,-0.0874447002165922,0.00453576648887005));
#2215=CARTESIAN_POINT('',(0.0221130639074087,-0.0870915212231622,0.00410089543877478));
#2216=CARTESIAN_POINT('',(0.0216802137539257,-0.086959383777478,0.00388066104573836));
#2217=CARTESIAN_POINT('',(0.0211869332611998,-0.0870723839088204,0.00389878618191787));
#2218=CARTESIAN_POINT('',(0.0207019128759094,-0.0874247263540275,0.00415283000401407));
#2219=CARTESIAN_POINT('',(0.0205223266979868,-0.0877736520366407,0.00445895521638079));
#2220=CARTESIAN_POINT('',(0.0204734861558183,-0.088,0.0046729396130826));
#2221=CARTESIAN_POINT('',(0.022423341980182,-0.088,0.00511798148099523));
#2222=CARTESIAN_POINT('',(0.0204734861558183,-0.088,0.0046729396130826));
#2223=CARTESIAN_POINT('',(0.0204734861558183,-0.088,0.0046729396130826));
#2224=CARTESIAN_POINT('',(0.0204246583507392,-0.087773711065931,0.00488686820494949));
#2225=CARTESIAN_POINT('',(0.020452694215606,-0.0874274880380862,0.00523766530196404));
#2226=CARTESIAN_POINT('',(0.020778239970801,-0.0870740150216936,0.00567776276695072));
#2227=CARTESIAN_POINT('',(0.0212111810863294,-0.0869592384363011,0.00590897091080651));
#2228=CARTESIAN_POINT('',(0.0216997629150575,-0.0870899104909073,0.00590070259187161));
#2229=CARTESIAN_POINT('',(0.0221867459305572,-0.0874421528299994,0.00565344198617377));
#2230=CARTESIAN_POINT('',(0.0223730103885453,-0.0877804658655032,0.00533849859225597));
#2231=CARTESIAN_POINT('',(0.022423341980182,-0.088,0.00511798148099523));
#2232=CARTESIAN_POINT('',(0.0207222839617557,-0.088,-0.00997932599970384));
#2233=CARTESIAN_POINT('',(0.0206241190142842,-0.0877804085982562,-0.0101831676135217));
#2234=CARTESIAN_POINT('',(0.0203749725641257,-0.0874447002166141,-0.0104470353281899));
#2235=CARTESIAN_POINT('',(0.0198455560212062,-0.0870915212231581,-0.0105810606737726));
#2236=CARTESIAN_POINT('',(0.0193698262459435,-0.0869593837774786,-0.0104833691993449));
#2237=CARTESIAN_POINT('',(0.0189954648646078,-0.0870723839088222,-0.0101616430405865));
#2238=CARTESIAN_POINT('',(0.0187746543900567,-0.0874247263540169,-0.00966061831861155));
#2239=CARTESIAN_POINT('',(0.0188251142103171,-0.0877736520366884,-0.00930930983957088));
#2240=CARTESIAN_POINT('',(0.0189203462259508,-0.088,-0.00911155852146873));
#2241=CARTESIAN_POINT('',(0.0207222839617557,-0.088,-0.00997932599970385));
#2242=CARTESIAN_POINT('',(0.0189203462259508,-0.088,-0.00911155852146873));
#2243=CARTESIAN_POINT('',(0.0189203462259508,-0.088,-0.00911155852146873));
#2244=CARTESIAN_POINT('',(0.0190155534060306,-0.0877737110658316,-0.00891385877492563));
#2245=CARTESIAN_POINT('',(0.0192561911403865,-0.0874274880381088,-0.0086570746362387));
#2246=CARTESIAN_POINT('',(0.0197851093420127,-0.0870740150216894,-0.008515967041185));
#2247=CARTESIAN_POINT('',(0.0202677522559911,-0.0869592384363024,-0.00860513560564749));
#2248=CARTESIAN_POINT('',(0.0206445856989169,-0.0870899104909058,-0.00891622582528589));
#2249=CARTESIAN_POINT('',(0.020871159885811,-0.0874421528300054,-0.00941317089503051));
#2250=CARTESIAN_POINT('',(0.0208204233088467,-0.087780465865477,-0.00977553754562364));
#2251=CARTESIAN_POINT('',(0.0207222839617557,-0.088,-0.00997932599970384));
#2252=CARTESIAN_POINT('',(0.0179821240967647,-0.088,-0.0143402654427509));
#2253=CARTESIAN_POINT('',(0.0178410613231465,-0.0877804085983298,-0.0145171525659887));
#2254=CARTESIAN_POINT('',(0.0175394454044116,-0.0874447002165976,-0.014718964265293));
#2255=CARTESIAN_POINT('',(0.0169934789944639,-0.0870915212231612,-0.0147318230520738));
#2256=CARTESIAN_POINT('',(0.0165514151560356,-0.086959383777478,-0.0145307210729671));
#2257=CARTESIAN_POINT('',(0.0162580306014538,-0.0870723839088214,-0.0141337580165023));
#2258=CARTESIAN_POINT('',(0.0161542447955771,-0.0874247263540219,-0.013596160077336));
#2259=CARTESIAN_POINT('',(0.0162816129736735,-0.0877736520366656,-0.0132648880016421));
#2260=CARTESIAN_POINT('',(0.0164184611318286,-0.088,-0.0130932858390334));
#2261=CARTESIAN_POINT('',(0.0179821240967647,-0.088,-0.0143402654427509));
#2262=CARTESIAN_POINT('',(0.0164184611318286,-0.088,-0.0130932858390334));
#2263=CARTESIAN_POINT('',(0.0164184611318286,-0.088,-0.0130932858390334));
#2264=CARTESIAN_POINT('',(0.0165552736013573,-0.0877737110658084,-0.0129217284285467));
#2265=CARTESIAN_POINT('',(0.0168470178916891,-0.087427488038114,-0.0127249293377064));
#2266=CARTESIAN_POINT('',(0.0173940744035512,-0.0870740150216885,-0.0127050549768849));
#2267=CARTESIAN_POINT('',(0.0178447745797623,-0.0869592384363024,-0.0128993860512538));
#2268=CARTESIAN_POINT('',(0.0181429359352964,-0.0870899104909071,-0.0132865299192509));
#2269=CARTESIAN_POINT('',(0.01825324875323,-0.0874421528299984,-0.0138214330382502));
#2270=CARTESIAN_POINT('',(0.0181231500826771,-0.0877804658655078,-0.014163424449837));
#2271=CARTESIAN_POINT('',(0.0179821240967647,-0.088,-0.0143402654427509));
#2272=CARTESIAN_POINT('',(0.0143402654427509,-0.088,-0.0179821240967647));
#2273=CARTESIAN_POINT('',(0.0141633783195268,-0.0877804085983116,-0.0181231868703719));
#2274=CARTESIAN_POINT('',(0.0138244172137645,-0.0874447002166016,-0.0182528228731087));
#2275=CARTESIAN_POINT('',(0.0132892779723523,-0.0870915212231606,-0.0181438703078051));
#2276=CARTESIAN_POINT('',(0.0129030469975135,-0.0869593837774776,-0.0178494419169837));
#2277=CARTESIAN_POINT('',(0.0127053507963172,-0.0870723839088235,-0.0173971473480389));
#2278=CARTESIAN_POINT('',(0.0127237939128072,-0.0874247263540102,-0.0168499335971503));
#2279=CARTESIAN_POINT('',(0.0129216836763827,-0.0877736520367177,-0.0165553092900173));
#2280=CARTESIAN_POINT('',(0.0130932858390334,-0.088,-0.0164184611318286));
#2281=CARTESIAN_POINT('',(0.0143402654427509,-0.088,-0.0179821240967647));
#2282=CARTESIAN_POINT('',(0.0130932858390334,-0.088,-0.0164184611318286));
#2283=CARTESIAN_POINT('',(0.0130932858390334,-0.088,-0.0164184611318287));
#2284=CARTESIAN_POINT('',(0.0132648432496077,-0.0877737110659169,-0.0162816486622301));
#2285=CARTESIAN_POINT('',(0.0135930648188602,-0.0874274880380896,-0.0161547029475243));
#2286=CARTESIAN_POINT('',(0.0141308279431705,-0.0870740150216928,-0.0162570584043508));
#2287=CARTESIAN_POINT('',(0.0145269853928146,-0.0869592384363019,-0.0165468074171052));
#2288=CARTESIAN_POINT('',(0.0147315236055752,-0.0870899104909047,-0.0169905919233499));
#2289=CARTESIAN_POINT('',(0.0147200435092468,-0.087442152830013,-0.0175366308156392));
#2290=CARTESIAN_POINT('',(0.0145171064356156,-0.0877804658654427,-0.0178410981108916));
#2291=CARTESIAN_POINT('',(0.0143402654427509,-0.088,-0.0179821240967647));
#2292=CARTESIAN_POINT('',(0.00997932599970386,-0.088,-0.0207222839617557));
#2293=CARTESIAN_POINT('',(0.00977548438587218,-0.087780408598272,-0.0208204489092338));
#2294=CARTESIAN_POINT('',(0.00941617501827471,-0.0874447002166105,-0.020871408724917));
#2295=CARTESIAN_POINT('',(0.00891869706151556,-0.0870915212231589,-0.0206461081440984));
#2296=CARTESIAN_POINT('',(0.00860766618410345,-0.0869593837774777,-0.0202731172105046));
#2297=CARTESIAN_POINT('',(0.00851557164932878,-0.0870723839088248,-0.0197881710673828));
#2298=CARTESIAN_POINT('',(0.00865531887331177,-0.0874247263540032,-0.0192587810872144));
#2299=CARTESIAN_POINT('',(0.00891380720331004,-0.0877736520367493,-0.0190155782416118));
#2300=CARTESIAN_POINT('',(0.00911155852146874,-0.088,-0.0189203462259508));
#2301=CARTESIAN_POINT('',(0.00997932599970386,-0.088,-0.0207222839617557));
#2302=CARTESIAN_POINT('',(0.00911155852146874,-0.088,-0.0189203462259508));
#2303=CARTESIAN_POINT('',(0.00911155852146874,-0.088,-0.0189203462259508));
#2304=CARTESIAN_POINT('',(0.00930925826809226,-0.087773711065918,-0.0188251390458322));
#2305=CARTESIAN_POINT('',(0.00965749871633338,-0.0874274880380893,-0.0187744122953691));
#2306=CARTESIAN_POINT('',(0.0101590027645174,-0.0870740150216929,-0.0189938650398619));
#2307=CARTESIAN_POINT('',(0.0104807524988629,-0.0869592384363018,-0.019364502765612));
#2308=CARTESIAN_POINT('',(0.0105814111687865,-0.087089910490905,-0.0198426747018768));
#2309=CARTESIAN_POINT('',(0.0104487138181507,-0.087442152830011,-0.0203724686973506));
#2310=CARTESIAN_POINT('',(0.0101831144537619,-0.0877804658654515,-0.0206241446146753));
#2311=CARTESIAN_POINT('',(0.00997932599970386,-0.088,-0.0207222839617557));
#2312=CARTESIAN_POINT('',(0.00511798148099524,-0.088,-0.022423341980182));
#2313=CARTESIAN_POINT('',(0.00489740684618459,-0.087780408598301,-0.0224736867011935));
#2314=CARTESIAN_POINT('',(0.00453576648885883,-0.087444700216604,-0.022443414991838));
#2315=CARTESIAN_POINT('',(0.00410089543877675,-0.08709152122316,-0.0221130639074082));
#2316=CARTESIAN_POINT('',(0.00388066104573839,-0.0869593837774781,-0.0216802137539256));
#2317=CARTESIAN_POINT('',(0.003898786181916,-0.0870723839088223,-0.0211869332612003));
#2318=CARTESIAN_POINT('',(0.00415283000402506,-0.0874247263540166,-0.0207019128759069));
#2319=CARTESIAN_POINT('',(0.0044589552163321,-0.0877736520366891,-0.0205223266979979));
#2320=CARTESIAN_POINT('',(0.00467293961308261,-0.088,-0.0204734861558183));
#2321=CARTESIAN_POINT('',(0.00511798148099524,-0.088,-0.022423341980182));
#2322=CARTESIAN_POINT('',(0.00467293961308261,-0.088,-0.0204734861558183));
#2323=CARTESIAN_POINT('',(0.00467293961308261,-0.088,-0.0204734861558183));
#2324=CARTESIAN_POINT('',(0.00488686820493632,-0.0877737110659179,-0.0204246583507422));
#2325=CARTESIAN_POINT('',(0.00523766530196713,-0.0874274880380893,-0.0204526942156053));
#2326=CARTESIAN_POINT('',(0.00567776276695006,-0.0870740150216929,-0.0207782399708011));
#2327=CARTESIAN_POINT('',(0.00590897091080724,-0.0869592384363018,-0.0212111810863292));
#2328=CARTESIAN_POINT('',(0.00590070259186965,-0.0870899104909051,-0.0216997629150579));
#2329=CARTESIAN_POINT('',(0.00565344198618432,-0.0874421528300105,-0.0221867459305548));
#2330=CARTESIAN_POINT('',(0.00533849859220939,-0.087780465865454,-0.022373010388556));
#2331=CARTESIAN_POINT('',(0.00511798148099524,-0.088,-0.022423341980182));
#2332=CARTESIAN_POINT('',(1.34711147906209E-17,-0.088,-0.022));
#2333=CARTESIAN_POINT('',(0.088,-0.088,9.21377441589604E-20));
#2334=CARTESIAN_POINT('',(0.088,-0.023,4.07223984138786E-18));
#2335=CARTESIAN_POINT('',(0.087777594060129,-0.023,-0.000224104534703883));
#2336=CARTESIAN_POINT('',(0.0874368261969675,-0.022893119218332,-0.000566063419788738));
#2337=CARTESIAN_POINT('',(0.0870792242565364,-0.0224779383134125,-0.00091957589147914));
#2338=CARTESIAN_POINT('',(0.0869526398142656,-0.0220043965657796,-0.00104111557700557));
#2339=CARTESIAN_POINT('',(0.0870757818032775,-0.0215286637579996,-0.000915922234867316));
#2340=CARTESIAN_POINT('',(0.0874300716617861,-0.0211106698118652,-0.000564243391877228));
#2341=CARTESIAN_POINT('',(0.0877759025454782,-0.021,-0.000222413099494132));
#2342=CARTESIAN_POINT('',(0.088,-0.021,4.19470452130259E-18));
#2343=CARTESIAN_POINT('',(0.088,-0.023,4.07223984138786E-18));
#2344=CARTESIAN_POINT('',(0.088,-0.021,4.19470452130259E-18));
#2345=CARTESIAN_POINT('',(0.088,-0.021,4.19470452130259E-18));
#2346=CARTESIAN_POINT('',(0.0877758739250485,-0.021,0.000222441504540488));
#2347=CARTESIAN_POINT('',(0.0874326356862242,-0.0211091827846581,0.000561707157103181));
#2348=CARTESIAN_POINT('',(0.0870774133610295,-0.021526186115598,0.000914297787164634));
#2349=CARTESIAN_POINT('',(0.0869526406902206,-0.0219984368791644,0.00104106609687507));
#2350=CARTESIAN_POINT('',(0.0870775442629207,-0.0224753873012066,0.000921223999852274));
#2351=CARTESIAN_POINT('',(0.0874341916329148,-0.0228916084531581,0.000568696290406726));
#2352=CARTESIAN_POINT('',(0.0877775656558243,-0.023,0.000224133155866487));
#2353=CARTESIAN_POINT('',(0.088,-0.023,4.07223984138786E-18));
#2354=CARTESIAN_POINT('',(0.0857936562720005,-0.088,-0.0195818421881556));
#2355=CARTESIAN_POINT('',(0.0857936562720005,-0.023,-0.0195818421881556));
#2356=CARTESIAN_POINT('',(0.085526958563017,-0.023,-0.0197508379768242));
#2357=CARTESIAN_POINT('',(0.0851186414511651,-0.0228931192183321,-0.020008395255543));
#2358=CARTESIAN_POINT('',(0.0846913414126221,-0.0224779383134125,-0.0202734705137281));
#2359=CARTESIAN_POINT('',(0.0845408855822683,-0.0220043965657797,-0.0203637952572674));
#2360=CARTESIAN_POINT('',(0.0846887982839353,-0.0215286637579997,-0.0202691424440017));
#2361=CARTESIAN_POINT('',(0.0851124612605929,-0.0211106698118652,-0.0200051178340531));
#2362=CARTESIAN_POINT('',(0.0855256858379156,-0.021,-0.0197488125520113));
#2363=CARTESIAN_POINT('',(0.0857936562720005,-0.021,-0.0195818421881556));
#2364=CARTESIAN_POINT('',(0.0857936562720005,-0.023,-0.0195818421881556));
#2365=CARTESIAN_POINT('',(0.0857936562720005,-0.021,-0.0195818421881556));
#2366=CARTESIAN_POINT('',(0.0857936562720005,-0.021,-0.0195818421881556));
#2367=CARTESIAN_POINT('',(0.0856246473970299,-0.021,-0.0193151050130252));
#2368=CARTESIAN_POINT('',(0.0853655085673315,-0.021109182784658,-0.0189079677652295));
#2369=CARTESIAN_POINT('',(0.0850976512037766,-0.021526186115598,-0.0184851729148433));
#2370=CARTESIAN_POINT('',(0.0850042154469998,-0.0219984368791644,-0.0183338184200861));
#2371=CARTESIAN_POINT('',(0.0850993200509999,-0.0224753873012066,-0.0184784494851796));
#2372=CARTESIAN_POINT('',(0.0853685807316614,-0.0228916084531581,-0.0189015000948001));
#2373=CARTESIAN_POINT('',(0.0856266731404122,-0.023,-0.0193138322204446));
#2374=CARTESIAN_POINT('',(0.0857936562720005,-0.023,-0.0195818421881557));
#2375=CARTESIAN_POINT('',(0.0195818421881557,-0.088,0.0857936562720005));
#2376=CARTESIAN_POINT('',(0.0195818421881556,-0.023,0.0857936562720005));
#2377=CARTESIAN_POINT('',(0.0197508379768427,-0.023,0.0855269585630288));
#2378=CARTESIAN_POINT('',(0.0200083952555388,-0.0228931192183321,0.0851186414511625));
#2379=CARTESIAN_POINT('',(0.0202734705137289,-0.0224779383134126,0.0846913414126226));
#2380=CARTESIAN_POINT('',(0.0203637952572677,-0.0220043965657797,0.0845408855822684));
#2381=CARTESIAN_POINT('',(0.0202691424440001,-0.0215286637579996,0.0846887982839344));
#2382=CARTESIAN_POINT('',(0.020005117834062,-0.0211106698118652,0.0851124612605985));
#2383=CARTESIAN_POINT('',(0.0197488125519716,-0.021,0.0855256858378909));
#2384=CARTESIAN_POINT('',(0.0195818421881556,-0.021,0.0857936562720005));
#2385=CARTESIAN_POINT('',(0.0195818421881556,-0.023,0.0857936562720005));
#2386=CARTESIAN_POINT('',(0.0195818421881556,-0.021,0.0857936562720005));
#2387=CARTESIAN_POINT('',(0.0195818421881556,-0.021,0.0857936562720005));
#2388=CARTESIAN_POINT('',(0.0193151050130194,-0.021,0.085624647397039));
#2389=CARTESIAN_POINT('',(0.0189079677652308,-0.0211091827846581,0.0853655085673296));
#2390=CARTESIAN_POINT('',(0.0184851729148431,-0.021526186115598,0.0850976512037769));
#2391=CARTESIAN_POINT('',(0.0183338184200862,-0.0219984368791644,0.0850042154469997));
#2392=CARTESIAN_POINT('',(0.0184784494851796,-0.0224753873012066,0.0850993200509998));
#2393=CARTESIAN_POINT('',(0.0189015000948,-0.0228916084531581,0.0853685807316616));
#2394=CARTESIAN_POINT('',(0.0193138322204453,-0.023,0.085626673140411));
#2395=CARTESIAN_POINT('',(0.0195818421881556,-0.023,0.0857936562720005));
#2396=CARTESIAN_POINT('',(0.0381817690423451,-0.088,0.0792852603754129));
#2397=CARTESIAN_POINT('',(0.0381817690423451,-0.023,0.0792852603754129));
#2398=CARTESIAN_POINT('',(0.0382871819304829,-0.023,0.0789876442340845));
#2399=CARTESIAN_POINT('',(0.0384474226053988,-0.0228931192183321,0.0785322525985062));
#2400=CARTESIAN_POINT('',(0.0386107686697789,-0.0224779383134125,0.0780566810700352));
#2401=CARTESIAN_POINT('',(0.0386653492115265,-0.0220043965657797,0.0778898983351811));
#2402=CARTESIAN_POINT('',(0.0386059832144242,-0.0215286637579997,0.0780551647890113));
#2403=CARTESIAN_POINT('',(0.0384428521339413,-0.0211106698118652,0.0785269566531096));
#2404=CARTESIAN_POINT('',(0.0382849240792711,-0.021,0.0789868541182624));
#2405=CARTESIAN_POINT('',(0.0381817690423451,-0.021,0.0792852603754129));
#2406=CARTESIAN_POINT('',(0.0381817690423451,-0.023,0.0792852603754129));
#2407=CARTESIAN_POINT('',(0.0381817690423451,-0.021,0.0792852603754129));
#2408=CARTESIAN_POINT('',(0.0381817690423451,-0.021,0.0792852603754129));
#2409=CARTESIAN_POINT('',(0.0378841115123884,-0.021,0.0791798435111289));
#2410=CARTESIAN_POINT('',(0.0374295182310148,-0.021109182784658,0.0790177983935532));
#2411=CARTESIAN_POINT('',(0.0369577198595412,-0.0215261861155981,0.0788507374783201));
#2412=CARTESIAN_POINT('',(0.0367893687261055,-0.0219984368791644,0.0787933238945742));
#2413=CARTESIAN_POINT('',(0.036951536353739,-0.0224753873012067,0.0788538605879082));
#2414=CARTESIAN_POINT('',(0.0374238963394639,-0.0228916084531581,0.0790222327243693));
#2415=CARTESIAN_POINT('',(0.0378833214016779,-0.023,0.0791821016879081));
#2416=CARTESIAN_POINT('',(0.0381817690423451,-0.023,0.0792852603754129));
#2417=CARTESIAN_POINT('',(0.0548671025635686,-0.088,0.0688011704571866));
#2418=CARTESIAN_POINT('',(0.0548671025635686,-0.023,0.0688011704571866));
#2419=CARTESIAN_POINT('',(0.0549036467087922,-0.023,0.0684875595995706));
#2420=CARTESIAN_POINT('',(0.0549585356433658,-0.022893119218332,0.0680079286784307));
#2421=CARTESIAN_POINT('',(0.0550119616601974,-0.0224779383134125,0.0675079328022815));
#2422=CARTESIAN_POINT('',(0.0550280611038814,-0.0220043965657796,0.0673331863456766));
#2423=CARTESIAN_POINT('',(0.05500695878193,-0.0215286637579996,0.0675075194015835));
#2424=CARTESIAN_POINT('',(0.0549529013044547,-0.0211106698118652,0.0680037825390196));
#2425=CARTESIAN_POINT('',(0.0549012696493113,-0.021,0.068487291712762));
#2426=CARTESIAN_POINT('',(0.0548671025635685,-0.021,0.0688011704571866));
#2427=CARTESIAN_POINT('',(0.0548671025635686,-0.023,0.0688011704571866));
#2428=CARTESIAN_POINT('',(0.0548671025635685,-0.021,0.0688011704571866));
#2429=CARTESIAN_POINT('',(0.0548671025635685,-0.021,0.0688011704571866));
#2430=CARTESIAN_POINT('',(0.0545534504702475,-0.021,0.0687646316453455));
#2431=CARTESIAN_POINT('',(0.05407419636064,-0.0211091827846581,0.0687078058587311));
#2432=CARTESIAN_POINT('',(0.0535770524084832,-0.0215261861155981,0.0686499185236946));
#2433=CARTESIAN_POINT('',(0.0534001464651723,-0.0219984368791645,0.0686314060698073));
#2434=CARTESIAN_POINT('',(0.0535717188933439,-0.0224753873012067,0.0686543392898907));
#2435=CARTESIAN_POINT('',(0.0540697021530822,-0.0228916084531581,0.068713380000176));
#2436=CARTESIAN_POINT('',(0.0545531826608692,-0.023,0.0687670090210823));
#2437=CARTESIAN_POINT('',(0.0548671025635686,-0.023,0.0688011704571866));
#2438=CARTESIAN_POINT('',(2.69422295812417E-18,-0.022,-1.34711147906209E-18));
#2439=CARTESIAN_POINT('',(1.34711147906209E-17,-0.022,-0.088));
#2440=CARTESIAN_POINT('',(0.0195818421881557,-0.023,-0.0857936562720005));
#2441=CARTESIAN_POINT('',(0.0197508379766857,-0.023,-0.085526958562929));
#2442=CARTESIAN_POINT('',(0.0200083952555743,-0.022893119218332,-0.0851186414511847));
#2443=CARTESIAN_POINT('',(0.0202734705137225,-0.0224779383134123,-0.0846913414126183));
#2444=CARTESIAN_POINT('',(0.0203637952572686,-0.0220043965657796,-0.0845408855822691));
#2445=CARTESIAN_POINT('',(0.0202691424440028,-0.0215286637579996,-0.084688798283936));
#2446=CARTESIAN_POINT('',(0.0200051178340455,-0.0211106698118651,-0.0851124612605884));
#2447=CARTESIAN_POINT('',(0.0197488125520458,-0.021,-0.0855256858379369));
#2448=CARTESIAN_POINT('',(0.0195818421881557,-0.021,-0.0857936562720005));
#2449=CARTESIAN_POINT('',(0.0195818421881557,-0.023,-0.0857936562720005));
#2450=CARTESIAN_POINT('',(0.0195818421881557,-0.021,-0.0857936562720005));
#2451=CARTESIAN_POINT('',(0.0195818421881557,-0.021,-0.0857936562720005));
#2452=CARTESIAN_POINT('',(0.0193151050128938,-0.021,-0.0856246473972376));
#2453=CARTESIAN_POINT('',(0.0189079677652592,-0.021109182784658,-0.085365508567285));
#2454=CARTESIAN_POINT('',(0.018485172914838,-0.0215261861155978,-0.0850976512037852));
#2455=CARTESIAN_POINT('',(0.0183338184200872,-0.0219984368791643,-0.0850042154469981));
#2456=CARTESIAN_POINT('',(0.0184784494851807,-0.0224753873012066,-0.085099320050998));
#2457=CARTESIAN_POINT('',(0.018901500094792,-0.022891608453158,-0.0853685807316742));
#2458=CARTESIAN_POINT('',(0.0193138322204817,-0.023,-0.0856266731403531));
#2459=CARTESIAN_POINT('',(0.0195818421881557,-0.023,-0.0857936562720005));
#2460=CARTESIAN_POINT('',(0.0381817690423451,-0.023,-0.0792852603754129));
#2461=CARTESIAN_POINT('',(0.0382871819304829,-0.023,-0.0789876442340845));
#2462=CARTESIAN_POINT('',(0.0384474226053988,-0.0228931192183321,-0.0785322525985062));
#2463=CARTESIAN_POINT('',(0.038610768669779,-0.0224779383134125,-0.0780566810700352));
#2464=CARTESIAN_POINT('',(0.0386653492115261,-0.0220043965657796,-0.077889898335181));
#2465=CARTESIAN_POINT('',(0.0386059832144255,-0.0215286637579996,-0.0780551647890118));
#2466=CARTESIAN_POINT('',(0.0384428521339341,-0.0211106698118652,-0.0785269566531071));
#2467=CARTESIAN_POINT('',(0.038284924079303,-0.021,-0.0789868541182734));
#2468=CARTESIAN_POINT('',(0.0381817690423451,-0.021,-0.0792852603754129));
#2469=CARTESIAN_POINT('',(0.0381817690423451,-0.023,-0.0792852603754129));
#2470=CARTESIAN_POINT('',(0.0381817690423451,-0.021,-0.0792852603754129));
#2471=CARTESIAN_POINT('',(0.0381817690423451,-0.021,-0.0792852603754129));
#2472=CARTESIAN_POINT('',(0.0378841115123884,-0.021,-0.0791798435111289));
#2473=CARTESIAN_POINT('',(0.0374295182310149,-0.021109182784658,-0.0790177983935532));
#2474=CARTESIAN_POINT('',(0.0369577198595412,-0.021526186115598,-0.07885073747832));
#2475=CARTESIAN_POINT('',(0.0367893687261054,-0.0219984368791644,-0.0787933238945744));
#2476=CARTESIAN_POINT('',(0.0369515363537392,-0.0224753873012067,-0.0788538605879076));
#2477=CARTESIAN_POINT('',(0.0374238963394628,-0.0228916084531581,-0.0790222327243726));
#2478=CARTESIAN_POINT('',(0.037883321401683,-0.023,-0.0791821016878935));
#2479=CARTESIAN_POINT('',(0.0381817690423451,-0.023,-0.0792852603754129));
#2480=CARTESIAN_POINT('',(0.0548671025635686,-0.023,-0.0688011704571866));
#2481=CARTESIAN_POINT('',(0.0549036467087922,-0.023,-0.0684875595995706));
#2482=CARTESIAN_POINT('',(0.0549585356433658,-0.022893119218332,-0.0680079286784307));
#2483=CARTESIAN_POINT('',(0.0550119616601974,-0.0224779383134126,-0.0675079328022815));
#2484=CARTESIAN_POINT('',(0.0550280611038816,-0.0220043965657797,-0.0673331863456767));
#2485=CARTESIAN_POINT('',(0.0550069587819296,-0.0215286637579997,-0.0675075194015834));
#2486=CARTESIAN_POINT('',(0.0549529013044569,-0.0211106698118652,-0.0680037825390198));
#2487=CARTESIAN_POINT('',(0.0549012696493016,-0.021,-0.0684872917127609));
#2488=CARTESIAN_POINT('',(0.0548671025635686,-0.021,-0.0688011704571866));
#2489=CARTESIAN_POINT('',(0.0548671025635686,-0.023,-0.0688011704571866));
#2490=CARTESIAN_POINT('',(0.0548671025635686,-0.021,-0.0688011704571866));
#2491=CARTESIAN_POINT('',(0.0548671025635686,-0.021,-0.0688011704571866));
#2492=CARTESIAN_POINT('',(0.0545534504702475,-0.021,-0.0687646316453461));
#2493=CARTESIAN_POINT('',(0.0540741963606401,-0.0211091827846581,-0.0687078058587309));
#2494=CARTESIAN_POINT('',(0.0535770524084832,-0.021526186115598,-0.0686499185236947));
#2495=CARTESIAN_POINT('',(0.0534001464651723,-0.0219984368791644,-0.0686314060698073));
#2496=CARTESIAN_POINT('',(0.0535717188933439,-0.0224753873012066,-0.0686543392898908));
#2497=CARTESIAN_POINT('',(0.0540697021530822,-0.0228916084531581,-0.068713380000176));
#2498=CARTESIAN_POINT('',(0.0545531826608692,-0.023,-0.0687670090210823));
#2499=CARTESIAN_POINT('',(0.0548671025635686,-0.023,-0.0688011704571866));
#2500=CARTESIAN_POINT('',(0.0688011704571866,-0.023,-0.0548671025635685));
#2501=CARTESIAN_POINT('',(0.0687670133833103,-0.023,-0.0545532227476054));
#2502=CARTESIAN_POINT('',(0.0687137982173485,-0.022893119218332,-0.054073403238036));
#2503=CARTESIAN_POINT('',(0.0686546251830206,-0.0224779383134123,-0.0535740548952436));
#2504=CARTESIAN_POINT('',(0.0686314362353161,-0.0220043965657796,-0.0534001072338994));
#2505=CARTESIAN_POINT('',(0.0686496557470561,-0.0215286637579996,-0.0535747651045079));
#2506=CARTESIAN_POINT('',(0.0687073825402118,-0.0211106698118652,-0.054070614809359));
#2507=CARTESIAN_POINT('',(0.0687646363114808,-0.021,-0.0545534905227483));
#2508=CARTESIAN_POINT('',(0.0688011704571866,-0.021,-0.0548671025635685));
#2509=CARTESIAN_POINT('',(0.0688011704571866,-0.023,-0.0548671025635685));
#2510=CARTESIAN_POINT('',(0.0688011704571866,-0.021,-0.0548671025635685));
#2511=CARTESIAN_POINT('',(0.0688011704571866,-0.021,-0.0548671025635685));
#2512=CARTESIAN_POINT('',(0.0684872516261887,-0.021,-0.0549012740130576));
#2513=CARTESIAN_POINT('',(0.0680073684905558,-0.021109182784658,-0.0549525170392752));
#2514=CARTESIAN_POINT('',(0.0675098078313776,-0.0215261861155978,-0.0550067059972079));
#2515=CARTESIAN_POINT('',(0.0673332178808823,-0.0219984368791643,-0.0550280229649037));
#2516=CARTESIAN_POINT('',(0.0675055917516191,-0.0224753873012066,-0.0550122027443215));
#2517=CARTESIAN_POINT('',(0.0680042273253335,-0.022891608453158,-0.0549589514807006));
#2518=CARTESIAN_POINT('',(0.0684875195471799,-0.023,-0.0549036513758522));
#2519=CARTESIAN_POINT('',(0.0688011704571866,-0.023,-0.0548671025635685));
#2520=CARTESIAN_POINT('',(0.0792852603754129,-0.023,-0.0381817690423451));
#2521=CARTESIAN_POINT('',(0.0791821148610098,-0.023,-0.0378833595126325));
#2522=CARTESIAN_POINT('',(0.079023464024821,-0.022893119218332,-0.0374274115684232));
#2523=CARTESIAN_POINT('',(0.0788546591224292,-0.0224779383134125,-0.0369537501699862));
#2524=CARTESIAN_POINT('',(0.0787933445739906,-0.0220043965657796,-0.0367893237659855));
#2525=CARTESIAN_POINT('',(0.0788499723170222,-0.0215286637579996,-0.0369555483763555));
#2526=CARTESIAN_POINT('',(0.0790165887183863,-0.0211106698118652,-0.037426120673931));
#2527=CARTESIAN_POINT('',(0.0791798569727527,-0.021,-0.0378841495223915));
#2528=CARTESIAN_POINT('',(0.0792852603754129,-0.021,-0.0381817690423451));
#2529=CARTESIAN_POINT('',(0.0792852603754129,-0.023,-0.0381817690423451));
#2530=CARTESIAN_POINT('',(0.0792852603754129,-0.021,-0.0381817690423451));
#2531=CARTESIAN_POINT('',(0.0792852603754129,-0.021,-0.0381817690423451));
#2532=CARTESIAN_POINT('',(0.0789868160076716,-0.021,-0.0382849372534322));
#2533=CARTESIAN_POINT('',(0.0785303671903289,-0.021109182784658,-0.0384416795538699));
#2534=CARTESIAN_POINT('',(0.0780573395931959,-0.021526186115598,-0.0386052275439962));
#2535=CARTESIAN_POINT('',(0.0778899205930131,-0.0219984368791644,-0.0386653050115313));
#2536=CARTESIAN_POINT('',(0.078054452360666,-0.0224753873012066,-0.038611524642203));
#2537=CARTESIAN_POINT('',(0.0785287365785649,-0.0228916084531581,-0.0384486516453538));
#2538=CARTESIAN_POINT('',(0.0789876062244377,-0.023,-0.0382871953931059));
#2539=CARTESIAN_POINT('',(0.0792852603754129,-0.023,-0.0381817690423451));
#2540=CARTESIAN_POINT('',(0.0857936562720005,-0.023,0.0195818421881556));
#2541=CARTESIAN_POINT('',(0.0855269585630287,-0.023,0.0197508379768427));
#2542=CARTESIAN_POINT('',(0.0851186414511624,-0.0228931192183321,0.0200083952555389));
#2543=CARTESIAN_POINT('',(0.0846913414126225,-0.0224779383134125,0.0202734705137288));
#2544=CARTESIAN_POINT('',(0.0845408855822684,-0.0220043965657796,0.0203637952572676));
#2545=CARTESIAN_POINT('',(0.0846887982839345,-0.0215286637579997,0.0202691424440003));
#2546=CARTESIAN_POINT('',(0.0851124612605977,-0.0211106698118652,0.0200051178340607));
#2547=CARTESIAN_POINT('',(0.0855256858378944,-0.021,0.0197488125519773));
#2548=CARTESIAN_POINT('',(0.0857936562720005,-0.021,0.0195818421881556));
#2549=CARTESIAN_POINT('',(0.0857936562720005,-0.023,0.0195818421881556));
#2550=CARTESIAN_POINT('',(0.0857936562720005,-0.021,0.0195818421881556));
#2551=CARTESIAN_POINT('',(0.0857936562720005,-0.021,0.0195818421881557));
#2552=CARTESIAN_POINT('',(0.085624647397039,-0.021,0.0193151050130194));
#2553=CARTESIAN_POINT('',(0.0853655085673295,-0.0211091827846581,0.0189079677652308));
#2554=CARTESIAN_POINT('',(0.085097651203777,-0.021526186115598,0.018485172914843));
#2555=CARTESIAN_POINT('',(0.0850042154469996,-0.0219984368791644,0.0183338184200862));
#2556=CARTESIAN_POINT('',(0.0850993200510003,-0.0224753873012066,0.0184784494851793));
#2557=CARTESIAN_POINT('',(0.0853685807316595,-0.0228916084531581,0.0189015000948013));
#2558=CARTESIAN_POINT('',(0.0856266731404203,-0.023,0.0193138322204396));
#2559=CARTESIAN_POINT('',(0.0857936562720005,-0.023,0.0195818421881556));
#2560=CARTESIAN_POINT('',(0.0792852603754129,-0.023,0.0381817690423451));
#2561=CARTESIAN_POINT('',(0.0789876442340771,-0.023,0.038287181930462));
#2562=CARTESIAN_POINT('',(0.0785322525985079,-0.0228931192183321,0.0384474226054035));
#2563=CARTESIAN_POINT('',(0.0780566810700349,-0.0224779383134125,0.038610768669778));
#2564=CARTESIAN_POINT('',(0.0778898983351812,-0.0220043965657797,0.0386653492115267));
#2565=CARTESIAN_POINT('',(0.0780551647890112,-0.0215286637579996,0.0386059832144238));
#2566=CARTESIAN_POINT('',(0.0785269566531101,-0.0211106698118652,0.0384428521339426));
#2567=CARTESIAN_POINT('',(0.0789868541182603,-0.021,0.0382849240792651));
#2568=CARTESIAN_POINT('',(0.0792852603754129,-0.021,0.0381817690423451));
#2569=CARTESIAN_POINT('',(0.0792852603754129,-0.023,0.0381817690423451));
#2570=CARTESIAN_POINT('',(0.0792852603754129,-0.021,0.0381817690423451));
#2571=CARTESIAN_POINT('',(0.0792852603754129,-0.021,0.0381817690423451));
#2572=CARTESIAN_POINT('',(0.0791798435111146,-0.021,0.0378841115123934));
#2573=CARTESIAN_POINT('',(0.0790177983935565,-0.021109182784658,0.0374295182310136));
#2574=CARTESIAN_POINT('',(0.0788507374783194,-0.021526186115598,0.0369577198595414));
#2575=CARTESIAN_POINT('',(0.0787933238945745,-0.0219984368791644,0.0367893687261053));
#2576=CARTESIAN_POINT('',(0.0788538605879075,-0.0224753873012066,0.0369515363537392));
#2577=CARTESIAN_POINT('',(0.0790222327243728,-0.0228916084531581,0.0374238963394627));
#2578=CARTESIAN_POINT('',(0.0791821016878928,-0.023,0.0378833214016832));
#2579=CARTESIAN_POINT('',(0.0792852603754129,-0.023,0.0381817690423451));
#2580=CARTESIAN_POINT('',(0.0688011704571866,-0.023,0.0548671025635686));
#2581=CARTESIAN_POINT('',(0.0684875595995677,-0.023,0.0549036467087676));
#2582=CARTESIAN_POINT('',(0.0680079286784313,-0.0228931192183321,0.0549585356433713));
#2583=CARTESIAN_POINT('',(0.0675079328022814,-0.0224779383134125,0.0550119616601965));
#2584=CARTESIAN_POINT('',(0.0673331863456766,-0.0220043965657796,0.0550280611038813));
#2585=CARTESIAN_POINT('',(0.0675075194015836,-0.0215286637579996,0.0550069587819314));
#2586=CARTESIAN_POINT('',(0.0680037825390188,-0.0211106698118652,0.0549529013044469));
#2587=CARTESIAN_POINT('',(0.0684872917127657,-0.021,0.054901269649346));
#2588=CARTESIAN_POINT('',(0.0688011704571866,-0.021,0.0548671025635686));
#2589=CARTESIAN_POINT('',(0.0688011704571866,-0.023,0.0548671025635686));
#2590=CARTESIAN_POINT('',(0.0688011704571866,-0.021,0.0548671025635686));
#2591=CARTESIAN_POINT('',(0.0688011704571866,-0.021,0.0548671025635686));
#2592=CARTESIAN_POINT('',(0.0687646316453461,-0.021,0.0545534504702475));
#2593=CARTESIAN_POINT('',(0.0687078058587309,-0.0211091827846581,0.0540741963606401));
#2594=CARTESIAN_POINT('',(0.0686499185236946,-0.0215261861155981,0.0535770524084832));
#2595=CARTESIAN_POINT('',(0.0686314060698073,-0.0219984368791644,0.0534001464651723));
#2596=CARTESIAN_POINT('',(0.0686543392898907,-0.0224753873012066,0.0535717188933439));
#2597=CARTESIAN_POINT('',(0.068713380000176,-0.0228916084531581,0.0540697021530823));
#2598=CARTESIAN_POINT('',(0.0687670090210823,-0.023,0.0545531826608692));
#2599=CARTESIAN_POINT('',(0.0688011704571866,-0.023,0.0548671025635686));
#2600=CARTESIAN_POINT('',(2.69422295812418E-18,-0.022,0.088));
#2601=CARTESIAN_POINT('',(0.0688011704571866,-0.088,0.0548671025635686));
#2602=CARTESIAN_POINT('',(0.0792852603754129,-0.088,0.0381817690423451));
#2603=CARTESIAN_POINT('',(0.0857936562720005,-0.088,0.0195818421881556));
#2604=CARTESIAN_POINT('',(0.0792852603754129,-0.088,-0.0381817690423451));
#2605=CARTESIAN_POINT('',(0.0688011704571866,-0.088,-0.0548671025635686));
#2606=CARTESIAN_POINT('',(0.0548671025635686,-0.088,-0.0688011704571866));
#2607=CARTESIAN_POINT('',(0.0381817690423451,-0.088,-0.0792852603754129));
#2608=CARTESIAN_POINT('',(0.0195818421881557,-0.088,-0.0857936562720005));
#2609=CARTESIAN_POINT('',(-1.08690295766557E-17,0.088,0.088));
#2610=CARTESIAN_POINT('',(-2.90882538219787E-18,0.023,0.088));
#2611=CARTESIAN_POINT('',(0.000224104534690339,0.023,0.0877775940601153));
#2612=CARTESIAN_POINT('',(0.000566063419791799,0.022893119218332,0.0874368261969705));
#2613=CARTESIAN_POINT('',(0.000919575891478575,0.0224779383134125,0.0870792242565357));
#2614=CARTESIAN_POINT('',(0.00104111557700571,0.0220043965657797,0.0869526398142657));
#2615=CARTESIAN_POINT('',(0.000915922234867334,0.0215286637579997,0.0870757818032775));
#2616=CARTESIAN_POINT('',(0.000564243391877006,0.0211106698118652,0.0874300716617858));
#2617=CARTESIAN_POINT('',(0.000222413099495231,0.021,0.0877759025454792));
#2618=CARTESIAN_POINT('',(-2.6638960223684E-18,0.021,0.088));
#2619=CARTESIAN_POINT('',(-2.90882538219787E-18,0.023,0.088));
#2620=CARTESIAN_POINT('',(0.,0.021,0.088));
#2621=CARTESIAN_POINT('',(-8.79496648790136E-20,0.021,0.088));
#2622=CARTESIAN_POINT('',(-0.000219430164154918,0.021,0.0877737110658738));
#2623=CARTESIAN_POINT('',(-0.000555193478784894,0.0211053926448576,0.0874274880380993));
#2624=CARTESIAN_POINT('',(-0.000911816035973144,0.0215207071872301,0.087074015021691));
#2625=CARTESIAN_POINT('',(-0.00104088884757078,0.021994242217199,0.0869592384363026));
#2626=CARTESIAN_POINT('',(-0.000924108147806671,0.0224687344053592,0.0870899104909037));
#2627=CARTESIAN_POINT('',(-0.000574682966319926,0.0228884870790179,0.0874421528300173));
#2628=CARTESIAN_POINT('',(-0.000226188119583181,0.023,0.0877804658654239));
#2629=CARTESIAN_POINT('',(-9.63258234389198E-20,0.023,0.088));
#2630=CARTESIAN_POINT('',(-1.08732176559356E-17,0.088,0.023));
#2631=CARTESIAN_POINT('',(0.000226247122549091,0.0877804085983151,0.023));
#2632=CARTESIAN_POINT('',(0.000572084312022398,0.0874447002166008,0.0228900147155315));
#2633=CARTESIAN_POINT('',(0.000922542205110239,0.0870915212231607,0.0224711783102864));
#2634=CARTESIAN_POINT('',(0.00104093664168849,0.0869593837774776,0.0220001738510359));
#2635=CARTESIAN_POINT('',(0.000913500704575084,0.0870723839088237,0.0215232941523735));
#2636=CARTESIAN_POINT('',(0.000557899102351702,0.0874247263540097,0.0211069643093354));
#2637=CARTESIAN_POINT('',(0.000219487404256117,0.08777365203672,0.021));
#2638=CARTESIAN_POINT('',(-1.08648414973757E-17,0.088,0.021));
#2639=CARTESIAN_POINT('',(0.,0.088,0.023));
#2640=CARTESIAN_POINT('',(-1.08648414973757E-17,0.088,0.021));
#2641=CARTESIAN_POINT('',(-9.21377441589651E-20,0.088,0.023));
#2642=CARTESIAN_POINT('',(-0.000224104534690344,0.0877775940601153,0.023));
#2643=CARTESIAN_POINT('',(-0.000566063419791799,0.0874368261969705,0.0228931192183321));
#2644=CARTESIAN_POINT('',(-0.000919575891478589,0.0870792242565358,0.0224779383134125));
#2645=CARTESIAN_POINT('',(-0.00104111557700568,0.0869526398142657,0.0220043965657796));
#2646=CARTESIAN_POINT('',(-0.000915922234867465,0.0870757818032776,0.0215286637579996));
#2647=CARTESIAN_POINT('',(-0.000564243391876275,0.0874300716617852,0.0211106698118652));
#2648=CARTESIAN_POINT('',(-0.000222413099498573,0.0877759025454826,0.021));
#2649=CARTESIAN_POINT('',(-9.21377441589651E-20,0.088,0.021));
#2650=CARTESIAN_POINT('',(-1.07768918324967E-17,0.088,5.38844591624835E-18));
#2651=CARTESIAN_POINT('',(-1.07768918324967E-17,0.088,0.022));
#2652=CARTESIAN_POINT('',(0.021,0.088,6.76227472023209E-18));
#2653=CARTESIAN_POINT('',(0.021,0.0877737110658958,0.000219430164177712));
#2654=CARTESIAN_POINT('',(0.0211053926448576,0.0874274880380944,0.000555193478779784));
#2655=CARTESIAN_POINT('',(0.0215207071872301,0.0870740150216919,0.000911816035974125));
#2656=CARTESIAN_POINT('',(0.021994242217199,0.0869592384363024,0.00104088884757052));
#2657=CARTESIAN_POINT('',(0.0224687344053592,0.0870899104909038,0.000924108147806753));
#2658=CARTESIAN_POINT('',(0.0228884870790179,0.0874421528300173,0.000574682966319847));
#2659=CARTESIAN_POINT('',(0.023,0.087780465865424,0.000226188119583294));
#2660=CARTESIAN_POINT('',(0.023,0.088,6.89311555870673E-18));
#2661=CARTESIAN_POINT('',(0.021,0.088,6.76227472023209E-18));
#2662=CARTESIAN_POINT('',(0.023,0.088,6.89311555870673E-18));
#2663=CARTESIAN_POINT('',(0.023,0.088,6.89311555870673E-18));
#2664=CARTESIAN_POINT('',(0.023,0.0877804085983151,-0.000226247122549089));
#2665=CARTESIAN_POINT('',(0.0228900147155315,0.0874447002166008,-0.000572084312022404));
#2666=CARTESIAN_POINT('',(0.0224711783102864,0.0870915212231607,-0.000922542205110249));
#2667=CARTESIAN_POINT('',(0.0220001738510359,0.0869593837774776,-0.0010409366416885));
#2668=CARTESIAN_POINT('',(0.0215232941523735,0.0870723839088236,-0.000913500704575071));
#2669=CARTESIAN_POINT('',(0.0211069643093354,0.0874247263540098,-0.000557899102351799));
#2670=CARTESIAN_POINT('',(0.021,0.0877736520367196,-0.000219487404255681));
#2671=CARTESIAN_POINT('',(0.021,0.088,6.76227472023209E-18));
#2672=CARTESIAN_POINT('',(0.022423341980182,0.088,-0.00511798148099523));
#2673=CARTESIAN_POINT('',(0.0223729972591674,0.087780408598315,-0.00533855611581908));
#2674=CARTESIAN_POINT('',(0.0221888135210113,0.0874447002166009,-0.00565124841668588));
#2675=CARTESIAN_POINT('',(0.0217024940012178,0.0870915212231606,-0.00589971973063144));
#2676=CARTESIAN_POINT('',(0.0212169533665297,0.086959383777478,-0.00591033741932912));
#2677=CARTESIAN_POINT('',(0.0207803872012973,0.0870723839088221,-0.00567998085128911));
#2678=CARTESIAN_POINT('',(0.0204536244172861,0.0874247263540176,-0.00524065281816777));
#2679=CARTESIAN_POINT('',(0.0204246456136397,0.0877736520366846,-0.00488692400982856));
#2680=CARTESIAN_POINT('',(0.0204734861558183,0.088,-0.00467293961308259));
#2681=CARTESIAN_POINT('',(0.022423341980182,0.088,-0.00511798148099523));
#2682=CARTESIAN_POINT('',(0.0204734861558183,0.088,-0.00467293961308259));
#2683=CARTESIAN_POINT('',(0.0204734861558183,0.088,-0.00467293961308259));
#2684=CARTESIAN_POINT('',(0.020522313960883,0.0877737110658685,-0.00445901102127858));
#2685=CARTESIAN_POINT('',(0.0206997785584546,0.0874274880381004,-0.00415511806371869));
#2686=CARTESIAN_POINT('',(0.0211840362826437,0.0870740150216909,-0.00389985295845759));
#2687=CARTESIAN_POINT('',(0.0216744202033411,0.0869592384363018,-0.00387938772885775));
#2688=CARTESIAN_POINT('',(0.0221110297313121,0.087089910490907,-0.0040988249375224));
#2689=CARTESIAN_POINT('',(0.0224425039113381,0.0874421528299999,-0.00453289305716587));
#2690=CARTESIAN_POINT('',(0.0224736735718182,0.0877804658655015,-0.00489746436973621));
#2691=CARTESIAN_POINT('',(0.022423341980182,0.088,-0.00511798148099523));
#2692=CARTESIAN_POINT('',(0.00511798148099522,0.088,0.022423341980182));
#2693=CARTESIAN_POINT('',(0.00533855611580249,0.0877804085982974,0.0223729972591712));
#2694=CARTESIAN_POINT('',(0.00565124841668974,0.087444700216605,0.0221888135210104));
#2695=CARTESIAN_POINT('',(0.0058997197306305,0.0870915212231596,0.0217024940012181));
#2696=CARTESIAN_POINT('',(0.00591033741933021,0.0869593837774791,0.0212169533665294));
#2697=CARTESIAN_POINT('',(0.00567998085128574,0.0870723839088188,0.0207803872012981));
#2698=CARTESIAN_POINT('',(0.00524065281818556,0.0874247263540353,0.020453624417282));
#2699=CARTESIAN_POINT('',(0.00488692400974982,0.0877736520366062,0.0204246456136577));
#2700=CARTESIAN_POINT('',(0.00467293961308259,0.088,0.0204734861558183));
#2701=CARTESIAN_POINT('',(0.00511798148099522,0.088,0.022423341980182));
#2702=CARTESIAN_POINT('',(0.00467293961308259,0.088,0.0204734861558183));
#2703=CARTESIAN_POINT('',(0.00467293961308259,0.088,0.0204734861558183));
#2704=CARTESIAN_POINT('',(0.00445901102131384,0.0877737110658335,0.020522313960875));
#2705=CARTESIAN_POINT('',(0.00415511806371075,0.0874274880381083,0.0206997785584564));
#2706=CARTESIAN_POINT('',(0.00389985295845915,0.0870740150216895,0.0211840362826432));
#2707=CARTESIAN_POINT('',(0.00387938772885709,0.0869592384363024,0.0216744202033413));
#2708=CARTESIAN_POINT('',(0.00409882493752342,0.0870899104909059,0.0221110297313118));
#2709=CARTESIAN_POINT('',(0.00453289305716085,0.0874421528300051,0.0224425039113393));
#2710=CARTESIAN_POINT('',(0.00489746436975822,0.0877804658654783,0.0224736735718132));
#2711=CARTESIAN_POINT('',(0.00511798148099522,0.088,0.022423341980182));
#2712=CARTESIAN_POINT('',(0.00997932599970382,0.088,0.0207222839617557));
#2713=CARTESIAN_POINT('',(0.0101831676135097,0.0877804085982424,0.02062411901429));
#2714=CARTESIAN_POINT('',(0.0104470353281926,0.0874447002166172,0.0203749725641244));
#2715=CARTESIAN_POINT('',(0.0105810606737721,0.0870915212231576,0.0198455560212064));
#2716=CARTESIAN_POINT('',(0.0104833691993447,0.0869593837774784,0.0193698262459436));
#2717=CARTESIAN_POINT('',(0.0101616430405877,0.0870723839088235,0.0189954648646073));
#2718=CARTESIAN_POINT('',(0.00966061831860518,0.0874247263540101,0.0187746543900598));
#2719=CARTESIAN_POINT('',(0.00930930983959916,0.0877736520367188,0.0188251142103034));
#2720=CARTESIAN_POINT('',(0.0091115585214687,0.088,0.0189203462259508));
#2721=CARTESIAN_POINT('',(0.00997932599970383,0.088,0.0207222839617557));
#2722=CARTESIAN_POINT('',(0.0091115585214687,0.088,0.0189203462259508));
#2723=CARTESIAN_POINT('',(0.0091115585214687,0.088,0.0189203462259508));
#2724=CARTESIAN_POINT('',(0.00891385877489685,0.0877737110658625,0.0190155534060445));
#2725=CARTESIAN_POINT('',(0.00865707463624519,0.0874274880381018,0.0192561911403834));
#2726=CARTESIAN_POINT('',(0.00851596704118373,0.0870740150216907,0.0197851093420133));
#2727=CARTESIAN_POINT('',(0.00860513560564799,0.0869592384363019,0.0202677522559909));
#2728=CARTESIAN_POINT('',(0.00891622582528522,0.0870899104909066,0.0206445856989172));
#2729=CARTESIAN_POINT('',(0.00941317089503373,0.0874421528300017,0.0208711598858094));
#2730=CARTESIAN_POINT('',(0.00977553754560955,0.0877804658654931,0.0208204233088535));
#2731=CARTESIAN_POINT('',(0.00997932599970382,0.088,0.0207222839617557));
#2732=CARTESIAN_POINT('',(0.0143402654427509,0.088,0.0179821240967647));
#2733=CARTESIAN_POINT('',(0.0145171525659554,0.0877804085982859,0.0178410613231731));
#2734=CARTESIAN_POINT('',(0.0147189642653003,0.0874447002166074,0.0175394454044057));
#2735=CARTESIAN_POINT('',(0.0147318230520724,0.0870915212231594,0.0169934789944649));
#2736=CARTESIAN_POINT('',(0.014530721072967,0.0869593837774781,0.0165514151560357));
#2737=CARTESIAN_POINT('',(0.0141337580165036,0.0870723839088232,0.0162580306014527));
#2738=CARTESIAN_POINT('',(0.0135961600773281,0.0874247263540122,0.0161542447955834));
#2739=CARTESIAN_POINT('',(0.0132648880016774,0.0877736520367092,0.0162816129736454));
#2740=CARTESIAN_POINT('',(0.0130932858390334,0.088,0.0164184611318287));
#2741=CARTESIAN_POINT('',(0.0143402654427509,0.088,0.0179821240967647));
#2742=CARTESIAN_POINT('',(0.0130932858390334,0.088,0.0164184611318286));
#2743=CARTESIAN_POINT('',(0.0130932858390334,0.088,0.0164184611318286));
#2744=CARTESIAN_POINT('',(0.0129217284284595,0.0877737110659164,0.0165552736014269));
#2745=CARTESIAN_POINT('',(0.0127249293377258,0.0874274880380898,0.0168470178916736));
#2746=CARTESIAN_POINT('',(0.0127050549768813,0.0870740150216928,0.0173940744035542));
#2747=CARTESIAN_POINT('',(0.0128993860512542,0.086959238436302,0.0178447745797621));
#2748=CARTESIAN_POINT('',(0.0132865299192529,0.0870899104909044,0.0181429359352949));
#2749=CARTESIAN_POINT('',(0.0138214330382385,0.087442152830014,0.0182532487532393));
#2750=CARTESIAN_POINT('',(0.0141634244498899,0.0877804658654378,0.0181231500826349));
#2751=CARTESIAN_POINT('',(0.0143402654427509,0.088,0.0179821240967647));
#2752=CARTESIAN_POINT('',(0.0179821240967647,0.088,0.0143402654427509));
#2753=CARTESIAN_POINT('',(0.0181231868703512,0.0877804085982774,0.0141633783195527));
#2754=CARTESIAN_POINT('',(0.0182528228731134,0.0874447002166093,0.0138244172137586));
#2755=CARTESIAN_POINT('',(0.0181438703078043,0.0870915212231591,0.0132892779723533));
#2756=CARTESIAN_POINT('',(0.0178494419169838,0.0869593837774779,0.0129030469975133));
#2757=CARTESIAN_POINT('',(0.0173971473480393,0.0870723839088241,0.0127053507963167));
#2758=CARTESIAN_POINT('',(0.016849933597148,0.0874247263540067,0.0127237939128101));
#2759=CARTESIAN_POINT('',(0.0165553092900274,0.0877736520367335,0.0129216836763699));
#2760=CARTESIAN_POINT('',(0.0164184611318286,0.088,0.0130932858390334));
#2761=CARTESIAN_POINT('',(0.0179821240967647,0.088,0.0143402654427509));
#2762=CARTESIAN_POINT('',(0.0164184611318286,0.088,0.0130932858390334));
#2763=CARTESIAN_POINT('',(0.0164184611318286,0.088,0.0130932858390334));
#2764=CARTESIAN_POINT('',(0.0162816486622686,0.0877737110658571,0.0132648432495594));
#2765=CARTESIAN_POINT('',(0.0161547029475157,0.087427488038103,0.013593064818871));
#2766=CARTESIAN_POINT('',(0.0162570584043523,0.0870740150216904,0.0141308279431684));
#2767=CARTESIAN_POINT('',(0.0165468074171047,0.0869592384363026,0.0145269853928151));
#2768=CARTESIAN_POINT('',(0.0169905919233499,0.0870899104909044,0.014731523605575));
#2769=CARTESIAN_POINT('',(0.0175366308156391,0.0874421528300129,0.0147200435092468));
#2770=CARTESIAN_POINT('',(0.0178410981108911,0.0877804658654435,0.0145171064356161));
#2771=CARTESIAN_POINT('',(0.0179821240967647,0.088,0.0143402654427509));
#2772=CARTESIAN_POINT('',(0.0207222839617557,0.088,0.00997932599970385));
#2773=CARTESIAN_POINT('',(0.0208204489092023,0.0877804085981971,0.00977548438593758));
#2774=CARTESIAN_POINT('',(0.0208714087249241,0.0874447002166274,0.00941617501825983));
#2775=CARTESIAN_POINT('',(0.0206461081440969,0.0870915212231556,0.00891869706151839));
#2776=CARTESIAN_POINT('',(0.0202731172105051,0.0869593837774792,0.00860766618410224));
#2777=CARTESIAN_POINT('',(0.0197881710673818,0.0870723839088226,0.00851557164933081));
#2778=CARTESIAN_POINT('',(0.0192587810872191,0.0874247263540138,0.00865531887330204));
#2779=CARTESIAN_POINT('',(0.0190155782415911,0.0877736520367029,0.008913807203353));
#2780=CARTESIAN_POINT('',(0.0189203462259508,0.088,0.00911155852146873));
#2781=CARTESIAN_POINT('',(0.0207222839617557,0.088,0.00997932599970385));
#2782=CARTESIAN_POINT('',(0.0189203462259508,0.088,0.00911155852146873));
#2783=CARTESIAN_POINT('',(0.0189203462259508,0.088,0.00911155852146873));
#2784=CARTESIAN_POINT('',(0.0188251390458685,0.0877737110658371,0.00930925826801689));
#2785=CARTESIAN_POINT('',(0.0187744122953609,0.0874274880381076,0.00965749871635023));
#2786=CARTESIAN_POINT('',(0.0189938650398633,0.0870740150216896,0.0101590027645141));
#2787=CARTESIAN_POINT('',(0.0193645027656116,0.0869592384363025,0.0104807524988636));
#2788=CARTESIAN_POINT('',(0.0198426747018764,0.0870899104909057,0.0105814111687871));
#2789=CARTESIAN_POINT('',(0.0203724686973524,0.0874421528300064,0.0104487138181468));
#2790=CARTESIAN_POINT('',(0.0206241446146664,0.0877804658654728,0.0101831144537803));
#2791=CARTESIAN_POINT('',(0.0207222839617557,0.088,0.00997932599970385));
#2792=CARTESIAN_POINT('',(0.022423341980182,0.088,0.00511798148099524));
#2793=CARTESIAN_POINT('',(0.0224736867012049,0.0877804085983541,0.00489740684613438));
#2794=CARTESIAN_POINT('',(0.0224434149918354,0.0874447002165922,0.0045357664888701));
#2795=CARTESIAN_POINT('',(0.0221130639074087,0.0870915212231622,0.00410089543877481));
#2796=CARTESIAN_POINT('',(0.0216802137539257,0.0869593837774781,0.00388066104573841));
#2797=CARTESIAN_POINT('',(0.0211869332611999,0.0870723839088204,0.0038987861819179));
#2798=CARTESIAN_POINT('',(0.0207019128759094,0.0874247263540274,0.00415283000401413));
#2799=CARTESIAN_POINT('',(0.0205223266979868,0.0877736520366407,0.00445895521638083));
#2800=CARTESIAN_POINT('',(0.0204734861558183,0.088,0.00467293961308261));
#2801=CARTESIAN_POINT('',(0.022423341980182,0.088,0.00511798148099524));
#2802=CARTESIAN_POINT('',(0.0204734861558183,0.088,0.00467293961308261));
#2803=CARTESIAN_POINT('',(0.0204734861558183,0.088,0.00467293961308261));
#2804=CARTESIAN_POINT('',(0.0204246583507392,0.0877737110659312,0.00488686820494976));
#2805=CARTESIAN_POINT('',(0.020452694215606,0.0874274880380862,0.00523766530196402));
#2806=CARTESIAN_POINT('',(0.020778239970801,0.0870740150216936,0.00567776276695077));
#2807=CARTESIAN_POINT('',(0.0212111810863294,0.0869592384363011,0.00590897091080656));
#2808=CARTESIAN_POINT('',(0.0216997629150575,0.0870899104909073,0.00590070259187165));
#2809=CARTESIAN_POINT('',(0.0221867459305572,0.0874421528299994,0.00565344198617384));
#2810=CARTESIAN_POINT('',(0.0223730103885453,0.0877804658655032,0.00533849859225599));
#2811=CARTESIAN_POINT('',(0.022423341980182,0.088,0.00511798148099524));
#2812=CARTESIAN_POINT('',(0.0207222839617557,0.088,-0.00997932599970383));
#2813=CARTESIAN_POINT('',(0.020624119014284,0.0877804085982568,-0.0101831676135222));
#2814=CARTESIAN_POINT('',(0.0203749725641257,0.087444700216614,-0.0104470353281898));
#2815=CARTESIAN_POINT('',(0.0198455560212062,0.0870915212231581,-0.0105810606737726));
#2816=CARTESIAN_POINT('',(0.0193698262459435,0.0869593837774787,-0.0104833691993449));
#2817=CARTESIAN_POINT('',(0.0189954648646078,0.0870723839088222,-0.0101616430405865));
#2818=CARTESIAN_POINT('',(0.0187746543900567,0.0874247263540169,-0.00966061831861154));
#2819=CARTESIAN_POINT('',(0.0188251142103171,0.0877736520366884,-0.0093093098395709));
#2820=CARTESIAN_POINT('',(0.0189203462259508,0.088,-0.00911155852146872));
#2821=CARTESIAN_POINT('',(0.0207222839617557,0.088,-0.00997932599970384));
#2822=CARTESIAN_POINT('',(0.0189203462259508,0.088,-0.00911155852146872));
#2823=CARTESIAN_POINT('',(0.0189203462259508,0.088,-0.00911155852146872));
#2824=CARTESIAN_POINT('',(0.0190155534060306,0.0877737110658317,-0.00891385877492562));
#2825=CARTESIAN_POINT('',(0.0192561911403865,0.0874274880381088,-0.00865707463623869));
#2826=CARTESIAN_POINT('',(0.0197851093420127,0.0870740150216894,-0.008515967041185));
#2827=CARTESIAN_POINT('',(0.0202677522559911,0.0869592384363025,-0.00860513560564749));
#2828=CARTESIAN_POINT('',(0.0206445856989168,0.0870899104909058,-0.00891622582528592));
#2829=CARTESIAN_POINT('',(0.020871159885811,0.0874421528300055,-0.00941317089503037));
#2830=CARTESIAN_POINT('',(0.0208204233088465,0.0877804658654765,-0.00977553754562407));
#2831=CARTESIAN_POINT('',(0.0207222839617557,0.088,-0.00997932599970383));
#2832=CARTESIAN_POINT('',(0.0179821240967647,0.088,-0.0143402654427509));
#2833=CARTESIAN_POINT('',(0.0178410613231467,0.0877804085983295,-0.0145171525659885));
#2834=CARTESIAN_POINT('',(0.0175394454044116,0.0874447002165977,-0.0147189642652929));
#2835=CARTESIAN_POINT('',(0.0169934789944639,0.0870915212231611,-0.0147318230520737));
#2836=CARTESIAN_POINT('',(0.0165514151560356,0.0869593837774781,-0.014530721072967));
#2837=CARTESIAN_POINT('',(0.0162580306014538,0.0870723839088214,-0.0141337580165022));
#2838=CARTESIAN_POINT('',(0.0161542447955771,0.087424726354022,-0.013596160077336));
#2839=CARTESIAN_POINT('',(0.0162816129736738,0.0877736520366652,-0.0132648880016418));
#2840=CARTESIAN_POINT('',(0.0164184611318287,0.088,-0.0130932858390334));
#2841=CARTESIAN_POINT('',(0.0179821240967647,0.088,-0.0143402654427509));
#2842=CARTESIAN_POINT('',(0.0164184611318286,0.088,-0.0130932858390334));
#2843=CARTESIAN_POINT('',(0.0164184611318286,0.088,-0.0130932858390334));
#2844=CARTESIAN_POINT('',(0.0165552736013576,0.0877737110658088,-0.0129217284285464));
#2845=CARTESIAN_POINT('',(0.016847017891689,0.087427488038114,-0.0127249293377064));
#2846=CARTESIAN_POINT('',(0.0173940744035512,0.0870740150216885,-0.0127050549768848));
#2847=CARTESIAN_POINT('',(0.0178447745797623,0.0869592384363024,-0.0128993860512537));
#2848=CARTESIAN_POINT('',(0.0181429359352964,0.087089910490907,-0.0132865299192508));
#2849=CARTESIAN_POINT('',(0.0182532487532301,0.0874421528299986,-0.0138214330382501));
#2850=CARTESIAN_POINT('',(0.0181231500826766,0.087780465865507,-0.0141634244498376));
#2851=CARTESIAN_POINT('',(0.0179821240967647,0.088,-0.0143402654427509));
#2852=CARTESIAN_POINT('',(0.0143402654427509,0.088,-0.0179821240967647));
#2853=CARTESIAN_POINT('',(0.0141633783195262,0.0877804085983123,-0.0181231868703723));
#2854=CARTESIAN_POINT('',(0.0138244172137645,0.0874447002166014,-0.0182528228731087));
#2855=CARTESIAN_POINT('',(0.0132892779723522,0.0870915212231606,-0.0181438703078051));
#2856=CARTESIAN_POINT('',(0.0129030469975134,0.0869593837774776,-0.0178494419169837));
#2857=CARTESIAN_POINT('',(0.0127053507963171,0.0870723839088236,-0.0173971473480389));
#2858=CARTESIAN_POINT('',(0.0127237939128073,0.0874247263540101,-0.0168499335971501));
#2859=CARTESIAN_POINT('',(0.0129216836763821,0.0877736520367184,-0.0165553092900177));
#2860=CARTESIAN_POINT('',(0.0130932858390334,0.088,-0.0164184611318286));
#2861=CARTESIAN_POINT('',(0.0143402654427509,0.088,-0.0179821240967647));
#2862=CARTESIAN_POINT('',(0.0130932858390334,0.088,-0.0164184611318286));
#2863=CARTESIAN_POINT('',(0.0130932858390334,0.088,-0.0164184611318286));
#2864=CARTESIAN_POINT('',(0.0132648432496071,0.0877737110659162,-0.0162816486622305));
#2865=CARTESIAN_POINT('',(0.0135930648188603,0.0874274880380898,-0.0161547029475242));
#2866=CARTESIAN_POINT('',(0.0141308279431704,0.0870740150216928,-0.0162570584043508));
#2867=CARTESIAN_POINT('',(0.0145269853928145,0.0869592384363019,-0.0165468074171052));
#2868=CARTESIAN_POINT('',(0.014731523605575,0.0870899104909046,-0.0169905919233498));
#2869=CARTESIAN_POINT('',(0.0147200435092469,0.0874421528300131,-0.0175366308156391));
#2870=CARTESIAN_POINT('',(0.014517106435615,0.087780465865442,-0.017841098110892));
#2871=CARTESIAN_POINT('',(0.0143402654427509,0.088,-0.0179821240967647));
#2872=CARTESIAN_POINT('',(0.00997932599970383,0.088,-0.0207222839617557));
#2873=CARTESIAN_POINT('',(0.00977548438587235,0.0877804085982718,-0.0208204489092337));
#2874=CARTESIAN_POINT('',(0.00941617501827463,0.0874447002166105,-0.020871408724917));
#2875=CARTESIAN_POINT('',(0.00891869706151554,0.087091521223159,-0.0206461081440984));
#2876=CARTESIAN_POINT('',(0.0086076661841034,0.0869593837774778,-0.0202731172105046));
#2877=CARTESIAN_POINT('',(0.00851557164932873,0.0870723839088248,-0.0197881710673828));
#2878=CARTESIAN_POINT('',(0.00865531887331171,0.0874247263540032,-0.0192587810872144));
#2879=CARTESIAN_POINT('',(0.00891380720331002,0.0877736520367493,-0.0190155782416118));
#2880=CARTESIAN_POINT('',(0.00911155852146872,0.088,-0.0189203462259508));
#2881=CARTESIAN_POINT('',(0.00997932599970384,0.088,-0.0207222839617557));
#2882=CARTESIAN_POINT('',(0.00911155852146872,0.088,-0.0189203462259508));
#2883=CARTESIAN_POINT('',(0.00911155852146872,0.088,-0.0189203462259508));
#2884=CARTESIAN_POINT('',(0.00930925826809223,0.087773711065918,-0.0188251390458322));
#2885=CARTESIAN_POINT('',(0.00965749871633335,0.0874274880380893,-0.0187744122953691));
#2886=CARTESIAN_POINT('',(0.0101590027645174,0.0870740150216929,-0.018993865039862));
#2887=CARTESIAN_POINT('',(0.0104807524988629,0.0869592384363018,-0.019364502765612));
#2888=CARTESIAN_POINT('',(0.0105814111687865,0.0870899104909051,-0.0198426747018767));
#2889=CARTESIAN_POINT('',(0.0104487138181506,0.0874421528300108,-0.0203724686973506));
#2890=CARTESIAN_POINT('',(0.0101831144537625,0.0877804658654522,-0.020624144614675));
#2891=CARTESIAN_POINT('',(0.00997932599970383,0.088,-0.0207222839617557));
#2892=CARTESIAN_POINT('',(0.00511798148099522,0.088,-0.022423341980182));
#2893=CARTESIAN_POINT('',(0.00489740684618457,0.087780408598301,-0.0224736867011935));
#2894=CARTESIAN_POINT('',(0.00453576648885878,0.0874447002166041,-0.022443414991838));
#2895=CARTESIAN_POINT('',(0.00410089543877669,0.08709152122316,-0.0221130639074082));
#2896=CARTESIAN_POINT('',(0.00388066104573835,0.0869593837774781,-0.0216802137539256));
#2897=CARTESIAN_POINT('',(0.00389878618191595,0.0870723839088223,-0.0211869332612003));
#2898=CARTESIAN_POINT('',(0.00415283000402502,0.0874247263540167,-0.0207019128759069));
#2899=CARTESIAN_POINT('',(0.00445895521633208,0.0877736520366891,-0.0205223266979979));
#2900=CARTESIAN_POINT('',(0.00467293961308259,0.088,-0.0204734861558183));
#2901=CARTESIAN_POINT('',(0.00511798148099522,0.088,-0.022423341980182));
#2902=CARTESIAN_POINT('',(0.00467293961308259,0.088,-0.0204734861558183));
#2903=CARTESIAN_POINT('',(0.00467293961308259,0.088,-0.0204734861558183));
#2904=CARTESIAN_POINT('',(0.0048868682049363,0.0877737110659179,-0.0204246583507422));
#2905=CARTESIAN_POINT('',(0.00523766530196708,0.0874274880380893,-0.0204526942156053));
#2906=CARTESIAN_POINT('',(0.00567776276695002,0.0870740150216929,-0.0207782399708011));
#2907=CARTESIAN_POINT('',(0.00590897091080719,0.0869592384363018,-0.0212111810863292));
#2908=CARTESIAN_POINT('',(0.00590070259186962,0.0870899104909051,-0.0216997629150579));
#2909=CARTESIAN_POINT('',(0.00565344198618423,0.0874421528300104,-0.0221867459305548));
#2910=CARTESIAN_POINT('',(0.00533849859220963,0.0877804658654543,-0.0223730103885559));
#2911=CARTESIAN_POINT('',(0.00511798148099522,0.088,-0.022423341980182));
#2912=CARTESIAN_POINT('',(-8.11718388940825E-18,0.088,-0.021));
#2913=CARTESIAN_POINT('',(0.000219430164154909,0.0877737110658738,-0.021));
#2914=CARTESIAN_POINT('',(0.000555193478784888,0.0874274880380993,-0.0211053926448576));
#2915=CARTESIAN_POINT('',(0.000911816035973134,0.087074015021691,-0.0215207071872301));
#2916=CARTESIAN_POINT('',(0.00104088884757077,0.0869592384363026,-0.021994242217199));
#2917=CARTESIAN_POINT('',(0.000924108147806673,0.0870899104909037,-0.0224687344053592));
#2918=CARTESIAN_POINT('',(0.000574682966319918,0.0874421528300173,-0.0228884870790179));
#2919=CARTESIAN_POINT('',(0.000226188119583172,0.0877804658654239,-0.023));
#2920=CARTESIAN_POINT('',(-7.86387837101887E-18,0.088,-0.023));
#2921=CARTESIAN_POINT('',(-9.21377441589651E-20,0.088,-0.021));
#2922=CARTESIAN_POINT('',(-7.86387837101887E-18,0.088,-0.023));
#2923=CARTESIAN_POINT('',(-8.08266887437253E-18,0.088,-0.022));
#2924=CARTESIAN_POINT('',(0.088,0.088,1.08690295766557E-17));
#2925=CARTESIAN_POINT('',(0.088,0.023,6.88892747942677E-18));
#2926=CARTESIAN_POINT('',(0.087777594060129,0.023,-0.000224104534703884));
#2927=CARTESIAN_POINT('',(0.0874368261969674,0.0228931192183321,-0.000566063419788728));
#2928=CARTESIAN_POINT('',(0.0870792242565364,0.0224779383134125,-0.000919575891479145));
#2929=CARTESIAN_POINT('',(0.0869526398142656,0.0220043965657796,-0.00104111557700557));
#2930=CARTESIAN_POINT('',(0.0870757818032775,0.0215286637579996,-0.000915922234867309));
#2931=CARTESIAN_POINT('',(0.0874300716617861,0.0211106698118652,-0.000564243391877251));
#2932=CARTESIAN_POINT('',(0.0877759025454782,0.021,-0.000222413099494136));
#2933=CARTESIAN_POINT('',(0.088,0.021,6.76646279951204E-18));
#2934=CARTESIAN_POINT('',(0.088,0.023,6.88892747942677E-18));
#2935=CARTESIAN_POINT('',(0.088,0.021,6.76646279951204E-18));
#2936=CARTESIAN_POINT('',(0.088,0.021,6.76646279951204E-18));
#2937=CARTESIAN_POINT('',(0.0877758739250485,0.021,0.000222441504540487));
#2938=CARTESIAN_POINT('',(0.0874326356862242,0.0211091827846581,0.000561707157103215));
#2939=CARTESIAN_POINT('',(0.0870774133610296,0.021526186115598,0.000914297787164632));
#2940=CARTESIAN_POINT('',(0.0869526406902206,0.0219984368791644,0.00104106609687507));
#2941=CARTESIAN_POINT('',(0.0870775442629207,0.0224753873012066,0.00092122399985227));
#2942=CARTESIAN_POINT('',(0.0874341916329148,0.0228916084531581,0.000568696290406708));
#2943=CARTESIAN_POINT('',(0.0877775656558243,0.023,0.000224133155866483));
#2944=CARTESIAN_POINT('',(0.088,0.023,6.88892747942677E-18));
#2945=CARTESIAN_POINT('',(0.0857936562720005,0.088,-0.0195818421881556));
#2946=CARTESIAN_POINT('',(0.0857936562720005,0.023,-0.0195818421881556));
#2947=CARTESIAN_POINT('',(0.085526958563017,0.023,-0.0197508379768242));
#2948=CARTESIAN_POINT('',(0.0851186414511651,0.0228931192183321,-0.020008395255543));
#2949=CARTESIAN_POINT('',(0.0846913414126221,0.0224779383134125,-0.0202734705137282));
#2950=CARTESIAN_POINT('',(0.0845408855822683,0.0220043965657797,-0.0203637952572674));
#2951=CARTESIAN_POINT('',(0.0846887982839354,0.0215286637579996,-0.0202691424440017));
#2952=CARTESIAN_POINT('',(0.085112461260593,0.0211106698118652,-0.0200051178340531));
#2953=CARTESIAN_POINT('',(0.0855256858379156,0.021,-0.0197488125520113));
#2954=CARTESIAN_POINT('',(0.0857936562720005,0.021,-0.0195818421881557));
#2955=CARTESIAN_POINT('',(0.0857936562720005,0.023,-0.0195818421881556));
#2956=CARTESIAN_POINT('',(0.0857936562720005,0.021,-0.0195818421881556));
#2957=CARTESIAN_POINT('',(0.0857936562720005,0.021,-0.0195818421881556));
#2958=CARTESIAN_POINT('',(0.0856246473970299,0.021,-0.0193151050130252));
#2959=CARTESIAN_POINT('',(0.0853655085673316,0.0211091827846581,-0.0189079677652295));
#2960=CARTESIAN_POINT('',(0.0850976512037766,0.021526186115598,-0.0184851729148433));
#2961=CARTESIAN_POINT('',(0.0850042154469998,0.0219984368791644,-0.0183338184200861));
#2962=CARTESIAN_POINT('',(0.0850993200509998,0.0224753873012066,-0.0184784494851796));
#2963=CARTESIAN_POINT('',(0.0853685807316613,0.0228916084531581,-0.0189015000948001));
#2964=CARTESIAN_POINT('',(0.0856266731404121,0.023,-0.0193138322204446));
#2965=CARTESIAN_POINT('',(0.0857936562720005,0.023,-0.0195818421881556));
#2966=CARTESIAN_POINT('',(0.0195818421881556,0.088,0.0857936562720005));
#2967=CARTESIAN_POINT('',(0.0195818421881557,0.023,0.0857936562720005));
#2968=CARTESIAN_POINT('',(0.019750837976841,0.023,0.0855269585630277));
#2969=CARTESIAN_POINT('',(0.0200083952555392,0.0228931192183321,0.0851186414511628));
#2970=CARTESIAN_POINT('',(0.0202734705137287,0.0224779383134125,0.0846913414126225));
#2971=CARTESIAN_POINT('',(0.0203637952572677,0.0220043965657797,0.0845408855822685));
#2972=CARTESIAN_POINT('',(0.020269142444,0.0215286637579997,0.0846887982839343));
#2973=CARTESIAN_POINT('',(0.0200051178340624,0.0211106698118652,0.0851124612605987));
#2974=CARTESIAN_POINT('',(0.0197488125519699,0.021,0.0855256858378898));
#2975=CARTESIAN_POINT('',(0.0195818421881556,0.021,0.0857936562720005));
#2976=CARTESIAN_POINT('',(0.0195818421881556,0.023,0.0857936562720005));
#2977=CARTESIAN_POINT('',(0.0195818421881556,0.021,0.0857936562720005));
#2978=CARTESIAN_POINT('',(0.0195818421881557,0.021,0.0857936562720005));
#2979=CARTESIAN_POINT('',(0.0193151050130194,0.021,0.085624647397039));
#2980=CARTESIAN_POINT('',(0.0189079677652308,0.0211091827846581,0.0853655085673295));
#2981=CARTESIAN_POINT('',(0.018485172914843,0.021526186115598,0.0850976512037769));
#2982=CARTESIAN_POINT('',(0.0183338184200861,0.0219984368791644,0.0850042154469998));
#2983=CARTESIAN_POINT('',(0.0184784494851796,0.0224753873012066,0.0850993200509998));
#2984=CARTESIAN_POINT('',(0.0189015000948,0.0228916084531581,0.0853685807316616));
#2985=CARTESIAN_POINT('',(0.0193138322204453,0.023,0.0856266731404111));
#2986=CARTESIAN_POINT('',(0.0195818421881557,0.023,0.0857936562720005));
#2987=CARTESIAN_POINT('',(0.0381817690423451,0.088,0.0792852603754129));
#2988=CARTESIAN_POINT('',(0.0381817690423451,0.023,0.0792852603754129));
#2989=CARTESIAN_POINT('',(0.0382871819304829,0.023,0.0789876442340845));
#2990=CARTESIAN_POINT('',(0.0384474226053988,0.0228931192183321,0.0785322525985063));
#2991=CARTESIAN_POINT('',(0.0386107686697789,0.0224779383134125,0.0780566810700352));
#2992=CARTESIAN_POINT('',(0.0386653492115264,0.0220043965657797,0.0778898983351811));
#2993=CARTESIAN_POINT('',(0.0386059832144242,0.0215286637579997,0.0780551647890113));
#2994=CARTESIAN_POINT('',(0.0384428521339413,0.0211106698118652,0.0785269566531096));
#2995=CARTESIAN_POINT('',(0.0382849240792711,0.021,0.0789868541182625));
#2996=CARTESIAN_POINT('',(0.0381817690423451,0.021,0.0792852603754129));
#2997=CARTESIAN_POINT('',(0.0381817690423451,0.023,0.0792852603754129));
#2998=CARTESIAN_POINT('',(0.0381817690423451,0.021,0.0792852603754129));
#2999=CARTESIAN_POINT('',(0.0381817690423451,0.021,0.0792852603754129));
#3000=CARTESIAN_POINT('',(0.0378841115123884,0.021,0.0791798435111289));
#3001=CARTESIAN_POINT('',(0.0374295182310148,0.0211091827846581,0.0790177983935533));
#3002=CARTESIAN_POINT('',(0.0369577198595412,0.021526186115598,0.0788507374783201));
#3003=CARTESIAN_POINT('',(0.0367893687261054,0.0219984368791644,0.0787933238945742));
#3004=CARTESIAN_POINT('',(0.0369515363537389,0.0224753873012067,0.0788538605879082));
#3005=CARTESIAN_POINT('',(0.0374238963394639,0.0228916084531581,0.0790222327243693));
#3006=CARTESIAN_POINT('',(0.0378833214016779,0.023,0.0791821016879081));
#3007=CARTESIAN_POINT('',(0.0381817690423451,0.023,0.0792852603754129));
#3008=CARTESIAN_POINT('',(0.0548671025635685,0.088,0.0688011704571866));
#3009=CARTESIAN_POINT('',(0.0548671025635686,0.023,0.0688011704571866));
#3010=CARTESIAN_POINT('',(0.0549036467087922,0.023,0.0684875595995706));
#3011=CARTESIAN_POINT('',(0.0549585356433657,0.022893119218332,0.0680079286784307));
#3012=CARTESIAN_POINT('',(0.0550119616601974,0.0224779383134125,0.0675079328022815));
#3013=CARTESIAN_POINT('',(0.0550280611038814,0.0220043965657796,0.0673331863456767));
#3014=CARTESIAN_POINT('',(0.0550069587819299,0.0215286637579996,0.0675075194015835));
#3015=CARTESIAN_POINT('',(0.0549529013044546,0.0211106698118652,0.0680037825390196));
#3016=CARTESIAN_POINT('',(0.0549012696493113,0.021,0.068487291712762));
#3017=CARTESIAN_POINT('',(0.0548671025635685,0.021,0.0688011704571866));
#3018=CARTESIAN_POINT('',(0.0548671025635686,0.023,0.0688011704571866));
#3019=CARTESIAN_POINT('',(0.0548671025635685,0.021,0.0688011704571866));
#3020=CARTESIAN_POINT('',(0.0548671025635685,0.021,0.0688011704571866));
#3021=CARTESIAN_POINT('',(0.0545534504702475,0.021,0.0687646316453455));
#3022=CARTESIAN_POINT('',(0.05407419636064,0.0211091827846581,0.0687078058587311));
#3023=CARTESIAN_POINT('',(0.0535770524084831,0.0215261861155981,0.0686499185236947));
#3024=CARTESIAN_POINT('',(0.0534001464651722,0.0219984368791645,0.0686314060698073));
#3025=CARTESIAN_POINT('',(0.0535717188933439,0.0224753873012067,0.0686543392898908));
#3026=CARTESIAN_POINT('',(0.0540697021530822,0.0228916084531581,0.0687133800001761));
#3027=CARTESIAN_POINT('',(0.0545531826608692,0.023,0.0687670090210823));
#3028=CARTESIAN_POINT('',(0.0548671025635686,0.023,0.0688011704571866));
#3029=CARTESIAN_POINT('',(-2.69422295812417E-18,0.022,1.34711147906209E-18));
#3030=CARTESIAN_POINT('',(8.05234193861675E-18,0.023,-0.088));
#3031=CARTESIAN_POINT('',(0.000224104534690353,0.023,-0.0877775940601153));
#3032=CARTESIAN_POINT('',(0.000566063419791805,0.0228931192183321,-0.0874368261969706));
#3033=CARTESIAN_POINT('',(0.000919575891478598,0.0224779383134125,-0.0870792242565358));
#3034=CARTESIAN_POINT('',(0.00104111557700569,0.0220043965657796,-0.0869526398142657));
#3035=CARTESIAN_POINT('',(0.000915922234867475,0.0215286637579996,-0.0870757818032777));
#3036=CARTESIAN_POINT('',(0.000564243391876271,0.0211106698118652,-0.0874300716617852));
#3037=CARTESIAN_POINT('',(0.000222413099498582,0.021,-0.0877759025454825));
#3038=CARTESIAN_POINT('',(8.29727129844623E-18,0.021,-0.088));
#3039=CARTESIAN_POINT('',(-9.63258234389197E-20,0.023,-0.088));
#3040=CARTESIAN_POINT('',(8.29727129844623E-18,0.021,-0.088));
#3041=CARTESIAN_POINT('',(8.08266887437253E-18,0.022,-0.088));
#3042=CARTESIAN_POINT('',(0.0195818421881556,0.023,-0.0857936562720005));
#3043=CARTESIAN_POINT('',(0.0197508379766855,0.023,-0.0855269585629289));
#3044=CARTESIAN_POINT('',(0.0200083952555743,0.022893119218332,-0.0851186414511847));
#3045=CARTESIAN_POINT('',(0.0202734705137225,0.0224779383134123,-0.0846913414126183));
#3046=CARTESIAN_POINT('',(0.0203637952572686,0.0220043965657795,-0.0845408855822691));
#3047=CARTESIAN_POINT('',(0.0202691424440028,0.0215286637579996,-0.0846887982839361));
#3048=CARTESIAN_POINT('',(0.0200051178340451,0.0211106698118651,-0.0851124612605882));
#3049=CARTESIAN_POINT('',(0.0197488125520475,0.021,-0.0855256858379379));
#3050=CARTESIAN_POINT('',(0.0195818421881556,0.021,-0.0857936562720005));
#3051=CARTESIAN_POINT('',(0.0195818421881556,0.023,-0.0857936562720005));
#3052=CARTESIAN_POINT('',(0.0195818421881556,0.021,-0.0857936562720005));
#3053=CARTESIAN_POINT('',(0.0195818421881556,0.021,-0.0857936562720005));
#3054=CARTESIAN_POINT('',(0.0193151050128938,0.021,-0.0856246473972376));
#3055=CARTESIAN_POINT('',(0.0189079677652592,0.021109182784658,-0.085365508567285));
#3056=CARTESIAN_POINT('',(0.0184851729148379,0.0215261861155978,-0.0850976512037853));
#3057=CARTESIAN_POINT('',(0.0183338184200871,0.0219984368791643,-0.0850042154469981));
#3058=CARTESIAN_POINT('',(0.0184784494851807,0.0224753873012066,-0.0850993200509979));
#3059=CARTESIAN_POINT('',(0.0189015000947918,0.022891608453158,-0.0853685807316744));
#3060=CARTESIAN_POINT('',(0.0193138322204823,0.023,-0.085626673140352));
#3061=CARTESIAN_POINT('',(0.0195818421881557,0.023,-0.0857936562720005));
#3062=CARTESIAN_POINT('',(0.0381817690423451,0.023,-0.0792852603754129));
#3063=CARTESIAN_POINT('',(0.0382871819304829,0.023,-0.0789876442340845));
#3064=CARTESIAN_POINT('',(0.0384474226053987,0.0228931192183321,-0.0785322525985062));
#3065=CARTESIAN_POINT('',(0.038610768669779,0.0224779383134125,-0.0780566810700352));
#3066=CARTESIAN_POINT('',(0.0386653492115261,0.0220043965657796,-0.077889898335181));
#3067=CARTESIAN_POINT('',(0.0386059832144255,0.0215286637579997,-0.0780551647890118));
#3068=CARTESIAN_POINT('',(0.0384428521339341,0.0211106698118652,-0.0785269566531071));
#3069=CARTESIAN_POINT('',(0.038284924079303,0.021,-0.0789868541182734));
#3070=CARTESIAN_POINT('',(0.0381817690423451,0.021,-0.0792852603754129));
#3071=CARTESIAN_POINT('',(0.0381817690423451,0.023,-0.0792852603754129));
#3072=CARTESIAN_POINT('',(0.0381817690423451,0.021,-0.0792852603754129));
#3073=CARTESIAN_POINT('',(0.0381817690423451,0.021,-0.0792852603754129));
#3074=CARTESIAN_POINT('',(0.0378841115123884,0.021,-0.0791798435111289));
#3075=CARTESIAN_POINT('',(0.0374295182310149,0.021109182784658,-0.0790177983935533));
#3076=CARTESIAN_POINT('',(0.0369577198595412,0.021526186115598,-0.0788507374783201));
#3077=CARTESIAN_POINT('',(0.0367893687261054,0.0219984368791644,-0.0787933238945743));
#3078=CARTESIAN_POINT('',(0.0369515363537392,0.0224753873012067,-0.0788538605879076));
#3079=CARTESIAN_POINT('',(0.0374238963394627,0.0228916084531581,-0.0790222327243726));
#3080=CARTESIAN_POINT('',(0.037883321401683,0.023,-0.0791821016878935));
#3081=CARTESIAN_POINT('',(0.0381817690423452,0.023,-0.0792852603754129));
#3082=CARTESIAN_POINT('',(0.0548671025635686,0.023,-0.0688011704571866));
#3083=CARTESIAN_POINT('',(0.0549036467087922,0.023,-0.0684875595995706));
#3084=CARTESIAN_POINT('',(0.0549585356433658,0.0228931192183321,-0.0680079286784307));
#3085=CARTESIAN_POINT('',(0.0550119616601974,0.0224779383134125,-0.0675079328022815));
#3086=CARTESIAN_POINT('',(0.0550280611038815,0.0220043965657796,-0.0673331863456767));
#3087=CARTESIAN_POINT('',(0.0550069587819295,0.0215286637579997,-0.0675075194015835));
#3088=CARTESIAN_POINT('',(0.0549529013044568,0.0211106698118652,-0.0680037825390198));
#3089=CARTESIAN_POINT('',(0.0549012696493016,0.021,-0.0684872917127609));
#3090=CARTESIAN_POINT('',(0.0548671025635686,0.021,-0.0688011704571866));
#3091=CARTESIAN_POINT('',(0.0548671025635686,0.023,-0.0688011704571866));
#3092=CARTESIAN_POINT('',(0.0548671025635686,0.021,-0.0688011704571866));
#3093=CARTESIAN_POINT('',(0.0548671025635686,0.021,-0.0688011704571866));
#3094=CARTESIAN_POINT('',(0.0545534504702475,0.021,-0.0687646316453461));
#3095=CARTESIAN_POINT('',(0.05407419636064,0.021109182784658,-0.0687078058587309));
#3096=CARTESIAN_POINT('',(0.0535770524084831,0.021526186115598,-0.0686499185236947));
#3097=CARTESIAN_POINT('',(0.0534001464651723,0.0219984368791644,-0.0686314060698073));
#3098=CARTESIAN_POINT('',(0.0535717188933438,0.0224753873012067,-0.0686543392898908));
#3099=CARTESIAN_POINT('',(0.0540697021530822,0.0228916084531581,-0.0687133800001761));
#3100=CARTESIAN_POINT('',(0.0545531826608692,0.023,-0.0687670090210823));
#3101=CARTESIAN_POINT('',(0.0548671025635686,0.023,-0.0688011704571866));
#3102=CARTESIAN_POINT('',(0.0688011704571866,0.023,-0.0548671025635685));
#3103=CARTESIAN_POINT('',(0.0687670133833103,0.023,-0.0545532227476054));
#3104=CARTESIAN_POINT('',(0.0687137982173485,0.022893119218332,-0.0540734032380359));
#3105=CARTESIAN_POINT('',(0.0686546251830206,0.0224779383134123,-0.0535740548952435));
#3106=CARTESIAN_POINT('',(0.0686314362353162,0.0220043965657796,-0.0534001072338993));
#3107=CARTESIAN_POINT('',(0.0686496557470562,0.0215286637579996,-0.0535747651045079));
#3108=CARTESIAN_POINT('',(0.0687073825402119,0.0211106698118651,-0.054070614809359));
#3109=CARTESIAN_POINT('',(0.0687646363114808,0.021,-0.0545534905227483));
#3110=CARTESIAN_POINT('',(0.0688011704571866,0.021,-0.0548671025635685));
#3111=CARTESIAN_POINT('',(0.0688011704571866,0.023,-0.0548671025635685));
#3112=CARTESIAN_POINT('',(0.0688011704571866,0.021,-0.0548671025635685));
#3113=CARTESIAN_POINT('',(0.0688011704571866,0.021,-0.0548671025635685));
#3114=CARTESIAN_POINT('',(0.0684872516261887,0.021,-0.0549012740130576));
#3115=CARTESIAN_POINT('',(0.0680073684905558,0.021109182784658,-0.0549525170392752));
#3116=CARTESIAN_POINT('',(0.0675098078313775,0.0215261861155978,-0.0550067059972078));
#3117=CARTESIAN_POINT('',(0.0673332178808823,0.0219984368791643,-0.0550280229649036));
#3118=CARTESIAN_POINT('',(0.0675055917516191,0.0224753873012065,-0.0550122027443214));
#3119=CARTESIAN_POINT('',(0.0680042273253335,0.022891608453158,-0.0549589514807005));
#3120=CARTESIAN_POINT('',(0.0684875195471799,0.023,-0.0549036513758522));
#3121=CARTESIAN_POINT('',(0.0688011704571866,0.023,-0.0548671025635685));
#3122=CARTESIAN_POINT('',(0.0792852603754129,0.023,-0.0381817690423451));
#3123=CARTESIAN_POINT('',(0.0791821148610098,0.023,-0.0378833595126325));
#3124=CARTESIAN_POINT('',(0.079023464024821,0.0228931192183321,-0.0374274115684232));
#3125=CARTESIAN_POINT('',(0.0788546591224292,0.0224779383134125,-0.0369537501699862));
#3126=CARTESIAN_POINT('',(0.0787933445739905,0.0220043965657796,-0.0367893237659855));
#3127=CARTESIAN_POINT('',(0.0788499723170222,0.0215286637579996,-0.0369555483763556));
#3128=CARTESIAN_POINT('',(0.0790165887183863,0.0211106698118652,-0.037426120673931));
#3129=CARTESIAN_POINT('',(0.0791798569727527,0.021,-0.0378841495223915));
#3130=CARTESIAN_POINT('',(0.0792852603754129,0.021,-0.0381817690423451));
#3131=CARTESIAN_POINT('',(0.0792852603754129,0.023,-0.0381817690423451));
#3132=CARTESIAN_POINT('',(0.0792852603754129,0.021,-0.0381817690423451));
#3133=CARTESIAN_POINT('',(0.0792852603754129,0.021,-0.0381817690423451));
#3134=CARTESIAN_POINT('',(0.0789868160076716,0.021,-0.0382849372534323));
#3135=CARTESIAN_POINT('',(0.0785303671903289,0.0211091827846581,-0.03844167955387));
#3136=CARTESIAN_POINT('',(0.078057339593196,0.0215261861155981,-0.0386052275439962));
#3137=CARTESIAN_POINT('',(0.0778899205930131,0.0219984368791644,-0.0386653050115313));
#3138=CARTESIAN_POINT('',(0.0780544523606661,0.0224753873012067,-0.038611524642203));
#3139=CARTESIAN_POINT('',(0.0785287365785649,0.0228916084531581,-0.0384486516453538));
#3140=CARTESIAN_POINT('',(0.0789876062244377,0.023,-0.0382871953931059));
#3141=CARTESIAN_POINT('',(0.0792852603754129,0.023,-0.0381817690423451));
#3142=CARTESIAN_POINT('',(0.0857936562720005,0.023,0.0195818421881556));
#3143=CARTESIAN_POINT('',(0.0855269585630288,0.023,0.0197508379768428));
#3144=CARTESIAN_POINT('',(0.0851186414511624,0.0228931192183321,0.0200083952555388));
#3145=CARTESIAN_POINT('',(0.0846913414126225,0.0224779383134126,0.0202734705137289));
#3146=CARTESIAN_POINT('',(0.0845408855822684,0.0220043965657796,0.0203637952572676));
#3147=CARTESIAN_POINT('',(0.0846887982839345,0.0215286637579996,0.0202691424440003));
#3148=CARTESIAN_POINT('',(0.0851124612605977,0.0211106698118652,0.0200051178340608));
#3149=CARTESIAN_POINT('',(0.0855256858378944,0.021,0.0197488125519773));
#3150=CARTESIAN_POINT('',(0.0857936562720005,0.021,0.0195818421881556));
#3151=CARTESIAN_POINT('',(0.0857936562720005,0.023,0.0195818421881556));
#3152=CARTESIAN_POINT('',(0.0857936562720005,0.021,0.0195818421881556));
#3153=CARTESIAN_POINT('',(0.0857936562720005,0.021,0.0195818421881556));
#3154=CARTESIAN_POINT('',(0.085624647397039,0.021,0.0193151050130194));
#3155=CARTESIAN_POINT('',(0.0853655085673295,0.0211091827846581,0.0189079677652308));
#3156=CARTESIAN_POINT('',(0.085097651203777,0.021526186115598,0.0184851729148431));
#3157=CARTESIAN_POINT('',(0.0850042154469996,0.0219984368791644,0.0183338184200862));
#3158=CARTESIAN_POINT('',(0.0850993200510002,0.0224753873012066,0.0184784494851794));
#3159=CARTESIAN_POINT('',(0.0853685807316595,0.0228916084531581,0.0189015000948013));
#3160=CARTESIAN_POINT('',(0.0856266731404203,0.023,0.0193138322204396));
#3161=CARTESIAN_POINT('',(0.0857936562720005,0.023,0.0195818421881556));
#3162=CARTESIAN_POINT('',(0.0792852603754129,0.023,0.0381817690423451));
#3163=CARTESIAN_POINT('',(0.0789876442340771,0.023,0.038287181930462));
#3164=CARTESIAN_POINT('',(0.0785322525985079,0.0228931192183321,0.0384474226054036));
#3165=CARTESIAN_POINT('',(0.0780566810700349,0.0224779383134125,0.038610768669778));
#3166=CARTESIAN_POINT('',(0.0778898983351812,0.0220043965657797,0.0386653492115267));
#3167=CARTESIAN_POINT('',(0.0780551647890112,0.0215286637579997,0.0386059832144239));
#3168=CARTESIAN_POINT('',(0.0785269566531101,0.0211106698118652,0.0384428521339427));
#3169=CARTESIAN_POINT('',(0.0789868541182603,0.021,0.0382849240792651));
#3170=CARTESIAN_POINT('',(0.0792852603754129,0.021,0.0381817690423451));
#3171=CARTESIAN_POINT('',(0.0792852603754129,0.023,0.0381817690423451));
#3172=CARTESIAN_POINT('',(0.0792852603754129,0.021,0.0381817690423451));
#3173=CARTESIAN_POINT('',(0.0792852603754129,0.021,0.0381817690423451));
#3174=CARTESIAN_POINT('',(0.0791798435111146,0.021,0.0378841115123934));
#3175=CARTESIAN_POINT('',(0.0790177983935565,0.0211091827846581,0.0374295182310137));
#3176=CARTESIAN_POINT('',(0.0788507374783194,0.0215261861155981,0.0369577198595414));
#3177=CARTESIAN_POINT('',(0.0787933238945745,0.0219984368791644,0.0367893687261053));
#3178=CARTESIAN_POINT('',(0.0788538605879075,0.0224753873012066,0.0369515363537392));
#3179=CARTESIAN_POINT('',(0.0790222327243728,0.0228916084531581,0.0374238963394627));
#3180=CARTESIAN_POINT('',(0.0791821016878928,0.023,0.0378833214016832));
#3181=CARTESIAN_POINT('',(0.0792852603754129,0.023,0.0381817690423451));
#3182=CARTESIAN_POINT('',(0.0688011704571866,0.023,0.0548671025635686));
#3183=CARTESIAN_POINT('',(0.0684875595995677,0.023,0.0549036467087676));
#3184=CARTESIAN_POINT('',(0.0680079286784313,0.0228931192183321,0.0549585356433713));
#3185=CARTESIAN_POINT('',(0.0675079328022813,0.0224779383134125,0.0550119616601965));
#3186=CARTESIAN_POINT('',(0.0673331863456767,0.0220043965657797,0.0550280611038814));
#3187=CARTESIAN_POINT('',(0.0675075194015836,0.0215286637579996,0.0550069587819314));
#3188=CARTESIAN_POINT('',(0.0680037825390188,0.0211106698118652,0.0549529013044469));
#3189=CARTESIAN_POINT('',(0.0684872917127657,0.021,0.054901269649346));
#3190=CARTESIAN_POINT('',(0.0688011704571866,0.021,0.0548671025635686));
#3191=CARTESIAN_POINT('',(0.0688011704571866,0.023,0.0548671025635686));
#3192=CARTESIAN_POINT('',(0.0688011704571866,0.021,0.0548671025635686));
#3193=CARTESIAN_POINT('',(0.0688011704571866,0.021,0.0548671025635686));
#3194=CARTESIAN_POINT('',(0.0687646316453461,0.021,0.0545534504702475));
#3195=CARTESIAN_POINT('',(0.068707805858731,0.0211091827846581,0.0540741963606401));
#3196=CARTESIAN_POINT('',(0.0686499185236946,0.021526186115598,0.0535770524084832));
#3197=CARTESIAN_POINT('',(0.0686314060698073,0.0219984368791644,0.0534001464651723));
#3198=CARTESIAN_POINT('',(0.0686543392898907,0.0224753873012067,0.0535717188933439));
#3199=CARTESIAN_POINT('',(0.068713380000176,0.0228916084531581,0.0540697021530822));
#3200=CARTESIAN_POINT('',(0.0687670090210823,0.023,0.0545531826608692));
#3201=CARTESIAN_POINT('',(0.0688011704571866,0.023,0.0548671025635686));
#3202=CARTESIAN_POINT('',(-2.69422295812417E-18,0.022,0.088));
#3203=CARTESIAN_POINT('',(0.0688011704571866,0.088,0.0548671025635686));
#3204=CARTESIAN_POINT('',(0.0792852603754129,0.088,0.0381817690423451));
#3205=CARTESIAN_POINT('',(0.0857936562720005,0.088,0.0195818421881557));
#3206=CARTESIAN_POINT('',(0.0792852603754129,0.088,-0.0381817690423451));
#3207=CARTESIAN_POINT('',(0.0688011704571866,0.088,-0.0548671025635685));
#3208=CARTESIAN_POINT('',(0.0548671025635685,0.088,-0.0688011704571866));
#3209=CARTESIAN_POINT('',(0.0381817690423451,0.088,-0.0792852603754129));
#3210=CARTESIAN_POINT('',(0.0195818421881556,0.088,-0.0857936562720005));
#3211=CARTESIAN_POINT('',(9.21377441589635E-20,0.088,-0.088));
#3212=CARTESIAN_POINT('',(-9.21377441589651E-20,0.088,-0.023));
#3213=CARTESIAN_POINT('',(-0.000224104534690344,0.0877775940601153,-0.023));
#3214=CARTESIAN_POINT('',(-0.000566063419791799,0.0874368261969705,-0.0228931192183321));
#3215=CARTESIAN_POINT('',(-0.000919575891478589,0.0870792242565358,-0.0224779383134125));
#3216=CARTESIAN_POINT('',(-0.00104111557700568,0.0869526398142657,-0.0220043965657796));
#3217=CARTESIAN_POINT('',(-0.000915922234867465,0.0870757818032776,-0.0215286637579996));
#3218=CARTESIAN_POINT('',(-0.000564243391876275,0.0874300716617852,-0.0211106698118652));
#3219=CARTESIAN_POINT('',(-0.000222413099498573,0.0877759025454826,-0.021));
#3220=CARTESIAN_POINT('',(-9.21377441589651E-20,0.088,-0.021));
#3221=CARTESIAN_POINT('',(-8.79496648790136E-20,0.021,-0.088));
#3222=CARTESIAN_POINT('',(-0.000219430164154918,0.021,-0.0877737110658738));
#3223=CARTESIAN_POINT('',(-0.000555193478784894,0.0211053926448576,-0.0874274880380993));
#3224=CARTESIAN_POINT('',(-0.000911816035973144,0.0215207071872301,-0.087074015021691));
#3225=CARTESIAN_POINT('',(-0.00104088884757078,0.021994242217199,-0.0869592384363026));
#3226=CARTESIAN_POINT('',(-0.000924108147806671,0.0224687344053592,-0.0870899104909037));
#3227=CARTESIAN_POINT('',(-0.000574682966319926,0.0228884870790179,-0.0874421528300173));
#3228=CARTESIAN_POINT('',(-0.000226188119583181,0.023,-0.0877804658654239));
#3229=CARTESIAN_POINT('',(-9.63258234389198E-20,0.023,-0.088));
#3230=CARTESIAN_POINT('',(0.,0.,0.088));
#3231=CARTESIAN_POINT('',(-0.021,1.19792947422571E-18,0.088));
#3232=CARTESIAN_POINT('',(-0.021,-0.000219430164177705,0.0877737110658958));
#3233=CARTESIAN_POINT('',(-0.0211053926448576,-0.000555193478779779,0.0874274880380944));
#3234=CARTESIAN_POINT('',(-0.0215207071872301,-0.000911816035974125,0.0870740150216919));
#3235=CARTESIAN_POINT('',(-0.021994242217199,-0.00104088884757051,0.0869592384363023));
#3236=CARTESIAN_POINT('',(-0.0224687344053592,-0.000924108147806742,0.0870899104909038));
#3237=CARTESIAN_POINT('',(-0.0228884870790179,-0.000574682966319815,0.0874421528300172));
#3238=CARTESIAN_POINT('',(-0.023,-0.000226188119583287,0.087780465865424));
#3239=CARTESIAN_POINT('',(-0.023,1.31201799558054E-18,0.088));
#3240=CARTESIAN_POINT('',(-0.021,1.19792947422571E-18,0.088));
#3241=CARTESIAN_POINT('',(-0.023,1.31201799558054E-18,0.088));
#3242=CARTESIAN_POINT('',(-0.023,1.31201799558054E-18,0.088));
#3243=CARTESIAN_POINT('',(-0.023,0.000226247122549101,0.0877804085983151));
#3244=CARTESIAN_POINT('',(-0.0228900147155315,0.000572084312022386,0.0874447002166008));
#3245=CARTESIAN_POINT('',(-0.0224711783102865,0.000922542205110254,0.0870915212231607));
#3246=CARTESIAN_POINT('',(-0.0220001738510359,0.00104093664168851,0.0869593837774776));
#3247=CARTESIAN_POINT('',(-0.0215232941523735,0.000913500704575078,0.0870723839088237));
#3248=CARTESIAN_POINT('',(-0.0211069643093354,0.000557899102351812,0.0874247263540097));
#3249=CARTESIAN_POINT('',(-0.021,0.000219487404255692,0.0877736520367196));
#3250=CARTESIAN_POINT('',(-0.021,1.19792947422571E-18,0.088));
#3251=CARTESIAN_POINT('',(-0.022423341980182,0.00511798148099523,0.088));
#3252=CARTESIAN_POINT('',(-0.0223729972591674,0.00533855611581929,0.0877804085983152));
#3253=CARTESIAN_POINT('',(-0.0221888135210113,0.00565124841668582,0.0874447002166008));
#3254=CARTESIAN_POINT('',(-0.0217024940012179,0.00589971973063145,0.0870915212231606));
#3255=CARTESIAN_POINT('',(-0.0212169533665297,0.00591033741932912,0.086959383777478));
#3256=CARTESIAN_POINT('',(-0.0207803872012973,0.00567998085128912,0.0870723839088222));
#3257=CARTESIAN_POINT('',(-0.0204536244172861,0.00524065281816782,0.0874247263540177));
#3258=CARTESIAN_POINT('',(-0.0204246456136398,0.00488692400982832,0.0877736520366843));
#3259=CARTESIAN_POINT('',(-0.0204734861558183,0.0046729396130826,0.088));
#3260=CARTESIAN_POINT('',(-0.022423341980182,0.00511798148099523,0.088));
#3261=CARTESIAN_POINT('',(-0.0204734861558183,0.0046729396130826,0.088));
#3262=CARTESIAN_POINT('',(-0.0204734861558183,0.0046729396130826,0.088));
#3263=CARTESIAN_POINT('',(-0.020522313960883,0.00445901102127857,0.0877737110658686));
#3264=CARTESIAN_POINT('',(-0.0206997785584546,0.00415511806371869,0.0874274880381003));
#3265=CARTESIAN_POINT('',(-0.0211840362826437,0.00389985295845759,0.087074015021691));
#3266=CARTESIAN_POINT('',(-0.0216744202033411,0.00387938772885774,0.0869592384363018));
#3267=CARTESIAN_POINT('',(-0.0221110297313121,0.00409882493752244,0.087089910490907));
#3268=CARTESIAN_POINT('',(-0.0224425039113381,0.00453289305716581,0.0874421528299999));
#3269=CARTESIAN_POINT('',(-0.0224736735718181,0.00489746436973642,0.0877804658655013));
#3270=CARTESIAN_POINT('',(-0.022423341980182,0.00511798148099523,0.088));
#3271=CARTESIAN_POINT('',(-0.00511798148099524,-0.022423341980182,0.088));
#3272=CARTESIAN_POINT('',(-0.00533855611580253,-0.0223729972591712,0.0877804085982974));
#3273=CARTESIAN_POINT('',(-0.00565124841668981,-0.0221888135210104,0.087444700216605));
#3274=CARTESIAN_POINT('',(-0.00589971973063054,-0.0217024940012181,0.0870915212231596));
#3275=CARTESIAN_POINT('',(-0.00591033741933027,-0.0212169533665294,0.0869593837774791));
#3276=CARTESIAN_POINT('',(-0.00567998085128575,-0.0207803872012981,0.0870723839088188));
#3277=CARTESIAN_POINT('',(-0.00524065281818566,-0.020453624417282,0.0874247263540354));
#3278=CARTESIAN_POINT('',(-0.00488692400974961,-0.0204246456136578,0.087773652036606));
#3279=CARTESIAN_POINT('',(-0.00467293961308261,-0.0204734861558183,0.088));
#3280=CARTESIAN_POINT('',(-0.00511798148099524,-0.022423341980182,0.088));
#3281=CARTESIAN_POINT('',(-0.00467293961308261,-0.0204734861558183,0.088));
#3282=CARTESIAN_POINT('',(-0.00467293961308261,-0.0204734861558183,0.088));
#3283=CARTESIAN_POINT('',(-0.00445901102131386,-0.020522313960875,0.0877737110658335));
#3284=CARTESIAN_POINT('',(-0.00415511806371081,-0.0206997785584564,0.0874274880381083));
#3285=CARTESIAN_POINT('',(-0.0038998529584592,-0.0211840362826432,0.0870740150216895));
#3286=CARTESIAN_POINT('',(-0.00387938772885714,-0.0216744202033413,0.0869592384363024));
#3287=CARTESIAN_POINT('',(-0.00409882493752347,-0.0221110297313118,0.0870899104909059));
#3288=CARTESIAN_POINT('',(-0.00453289305716085,-0.0224425039113393,0.0874421528300051));
#3289=CARTESIAN_POINT('',(-0.00489746436975829,-0.0224736735718132,0.0877804658654783));
#3290=CARTESIAN_POINT('',(-0.00511798148099524,-0.022423341980182,0.088));
#3291=CARTESIAN_POINT('',(-0.00997932599970383,-0.0207222839617557,0.088));
#3292=CARTESIAN_POINT('',(-0.0101831676135097,-0.02062411901429,0.0877804085982424));
#3293=CARTESIAN_POINT('',(-0.0104470353281926,-0.0203749725641244,0.0874447002166171));
#3294=CARTESIAN_POINT('',(-0.0105810606737721,-0.0198455560212064,0.0870915212231576));
#3295=CARTESIAN_POINT('',(-0.0104833691993447,-0.0193698262459436,0.0869593837774784));
#3296=CARTESIAN_POINT('',(-0.0101616430405877,-0.0189954648646073,0.0870723839088234));
#3297=CARTESIAN_POINT('',(-0.0096606183186052,-0.0187746543900598,0.0874247263540101));
#3298=CARTESIAN_POINT('',(-0.00930930983959899,-0.0188251142103035,0.0877736520367186));
#3299=CARTESIAN_POINT('',(-0.00911155852146872,-0.0189203462259508,0.088));
#3300=CARTESIAN_POINT('',(-0.00997932599970384,-0.0207222839617557,0.088));
#3301=CARTESIAN_POINT('',(-0.00911155852146872,-0.0189203462259508,0.088));
#3302=CARTESIAN_POINT('',(-0.00911155852146872,-0.0189203462259508,0.088));
#3303=CARTESIAN_POINT('',(-0.00891385877489665,-0.0190155534060446,0.0877737110658628));
#3304=CARTESIAN_POINT('',(-0.0086570746362452,-0.0192561911403834,0.0874274880381018));
#3305=CARTESIAN_POINT('',(-0.00851596704118371,-0.0197851093420133,0.0870740150216907));
#3306=CARTESIAN_POINT('',(-0.00860513560564795,-0.0202677522559909,0.0869592384363019));
#3307=CARTESIAN_POINT('',(-0.00891622582528523,-0.0206445856989172,0.0870899104909065));
#3308=CARTESIAN_POINT('',(-0.00941317089503365,-0.0208711598858095,0.0874421528300018));
#3309=CARTESIAN_POINT('',(-0.00977553754560976,-0.0208204233088534,0.0877804658654928));
#3310=CARTESIAN_POINT('',(-0.00997932599970383,-0.0207222839617557,0.088));
#3311=CARTESIAN_POINT('',(-0.0143402654427509,-0.0179821240967647,0.088));
#3312=CARTESIAN_POINT('',(-0.0145171525659552,-0.0178410613231733,0.0877804085982855));
#3313=CARTESIAN_POINT('',(-0.0147189642653005,-0.0175394454044056,0.0874447002166075));
#3314=CARTESIAN_POINT('',(-0.0147318230520725,-0.0169934789944649,0.0870915212231594));
#3315=CARTESIAN_POINT('',(-0.0145307210729671,-0.0165514151560356,0.086959383777478));
#3316=CARTESIAN_POINT('',(-0.0141337580165037,-0.0162580306014526,0.0870723839088232));
#3317=CARTESIAN_POINT('',(-0.0135961600773279,-0.0161542447955836,0.0874247263540119));
#3318=CARTESIAN_POINT('',(-0.0132648880016783,-0.0162816129736447,0.0877736520367104));
#3319=CARTESIAN_POINT('',(-0.0130932858390334,-0.0164184611318286,0.088));
#3320=CARTESIAN_POINT('',(-0.0143402654427509,-0.0179821240967647,0.088));
#3321=CARTESIAN_POINT('',(-0.0130932858390334,-0.0164184611318286,0.088));
#3322=CARTESIAN_POINT('',(-0.0130932858390334,-0.0164184611318287,0.088));
#3323=CARTESIAN_POINT('',(-0.0129217284284595,-0.0165552736014269,0.0877737110659164));
#3324=CARTESIAN_POINT('',(-0.0127249293377259,-0.0168470178916736,0.0874274880380896));
#3325=CARTESIAN_POINT('',(-0.0127050549768814,-0.0173940744035543,0.0870740150216928));
#3326=CARTESIAN_POINT('',(-0.0128993860512543,-0.0178447745797621,0.086959238436302));
#3327=CARTESIAN_POINT('',(-0.0132865299192529,-0.0181429359352949,0.0870899104909044));
#3328=CARTESIAN_POINT('',(-0.0138214330382386,-0.0182532487532393,0.087442152830014));
#3329=CARTESIAN_POINT('',(-0.0141634244498896,-0.0181231500826351,0.0877804658654382));
#3330=CARTESIAN_POINT('',(-0.0143402654427509,-0.0179821240967647,0.088));
#3331=CARTESIAN_POINT('',(-0.0179821240967647,-0.0143402654427509,0.088));
#3332=CARTESIAN_POINT('',(-0.0181231868703505,-0.0141633783195536,0.0877804085982763));
#3333=CARTESIAN_POINT('',(-0.0182528228731136,-0.0138244172137584,0.0874447002166096));
#3334=CARTESIAN_POINT('',(-0.0181438703078042,-0.0132892779723533,0.0870915212231591));
#3335=CARTESIAN_POINT('',(-0.0178494419169838,-0.0129030469975133,0.0869593837774779));
#3336=CARTESIAN_POINT('',(-0.0173971473480393,-0.0127053507963167,0.0870723839088241));
#3337=CARTESIAN_POINT('',(-0.016849933597148,-0.0127237939128101,0.0874247263540067));
#3338=CARTESIAN_POINT('',(-0.0165553092900274,-0.0129216836763699,0.0877736520367335));
#3339=CARTESIAN_POINT('',(-0.0164184611318286,-0.0130932858390334,0.088));
#3340=CARTESIAN_POINT('',(-0.0179821240967647,-0.0143402654427509,0.088));
#3341=CARTESIAN_POINT('',(-0.0164184611318286,-0.0130932858390334,0.088));
#3342=CARTESIAN_POINT('',(-0.0164184611318286,-0.0130932858390334,0.088));
#3343=CARTESIAN_POINT('',(-0.0162816486622683,-0.0132648432495597,0.0877737110658574));
#3344=CARTESIAN_POINT('',(-0.0161547029475157,-0.013593064818871,0.087427488038103));
#3345=CARTESIAN_POINT('',(-0.0162570584043523,-0.0141308279431684,0.0870740150216904));
#3346=CARTESIAN_POINT('',(-0.0165468074171047,-0.0145269853928151,0.0869592384363026));
#3347=CARTESIAN_POINT('',(-0.0169905919233499,-0.0147315236055751,0.0870899104909045));
#3348=CARTESIAN_POINT('',(-0.0175366308156393,-0.0147200435092466,0.0874421528300127));
#3349=CARTESIAN_POINT('',(-0.0178410981108905,-0.014517106435617,0.0877804658654446));
#3350=CARTESIAN_POINT('',(-0.0179821240967647,-0.0143402654427509,0.088));
#3351=CARTESIAN_POINT('',(-0.0207222839617557,-0.00997932599970384,0.088));
#3352=CARTESIAN_POINT('',(-0.0208204489092025,-0.00977548438593712,0.0877804085981976));
#3353=CARTESIAN_POINT('',(-0.0208714087249241,-0.00941617501825988,0.0874447002166272));
#3354=CARTESIAN_POINT('',(-0.020646108144097,-0.00891869706151836,0.0870915212231556));
#3355=CARTESIAN_POINT('',(-0.0202731172105051,-0.00860766618410219,0.0869593837774791));
#3356=CARTESIAN_POINT('',(-0.0197881710673817,-0.00851557164933077,0.0870723839088226));
#3357=CARTESIAN_POINT('',(-0.0192587810872191,-0.00865531887330196,0.0874247263540138));
#3358=CARTESIAN_POINT('',(-0.0190155782415911,-0.00891380720335301,0.0877736520367029));
#3359=CARTESIAN_POINT('',(-0.0189203462259508,-0.00911155852146872,0.088));
#3360=CARTESIAN_POINT('',(-0.0207222839617557,-0.00997932599970384,0.088));
#3361=CARTESIAN_POINT('',(-0.0189203462259508,-0.00911155852146872,0.088));
#3362=CARTESIAN_POINT('',(-0.0189203462259508,-0.00911155852146872,0.088));
#3363=CARTESIAN_POINT('',(-0.0188251390458685,-0.00930925826801687,0.0877737110658371));
#3364=CARTESIAN_POINT('',(-0.0187744122953609,-0.00965749871635023,0.0874274880381076));
#3365=CARTESIAN_POINT('',(-0.0189938650398633,-0.0101590027645141,0.0870740150216896));
#3366=CARTESIAN_POINT('',(-0.0193645027656116,-0.0104807524988635,0.0869592384363025));
#3367=CARTESIAN_POINT('',(-0.0198426747018764,-0.0105814111687871,0.0870899104909056));
#3368=CARTESIAN_POINT('',(-0.0203724686973524,-0.0104487138181467,0.0874421528300063));
#3369=CARTESIAN_POINT('',(-0.0206241446146664,-0.0101831144537804,0.0877804658654728));
#3370=CARTESIAN_POINT('',(-0.0207222839617557,-0.00997932599970384,0.088));
#3371=CARTESIAN_POINT('',(-0.022423341980182,-0.00511798148099523,0.088));
#3372=CARTESIAN_POINT('',(-0.0224736867012049,-0.0048974068461346,0.0877804085983539));
#3373=CARTESIAN_POINT('',(-0.0224434149918355,-0.00453576648887002,0.0874447002165923));
#3374=CARTESIAN_POINT('',(-0.0221130639074087,-0.00410089543877479,0.0870915212231622));
#3375=CARTESIAN_POINT('',(-0.0216802137539257,-0.00388066104573836,0.0869593837774781));
#3376=CARTESIAN_POINT('',(-0.0211869332611999,-0.00389878618191786,0.0870723839088204));
#3377=CARTESIAN_POINT('',(-0.0207019128759094,-0.00415283000401409,0.0874247263540274));
#3378=CARTESIAN_POINT('',(-0.0205223266979868,-0.0044589552163808,0.0877736520366407));
#3379=CARTESIAN_POINT('',(-0.0204734861558183,-0.0046729396130826,0.088));
#3380=CARTESIAN_POINT('',(-0.022423341980182,-0.00511798148099523,0.088));
#3381=CARTESIAN_POINT('',(-0.0204734861558183,-0.0046729396130826,0.088));
#3382=CARTESIAN_POINT('',(-0.0204734861558183,-0.0046729396130826,0.088));
#3383=CARTESIAN_POINT('',(-0.0204246583507392,-0.00488686820494975,0.0877737110659312));
#3384=CARTESIAN_POINT('',(-0.020452694215606,-0.00523766530196397,0.0874274880380862));
#3385=CARTESIAN_POINT('',(-0.020778239970801,-0.00567776276695075,0.0870740150216936));
#3386=CARTESIAN_POINT('',(-0.0212111810863294,-0.00590897091080651,0.0869592384363011));
#3387=CARTESIAN_POINT('',(-0.0216997629150575,-0.00590070259187161,0.0870899104909073));
#3388=CARTESIAN_POINT('',(-0.0221867459305572,-0.00565344198617377,0.0874421528299994));
#3389=CARTESIAN_POINT('',(-0.0223730103885453,-0.00533849859225598,0.0877804658655033));
#3390=CARTESIAN_POINT('',(-0.022423341980182,-0.00511798148099523,0.088));
#3391=CARTESIAN_POINT('',(-0.0207222839617557,0.00997932599970384,0.088));
#3392=CARTESIAN_POINT('',(-0.020624119014284,0.0101831676135222,0.0877804085982568));
#3393=CARTESIAN_POINT('',(-0.0203749725641257,0.0104470353281898,0.087444700216614));
#3394=CARTESIAN_POINT('',(-0.0198455560212062,0.0105810606737726,0.0870915212231581));
#3395=CARTESIAN_POINT('',(-0.0193698262459435,0.0104833691993449,0.0869593837774786));
#3396=CARTESIAN_POINT('',(-0.0189954648646078,0.0101616430405866,0.0870723839088222));
#3397=CARTESIAN_POINT('',(-0.0187746543900568,0.00966061831861151,0.0874247263540169));
#3398=CARTESIAN_POINT('',(-0.018825114210317,0.00930930983957108,0.0877736520366886));
#3399=CARTESIAN_POINT('',(-0.0189203462259508,0.00911155852146872,0.088));
#3400=CARTESIAN_POINT('',(-0.0207222839617557,0.00997932599970384,0.088));
#3401=CARTESIAN_POINT('',(-0.0189203462259508,0.00911155852146872,0.088));
#3402=CARTESIAN_POINT('',(-0.0189203462259508,0.00911155852146872,0.088));
#3403=CARTESIAN_POINT('',(-0.0190155534060306,0.00891385877492562,0.0877737110658317));
#3404=CARTESIAN_POINT('',(-0.0192561911403865,0.0086570746362387,0.0874274880381089));
#3405=CARTESIAN_POINT('',(-0.0197851093420127,0.008515967041185,0.0870740150216894));
#3406=CARTESIAN_POINT('',(-0.0202677522559911,0.00860513560564749,0.0869592384363025));
#3407=CARTESIAN_POINT('',(-0.0206445856989168,0.00891622582528592,0.0870899104909058));
#3408=CARTESIAN_POINT('',(-0.0208711598858111,0.00941317089503037,0.0874421528300055));
#3409=CARTESIAN_POINT('',(-0.0208204233088465,0.00977553754562409,0.0877804658654765));
#3410=CARTESIAN_POINT('',(-0.0207222839617557,0.00997932599970384,0.088));
#3411=CARTESIAN_POINT('',(-0.0179821240967647,0.0143402654427509,0.088));
#3412=CARTESIAN_POINT('',(-0.0178410613231465,0.0145171525659887,0.0877804085983298));
#3413=CARTESIAN_POINT('',(-0.0175394454044116,0.014718964265293,0.0874447002165976));
#3414=CARTESIAN_POINT('',(-0.0169934789944639,0.0147318230520738,0.0870915212231612));
#3415=CARTESIAN_POINT('',(-0.0165514151560356,0.0145307210729671,0.086959383777478));
#3416=CARTESIAN_POINT('',(-0.0162580306014538,0.0141337580165023,0.0870723839088214));
#3417=CARTESIAN_POINT('',(-0.0161542447955772,0.013596160077336,0.0874247263540219));
#3418=CARTESIAN_POINT('',(-0.0162816129736735,0.0132648880016421,0.0877736520366656));
#3419=CARTESIAN_POINT('',(-0.0164184611318286,0.0130932858390334,0.088));
#3420=CARTESIAN_POINT('',(-0.0179821240967647,0.0143402654427509,0.088));
#3421=CARTESIAN_POINT('',(-0.0164184611318286,0.0130932858390334,0.088));
#3422=CARTESIAN_POINT('',(-0.0164184611318286,0.0130932858390334,0.088));
#3423=CARTESIAN_POINT('',(-0.0165552736013573,0.0129217284285467,0.0877737110658084));
#3424=CARTESIAN_POINT('',(-0.0168470178916891,0.0127249293377064,0.087427488038114));
#3425=CARTESIAN_POINT('',(-0.0173940744035512,0.0127050549768849,0.0870740150216885));
#3426=CARTESIAN_POINT('',(-0.0178447745797623,0.0128993860512538,0.0869592384363024));
#3427=CARTESIAN_POINT('',(-0.0181429359352964,0.0132865299192509,0.087089910490907));
#3428=CARTESIAN_POINT('',(-0.0182532487532301,0.0138214330382501,0.0874421528299986));
#3429=CARTESIAN_POINT('',(-0.0181231500826766,0.0141634244498376,0.087780465865507));
#3430=CARTESIAN_POINT('',(-0.0179821240967647,0.0143402654427509,0.088));
#3431=CARTESIAN_POINT('',(-0.0143402654427509,0.0179821240967647,0.088));
#3432=CARTESIAN_POINT('',(-0.0141633783195268,0.0181231868703719,0.0877804085983116));
#3433=CARTESIAN_POINT('',(-0.0138244172137645,0.0182528228731088,0.0874447002166016));
#3434=CARTESIAN_POINT('',(-0.0132892779723522,0.0181438703078051,0.0870915212231606));
#3435=CARTESIAN_POINT('',(-0.0129030469975135,0.0178494419169837,0.0869593837774776));
#3436=CARTESIAN_POINT('',(-0.0127053507963172,0.0173971473480389,0.0870723839088236));
#3437=CARTESIAN_POINT('',(-0.0127237939128074,0.0168499335971501,0.08742472635401));
#3438=CARTESIAN_POINT('',(-0.0129216836763821,0.0165553092900177,0.0877736520367185));
#3439=CARTESIAN_POINT('',(-0.0130932858390334,0.0164184611318286,0.088));
#3440=CARTESIAN_POINT('',(-0.0143402654427509,0.0179821240967647,0.088));
#3441=CARTESIAN_POINT('',(-0.0130932858390334,0.0164184611318286,0.088));
#3442=CARTESIAN_POINT('',(-0.0130932858390334,0.0164184611318286,0.088));
#3443=CARTESIAN_POINT('',(-0.0132648432496074,0.0162816486622303,0.0877737110659165));
#3444=CARTESIAN_POINT('',(-0.0135930648188603,0.0161547029475243,0.0874274880380896));
#3445=CARTESIAN_POINT('',(-0.0141308279431705,0.0162570584043508,0.0870740150216928));
#3446=CARTESIAN_POINT('',(-0.0145269853928146,0.0165468074171052,0.0869592384363019));
#3447=CARTESIAN_POINT('',(-0.0147315236055752,0.0169905919233499,0.0870899104909047));
#3448=CARTESIAN_POINT('',(-0.0147200435092468,0.0175366308156392,0.087442152830013));
#3449=CARTESIAN_POINT('',(-0.0145171064356156,0.0178410981108916,0.0877804658654427));
#3450=CARTESIAN_POINT('',(-0.0143402654427509,0.0179821240967647,0.088));
#3451=CARTESIAN_POINT('',(-0.00997932599970384,0.0207222839617557,0.088));
#3452=CARTESIAN_POINT('',(-0.00977548438587216,0.0208204489092338,0.087780408598272));
#3453=CARTESIAN_POINT('',(-0.00941617501827471,0.0208714087249169,0.0874447002166105));
#3454=CARTESIAN_POINT('',(-0.00891869706151554,0.0206461081440984,0.087091521223159));
#3455=CARTESIAN_POINT('',(-0.00860766618410343,0.0202731172105046,0.0869593837774778));
#3456=CARTESIAN_POINT('',(-0.00851557164932874,0.0197881710673828,0.0870723839088248));
#3457=CARTESIAN_POINT('',(-0.00865531887331179,0.0192587810872144,0.0874247263540032));
#3458=CARTESIAN_POINT('',(-0.00891380720330982,0.0190155782416119,0.0877736520367495));
#3459=CARTESIAN_POINT('',(-0.00911155852146873,0.0189203462259508,0.088));
#3460=CARTESIAN_POINT('',(-0.00997932599970384,0.0207222839617557,0.088));
#3461=CARTESIAN_POINT('',(-0.00911155852146873,0.0189203462259508,0.088));
#3462=CARTESIAN_POINT('',(-0.00911155852146873,0.0189203462259508,0.088));
#3463=CARTESIAN_POINT('',(-0.00930925826809203,0.0188251390458323,0.0877737110659178));
#3464=CARTESIAN_POINT('',(-0.00965749871633342,0.018774412295369,0.0874274880380893));
#3465=CARTESIAN_POINT('',(-0.0101590027645174,0.0189938650398619,0.0870740150216929));
#3466=CARTESIAN_POINT('',(-0.0104807524988629,0.019364502765612,0.0869592384363018));
#3467=CARTESIAN_POINT('',(-0.0105814111687865,0.0198426747018767,0.087089910490905));
#3468=CARTESIAN_POINT('',(-0.0104487138181506,0.0203724686973506,0.087442152830011));
#3469=CARTESIAN_POINT('',(-0.010183114453762,0.0206241446146752,0.0877804658654517));
#3470=CARTESIAN_POINT('',(-0.00997932599970384,0.0207222839617557,0.088));
#3471=CARTESIAN_POINT('',(-0.00511798148099523,0.022423341980182,0.088));
#3472=CARTESIAN_POINT('',(-0.00489740684618459,0.0224736867011935,0.087780408598301));
#3473=CARTESIAN_POINT('',(-0.00453576648885878,0.022443414991838,0.0874447002166041));
#3474=CARTESIAN_POINT('',(-0.0041008954387767,0.0221130639074082,0.08709152122316));
#3475=CARTESIAN_POINT('',(-0.00388066104573834,0.0216802137539256,0.0869593837774781));
#3476=CARTESIAN_POINT('',(-0.00389878618191595,0.0211869332612002,0.0870723839088223));
#3477=CARTESIAN_POINT('',(-0.00415283000402503,0.0207019128759069,0.0874247263540167));
#3478=CARTESIAN_POINT('',(-0.00445895521633207,0.0205223266979979,0.0877736520366891));
#3479=CARTESIAN_POINT('',(-0.0046729396130826,0.0204734861558183,0.088));
#3480=CARTESIAN_POINT('',(-0.00511798148099523,0.022423341980182,0.088));
#3481=CARTESIAN_POINT('',(-0.0046729396130826,0.0204734861558183,0.088));
#3482=CARTESIAN_POINT('',(-0.0046729396130826,0.0204734861558183,0.088));
#3483=CARTESIAN_POINT('',(-0.00488686820493629,0.0204246583507422,0.0877737110659178));
#3484=CARTESIAN_POINT('',(-0.0052376653019671,0.0204526942156053,0.0874274880380893));
#3485=CARTESIAN_POINT('',(-0.00567776276695002,0.0207782399708011,0.0870740150216929));
#3486=CARTESIAN_POINT('',(-0.0059089709108072,0.0212111810863292,0.0869592384363018));
#3487=CARTESIAN_POINT('',(-0.00590070259186959,0.0216997629150579,0.0870899104909051));
#3488=CARTESIAN_POINT('',(-0.00565344198618431,0.0221867459305548,0.0874421528300105));
#3489=CARTESIAN_POINT('',(-0.00533849859220943,0.0223730103885559,0.0877804658654541));
#3490=CARTESIAN_POINT('',(-0.00511798148099523,0.022423341980182,0.088));
#3491=CARTESIAN_POINT('',(-0.088,5.29630817208939E-18,0.088));
#3492=CARTESIAN_POINT('',(-0.088,5.29630817208939E-18,0.023));
#3493=CARTESIAN_POINT('',(-0.087777594060129,0.000224104534703891,0.023));
#3494=CARTESIAN_POINT('',(-0.0874368261969674,0.000566063419788741,0.022893119218332));
#3495=CARTESIAN_POINT('',(-0.0870792242565364,0.000919575891479151,0.0224779383134125));
#3496=CARTESIAN_POINT('',(-0.0869526398142656,0.00104111557700558,0.0220043965657796));
#3497=CARTESIAN_POINT('',(-0.0870757818032775,0.000915922234867323,0.0215286637579996));
#3498=CARTESIAN_POINT('',(-0.0874300716617861,0.000564243391877242,0.0211106698118652));
#3499=CARTESIAN_POINT('',(-0.0877759025454782,0.000222413099494143,0.021));
#3500=CARTESIAN_POINT('',(-0.088,5.29630817208939E-18,0.021));
#3501=CARTESIAN_POINT('',(-0.088,5.29630817208939E-18,0.023));
#3502=CARTESIAN_POINT('',(-0.088,5.29630817208939E-18,0.021));
#3503=CARTESIAN_POINT('',(-0.088,5.29630817208939E-18,0.021));
#3504=CARTESIAN_POINT('',(-0.0877758739250485,-0.000222441504540473,0.021));
#3505=CARTESIAN_POINT('',(-0.0874326356862242,-0.000561707157103178,0.0211091827846581));
#3506=CARTESIAN_POINT('',(-0.0870774133610295,-0.000914297787164615,0.021526186115598));
#3507=CARTESIAN_POINT('',(-0.0869526406902206,-0.00104106609687506,0.0219984368791644));
#3508=CARTESIAN_POINT('',(-0.0870775442629207,-0.000921223999852266,0.0224753873012066));
#3509=CARTESIAN_POINT('',(-0.0874341916329148,-0.000568696290406694,0.0228916084531581));
#3510=CARTESIAN_POINT('',(-0.0877775656558244,-0.000224133155866469,0.023));
#3511=CARTESIAN_POINT('',(-0.088,5.29630817208939E-18,0.023));
#3512=CARTESIAN_POINT('',(-0.0857936562720005,0.0195818421881556,0.088));
#3513=CARTESIAN_POINT('',(-0.0857936562720005,0.0195818421881556,0.023));
#3514=CARTESIAN_POINT('',(-0.085526958563018,0.0197508379768259,0.023));
#3515=CARTESIAN_POINT('',(-0.0851186414511648,0.0200083952555426,0.0228931192183321));
#3516=CARTESIAN_POINT('',(-0.0846913414126222,0.0202734705137282,0.0224779383134125));
#3517=CARTESIAN_POINT('',(-0.0845408855822683,0.0203637952572674,0.0220043965657797));
#3518=CARTESIAN_POINT('',(-0.0846887982839353,0.0202691424440017,0.0215286637579997));
#3519=CARTESIAN_POINT('',(-0.085112461260593,0.0200051178340531,0.0211106698118652));
#3520=CARTESIAN_POINT('',(-0.0855256858379156,0.0197488125520113,0.021));
#3521=CARTESIAN_POINT('',(-0.0857936562720005,0.0195818421881556,0.021));
#3522=CARTESIAN_POINT('',(-0.0857936562720005,0.0195818421881556,0.023));
#3523=CARTESIAN_POINT('',(-0.0857936562720005,0.0195818421881556,0.021));
#3524=CARTESIAN_POINT('',(-0.0857936562720005,0.0195818421881556,0.021));
#3525=CARTESIAN_POINT('',(-0.0856246473970288,0.0193151050130259,0.021));
#3526=CARTESIAN_POINT('',(-0.0853655085673318,0.0189079677652293,0.021109182784658));
#3527=CARTESIAN_POINT('',(-0.0850976512037765,0.0184851729148433,0.021526186115598));
#3528=CARTESIAN_POINT('',(-0.0850042154469998,0.0183338184200861,0.0219984368791644));
#3529=CARTESIAN_POINT('',(-0.0850993200509999,0.0184784494851796,0.0224753873012066));
#3530=CARTESIAN_POINT('',(-0.0853685807316613,0.0189015000948001,0.0228916084531581));
#3531=CARTESIAN_POINT('',(-0.0856266731404121,0.0193138322204446,0.023));
#3532=CARTESIAN_POINT('',(-0.0857936562720005,0.0195818421881556,0.023));
#3533=CARTESIAN_POINT('',(-0.0195818421881557,-0.0857936562720005,0.088));
#3534=CARTESIAN_POINT('',(-0.0195818421881557,-0.0857936562720005,0.023));
#3535=CARTESIAN_POINT('',(-0.0197508379768411,-0.0855269585630277,0.023));
#3536=CARTESIAN_POINT('',(-0.0200083952555393,-0.0851186414511627,0.0228931192183321));
#3537=CARTESIAN_POINT('',(-0.0202734705137288,-0.0846913414126225,0.0224779383134125));
#3538=CARTESIAN_POINT('',(-0.0203637952572677,-0.0845408855822685,0.0220043965657797));
#3539=CARTESIAN_POINT('',(-0.020269142444,-0.0846887982839342,0.0215286637579996));
#3540=CARTESIAN_POINT('',(-0.0200051178340625,-0.0851124612605988,0.0211106698118652));
#3541=CARTESIAN_POINT('',(-0.0197488125519699,-0.0855256858378898,0.021));
#3542=CARTESIAN_POINT('',(-0.0195818421881557,-0.0857936562720005,0.021));
#3543=CARTESIAN_POINT('',(-0.0195818421881557,-0.0857936562720005,0.023));
#3544=CARTESIAN_POINT('',(-0.0195818421881557,-0.0857936562720005,0.021));
#3545=CARTESIAN_POINT('',(-0.0195818421881557,-0.0857936562720005,0.021));
#3546=CARTESIAN_POINT('',(-0.0193151050130188,-0.0856246473970401,0.021));
#3547=CARTESIAN_POINT('',(-0.018907967765231,-0.0853655085673292,0.021109182784658));
#3548=CARTESIAN_POINT('',(-0.0184851729148431,-0.085097651203777,0.021526186115598));
#3549=CARTESIAN_POINT('',(-0.0183338184200862,-0.0850042154469997,0.0219984368791644));
#3550=CARTESIAN_POINT('',(-0.0184784494851796,-0.0850993200509999,0.0224753873012067));
#3551=CARTESIAN_POINT('',(-0.0189015000948002,-0.0853685807316613,0.0228916084531581));
#3552=CARTESIAN_POINT('',(-0.0193138322204447,-0.0856266731404121,0.023));
#3553=CARTESIAN_POINT('',(-0.0195818421881557,-0.0857936562720005,0.023));
#3554=CARTESIAN_POINT('',(-0.0381817690423451,-0.0792852603754129,0.088));
#3555=CARTESIAN_POINT('',(-0.0381817690423451,-0.0792852603754129,0.023));
#3556=CARTESIAN_POINT('',(-0.0382871819304829,-0.0789876442340845,0.023));
#3557=CARTESIAN_POINT('',(-0.0384474226053988,-0.0785322525985062,0.0228931192183321));
#3558=CARTESIAN_POINT('',(-0.0386107686697788,-0.0780566810700352,0.0224779383134125));
#3559=CARTESIAN_POINT('',(-0.0386653492115264,-0.0778898983351811,0.0220043965657797));
#3560=CARTESIAN_POINT('',(-0.0386059832144242,-0.0780551647890113,0.0215286637579997));
#3561=CARTESIAN_POINT('',(-0.0384428521339412,-0.0785269566531096,0.0211106698118652));
#3562=CARTESIAN_POINT('',(-0.0382849240792711,-0.0789868541182624,0.021));
#3563=CARTESIAN_POINT('',(-0.0381817690423451,-0.0792852603754129,0.021));
#3564=CARTESIAN_POINT('',(-0.0381817690423451,-0.0792852603754129,0.023));
#3565=CARTESIAN_POINT('',(-0.0381817690423451,-0.0792852603754129,0.021));
#3566=CARTESIAN_POINT('',(-0.0381817690423451,-0.0792852603754129,0.021));
#3567=CARTESIAN_POINT('',(-0.0378841115123884,-0.0791798435111289,0.021));
#3568=CARTESIAN_POINT('',(-0.0374295182310148,-0.0790177983935533,0.0211091827846581));
#3569=CARTESIAN_POINT('',(-0.0369577198595412,-0.0788507374783201,0.0215261861155981));
#3570=CARTESIAN_POINT('',(-0.0367893687261054,-0.0787933238945742,0.0219984368791644));
#3571=CARTESIAN_POINT('',(-0.0369515363537389,-0.0788538605879082,0.0224753873012067));
#3572=CARTESIAN_POINT('',(-0.0374238963394639,-0.0790222327243693,0.0228916084531581));
#3573=CARTESIAN_POINT('',(-0.0378833214016779,-0.0791821016879081,0.023));
#3574=CARTESIAN_POINT('',(-0.0381817690423451,-0.0792852603754129,0.023));
#3575=CARTESIAN_POINT('',(-0.0548671025635686,-0.0688011704571866,0.088));
#3576=CARTESIAN_POINT('',(-0.0548671025635686,-0.0688011704571866,0.023));
#3577=CARTESIAN_POINT('',(-0.0549036467087922,-0.0684875595995706,0.023));
#3578=CARTESIAN_POINT('',(-0.0549585356433658,-0.0680079286784307,0.022893119218332));
#3579=CARTESIAN_POINT('',(-0.0550119616601975,-0.0675079328022815,0.0224779383134125));
#3580=CARTESIAN_POINT('',(-0.0550280611038815,-0.0673331863456767,0.0220043965657796));
#3581=CARTESIAN_POINT('',(-0.0550069587819298,-0.0675075194015835,0.0215286637579996));
#3582=CARTESIAN_POINT('',(-0.0549529013044558,-0.0680037825390197,0.0211106698118652));
#3583=CARTESIAN_POINT('',(-0.0549012696493064,-0.0684872917127614,0.021));
#3584=CARTESIAN_POINT('',(-0.0548671025635686,-0.0688011704571866,0.021));
#3585=CARTESIAN_POINT('',(-0.0548671025635686,-0.0688011704571866,0.023));
#3586=CARTESIAN_POINT('',(-0.0548671025635686,-0.0688011704571866,0.021));
#3587=CARTESIAN_POINT('',(-0.0548671025635686,-0.0688011704571866,0.021));
#3588=CARTESIAN_POINT('',(-0.0545534504702475,-0.0687646316453461,0.021));
#3589=CARTESIAN_POINT('',(-0.0540741963606401,-0.0687078058587309,0.021109182784658));
#3590=CARTESIAN_POINT('',(-0.0535770524084832,-0.0686499185236946,0.021526186115598));
#3591=CARTESIAN_POINT('',(-0.0534001464651723,-0.0686314060698073,0.0219984368791644));
#3592=CARTESIAN_POINT('',(-0.0535717188933439,-0.0686543392898907,0.0224753873012066));
#3593=CARTESIAN_POINT('',(-0.0540697021530822,-0.068713380000176,0.0228916084531581));
#3594=CARTESIAN_POINT('',(-0.0545531826608692,-0.0687670090210823,0.023));
#3595=CARTESIAN_POINT('',(-0.0548671025635686,-0.0688011704571866,0.023));
#3596=CARTESIAN_POINT('',(0.,0.,0.022));
#3597=CARTESIAN_POINT('',(-0.0195818421881556,0.0857936562720005,0.023));
#3598=CARTESIAN_POINT('',(-0.0197508379766855,0.0855269585629289,0.023));
#3599=CARTESIAN_POINT('',(-0.0200083952555743,0.0851186414511847,0.022893119218332));
#3600=CARTESIAN_POINT('',(-0.0202734705137224,0.0846913414126183,0.0224779383134123));
#3601=CARTESIAN_POINT('',(-0.0203637952572686,0.0845408855822691,0.0220043965657796));
#3602=CARTESIAN_POINT('',(-0.0202691424440028,0.0846887982839361,0.0215286637579996));
#3603=CARTESIAN_POINT('',(-0.0200051178340451,0.0851124612605882,0.0211106698118651));
#3604=CARTESIAN_POINT('',(-0.0197488125520475,0.085525685837938,0.021));
#3605=CARTESIAN_POINT('',(-0.0195818421881557,0.0857936562720005,0.021));
#3606=CARTESIAN_POINT('',(-0.0195818421881556,0.0857936562720005,0.023));
#3607=CARTESIAN_POINT('',(-0.0195818421881556,0.0857936562720005,0.021));
#3608=CARTESIAN_POINT('',(-0.0195818421881556,0.0857936562720005,0.021));
#3609=CARTESIAN_POINT('',(-0.0193151050128938,0.0856246473972376,0.021));
#3610=CARTESIAN_POINT('',(-0.0189079677652592,0.085365508567285,0.021109182784658));
#3611=CARTESIAN_POINT('',(-0.0184851729148379,0.0850976512037852,0.0215261861155978));
#3612=CARTESIAN_POINT('',(-0.0183338184200871,0.0850042154469981,0.0219984368791643));
#3613=CARTESIAN_POINT('',(-0.0184784494851807,0.0850993200509979,0.0224753873012066));
#3614=CARTESIAN_POINT('',(-0.0189015000947918,0.0853685807316744,0.022891608453158));
#3615=CARTESIAN_POINT('',(-0.0193138322204823,0.085626673140352,0.023));
#3616=CARTESIAN_POINT('',(-0.0195818421881556,0.0857936562720005,0.023));
#3617=CARTESIAN_POINT('',(-0.0381817690423451,0.0792852603754129,0.023));
#3618=CARTESIAN_POINT('',(-0.038287181930485,0.0789876442340852,0.023));
#3619=CARTESIAN_POINT('',(-0.0384474226053982,0.078532252598506,0.0228931192183321));
#3620=CARTESIAN_POINT('',(-0.038610768669779,0.0780566810700352,0.0224779383134125));
#3621=CARTESIAN_POINT('',(-0.038665349211526,0.077889898335181,0.0220043965657796));
#3622=CARTESIAN_POINT('',(-0.0386059832144255,0.0780551647890118,0.0215286637579996));
#3623=CARTESIAN_POINT('',(-0.038442852133934,0.0785269566531071,0.0211106698118652));
#3624=CARTESIAN_POINT('',(-0.038284924079303,0.0789868541182734,0.021));
#3625=CARTESIAN_POINT('',(-0.0381817690423451,0.0792852603754129,0.021));
#3626=CARTESIAN_POINT('',(-0.0381817690423451,0.0792852603754129,0.023));
#3627=CARTESIAN_POINT('',(-0.0381817690423451,0.0792852603754129,0.021));
#3628=CARTESIAN_POINT('',(-0.0381817690423451,0.0792852603754129,0.021));
#3629=CARTESIAN_POINT('',(-0.0378841115123884,0.0791798435111289,0.021));
#3630=CARTESIAN_POINT('',(-0.0374295182310148,0.0790177983935533,0.021109182784658));
#3631=CARTESIAN_POINT('',(-0.0369577198595412,0.0788507374783201,0.021526186115598));
#3632=CARTESIAN_POINT('',(-0.0367893687261054,0.0787933238945743,0.0219984368791644));
#3633=CARTESIAN_POINT('',(-0.0369515363537392,0.0788538605879076,0.0224753873012066));
#3634=CARTESIAN_POINT('',(-0.0374238963394627,0.0790222327243725,0.0228916084531581));
#3635=CARTESIAN_POINT('',(-0.0378833214016829,0.0791821016878936,0.023));
#3636=CARTESIAN_POINT('',(-0.0381817690423451,0.0792852603754129,0.023));
#3637=CARTESIAN_POINT('',(-0.0548671025635686,0.0688011704571866,0.023));
#3638=CARTESIAN_POINT('',(-0.0549036467087922,0.0684875595995706,0.023));
#3639=CARTESIAN_POINT('',(-0.0549585356433658,0.0680079286784307,0.0228931192183321));
#3640=CARTESIAN_POINT('',(-0.0550119616601974,0.0675079328022815,0.0224779383134125));
#3641=CARTESIAN_POINT('',(-0.0550280611038816,0.0673331863456766,0.0220043965657797));
#3642=CARTESIAN_POINT('',(-0.0550069587819296,0.0675075194015835,0.0215286637579997));
#3643=CARTESIAN_POINT('',(-0.0549529013044569,0.0680037825390198,0.0211106698118652));
#3644=CARTESIAN_POINT('',(-0.0549012696493016,0.0684872917127609,0.021));
#3645=CARTESIAN_POINT('',(-0.0548671025635686,0.0688011704571866,0.021));
#3646=CARTESIAN_POINT('',(-0.0548671025635686,0.0688011704571866,0.023));
#3647=CARTESIAN_POINT('',(-0.0548671025635686,0.0688011704571866,0.021));
#3648=CARTESIAN_POINT('',(-0.0548671025635686,0.0688011704571866,0.021));
#3649=CARTESIAN_POINT('',(-0.0545534504702475,0.0687646316453461,0.021));
#3650=CARTESIAN_POINT('',(-0.0540741963606401,0.0687078058587309,0.0211091827846581));
#3651=CARTESIAN_POINT('',(-0.0535770524084832,0.0686499185236947,0.021526186115598));
#3652=CARTESIAN_POINT('',(-0.0534001464651723,0.0686314060698073,0.0219984368791644));
#3653=CARTESIAN_POINT('',(-0.0535717188933439,0.0686543392898907,0.0224753873012066));
#3654=CARTESIAN_POINT('',(-0.0540697021530822,0.068713380000176,0.0228916084531581));
#3655=CARTESIAN_POINT('',(-0.0545531826608692,0.0687670090210823,0.023));
#3656=CARTESIAN_POINT('',(-0.0548671025635686,0.0688011704571866,0.023));
#3657=CARTESIAN_POINT('',(-0.0688011704571866,0.0548671025635685,0.023));
#3658=CARTESIAN_POINT('',(-0.0687670133833103,0.0545532227476054,0.023));
#3659=CARTESIAN_POINT('',(-0.0687137982173485,0.054073403238036,0.022893119218332));
#3660=CARTESIAN_POINT('',(-0.0686546251830206,0.0535740548952436,0.0224779383134123));
#3661=CARTESIAN_POINT('',(-0.0686314362353161,0.0534001072338994,0.0220043965657796));
#3662=CARTESIAN_POINT('',(-0.0686496557470561,0.0535747651045079,0.0215286637579996));
#3663=CARTESIAN_POINT('',(-0.0687073825402118,0.054070614809359,0.0211106698118652));
#3664=CARTESIAN_POINT('',(-0.0687646363114808,0.0545534905227484,0.021));
#3665=CARTESIAN_POINT('',(-0.0688011704571866,0.0548671025635685,0.021));
#3666=CARTESIAN_POINT('',(-0.0688011704571866,0.0548671025635686,0.023));
#3667=CARTESIAN_POINT('',(-0.0688011704571866,0.0548671025635685,0.021));
#3668=CARTESIAN_POINT('',(-0.0688011704571866,0.0548671025635685,0.021));
#3669=CARTESIAN_POINT('',(-0.0684872516261887,0.0549012740130575,0.021));
#3670=CARTESIAN_POINT('',(-0.0680073684905558,0.0549525170392753,0.021109182784658));
#3671=CARTESIAN_POINT('',(-0.0675098078313775,0.0550067059972079,0.0215261861155978));
#3672=CARTESIAN_POINT('',(-0.0673332178808823,0.0550280229649037,0.0219984368791643));
#3673=CARTESIAN_POINT('',(-0.0675055917516191,0.0550122027443215,0.0224753873012066));
#3674=CARTESIAN_POINT('',(-0.0680042273253335,0.0549589514807006,0.022891608453158));
#3675=CARTESIAN_POINT('',(-0.0684875195471799,0.0549036513758522,0.023));
#3676=CARTESIAN_POINT('',(-0.0688011704571866,0.0548671025635685,0.023));
#3677=CARTESIAN_POINT('',(-0.0792852603754129,0.0381817690423451,0.023));
#3678=CARTESIAN_POINT('',(-0.0791821148610098,0.0378833595126325,0.023));
#3679=CARTESIAN_POINT('',(-0.079023464024821,0.0374274115684232,0.0228931192183321));
#3680=CARTESIAN_POINT('',(-0.0788546591224292,0.0369537501699862,0.0224779383134125));
#3681=CARTESIAN_POINT('',(-0.0787933445739905,0.0367893237659855,0.0220043965657797));
#3682=CARTESIAN_POINT('',(-0.0788499723170222,0.0369555483763556,0.0215286637579996));
#3683=CARTESIAN_POINT('',(-0.0790165887183863,0.0374261206739309,0.0211106698118652));
#3684=CARTESIAN_POINT('',(-0.0791798569727527,0.0378841495223915,0.021));
#3685=CARTESIAN_POINT('',(-0.0792852603754129,0.0381817690423451,0.021));
#3686=CARTESIAN_POINT('',(-0.0792852603754129,0.0381817690423451,0.023));
#3687=CARTESIAN_POINT('',(-0.0792852603754129,0.0381817690423451,0.021));
#3688=CARTESIAN_POINT('',(-0.0792852603754129,0.0381817690423451,0.021));
#3689=CARTESIAN_POINT('',(-0.0789868160076716,0.0382849372534323,0.021));
#3690=CARTESIAN_POINT('',(-0.078530367190329,0.03844167955387,0.0211091827846581));
#3691=CARTESIAN_POINT('',(-0.0780573395931959,0.0386052275439962,0.0215261861155981));
#3692=CARTESIAN_POINT('',(-0.0778899205930131,0.0386653050115313,0.0219984368791644));
#3693=CARTESIAN_POINT('',(-0.0780544523606661,0.038611524642203,0.0224753873012066));
#3694=CARTESIAN_POINT('',(-0.0785287365785649,0.0384486516453538,0.0228916084531581));
#3695=CARTESIAN_POINT('',(-0.0789876062244377,0.0382871953931059,0.023));
#3696=CARTESIAN_POINT('',(-0.0792852603754129,0.0381817690423451,0.023));
#3697=CARTESIAN_POINT('',(-0.0857936562720005,-0.0195818421881556,0.023));
#3698=CARTESIAN_POINT('',(-0.0855269585630277,-0.019750837976841,0.023));
#3699=CARTESIAN_POINT('',(-0.0851186414511627,-0.0200083952555392,0.0228931192183321));
#3700=CARTESIAN_POINT('',(-0.0846913414126225,-0.0202734705137288,0.0224779383134125));
#3701=CARTESIAN_POINT('',(-0.0845408855822684,-0.0203637952572676,0.0220043965657796));
#3702=CARTESIAN_POINT('',(-0.0846887982839345,-0.0202691424440003,0.0215286637579997));
#3703=CARTESIAN_POINT('',(-0.0851124612605977,-0.0200051178340607,0.0211106698118652));
#3704=CARTESIAN_POINT('',(-0.0855256858378945,-0.0197488125519773,0.021));
#3705=CARTESIAN_POINT('',(-0.0857936562720005,-0.0195818421881556,0.021));
#3706=CARTESIAN_POINT('',(-0.0857936562720005,-0.0195818421881556,0.023));
#3707=CARTESIAN_POINT('',(-0.0857936562720005,-0.0195818421881556,0.021));
#3708=CARTESIAN_POINT('',(-0.0857936562720005,-0.0195818421881556,0.021));
#3709=CARTESIAN_POINT('',(-0.0856246473970402,-0.0193151050130187,0.021));
#3710=CARTESIAN_POINT('',(-0.0853655085673292,-0.018907967765231,0.021109182784658));
#3711=CARTESIAN_POINT('',(-0.0850976512037771,-0.018485172914843,0.021526186115598));
#3712=CARTESIAN_POINT('',(-0.0850042154469996,-0.0183338184200862,0.0219984368791644));
#3713=CARTESIAN_POINT('',(-0.0850993200510003,-0.0184784494851793,0.0224753873012066));
#3714=CARTESIAN_POINT('',(-0.0853685807316592,-0.0189015000948014,0.0228916084531581));
#3715=CARTESIAN_POINT('',(-0.0856266731404214,-0.0193138322204389,0.023));
#3716=CARTESIAN_POINT('',(-0.0857936562720005,-0.0195818421881556,0.023));
#3717=CARTESIAN_POINT('',(-0.0792852603754129,-0.0381817690423451,0.023));
#3718=CARTESIAN_POINT('',(-0.0789876442340771,-0.038287181930462,0.023));
#3719=CARTESIAN_POINT('',(-0.0785322525985079,-0.0384474226054035,0.022893119218332));
#3720=CARTESIAN_POINT('',(-0.0780566810700349,-0.038610768669778,0.0224779383134125));
#3721=CARTESIAN_POINT('',(-0.0778898983351812,-0.0386653492115267,0.0220043965657796));
#3722=CARTESIAN_POINT('',(-0.0780551647890111,-0.0386059832144238,0.0215286637579996));
#3723=CARTESIAN_POINT('',(-0.0785269566531102,-0.0384428521339427,0.0211106698118652));
#3724=CARTESIAN_POINT('',(-0.0789868541182604,-0.0382849240792651,0.021));
#3725=CARTESIAN_POINT('',(-0.0792852603754129,-0.0381817690423451,0.021));
#3726=CARTESIAN_POINT('',(-0.0792852603754129,-0.0381817690423451,0.023));
#3727=CARTESIAN_POINT('',(-0.0792852603754129,-0.0381817690423451,0.021));
#3728=CARTESIAN_POINT('',(-0.0792852603754129,-0.0381817690423451,0.021));
#3729=CARTESIAN_POINT('',(-0.0791798435111146,-0.0378841115123935,0.021));
#3730=CARTESIAN_POINT('',(-0.0790177983935566,-0.0374295182310137,0.0211091827846581));
#3731=CARTESIAN_POINT('',(-0.0788507374783194,-0.0369577198595414,0.021526186115598));
#3732=CARTESIAN_POINT('',(-0.0787933238945746,-0.0367893687261053,0.0219984368791644));
#3733=CARTESIAN_POINT('',(-0.0788538605879075,-0.0369515363537392,0.0224753873012066));
#3734=CARTESIAN_POINT('',(-0.0790222327243728,-0.0374238963394627,0.0228916084531581));
#3735=CARTESIAN_POINT('',(-0.0791821016878928,-0.0378833214016832,0.023));
#3736=CARTESIAN_POINT('',(-0.0792852603754129,-0.0381817690423451,0.023));
#3737=CARTESIAN_POINT('',(-0.0688011704571866,-0.0548671025635686,0.023));
#3738=CARTESIAN_POINT('',(-0.0684875595995677,-0.0549036467087676,0.023));
#3739=CARTESIAN_POINT('',(-0.0680079286784313,-0.0549585356433713,0.022893119218332));
#3740=CARTESIAN_POINT('',(-0.0675079328022813,-0.0550119616601965,0.0224779383134125));
#3741=CARTESIAN_POINT('',(-0.0673331863456766,-0.0550280611038813,0.0220043965657796));
#3742=CARTESIAN_POINT('',(-0.0675075194015836,-0.0550069587819314,0.0215286637579996));
#3743=CARTESIAN_POINT('',(-0.0680037825390187,-0.0549529013044469,0.0211106698118652));
#3744=CARTESIAN_POINT('',(-0.0684872917127657,-0.054901269649346,0.021));
#3745=CARTESIAN_POINT('',(-0.0688011704571866,-0.0548671025635686,0.021));
#3746=CARTESIAN_POINT('',(-0.0688011704571866,-0.0548671025635686,0.023));
#3747=CARTESIAN_POINT('',(-0.0688011704571866,-0.0548671025635686,0.021));
#3748=CARTESIAN_POINT('',(-0.0688011704571866,-0.0548671025635686,0.021));
#3749=CARTESIAN_POINT('',(-0.0687646316453461,-0.0545534504702475,0.021));
#3750=CARTESIAN_POINT('',(-0.0687078058587309,-0.0540741963606401,0.0211091827846581));
#3751=CARTESIAN_POINT('',(-0.0686499185236947,-0.0535770524084832,0.021526186115598));
#3752=CARTESIAN_POINT('',(-0.0686314060698073,-0.0534001464651723,0.0219984368791644));
#3753=CARTESIAN_POINT('',(-0.0686543392898907,-0.0535717188933439,0.0224753873012066));
#3754=CARTESIAN_POINT('',(-0.068713380000176,-0.0540697021530822,0.0228916084531581));
#3755=CARTESIAN_POINT('',(-0.0687670090210823,-0.0545531826608692,0.023));
#3756=CARTESIAN_POINT('',(-0.0688011704571866,-0.0548671025635686,0.023));
#3757=CARTESIAN_POINT('',(-0.0688011704571866,-0.0548671025635686,0.088));
#3758=CARTESIAN_POINT('',(-0.0792852603754129,-0.0381817690423451,0.088));
#3759=CARTESIAN_POINT('',(-0.0857936562720005,-0.0195818421881556,0.088));
#3760=CARTESIAN_POINT('',(-0.0792852603754129,0.0381817690423451,0.088));
#3761=CARTESIAN_POINT('',(-0.0688011704571866,0.0548671025635686,0.088));
#3762=CARTESIAN_POINT('',(-0.0548671025635686,0.0688011704571866,0.088));
#3763=CARTESIAN_POINT('',(-0.0381817690423451,0.0792852603754129,0.088));
#3764=CARTESIAN_POINT('',(-0.0195818421881556,0.0857936562720005,0.088));
#3765=CARTESIAN_POINT('',(0.,0.,-0.088));
#3766=CARTESIAN_POINT('',(-0.021,1.19792947422571E-18,-0.088));
#3767=CARTESIAN_POINT('',(-0.021,-0.000219430164177705,-0.0877737110658958));
#3768=CARTESIAN_POINT('',(-0.0211053926448576,-0.000555193478779779,-0.0874274880380944));
#3769=CARTESIAN_POINT('',(-0.0215207071872301,-0.000911816035974125,-0.0870740150216919));
#3770=CARTESIAN_POINT('',(-0.021994242217199,-0.00104088884757051,-0.0869592384363023));
#3771=CARTESIAN_POINT('',(-0.0224687344053592,-0.000924108147806742,-0.0870899104909038));
#3772=CARTESIAN_POINT('',(-0.0228884870790179,-0.000574682966319815,-0.0874421528300172));
#3773=CARTESIAN_POINT('',(-0.023,-0.000226188119583287,-0.087780465865424));
#3774=CARTESIAN_POINT('',(-0.023,1.31201799558054E-18,-0.088));
#3775=CARTESIAN_POINT('',(-0.021,1.19792947422571E-18,-0.088));
#3776=CARTESIAN_POINT('',(-0.023,1.31201799558054E-18,-0.088));
#3777=CARTESIAN_POINT('',(-0.023,1.31201799558054E-18,-0.088));
#3778=CARTESIAN_POINT('',(-0.023,0.000226247122549101,-0.0877804085983151));
#3779=CARTESIAN_POINT('',(-0.0228900147155315,0.000572084312022386,-0.0874447002166008));
#3780=CARTESIAN_POINT('',(-0.0224711783102865,0.000922542205110254,-0.0870915212231607));
#3781=CARTESIAN_POINT('',(-0.0220001738510359,0.00104093664168851,-0.0869593837774776));
#3782=CARTESIAN_POINT('',(-0.0215232941523735,0.000913500704575078,-0.0870723839088237));
#3783=CARTESIAN_POINT('',(-0.0211069643093354,0.000557899102351812,-0.0874247263540097));
#3784=CARTESIAN_POINT('',(-0.021,0.000219487404255692,-0.0877736520367196));
#3785=CARTESIAN_POINT('',(-0.021,1.19792947422571E-18,-0.088));
#3786=CARTESIAN_POINT('',(-0.022423341980182,0.00511798148099523,-0.088));
#3787=CARTESIAN_POINT('',(-0.0223729972591674,0.00533855611581929,-0.0877804085983152));
#3788=CARTESIAN_POINT('',(-0.0221888135210113,0.00565124841668582,-0.0874447002166008));
#3789=CARTESIAN_POINT('',(-0.0217024940012179,0.00589971973063145,-0.0870915212231606));
#3790=CARTESIAN_POINT('',(-0.0212169533665297,0.00591033741932912,-0.086959383777478));
#3791=CARTESIAN_POINT('',(-0.0207803872012973,0.00567998085128912,-0.0870723839088222));
#3792=CARTESIAN_POINT('',(-0.0204536244172861,0.00524065281816782,-0.0874247263540177));
#3793=CARTESIAN_POINT('',(-0.0204246456136398,0.00488692400982832,-0.0877736520366843));
#3794=CARTESIAN_POINT('',(-0.0204734861558183,0.0046729396130826,-0.088));
#3795=CARTESIAN_POINT('',(-0.022423341980182,0.00511798148099523,-0.088));
#3796=CARTESIAN_POINT('',(-0.0204734861558183,0.0046729396130826,-0.088));
#3797=CARTESIAN_POINT('',(-0.0204734861558183,0.0046729396130826,-0.088));
#3798=CARTESIAN_POINT('',(-0.020522313960883,0.00445901102127857,-0.0877737110658686));
#3799=CARTESIAN_POINT('',(-0.0206997785584546,0.00415511806371869,-0.0874274880381003));
#3800=CARTESIAN_POINT('',(-0.0211840362826437,0.00389985295845759,-0.087074015021691));
#3801=CARTESIAN_POINT('',(-0.0216744202033411,0.00387938772885774,-0.0869592384363018));
#3802=CARTESIAN_POINT('',(-0.0221110297313121,0.00409882493752244,-0.087089910490907));
#3803=CARTESIAN_POINT('',(-0.0224425039113381,0.00453289305716581,-0.0874421528299999));
#3804=CARTESIAN_POINT('',(-0.0224736735718181,0.00489746436973642,-0.0877804658655013));
#3805=CARTESIAN_POINT('',(-0.022423341980182,0.00511798148099523,-0.088));
#3806=CARTESIAN_POINT('',(-0.00511798148099524,-0.022423341980182,-0.088));
#3807=CARTESIAN_POINT('',(-0.00533855611580253,-0.0223729972591712,-0.0877804085982974));
#3808=CARTESIAN_POINT('',(-0.00565124841668981,-0.0221888135210104,-0.087444700216605));
#3809=CARTESIAN_POINT('',(-0.00589971973063054,-0.0217024940012181,-0.0870915212231596));
#3810=CARTESIAN_POINT('',(-0.00591033741933027,-0.0212169533665294,-0.0869593837774791));
#3811=CARTESIAN_POINT('',(-0.00567998085128575,-0.0207803872012981,-0.0870723839088188));
#3812=CARTESIAN_POINT('',(-0.00524065281818566,-0.020453624417282,-0.0874247263540354));
#3813=CARTESIAN_POINT('',(-0.00488692400974961,-0.0204246456136578,-0.087773652036606));
#3814=CARTESIAN_POINT('',(-0.00467293961308261,-0.0204734861558183,-0.088));
#3815=CARTESIAN_POINT('',(-0.00511798148099524,-0.022423341980182,-0.088));
#3816=CARTESIAN_POINT('',(-0.00467293961308261,-0.0204734861558183,-0.088));
#3817=CARTESIAN_POINT('',(-0.00467293961308261,-0.0204734861558183,-0.088));
#3818=CARTESIAN_POINT('',(-0.00445901102131386,-0.020522313960875,-0.0877737110658335));
#3819=CARTESIAN_POINT('',(-0.00415511806371081,-0.0206997785584564,-0.0874274880381083));
#3820=CARTESIAN_POINT('',(-0.0038998529584592,-0.0211840362826432,-0.0870740150216895));
#3821=CARTESIAN_POINT('',(-0.00387938772885714,-0.0216744202033413,-0.0869592384363024));
#3822=CARTESIAN_POINT('',(-0.00409882493752347,-0.0221110297313118,-0.0870899104909059));
#3823=CARTESIAN_POINT('',(-0.00453289305716085,-0.0224425039113393,-0.0874421528300051));
#3824=CARTESIAN_POINT('',(-0.00489746436975829,-0.0224736735718132,-0.0877804658654783));
#3825=CARTESIAN_POINT('',(-0.00511798148099524,-0.022423341980182,-0.088));
#3826=CARTESIAN_POINT('',(-0.00997932599970383,-0.0207222839617557,-0.088));
#3827=CARTESIAN_POINT('',(-0.0101831676135097,-0.02062411901429,-0.0877804085982424));
#3828=CARTESIAN_POINT('',(-0.0104470353281926,-0.0203749725641244,-0.0874447002166171));
#3829=CARTESIAN_POINT('',(-0.0105810606737721,-0.0198455560212064,-0.0870915212231576));
#3830=CARTESIAN_POINT('',(-0.0104833691993447,-0.0193698262459436,-0.0869593837774784));
#3831=CARTESIAN_POINT('',(-0.0101616430405877,-0.0189954648646073,-0.0870723839088234));
#3832=CARTESIAN_POINT('',(-0.0096606183186052,-0.0187746543900598,-0.0874247263540101));
#3833=CARTESIAN_POINT('',(-0.00930930983959899,-0.0188251142103035,-0.0877736520367186));
#3834=CARTESIAN_POINT('',(-0.00911155852146872,-0.0189203462259508,-0.088));
#3835=CARTESIAN_POINT('',(-0.00997932599970384,-0.0207222839617557,-0.088));
#3836=CARTESIAN_POINT('',(-0.00911155852146872,-0.0189203462259508,-0.088));
#3837=CARTESIAN_POINT('',(-0.00911155852146872,-0.0189203462259508,-0.088));
#3838=CARTESIAN_POINT('',(-0.00891385877489665,-0.0190155534060446,-0.0877737110658628));
#3839=CARTESIAN_POINT('',(-0.0086570746362452,-0.0192561911403834,-0.0874274880381018));
#3840=CARTESIAN_POINT('',(-0.00851596704118371,-0.0197851093420133,-0.0870740150216907));
#3841=CARTESIAN_POINT('',(-0.00860513560564795,-0.0202677522559909,-0.0869592384363019));
#3842=CARTESIAN_POINT('',(-0.00891622582528523,-0.0206445856989172,-0.0870899104909065));
#3843=CARTESIAN_POINT('',(-0.00941317089503365,-0.0208711598858095,-0.0874421528300018));
#3844=CARTESIAN_POINT('',(-0.00977553754560976,-0.0208204233088534,-0.0877804658654928));
#3845=CARTESIAN_POINT('',(-0.00997932599970383,-0.0207222839617557,-0.088));
#3846=CARTESIAN_POINT('',(-0.0143402654427509,-0.0179821240967647,-0.088));
#3847=CARTESIAN_POINT('',(-0.0145171525659552,-0.0178410613231733,-0.0877804085982855));
#3848=CARTESIAN_POINT('',(-0.0147189642653005,-0.0175394454044056,-0.0874447002166075));
#3849=CARTESIAN_POINT('',(-0.0147318230520725,-0.0169934789944649,-0.0870915212231594));
#3850=CARTESIAN_POINT('',(-0.0145307210729671,-0.0165514151560356,-0.086959383777478));
#3851=CARTESIAN_POINT('',(-0.0141337580165037,-0.0162580306014526,-0.0870723839088232));
#3852=CARTESIAN_POINT('',(-0.0135961600773279,-0.0161542447955836,-0.0874247263540119));
#3853=CARTESIAN_POINT('',(-0.0132648880016783,-0.0162816129736447,-0.0877736520367104));
#3854=CARTESIAN_POINT('',(-0.0130932858390334,-0.0164184611318286,-0.088));
#3855=CARTESIAN_POINT('',(-0.0143402654427509,-0.0179821240967647,-0.088));
#3856=CARTESIAN_POINT('',(-0.0130932858390334,-0.0164184611318286,-0.088));
#3857=CARTESIAN_POINT('',(-0.0130932858390334,-0.0164184611318287,-0.088));
#3858=CARTESIAN_POINT('',(-0.0129217284284595,-0.0165552736014269,-0.0877737110659164));
#3859=CARTESIAN_POINT('',(-0.0127249293377259,-0.0168470178916736,-0.0874274880380896));
#3860=CARTESIAN_POINT('',(-0.0127050549768814,-0.0173940744035543,-0.0870740150216928));
#3861=CARTESIAN_POINT('',(-0.0128993860512543,-0.0178447745797621,-0.086959238436302));
#3862=CARTESIAN_POINT('',(-0.0132865299192529,-0.0181429359352949,-0.0870899104909044));
#3863=CARTESIAN_POINT('',(-0.0138214330382386,-0.0182532487532393,-0.087442152830014));
#3864=CARTESIAN_POINT('',(-0.0141634244498896,-0.0181231500826351,-0.0877804658654382));
#3865=CARTESIAN_POINT('',(-0.0143402654427509,-0.0179821240967647,-0.088));
#3866=CARTESIAN_POINT('',(-0.0179821240967647,-0.0143402654427509,-0.088));
#3867=CARTESIAN_POINT('',(-0.0181231868703505,-0.0141633783195536,-0.0877804085982763));
#3868=CARTESIAN_POINT('',(-0.0182528228731136,-0.0138244172137584,-0.0874447002166096));
#3869=CARTESIAN_POINT('',(-0.0181438703078042,-0.0132892779723533,-0.0870915212231591));
#3870=CARTESIAN_POINT('',(-0.0178494419169838,-0.0129030469975133,-0.0869593837774779));
#3871=CARTESIAN_POINT('',(-0.0173971473480393,-0.0127053507963167,-0.0870723839088241));
#3872=CARTESIAN_POINT('',(-0.016849933597148,-0.0127237939128101,-0.0874247263540067));
#3873=CARTESIAN_POINT('',(-0.0165553092900274,-0.0129216836763699,-0.0877736520367335));
#3874=CARTESIAN_POINT('',(-0.0164184611318286,-0.0130932858390334,-0.088));
#3875=CARTESIAN_POINT('',(-0.0179821240967647,-0.0143402654427509,-0.088));
#3876=CARTESIAN_POINT('',(-0.0164184611318286,-0.0130932858390334,-0.088));
#3877=CARTESIAN_POINT('',(-0.0164184611318286,-0.0130932858390334,-0.088));
#3878=CARTESIAN_POINT('',(-0.0162816486622683,-0.0132648432495597,-0.0877737110658574));
#3879=CARTESIAN_POINT('',(-0.0161547029475157,-0.013593064818871,-0.087427488038103));
#3880=CARTESIAN_POINT('',(-0.0162570584043523,-0.0141308279431684,-0.0870740150216904));
#3881=CARTESIAN_POINT('',(-0.0165468074171047,-0.0145269853928151,-0.0869592384363026));
#3882=CARTESIAN_POINT('',(-0.0169905919233499,-0.0147315236055751,-0.0870899104909045));
#3883=CARTESIAN_POINT('',(-0.0175366308156393,-0.0147200435092466,-0.0874421528300127));
#3884=CARTESIAN_POINT('',(-0.0178410981108905,-0.014517106435617,-0.0877804658654446));
#3885=CARTESIAN_POINT('',(-0.0179821240967647,-0.0143402654427509,-0.088));
#3886=CARTESIAN_POINT('',(-0.0207222839617557,-0.00997932599970384,-0.088));
#3887=CARTESIAN_POINT('',(-0.0208204489092025,-0.00977548438593712,-0.0877804085981976));
#3888=CARTESIAN_POINT('',(-0.0208714087249241,-0.00941617501825988,-0.0874447002166272));
#3889=CARTESIAN_POINT('',(-0.020646108144097,-0.00891869706151836,-0.0870915212231556));
#3890=CARTESIAN_POINT('',(-0.0202731172105051,-0.00860766618410219,-0.0869593837774791));
#3891=CARTESIAN_POINT('',(-0.0197881710673817,-0.00851557164933077,-0.0870723839088226));
#3892=CARTESIAN_POINT('',(-0.0192587810872191,-0.00865531887330196,-0.0874247263540138));
#3893=CARTESIAN_POINT('',(-0.0190155782415911,-0.00891380720335301,-0.0877736520367029));
#3894=CARTESIAN_POINT('',(-0.0189203462259508,-0.00911155852146872,-0.088));
#3895=CARTESIAN_POINT('',(-0.0207222839617557,-0.00997932599970384,-0.088));
#3896=CARTESIAN_POINT('',(-0.0189203462259508,-0.00911155852146872,-0.088));
#3897=CARTESIAN_POINT('',(-0.0189203462259508,-0.00911155852146872,-0.088));
#3898=CARTESIAN_POINT('',(-0.0188251390458685,-0.00930925826801687,-0.0877737110658371));
#3899=CARTESIAN_POINT('',(-0.0187744122953609,-0.00965749871635023,-0.0874274880381076));
#3900=CARTESIAN_POINT('',(-0.0189938650398633,-0.0101590027645141,-0.0870740150216896));
#3901=CARTESIAN_POINT('',(-0.0193645027656116,-0.0104807524988635,-0.0869592384363025));
#3902=CARTESIAN_POINT('',(-0.0198426747018764,-0.0105814111687871,-0.0870899104909056));
#3903=CARTESIAN_POINT('',(-0.0203724686973524,-0.0104487138181467,-0.0874421528300063));
#3904=CARTESIAN_POINT('',(-0.0206241446146664,-0.0101831144537804,-0.0877804658654728));
#3905=CARTESIAN_POINT('',(-0.0207222839617557,-0.00997932599970384,-0.088));
#3906=CARTESIAN_POINT('',(-0.022423341980182,-0.00511798148099523,-0.088));
#3907=CARTESIAN_POINT('',(-0.0224736867012049,-0.0048974068461346,-0.0877804085983539));
#3908=CARTESIAN_POINT('',(-0.0224434149918355,-0.00453576648887002,-0.0874447002165923));
#3909=CARTESIAN_POINT('',(-0.0221130639074087,-0.00410089543877479,-0.0870915212231622));
#3910=CARTESIAN_POINT('',(-0.0216802137539257,-0.00388066104573836,-0.0869593837774781));
#3911=CARTESIAN_POINT('',(-0.0211869332611999,-0.00389878618191786,-0.0870723839088204));
#3912=CARTESIAN_POINT('',(-0.0207019128759094,-0.00415283000401409,-0.0874247263540274));
#3913=CARTESIAN_POINT('',(-0.0205223266979868,-0.0044589552163808,-0.0877736520366407));
#3914=CARTESIAN_POINT('',(-0.0204734861558183,-0.0046729396130826,-0.088));
#3915=CARTESIAN_POINT('',(-0.022423341980182,-0.00511798148099523,-0.088));
#3916=CARTESIAN_POINT('',(-0.0204734861558183,-0.0046729396130826,-0.088));
#3917=CARTESIAN_POINT('',(-0.0204734861558183,-0.0046729396130826,-0.088));
#3918=CARTESIAN_POINT('',(-0.0204246583507392,-0.00488686820494975,-0.0877737110659312));
#3919=CARTESIAN_POINT('',(-0.020452694215606,-0.00523766530196397,-0.0874274880380862));
#3920=CARTESIAN_POINT('',(-0.020778239970801,-0.00567776276695075,-0.0870740150216936));
#3921=CARTESIAN_POINT('',(-0.0212111810863294,-0.00590897091080651,-0.0869592384363011));
#3922=CARTESIAN_POINT('',(-0.0216997629150575,-0.00590070259187161,-0.0870899104909073));
#3923=CARTESIAN_POINT('',(-0.0221867459305572,-0.00565344198617377,-0.0874421528299994));
#3924=CARTESIAN_POINT('',(-0.0223730103885453,-0.00533849859225598,-0.0877804658655033));
#3925=CARTESIAN_POINT('',(-0.022423341980182,-0.00511798148099523,-0.088));
#3926=CARTESIAN_POINT('',(-0.0207222839617557,0.00997932599970384,-0.088));
#3927=CARTESIAN_POINT('',(-0.020624119014284,0.0101831676135222,-0.0877804085982568));
#3928=CARTESIAN_POINT('',(-0.0203749725641257,0.0104470353281898,-0.087444700216614));
#3929=CARTESIAN_POINT('',(-0.0198455560212062,0.0105810606737726,-0.0870915212231581));
#3930=CARTESIAN_POINT('',(-0.0193698262459435,0.0104833691993449,-0.0869593837774786));
#3931=CARTESIAN_POINT('',(-0.0189954648646078,0.0101616430405866,-0.0870723839088222));
#3932=CARTESIAN_POINT('',(-0.0187746543900568,0.00966061831861151,-0.0874247263540169));
#3933=CARTESIAN_POINT('',(-0.018825114210317,0.00930930983957108,-0.0877736520366886));
#3934=CARTESIAN_POINT('',(-0.0189203462259508,0.00911155852146872,-0.088));
#3935=CARTESIAN_POINT('',(-0.0207222839617557,0.00997932599970384,-0.088));
#3936=CARTESIAN_POINT('',(-0.0189203462259508,0.00911155852146872,-0.088));
#3937=CARTESIAN_POINT('',(-0.0189203462259508,0.00911155852146872,-0.088));
#3938=CARTESIAN_POINT('',(-0.0190155534060306,0.00891385877492562,-0.0877737110658317));
#3939=CARTESIAN_POINT('',(-0.0192561911403865,0.0086570746362387,-0.0874274880381089));
#3940=CARTESIAN_POINT('',(-0.0197851093420127,0.008515967041185,-0.0870740150216894));
#3941=CARTESIAN_POINT('',(-0.0202677522559911,0.00860513560564749,-0.0869592384363025));
#3942=CARTESIAN_POINT('',(-0.0206445856989168,0.00891622582528592,-0.0870899104909058));
#3943=CARTESIAN_POINT('',(-0.0208711598858111,0.00941317089503037,-0.0874421528300055));
#3944=CARTESIAN_POINT('',(-0.0208204233088465,0.00977553754562409,-0.0877804658654765));
#3945=CARTESIAN_POINT('',(-0.0207222839617557,0.00997932599970384,-0.088));
#3946=CARTESIAN_POINT('',(-0.0179821240967647,0.0143402654427509,-0.088));
#3947=CARTESIAN_POINT('',(-0.0178410613231465,0.0145171525659887,-0.0877804085983298));
#3948=CARTESIAN_POINT('',(-0.0175394454044116,0.014718964265293,-0.0874447002165976));
#3949=CARTESIAN_POINT('',(-0.0169934789944639,0.0147318230520738,-0.0870915212231612));
#3950=CARTESIAN_POINT('',(-0.0165514151560356,0.0145307210729671,-0.086959383777478));
#3951=CARTESIAN_POINT('',(-0.0162580306014538,0.0141337580165023,-0.0870723839088214));
#3952=CARTESIAN_POINT('',(-0.0161542447955772,0.013596160077336,-0.0874247263540219));
#3953=CARTESIAN_POINT('',(-0.0162816129736735,0.0132648880016421,-0.0877736520366656));
#3954=CARTESIAN_POINT('',(-0.0164184611318286,0.0130932858390334,-0.088));
#3955=CARTESIAN_POINT('',(-0.0179821240967647,0.0143402654427509,-0.088));
#3956=CARTESIAN_POINT('',(-0.0164184611318286,0.0130932858390334,-0.088));
#3957=CARTESIAN_POINT('',(-0.0164184611318286,0.0130932858390334,-0.088));
#3958=CARTESIAN_POINT('',(-0.0165552736013573,0.0129217284285467,-0.0877737110658084));
#3959=CARTESIAN_POINT('',(-0.0168470178916891,0.0127249293377064,-0.087427488038114));
#3960=CARTESIAN_POINT('',(-0.0173940744035512,0.0127050549768849,-0.0870740150216885));
#3961=CARTESIAN_POINT('',(-0.0178447745797623,0.0128993860512538,-0.0869592384363024));
#3962=CARTESIAN_POINT('',(-0.0181429359352964,0.0132865299192509,-0.087089910490907));
#3963=CARTESIAN_POINT('',(-0.0182532487532301,0.0138214330382501,-0.0874421528299986));
#3964=CARTESIAN_POINT('',(-0.0181231500826766,0.0141634244498376,-0.087780465865507));
#3965=CARTESIAN_POINT('',(-0.0179821240967647,0.0143402654427509,-0.088));
#3966=CARTESIAN_POINT('',(-0.0143402654427509,0.0179821240967647,-0.088));
#3967=CARTESIAN_POINT('',(-0.0141633783195268,0.0181231868703719,-0.0877804085983116));
#3968=CARTESIAN_POINT('',(-0.0138244172137645,0.0182528228731088,-0.0874447002166016));
#3969=CARTESIAN_POINT('',(-0.0132892779723522,0.0181438703078051,-0.0870915212231606));
#3970=CARTESIAN_POINT('',(-0.0129030469975135,0.0178494419169837,-0.0869593837774776));
#3971=CARTESIAN_POINT('',(-0.0127053507963172,0.0173971473480389,-0.0870723839088236));
#3972=CARTESIAN_POINT('',(-0.0127237939128074,0.0168499335971501,-0.08742472635401));
#3973=CARTESIAN_POINT('',(-0.0129216836763821,0.0165553092900177,-0.0877736520367185));
#3974=CARTESIAN_POINT('',(-0.0130932858390334,0.0164184611318286,-0.088));
#3975=CARTESIAN_POINT('',(-0.0143402654427509,0.0179821240967647,-0.088));
#3976=CARTESIAN_POINT('',(-0.0130932858390334,0.0164184611318286,-0.088));
#3977=CARTESIAN_POINT('',(-0.0130932858390334,0.0164184611318286,-0.088));
#3978=CARTESIAN_POINT('',(-0.0132648432496074,0.0162816486622303,-0.0877737110659165));
#3979=CARTESIAN_POINT('',(-0.0135930648188603,0.0161547029475243,-0.0874274880380896));
#3980=CARTESIAN_POINT('',(-0.0141308279431705,0.0162570584043508,-0.0870740150216928));
#3981=CARTESIAN_POINT('',(-0.0145269853928146,0.0165468074171052,-0.0869592384363019));
#3982=CARTESIAN_POINT('',(-0.0147315236055752,0.0169905919233499,-0.0870899104909047));
#3983=CARTESIAN_POINT('',(-0.0147200435092468,0.0175366308156392,-0.087442152830013));
#3984=CARTESIAN_POINT('',(-0.0145171064356156,0.0178410981108916,-0.0877804658654427));
#3985=CARTESIAN_POINT('',(-0.0143402654427509,0.0179821240967647,-0.088));
#3986=CARTESIAN_POINT('',(-0.00997932599970384,0.0207222839617557,-0.088));
#3987=CARTESIAN_POINT('',(-0.00977548438587216,0.0208204489092338,-0.087780408598272));
#3988=CARTESIAN_POINT('',(-0.00941617501827471,0.0208714087249169,-0.0874447002166105));
#3989=CARTESIAN_POINT('',(-0.00891869706151554,0.0206461081440984,-0.087091521223159));
#3990=CARTESIAN_POINT('',(-0.00860766618410343,0.0202731172105046,-0.0869593837774778));
#3991=CARTESIAN_POINT('',(-0.00851557164932874,0.0197881710673828,-0.0870723839088248));
#3992=CARTESIAN_POINT('',(-0.00865531887331179,0.0192587810872144,-0.0874247263540032));
#3993=CARTESIAN_POINT('',(-0.00891380720330982,0.0190155782416119,-0.0877736520367495));
#3994=CARTESIAN_POINT('',(-0.00911155852146873,0.0189203462259508,-0.088));
#3995=CARTESIAN_POINT('',(-0.00997932599970384,0.0207222839617557,-0.088));
#3996=CARTESIAN_POINT('',(-0.00911155852146873,0.0189203462259508,-0.088));
#3997=CARTESIAN_POINT('',(-0.00911155852146873,0.0189203462259508,-0.088));
#3998=CARTESIAN_POINT('',(-0.00930925826809203,0.0188251390458323,-0.0877737110659178));
#3999=CARTESIAN_POINT('',(-0.00965749871633342,0.018774412295369,-0.0874274880380893));
#4000=CARTESIAN_POINT('',(-0.0101590027645174,0.0189938650398619,-0.0870740150216929));
#4001=CARTESIAN_POINT('',(-0.0104807524988629,0.019364502765612,-0.0869592384363018));
#4002=CARTESIAN_POINT('',(-0.0105814111687865,0.0198426747018767,-0.087089910490905));
#4003=CARTESIAN_POINT('',(-0.0104487138181506,0.0203724686973506,-0.087442152830011));
#4004=CARTESIAN_POINT('',(-0.010183114453762,0.0206241446146752,-0.0877804658654517));
#4005=CARTESIAN_POINT('',(-0.00997932599970384,0.0207222839617557,-0.088));
#4006=CARTESIAN_POINT('',(-0.00511798148099523,0.022423341980182,-0.088));
#4007=CARTESIAN_POINT('',(-0.00489740684618459,0.0224736867011935,-0.087780408598301));
#4008=CARTESIAN_POINT('',(-0.00453576648885878,0.022443414991838,-0.0874447002166041));
#4009=CARTESIAN_POINT('',(-0.0041008954387767,0.0221130639074082,-0.08709152122316));
#4010=CARTESIAN_POINT('',(-0.00388066104573834,0.0216802137539256,-0.0869593837774781));
#4011=CARTESIAN_POINT('',(-0.00389878618191595,0.0211869332612002,-0.0870723839088223));
#4012=CARTESIAN_POINT('',(-0.00415283000402503,0.0207019128759069,-0.0874247263540167));
#4013=CARTESIAN_POINT('',(-0.00445895521633207,0.0205223266979979,-0.0877736520366891));
#4014=CARTESIAN_POINT('',(-0.0046729396130826,0.0204734861558183,-0.088));
#4015=CARTESIAN_POINT('',(-0.00511798148099523,0.022423341980182,-0.088));
#4016=CARTESIAN_POINT('',(-0.0046729396130826,0.0204734861558183,-0.088));
#4017=CARTESIAN_POINT('',(-0.0046729396130826,0.0204734861558183,-0.088));
#4018=CARTESIAN_POINT('',(-0.00488686820493629,0.0204246583507422,-0.0877737110659178));
#4019=CARTESIAN_POINT('',(-0.0052376653019671,0.0204526942156053,-0.0874274880380893));
#4020=CARTESIAN_POINT('',(-0.00567776276695002,0.0207782399708011,-0.0870740150216929));
#4021=CARTESIAN_POINT('',(-0.0059089709108072,0.0212111810863292,-0.0869592384363018));
#4022=CARTESIAN_POINT('',(-0.00590070259186959,0.0216997629150579,-0.0870899104909051));
#4023=CARTESIAN_POINT('',(-0.00565344198618431,0.0221867459305548,-0.0874421528300105));
#4024=CARTESIAN_POINT('',(-0.00533849859220943,0.0223730103885559,-0.0877804658654541));
#4025=CARTESIAN_POINT('',(-0.00511798148099523,0.022423341980182,-0.088));
#4026=CARTESIAN_POINT('',(-0.088,5.29630817208939E-18,-0.088));
#4027=CARTESIAN_POINT('',(-0.088,5.29630817208939E-18,-0.023));
#4028=CARTESIAN_POINT('',(-0.087777594060129,0.000224104534703891,-0.023));
#4029=CARTESIAN_POINT('',(-0.0874368261969674,0.000566063419788741,-0.022893119218332));
#4030=CARTESIAN_POINT('',(-0.0870792242565364,0.000919575891479151,-0.0224779383134125));
#4031=CARTESIAN_POINT('',(-0.0869526398142656,0.00104111557700558,-0.0220043965657796));
#4032=CARTESIAN_POINT('',(-0.0870757818032775,0.000915922234867323,-0.0215286637579996));
#4033=CARTESIAN_POINT('',(-0.0874300716617861,0.000564243391877242,-0.0211106698118652));
#4034=CARTESIAN_POINT('',(-0.0877759025454782,0.000222413099494143,-0.021));
#4035=CARTESIAN_POINT('',(-0.088,5.29630817208939E-18,-0.021));
#4036=CARTESIAN_POINT('',(-0.088,5.29630817208939E-18,-0.023));
#4037=CARTESIAN_POINT('',(-0.088,5.29630817208939E-18,-0.021));
#4038=CARTESIAN_POINT('',(-0.088,5.29630817208939E-18,-0.021));
#4039=CARTESIAN_POINT('',(-0.0877758739250485,-0.000222441504540473,-0.021));
#4040=CARTESIAN_POINT('',(-0.0874326356862242,-0.000561707157103178,-0.0211091827846581));
#4041=CARTESIAN_POINT('',(-0.0870774133610295,-0.000914297787164615,-0.021526186115598));
#4042=CARTESIAN_POINT('',(-0.0869526406902206,-0.00104106609687506,-0.0219984368791644));
#4043=CARTESIAN_POINT('',(-0.0870775442629207,-0.000921223999852266,-0.0224753873012066));
#4044=CARTESIAN_POINT('',(-0.0874341916329148,-0.000568696290406694,-0.0228916084531581));
#4045=CARTESIAN_POINT('',(-0.0877775656558244,-0.000224133155866469,-0.023));
#4046=CARTESIAN_POINT('',(-0.088,5.29630817208939E-18,-0.023));
#4047=CARTESIAN_POINT('',(-0.0857936562720005,0.0195818421881556,-0.088));
#4048=CARTESIAN_POINT('',(-0.0857936562720005,0.0195818421881556,-0.023));
#4049=CARTESIAN_POINT('',(-0.085526958563018,0.0197508379768259,-0.023));
#4050=CARTESIAN_POINT('',(-0.0851186414511648,0.0200083952555426,-0.0228931192183321));
#4051=CARTESIAN_POINT('',(-0.0846913414126222,0.0202734705137282,-0.0224779383134125));
#4052=CARTESIAN_POINT('',(-0.0845408855822683,0.0203637952572674,-0.0220043965657797));
#4053=CARTESIAN_POINT('',(-0.0846887982839353,0.0202691424440017,-0.0215286637579997));
#4054=CARTESIAN_POINT('',(-0.085112461260593,0.0200051178340531,-0.0211106698118652));
#4055=CARTESIAN_POINT('',(-0.0855256858379156,0.0197488125520113,-0.021));
#4056=CARTESIAN_POINT('',(-0.0857936562720005,0.0195818421881556,-0.021));
#4057=CARTESIAN_POINT('',(-0.0857936562720005,0.0195818421881556,-0.023));
#4058=CARTESIAN_POINT('',(-0.0857936562720005,0.0195818421881556,-0.021));
#4059=CARTESIAN_POINT('',(-0.0857936562720005,0.0195818421881556,-0.021));
#4060=CARTESIAN_POINT('',(-0.0856246473970288,0.0193151050130259,-0.021));
#4061=CARTESIAN_POINT('',(-0.0853655085673318,0.0189079677652293,-0.021109182784658));
#4062=CARTESIAN_POINT('',(-0.0850976512037765,0.0184851729148433,-0.021526186115598));
#4063=CARTESIAN_POINT('',(-0.0850042154469998,0.0183338184200861,-0.0219984368791644));
#4064=CARTESIAN_POINT('',(-0.0850993200509999,0.0184784494851796,-0.0224753873012066));
#4065=CARTESIAN_POINT('',(-0.0853685807316613,0.0189015000948001,-0.0228916084531581));
#4066=CARTESIAN_POINT('',(-0.0856266731404121,0.0193138322204446,-0.023));
#4067=CARTESIAN_POINT('',(-0.0857936562720005,0.0195818421881556,-0.023));
#4068=CARTESIAN_POINT('',(-0.0195818421881557,-0.0857936562720005,-0.088));
#4069=CARTESIAN_POINT('',(-0.0195818421881557,-0.0857936562720005,-0.023));
#4070=CARTESIAN_POINT('',(-0.0197508379768411,-0.0855269585630277,-0.023));
#4071=CARTESIAN_POINT('',(-0.0200083952555393,-0.0851186414511627,-0.0228931192183321));
#4072=CARTESIAN_POINT('',(-0.0202734705137288,-0.0846913414126225,-0.0224779383134125));
#4073=CARTESIAN_POINT('',(-0.0203637952572677,-0.0845408855822685,-0.0220043965657797));
#4074=CARTESIAN_POINT('',(-0.020269142444,-0.0846887982839342,-0.0215286637579996));
#4075=CARTESIAN_POINT('',(-0.0200051178340625,-0.0851124612605988,-0.0211106698118652));
#4076=CARTESIAN_POINT('',(-0.0197488125519699,-0.0855256858378898,-0.021));
#4077=CARTESIAN_POINT('',(-0.0195818421881557,-0.0857936562720005,-0.021));
#4078=CARTESIAN_POINT('',(-0.0195818421881557,-0.0857936562720005,-0.023));
#4079=CARTESIAN_POINT('',(-0.0195818421881557,-0.0857936562720005,-0.021));
#4080=CARTESIAN_POINT('',(-0.0195818421881557,-0.0857936562720005,-0.021));
#4081=CARTESIAN_POINT('',(-0.0193151050130188,-0.0856246473970401,-0.021));
#4082=CARTESIAN_POINT('',(-0.018907967765231,-0.0853655085673292,-0.021109182784658));
#4083=CARTESIAN_POINT('',(-0.0184851729148431,-0.085097651203777,-0.021526186115598));
#4084=CARTESIAN_POINT('',(-0.0183338184200862,-0.0850042154469997,-0.0219984368791644));
#4085=CARTESIAN_POINT('',(-0.0184784494851796,-0.0850993200509999,-0.0224753873012067));
#4086=CARTESIAN_POINT('',(-0.0189015000948002,-0.0853685807316613,-0.0228916084531581));
#4087=CARTESIAN_POINT('',(-0.0193138322204447,-0.0856266731404121,-0.023));
#4088=CARTESIAN_POINT('',(-0.0195818421881557,-0.0857936562720005,-0.023));
#4089=CARTESIAN_POINT('',(-0.0381817690423451,-0.0792852603754129,-0.088));
#4090=CARTESIAN_POINT('',(-0.0381817690423451,-0.0792852603754129,-0.023));
#4091=CARTESIAN_POINT('',(-0.0382871819304829,-0.0789876442340845,-0.023));
#4092=CARTESIAN_POINT('',(-0.0384474226053988,-0.0785322525985062,-0.0228931192183321));
#4093=CARTESIAN_POINT('',(-0.0386107686697788,-0.0780566810700352,-0.0224779383134125));
#4094=CARTESIAN_POINT('',(-0.0386653492115264,-0.0778898983351811,-0.0220043965657797));
#4095=CARTESIAN_POINT('',(-0.0386059832144242,-0.0780551647890113,-0.0215286637579997));
#4096=CARTESIAN_POINT('',(-0.0384428521339412,-0.0785269566531096,-0.0211106698118652));
#4097=CARTESIAN_POINT('',(-0.0382849240792711,-0.0789868541182624,-0.021));
#4098=CARTESIAN_POINT('',(-0.0381817690423451,-0.0792852603754129,-0.021));
#4099=CARTESIAN_POINT('',(-0.0381817690423451,-0.0792852603754129,-0.023));
#4100=CARTESIAN_POINT('',(-0.0381817690423451,-0.0792852603754129,-0.021));
#4101=CARTESIAN_POINT('',(-0.0381817690423451,-0.0792852603754129,-0.021));
#4102=CARTESIAN_POINT('',(-0.0378841115123884,-0.0791798435111289,-0.021));
#4103=CARTESIAN_POINT('',(-0.0374295182310148,-0.0790177983935533,-0.0211091827846581));
#4104=CARTESIAN_POINT('',(-0.0369577198595412,-0.0788507374783201,-0.0215261861155981));
#4105=CARTESIAN_POINT('',(-0.0367893687261054,-0.0787933238945742,-0.0219984368791644));
#4106=CARTESIAN_POINT('',(-0.0369515363537389,-0.0788538605879082,-0.0224753873012067));
#4107=CARTESIAN_POINT('',(-0.0374238963394639,-0.0790222327243693,-0.0228916084531581));
#4108=CARTESIAN_POINT('',(-0.0378833214016779,-0.0791821016879081,-0.023));
#4109=CARTESIAN_POINT('',(-0.0381817690423451,-0.0792852603754129,-0.023));
#4110=CARTESIAN_POINT('',(-0.0548671025635686,-0.0688011704571866,-0.088));
#4111=CARTESIAN_POINT('',(-0.0548671025635686,-0.0688011704571866,-0.023));
#4112=CARTESIAN_POINT('',(-0.0549036467087922,-0.0684875595995706,-0.023));
#4113=CARTESIAN_POINT('',(-0.0549585356433658,-0.0680079286784307,-0.022893119218332));
#4114=CARTESIAN_POINT('',(-0.0550119616601975,-0.0675079328022815,-0.0224779383134125));
#4115=CARTESIAN_POINT('',(-0.0550280611038815,-0.0673331863456767,-0.0220043965657796));
#4116=CARTESIAN_POINT('',(-0.0550069587819298,-0.0675075194015835,-0.0215286637579996));
#4117=CARTESIAN_POINT('',(-0.0549529013044558,-0.0680037825390197,-0.0211106698118652));
#4118=CARTESIAN_POINT('',(-0.0549012696493064,-0.0684872917127614,-0.021));
#4119=CARTESIAN_POINT('',(-0.0548671025635686,-0.0688011704571866,-0.021));
#4120=CARTESIAN_POINT('',(-0.0548671025635686,-0.0688011704571866,-0.023));
#4121=CARTESIAN_POINT('',(-0.0548671025635686,-0.0688011704571866,-0.021));
#4122=CARTESIAN_POINT('',(-0.0548671025635686,-0.0688011704571866,-0.021));
#4123=CARTESIAN_POINT('',(-0.0545534504702475,-0.0687646316453461,-0.021));
#4124=CARTESIAN_POINT('',(-0.0540741963606401,-0.0687078058587309,-0.021109182784658));
#4125=CARTESIAN_POINT('',(-0.0535770524084832,-0.0686499185236946,-0.021526186115598));
#4126=CARTESIAN_POINT('',(-0.0534001464651723,-0.0686314060698073,-0.0219984368791644));
#4127=CARTESIAN_POINT('',(-0.0535717188933439,-0.0686543392898907,-0.0224753873012066));
#4128=CARTESIAN_POINT('',(-0.0540697021530822,-0.068713380000176,-0.0228916084531581));
#4129=CARTESIAN_POINT('',(-0.0545531826608692,-0.0687670090210823,-0.023));
#4130=CARTESIAN_POINT('',(-0.0548671025635686,-0.0688011704571866,-0.023));
#4131=CARTESIAN_POINT('',(0.,0.,-0.022));
#4132=CARTESIAN_POINT('',(-0.0195818421881556,0.0857936562720005,-0.023));
#4133=CARTESIAN_POINT('',(-0.0197508379766855,0.0855269585629289,-0.023));
#4134=CARTESIAN_POINT('',(-0.0200083952555743,0.0851186414511847,-0.022893119218332));
#4135=CARTESIAN_POINT('',(-0.0202734705137224,0.0846913414126183,-0.0224779383134123));
#4136=CARTESIAN_POINT('',(-0.0203637952572686,0.0845408855822691,-0.0220043965657796));
#4137=CARTESIAN_POINT('',(-0.0202691424440028,0.0846887982839361,-0.0215286637579996));
#4138=CARTESIAN_POINT('',(-0.0200051178340451,0.0851124612605882,-0.0211106698118651));
#4139=CARTESIAN_POINT('',(-0.0197488125520475,0.085525685837938,-0.021));
#4140=CARTESIAN_POINT('',(-0.0195818421881557,0.0857936562720005,-0.021));
#4141=CARTESIAN_POINT('',(-0.0195818421881556,0.0857936562720005,-0.023));
#4142=CARTESIAN_POINT('',(-0.0195818421881556,0.0857936562720005,-0.021));
#4143=CARTESIAN_POINT('',(-0.0195818421881556,0.0857936562720005,-0.021));
#4144=CARTESIAN_POINT('',(-0.0193151050128938,0.0856246473972376,-0.021));
#4145=CARTESIAN_POINT('',(-0.0189079677652592,0.085365508567285,-0.021109182784658));
#4146=CARTESIAN_POINT('',(-0.0184851729148379,0.0850976512037852,-0.0215261861155978));
#4147=CARTESIAN_POINT('',(-0.0183338184200871,0.0850042154469981,-0.0219984368791643));
#4148=CARTESIAN_POINT('',(-0.0184784494851807,0.0850993200509979,-0.0224753873012066));
#4149=CARTESIAN_POINT('',(-0.0189015000947918,0.0853685807316744,-0.022891608453158));
#4150=CARTESIAN_POINT('',(-0.0193138322204823,0.085626673140352,-0.023));
#4151=CARTESIAN_POINT('',(-0.0195818421881556,0.0857936562720005,-0.023));
#4152=CARTESIAN_POINT('',(-0.0381817690423451,0.0792852603754129,-0.023));
#4153=CARTESIAN_POINT('',(-0.038287181930485,0.0789876442340852,-0.023));
#4154=CARTESIAN_POINT('',(-0.0384474226053982,0.078532252598506,-0.0228931192183321));
#4155=CARTESIAN_POINT('',(-0.038610768669779,0.0780566810700352,-0.0224779383134125));
#4156=CARTESIAN_POINT('',(-0.038665349211526,0.077889898335181,-0.0220043965657796));
#4157=CARTESIAN_POINT('',(-0.0386059832144255,0.0780551647890118,-0.0215286637579996));
#4158=CARTESIAN_POINT('',(-0.038442852133934,0.0785269566531071,-0.0211106698118652));
#4159=CARTESIAN_POINT('',(-0.038284924079303,0.0789868541182734,-0.021));
#4160=CARTESIAN_POINT('',(-0.0381817690423451,0.0792852603754129,-0.021));
#4161=CARTESIAN_POINT('',(-0.0381817690423451,0.0792852603754129,-0.023));
#4162=CARTESIAN_POINT('',(-0.0381817690423451,0.0792852603754129,-0.021));
#4163=CARTESIAN_POINT('',(-0.0381817690423451,0.0792852603754129,-0.021));
#4164=CARTESIAN_POINT('',(-0.0378841115123884,0.0791798435111289,-0.021));
#4165=CARTESIAN_POINT('',(-0.0374295182310148,0.0790177983935533,-0.021109182784658));
#4166=CARTESIAN_POINT('',(-0.0369577198595412,0.0788507374783201,-0.021526186115598));
#4167=CARTESIAN_POINT('',(-0.0367893687261054,0.0787933238945743,-0.0219984368791644));
#4168=CARTESIAN_POINT('',(-0.0369515363537392,0.0788538605879076,-0.0224753873012066));
#4169=CARTESIAN_POINT('',(-0.0374238963394627,0.0790222327243725,-0.0228916084531581));
#4170=CARTESIAN_POINT('',(-0.0378833214016829,0.0791821016878936,-0.023));
#4171=CARTESIAN_POINT('',(-0.0381817690423451,0.0792852603754129,-0.023));
#4172=CARTESIAN_POINT('',(-0.0548671025635686,0.0688011704571866,-0.023));
#4173=CARTESIAN_POINT('',(-0.0549036467087922,0.0684875595995706,-0.023));
#4174=CARTESIAN_POINT('',(-0.0549585356433658,0.0680079286784307,-0.0228931192183321));
#4175=CARTESIAN_POINT('',(-0.0550119616601974,0.0675079328022815,-0.0224779383134125));
#4176=CARTESIAN_POINT('',(-0.0550280611038816,0.0673331863456766,-0.0220043965657797));
#4177=CARTESIAN_POINT('',(-0.0550069587819296,0.0675075194015835,-0.0215286637579997));
#4178=CARTESIAN_POINT('',(-0.0549529013044569,0.0680037825390198,-0.0211106698118652));
#4179=CARTESIAN_POINT('',(-0.0549012696493016,0.0684872917127609,-0.021));
#4180=CARTESIAN_POINT('',(-0.0548671025635686,0.0688011704571866,-0.021));
#4181=CARTESIAN_POINT('',(-0.0548671025635686,0.0688011704571866,-0.023));
#4182=CARTESIAN_POINT('',(-0.0548671025635686,0.0688011704571866,-0.021));
#4183=CARTESIAN_POINT('',(-0.0548671025635686,0.0688011704571866,-0.021));
#4184=CARTESIAN_POINT('',(-0.0545534504702475,0.0687646316453461,-0.021));
#4185=CARTESIAN_POINT('',(-0.0540741963606401,0.0687078058587309,-0.0211091827846581));
#4186=CARTESIAN_POINT('',(-0.0535770524084832,0.0686499185236947,-0.021526186115598));
#4187=CARTESIAN_POINT('',(-0.0534001464651723,0.0686314060698073,-0.0219984368791644));
#4188=CARTESIAN_POINT('',(-0.0535717188933439,0.0686543392898907,-0.0224753873012066));
#4189=CARTESIAN_POINT('',(-0.0540697021530822,0.068713380000176,-0.0228916084531581));
#4190=CARTESIAN_POINT('',(-0.0545531826608692,0.0687670090210823,-0.023));
#4191=CARTESIAN_POINT('',(-0.0548671025635686,0.0688011704571866,-0.023));
#4192=CARTESIAN_POINT('',(-0.0688011704571866,0.0548671025635685,-0.023));
#4193=CARTESIAN_POINT('',(-0.0687670133833103,0.0545532227476054,-0.023));
#4194=CARTESIAN_POINT('',(-0.0687137982173485,0.054073403238036,-0.022893119218332));
#4195=CARTESIAN_POINT('',(-0.0686546251830206,0.0535740548952436,-0.0224779383134123));
#4196=CARTESIAN_POINT('',(-0.0686314362353161,0.0534001072338994,-0.0220043965657796));
#4197=CARTESIAN_POINT('',(-0.0686496557470561,0.0535747651045079,-0.0215286637579996));
#4198=CARTESIAN_POINT('',(-0.0687073825402118,0.054070614809359,-0.0211106698118652));
#4199=CARTESIAN_POINT('',(-0.0687646363114808,0.0545534905227484,-0.021));
#4200=CARTESIAN_POINT('',(-0.0688011704571866,0.0548671025635685,-0.021));
#4201=CARTESIAN_POINT('',(-0.0688011704571866,0.0548671025635686,-0.023));
#4202=CARTESIAN_POINT('',(-0.0688011704571866,0.0548671025635685,-0.021));
#4203=CARTESIAN_POINT('',(-0.0688011704571866,0.0548671025635685,-0.021));
#4204=CARTESIAN_POINT('',(-0.0684872516261887,0.0549012740130575,-0.021));
#4205=CARTESIAN_POINT('',(-0.0680073684905558,0.0549525170392753,-0.021109182784658));
#4206=CARTESIAN_POINT('',(-0.0675098078313775,0.0550067059972079,-0.0215261861155978));
#4207=CARTESIAN_POINT('',(-0.0673332178808823,0.0550280229649037,-0.0219984368791643));
#4208=CARTESIAN_POINT('',(-0.0675055917516191,0.0550122027443215,-0.0224753873012066));
#4209=CARTESIAN_POINT('',(-0.0680042273253335,0.0549589514807006,-0.022891608453158));
#4210=CARTESIAN_POINT('',(-0.0684875195471799,0.0549036513758522,-0.023));
#4211=CARTESIAN_POINT('',(-0.0688011704571866,0.0548671025635685,-0.023));
#4212=CARTESIAN_POINT('',(-0.0792852603754129,0.0381817690423451,-0.023));
#4213=CARTESIAN_POINT('',(-0.0791821148610098,0.0378833595126325,-0.023));
#4214=CARTESIAN_POINT('',(-0.079023464024821,0.0374274115684232,-0.0228931192183321));
#4215=CARTESIAN_POINT('',(-0.0788546591224292,0.0369537501699862,-0.0224779383134125));
#4216=CARTESIAN_POINT('',(-0.0787933445739905,0.0367893237659855,-0.0220043965657797));
#4217=CARTESIAN_POINT('',(-0.0788499723170222,0.0369555483763556,-0.0215286637579996));
#4218=CARTESIAN_POINT('',(-0.0790165887183863,0.0374261206739309,-0.0211106698118652));
#4219=CARTESIAN_POINT('',(-0.0791798569727527,0.0378841495223915,-0.021));
#4220=CARTESIAN_POINT('',(-0.0792852603754129,0.0381817690423451,-0.021));
#4221=CARTESIAN_POINT('',(-0.0792852603754129,0.0381817690423451,-0.023));
#4222=CARTESIAN_POINT('',(-0.0792852603754129,0.0381817690423451,-0.021));
#4223=CARTESIAN_POINT('',(-0.0792852603754129,0.0381817690423451,-0.021));
#4224=CARTESIAN_POINT('',(-0.0789868160076716,0.0382849372534323,-0.021));
#4225=CARTESIAN_POINT('',(-0.078530367190329,0.03844167955387,-0.0211091827846581));
#4226=CARTESIAN_POINT('',(-0.0780573395931959,0.0386052275439962,-0.0215261861155981));
#4227=CARTESIAN_POINT('',(-0.0778899205930131,0.0386653050115313,-0.0219984368791644));
#4228=CARTESIAN_POINT('',(-0.0780544523606661,0.038611524642203,-0.0224753873012066));
#4229=CARTESIAN_POINT('',(-0.0785287365785649,0.0384486516453538,-0.0228916084531581));
#4230=CARTESIAN_POINT('',(-0.0789876062244377,0.0382871953931059,-0.023));
#4231=CARTESIAN_POINT('',(-0.0792852603754129,0.0381817690423451,-0.023));
#4232=CARTESIAN_POINT('',(-0.0857936562720005,-0.0195818421881556,-0.023));
#4233=CARTESIAN_POINT('',(-0.0855269585630277,-0.019750837976841,-0.023));
#4234=CARTESIAN_POINT('',(-0.0851186414511627,-0.0200083952555392,-0.0228931192183321));
#4235=CARTESIAN_POINT('',(-0.0846913414126225,-0.0202734705137288,-0.0224779383134125));
#4236=CARTESIAN_POINT('',(-0.0845408855822684,-0.0203637952572676,-0.0220043965657796));
#4237=CARTESIAN_POINT('',(-0.0846887982839345,-0.0202691424440003,-0.0215286637579997));
#4238=CARTESIAN_POINT('',(-0.0851124612605977,-0.0200051178340607,-0.0211106698118652));
#4239=CARTESIAN_POINT('',(-0.0855256858378945,-0.0197488125519773,-0.021));
#4240=CARTESIAN_POINT('',(-0.0857936562720005,-0.0195818421881556,-0.021));
#4241=CARTESIAN_POINT('',(-0.0857936562720005,-0.0195818421881556,-0.023));
#4242=CARTESIAN_POINT('',(-0.0857936562720005,-0.0195818421881556,-0.021));
#4243=CARTESIAN_POINT('',(-0.0857936562720005,-0.0195818421881556,-0.021));
#4244=CARTESIAN_POINT('',(-0.0856246473970402,-0.0193151050130187,-0.021));
#4245=CARTESIAN_POINT('',(-0.0853655085673292,-0.018907967765231,-0.021109182784658));
#4246=CARTESIAN_POINT('',(-0.0850976512037771,-0.018485172914843,-0.021526186115598));
#4247=CARTESIAN_POINT('',(-0.0850042154469996,-0.0183338184200862,-0.0219984368791644));
#4248=CARTESIAN_POINT('',(-0.0850993200510003,-0.0184784494851793,-0.0224753873012066));
#4249=CARTESIAN_POINT('',(-0.0853685807316592,-0.0189015000948014,-0.0228916084531581));
#4250=CARTESIAN_POINT('',(-0.0856266731404214,-0.0193138322204389,-0.023));
#4251=CARTESIAN_POINT('',(-0.0857936562720005,-0.0195818421881556,-0.023));
#4252=CARTESIAN_POINT('',(-0.0792852603754129,-0.0381817690423451,-0.023));
#4253=CARTESIAN_POINT('',(-0.0789876442340771,-0.038287181930462,-0.023));
#4254=CARTESIAN_POINT('',(-0.0785322525985079,-0.0384474226054035,-0.022893119218332));
#4255=CARTESIAN_POINT('',(-0.0780566810700349,-0.038610768669778,-0.0224779383134125));
#4256=CARTESIAN_POINT('',(-0.0778898983351812,-0.0386653492115267,-0.0220043965657796));
#4257=CARTESIAN_POINT('',(-0.0780551647890111,-0.0386059832144238,-0.0215286637579996));
#4258=CARTESIAN_POINT('',(-0.0785269566531102,-0.0384428521339427,-0.0211106698118652));
#4259=CARTESIAN_POINT('',(-0.0789868541182604,-0.0382849240792651,-0.021));
#4260=CARTESIAN_POINT('',(-0.0792852603754129,-0.0381817690423451,-0.021));
#4261=CARTESIAN_POINT('',(-0.0792852603754129,-0.0381817690423451,-0.023));
#4262=CARTESIAN_POINT('',(-0.0792852603754129,-0.0381817690423451,-0.021));
#4263=CARTESIAN_POINT('',(-0.0792852603754129,-0.0381817690423451,-0.021));
#4264=CARTESIAN_POINT('',(-0.0791798435111146,-0.0378841115123935,-0.021));
#4265=CARTESIAN_POINT('',(-0.0790177983935566,-0.0374295182310137,-0.0211091827846581));
#4266=CARTESIAN_POINT('',(-0.0788507374783194,-0.0369577198595414,-0.021526186115598));
#4267=CARTESIAN_POINT('',(-0.0787933238945746,-0.0367893687261053,-0.0219984368791644));
#4268=CARTESIAN_POINT('',(-0.0788538605879075,-0.0369515363537392,-0.0224753873012066));
#4269=CARTESIAN_POINT('',(-0.0790222327243728,-0.0374238963394627,-0.0228916084531581));
#4270=CARTESIAN_POINT('',(-0.0791821016878928,-0.0378833214016832,-0.023));
#4271=CARTESIAN_POINT('',(-0.0792852603754129,-0.0381817690423451,-0.023));
#4272=CARTESIAN_POINT('',(-0.0688011704571866,-0.0548671025635686,-0.023));
#4273=CARTESIAN_POINT('',(-0.0684875595995677,-0.0549036467087676,-0.023));
#4274=CARTESIAN_POINT('',(-0.0680079286784313,-0.0549585356433713,-0.022893119218332));
#4275=CARTESIAN_POINT('',(-0.0675079328022813,-0.0550119616601965,-0.0224779383134125));
#4276=CARTESIAN_POINT('',(-0.0673331863456766,-0.0550280611038813,-0.0220043965657796));
#4277=CARTESIAN_POINT('',(-0.0675075194015836,-0.0550069587819314,-0.0215286637579996));
#4278=CARTESIAN_POINT('',(-0.0680037825390187,-0.0549529013044469,-0.0211106698118652));
#4279=CARTESIAN_POINT('',(-0.0684872917127657,-0.054901269649346,-0.021));
#4280=CARTESIAN_POINT('',(-0.0688011704571866,-0.0548671025635686,-0.021));
#4281=CARTESIAN_POINT('',(-0.0688011704571866,-0.0548671025635686,-0.023));
#4282=CARTESIAN_POINT('',(-0.0688011704571866,-0.0548671025635686,-0.021));
#4283=CARTESIAN_POINT('',(-0.0688011704571866,-0.0548671025635686,-0.021));
#4284=CARTESIAN_POINT('',(-0.0687646316453461,-0.0545534504702475,-0.021));
#4285=CARTESIAN_POINT('',(-0.0687078058587309,-0.0540741963606401,-0.0211091827846581));
#4286=CARTESIAN_POINT('',(-0.0686499185236947,-0.0535770524084832,-0.021526186115598));
#4287=CARTESIAN_POINT('',(-0.0686314060698073,-0.0534001464651723,-0.0219984368791644));
#4288=CARTESIAN_POINT('',(-0.0686543392898907,-0.0535717188933439,-0.0224753873012066));
#4289=CARTESIAN_POINT('',(-0.068713380000176,-0.0540697021530822,-0.0228916084531581));
#4290=CARTESIAN_POINT('',(-0.0687670090210823,-0.0545531826608692,-0.023));
#4291=CARTESIAN_POINT('',(-0.0688011704571866,-0.0548671025635686,-0.023));
#4292=CARTESIAN_POINT('',(-0.0688011704571866,-0.0548671025635686,-0.088));
#4293=CARTESIAN_POINT('',(-0.0792852603754129,-0.0381817690423451,-0.088));
#4294=CARTESIAN_POINT('',(-0.0857936562720005,-0.0195818421881556,-0.088));
#4295=CARTESIAN_POINT('',(-0.0792852603754129,0.0381817690423451,-0.088));
#4296=CARTESIAN_POINT('',(-0.0688011704571866,0.0548671025635686,-0.088));
#4297=CARTESIAN_POINT('',(-0.0548671025635686,0.0688011704571866,-0.088));
#4298=CARTESIAN_POINT('',(-0.0381817690423451,0.0792852603754129,-0.088));
#4299=CARTESIAN_POINT('',(-0.0195818421881556,0.0857936562720005,-0.088));
#4300=MECHANICAL_DESIGN_GEOMETRIC_PRESENTATION_REPRESENTATION('',(#1757),
#4301);
#4301=(
GEOMETRIC_REPRESENTATION_CONTEXT(3)
GLOBAL_UNCERTAINTY_ASSIGNED_CONTEXT((#4302))
GLOBAL_UNIT_ASSIGNED_CONTEXT((#4305,#4304,#4303))
REPRESENTATION_CONTEXT('Part 1','TOP_LEVEL_ASSEMBLY_PART')
);
#4302=UNCERTAINTY_MEASURE_WITH_UNIT(LENGTH_MEASURE(2.E-5),#4305,
'DISTANCE_ACCURACY_VALUE','Maximum Tolerance applied to model');
#4303=(
NAMED_UNIT(*)
SI_UNIT($,.STERADIAN.)
SOLID_ANGLE_UNIT()
);
#4304=(
NAMED_UNIT(*)
PLANE_ANGLE_UNIT()
SI_UNIT($,.RADIAN.)
);
#4305=(
LENGTH_UNIT()
NAMED_UNIT(*)
SI_UNIT($,.METRE.)
);
#4306=PRODUCT_DEFINITION_SHAPE('','',#4307);
#4307=PRODUCT_DEFINITION('','',#4309,#4308);
#4308=PRODUCT_DEFINITION_CONTEXT('',#4315,'design');
#4309=PRODUCT_DEFINITION_FORMATION_WITH_SPECIFIED_SOURCE('','',#4311,
 .NOT_KNOWN.);
#4310=PRODUCT_RELATED_PRODUCT_CATEGORY('','',(#4311));
#4311=PRODUCT('Part 1','Part 1','Part 1',(#4313));
#4312=PRODUCT_CATEGORY('','');
#4313=PRODUCT_CONTEXT('',#4315,'mechanical');
#4314=APPLICATION_PROTOCOL_DEFINITION('international standard',
'ap242_managed_model_based_3d_engineering',2020,#4315);
#4315=APPLICATION_CONTEXT('managed model based 3d engineering');
ENDSEC;
END-ISO-10303-21;
