ISO-10303-21;
HEADER;
/* Generated by software containing ST-Developer
 * from STEP Tools, Inc. (www.steptools.com) 
 */
/* OPTION: using custom renumber hook */

FILE_DESCRIPTION(
/* description */ ('STEP AP242 Edition 2',
'CAx-IF Rec.Pracs.---Representation and Presentation of Product Manufa
cturing Information (PMI)---4.0---2014-10-13',
'CAx-IF Rec.Pracs.---3D Tessellated Geometry---0.4---2014-09-14','2;1',
'CAx-IF Rec.Pracs.---User Defined Attributes---1.5---2016-08-15'),
/* implementation_level */ '2;1');

FILE_NAME(
/* name */ 'Part Studio 1',
/* time_stamp */ '2026-06-24T15:33:05Z',
/* author */ (''),
/* organization */ (''),
/* preprocessor_version */ 'ST-DEVELOPER v20',
/* originating_system */ 'ONSHAPE BY PTC INC, 1.216',
/* authorisation */ '  ');

FILE_SCHEMA (('AP242_MANAGED_MODEL_BASED_3D_ENGINEERING_MIM_LF { 1 0 10303 442 3 1 4 }'));
ENDSEC;

DATA;
#10=ADVANCED_BREP_SHAPE_REPRESENTATION('',(#283),#4480);
#11=ORIENTED_CLOSED_SHELL('',*,#277,.F.);
#12=CYLINDRICAL_SURFACE('',#504,0.005);
#13=CYLINDRICAL_SURFACE('',#507,0.005);
#14=CYLINDRICAL_SURFACE('',#510,0.005);
#15=CYLINDRICAL_SURFACE('',#513,0.005);
#16=CYLINDRICAL_SURFACE('',#516,0.005);
#17=CYLINDRICAL_SURFACE('',#519,0.005);
#18=CYLINDRICAL_SURFACE('',#522,0.0025);
#19=CYLINDRICAL_SURFACE('',#525,0.0025);
#20=CYLINDRICAL_SURFACE('',#528,0.0025);
#21=CYLINDRICAL_SURFACE('',#531,0.0025);
#22=CYLINDRICAL_SURFACE('',#534,0.0025);
#23=CYLINDRICAL_SURFACE('',#537,0.0025);
#24=ORIENTED_EDGE('',*,*,#72,.F.);
#25=ORIENTED_EDGE('',*,*,#73,.T.);
#26=ORIENTED_EDGE('',*,*,#73,.F.);
#27=ORIENTED_EDGE('',*,*,#74,.T.);
#28=ORIENTED_EDGE('',*,*,#74,.F.);
#29=ORIENTED_EDGE('',*,*,#75,.T.);
#30=ORIENTED_EDGE('',*,*,#75,.F.);
#31=ORIENTED_EDGE('',*,*,#76,.T.);
#32=ORIENTED_EDGE('',*,*,#76,.F.);
#33=ORIENTED_EDGE('',*,*,#77,.T.);
#34=ORIENTED_EDGE('',*,*,#77,.F.);
#35=ORIENTED_EDGE('',*,*,#78,.T.);
#36=ORIENTED_EDGE('',*,*,#78,.F.);
#37=ORIENTED_EDGE('',*,*,#79,.T.);
#38=ORIENTED_EDGE('',*,*,#79,.F.);
#39=ORIENTED_EDGE('',*,*,#80,.T.);
#40=ORIENTED_EDGE('',*,*,#80,.F.);
#41=ORIENTED_EDGE('',*,*,#81,.T.);
#42=ORIENTED_EDGE('',*,*,#81,.F.);
#43=ORIENTED_EDGE('',*,*,#82,.T.);
#44=ORIENTED_EDGE('',*,*,#82,.F.);
#45=ORIENTED_EDGE('',*,*,#83,.T.);
#46=ORIENTED_EDGE('',*,*,#83,.F.);
#47=ORIENTED_EDGE('',*,*,#72,.T.);
#48=ORIENTED_EDGE('',*,*,#84,.F.);
#49=ORIENTED_EDGE('',*,*,#85,.T.);
#50=ORIENTED_EDGE('',*,*,#85,.F.);
#51=ORIENTED_EDGE('',*,*,#86,.T.);
#52=ORIENTED_EDGE('',*,*,#86,.F.);
#53=ORIENTED_EDGE('',*,*,#87,.T.);
#54=ORIENTED_EDGE('',*,*,#87,.F.);
#55=ORIENTED_EDGE('',*,*,#88,.T.);
#56=ORIENTED_EDGE('',*,*,#88,.F.);
#57=ORIENTED_EDGE('',*,*,#89,.T.);
#58=ORIENTED_EDGE('',*,*,#89,.F.);
#59=ORIENTED_EDGE('',*,*,#90,.T.);
#60=ORIENTED_EDGE('',*,*,#90,.F.);
#61=ORIENTED_EDGE('',*,*,#91,.T.);
#62=ORIENTED_EDGE('',*,*,#91,.F.);
#63=ORIENTED_EDGE('',*,*,#92,.T.);
#64=ORIENTED_EDGE('',*,*,#92,.F.);
#65=ORIENTED_EDGE('',*,*,#93,.T.);
#66=ORIENTED_EDGE('',*,*,#93,.F.);
#67=ORIENTED_EDGE('',*,*,#94,.T.);
#68=ORIENTED_EDGE('',*,*,#94,.F.);
#69=ORIENTED_EDGE('',*,*,#95,.T.);
#70=ORIENTED_EDGE('',*,*,#95,.F.);
#71=ORIENTED_EDGE('',*,*,#84,.T.);
#72=EDGE_CURVE('',#96,#96,#120,.F.);
#73=EDGE_CURVE('',#97,#97,#121,.F.);
#74=EDGE_CURVE('',#98,#98,#122,.F.);
#75=EDGE_CURVE('',#99,#99,#123,.F.);
#76=EDGE_CURVE('',#100,#100,#124,.F.);
#77=EDGE_CURVE('',#101,#101,#125,.F.);
#78=EDGE_CURVE('',#102,#102,#126,.F.);
#79=EDGE_CURVE('',#103,#103,#127,.F.);
#80=EDGE_CURVE('',#104,#104,#128,.F.);
#81=EDGE_CURVE('',#105,#105,#129,.F.);
#82=EDGE_CURVE('',#106,#106,#130,.F.);
#83=EDGE_CURVE('',#107,#107,#131,.F.);
#84=EDGE_CURVE('',#108,#108,#132,.T.);
#85=EDGE_CURVE('',#109,#109,#133,.T.);
#86=EDGE_CURVE('',#110,#110,#134,.T.);
#87=EDGE_CURVE('',#111,#111,#135,.T.);
#88=EDGE_CURVE('',#112,#112,#136,.T.);
#89=EDGE_CURVE('',#113,#113,#137,.T.);
#90=EDGE_CURVE('',#114,#114,#138,.T.);
#91=EDGE_CURVE('',#115,#115,#139,.T.);
#92=EDGE_CURVE('',#116,#116,#140,.T.);
#93=EDGE_CURVE('',#117,#117,#141,.T.);
#94=EDGE_CURVE('',#118,#118,#142,.T.);
#95=EDGE_CURVE('',#119,#119,#143,.T.);
#96=VERTEX_POINT('',#924);
#97=VERTEX_POINT('',#926);
#98=VERTEX_POINT('',#929);
#99=VERTEX_POINT('',#1281);
#100=VERTEX_POINT('',#1284);
#101=VERTEX_POINT('',#1622);
#102=VERTEX_POINT('',#1625);
#103=VERTEX_POINT('',#1977);
#104=VERTEX_POINT('',#1980);
#105=VERTEX_POINT('',#2332);
#106=VERTEX_POINT('',#2335);
#107=VERTEX_POINT('',#2687);
#108=VERTEX_POINT('',#2886);
#109=VERTEX_POINT('',#2888);
#110=VERTEX_POINT('',#2891);
#111=VERTEX_POINT('',#3201);
#112=VERTEX_POINT('',#3204);
#113=VERTEX_POINT('',#3514);
#114=VERTEX_POINT('',#3517);
#115=VERTEX_POINT('',#3827);
#116=VERTEX_POINT('',#3830);
#117=VERTEX_POINT('',#4140);
#118=VERTEX_POINT('',#4143);
#119=VERTEX_POINT('',#4453);
#120=CIRCLE('',#502,0.005);
#121=CIRCLE('',#503,0.005);
#122=CIRCLE('',#505,0.005);
#123=CIRCLE('',#506,0.005);
#124=CIRCLE('',#508,0.005);
#125=CIRCLE('',#509,0.005);
#126=CIRCLE('',#511,0.005);
#127=CIRCLE('',#512,0.005);
#128=CIRCLE('',#514,0.005);
#129=CIRCLE('',#515,0.005);
#130=CIRCLE('',#517,0.005);
#131=CIRCLE('',#518,0.005);
#132=CIRCLE('',#520,0.0025);
#133=CIRCLE('',#521,0.0025);
#134=CIRCLE('',#523,0.0025);
#135=CIRCLE('',#524,0.0025);
#136=CIRCLE('',#526,0.0025);
#137=CIRCLE('',#527,0.0025);
#138=CIRCLE('',#529,0.0025);
#139=CIRCLE('',#530,0.0025);
#140=CIRCLE('',#532,0.0025);
#141=CIRCLE('',#533,0.0025);
#142=CIRCLE('',#535,0.0025);
#143=CIRCLE('',#536,0.0025);
#144=EDGE_LOOP('',(#24));
#145=EDGE_LOOP('',(#25));
#146=EDGE_LOOP('',(#26));
#147=EDGE_LOOP('',(#27));
#148=EDGE_LOOP('',(#28));
#149=EDGE_LOOP('',(#29));
#150=EDGE_LOOP('',(#30));
#151=EDGE_LOOP('',(#31));
#152=EDGE_LOOP('',(#32));
#153=EDGE_LOOP('',(#33));
#154=EDGE_LOOP('',(#34));
#155=EDGE_LOOP('',(#35));
#156=EDGE_LOOP('',(#36));
#157=EDGE_LOOP('',(#37));
#158=EDGE_LOOP('',(#38));
#159=EDGE_LOOP('',(#39));
#160=EDGE_LOOP('',(#40));
#161=EDGE_LOOP('',(#41));
#162=EDGE_LOOP('',(#42));
#163=EDGE_LOOP('',(#43));
#164=EDGE_LOOP('',(#44));
#165=EDGE_LOOP('',(#45));
#166=EDGE_LOOP('',(#46));
#167=EDGE_LOOP('',(#47));
#168=EDGE_LOOP('',(#48));
#169=EDGE_LOOP('',(#49));
#170=EDGE_LOOP('',(#50));
#171=EDGE_LOOP('',(#51));
#172=EDGE_LOOP('',(#52));
#173=EDGE_LOOP('',(#53));
#174=EDGE_LOOP('',(#54));
#175=EDGE_LOOP('',(#55));
#176=EDGE_LOOP('',(#56));
#177=EDGE_LOOP('',(#57));
#178=EDGE_LOOP('',(#58));
#179=EDGE_LOOP('',(#59));
#180=EDGE_LOOP('',(#60));
#181=EDGE_LOOP('',(#61));
#182=EDGE_LOOP('',(#62));
#183=EDGE_LOOP('',(#63));
#184=EDGE_LOOP('',(#64));
#185=EDGE_LOOP('',(#65));
#186=EDGE_LOOP('',(#66));
#187=EDGE_LOOP('',(#67));
#188=EDGE_LOOP('',(#68));
#189=EDGE_LOOP('',(#69));
#190=EDGE_LOOP('',(#70));
#191=EDGE_LOOP('',(#71));
#192=FACE_BOUND('',#144,.T.);
#193=FACE_BOUND('',#145,.T.);
#194=FACE_BOUND('',#146,.T.);
#195=FACE_BOUND('',#147,.T.);
#196=FACE_BOUND('',#148,.T.);
#197=FACE_BOUND('',#149,.T.);
#198=FACE_BOUND('',#150,.T.);
#199=FACE_BOUND('',#151,.T.);
#200=FACE_BOUND('',#152,.T.);
#201=FACE_BOUND('',#153,.T.);
#202=FACE_BOUND('',#154,.T.);
#203=FACE_BOUND('',#155,.T.);
#204=FACE_BOUND('',#156,.T.);
#205=FACE_BOUND('',#157,.T.);
#206=FACE_BOUND('',#158,.T.);
#207=FACE_BOUND('',#159,.T.);
#208=FACE_BOUND('',#160,.T.);
#209=FACE_BOUND('',#161,.T.);
#210=FACE_BOUND('',#162,.T.);
#211=FACE_BOUND('',#163,.T.);
#212=FACE_BOUND('',#164,.T.);
#213=FACE_BOUND('',#165,.T.);
#214=FACE_BOUND('',#166,.T.);
#215=FACE_BOUND('',#167,.T.);
#216=FACE_BOUND('',#168,.T.);
#217=FACE_BOUND('',#169,.T.);
#218=FACE_BOUND('',#170,.T.);
#219=FACE_BOUND('',#171,.T.);
#220=FACE_BOUND('',#172,.T.);
#221=FACE_BOUND('',#173,.T.);
#222=FACE_BOUND('',#174,.T.);
#223=FACE_BOUND('',#175,.T.);
#224=FACE_BOUND('',#176,.T.);
#225=FACE_BOUND('',#177,.T.);
#226=FACE_BOUND('',#178,.T.);
#227=FACE_BOUND('',#179,.T.);
#228=FACE_BOUND('',#180,.T.);
#229=FACE_BOUND('',#181,.T.);
#230=FACE_BOUND('',#182,.T.);
#231=FACE_BOUND('',#183,.T.);
#232=FACE_BOUND('',#184,.T.);
#233=FACE_BOUND('',#185,.T.);
#234=FACE_BOUND('',#186,.T.);
#235=FACE_BOUND('',#187,.T.);
#236=FACE_BOUND('',#188,.T.);
#237=FACE_BOUND('',#189,.T.);
#238=FACE_BOUND('',#190,.T.);
#239=FACE_BOUND('',#191,.T.);
#240=(
BOUNDED_SURFACE()
B_SPLINE_SURFACE(3,3,((#685,#686,#687,#688,#689,#690,#691,#692,#693,#694,
#695,#696,#697,#698,#699,#700,#701,#702,#703,#704,#705,#706,#707,#708,#709,
#710,#711,#712,#713,#714,#715,#716,#717,#718),(#719,#720,#721,#722,#723,
#724,#725,#726,#727,#728,#729,#730,#731,#732,#733,#734,#735,#736,#737,#738,
#739,#740,#741,#742,#743,#744,#745,#746,#747,#748,#749,#750,#751,#752),
(#753,#754,#755,#756,#757,#758,#759,#760,#761,#762,#763,#764,#765,#766,
#767,#768,#769,#770,#771,#772,#773,#774,#775,#776,#777,#778,#779,#780,#781,
#782,#783,#784,#785,#786),(#787,#788,#789,#790,#791,#792,#793,#794,#795,
#796,#797,#798,#799,#800,#801,#802,#803,#804,#805,#806,#807,#808,#809,#810,
#811,#812,#813,#814,#815,#816,#817,#818,#819,#820),(#821,#822,#823,#824,
#825,#826,#827,#828,#829,#830,#831,#832,#833,#834,#835,#836,#837,#838,#839,
#840,#841,#842,#843,#844,#845,#846,#847,#848,#849,#850,#851,#852,#853,#854),
(#855,#856,#857,#858,#859,#860,#861,#862,#863,#864,#865,#866,#867,#868,
#869,#870,#871,#872,#873,#874,#875,#876,#877,#878,#879,#880,#881,#882,#883,
#884,#885,#886,#887,#888),(#889,#890,#891,#892,#893,#894,#895,#896,#897,
#898,#899,#900,#901,#902,#903,#904,#905,#906,#907,#908,#909,#910,#911,#912,
#913,#914,#915,#916,#917,#918,#919,#920,#921,#922)),.UNSPECIFIED.,.T.,.F.,
 .F.)
B_SPLINE_SURFACE_WITH_KNOTS((4,3,4),(4,2,2,2,2,2,2,2,2,2,2,2,2,2,2,2,4),
(0.,0.5,1.),(0.921529016600406,0.921682280239858,0.92183554387931,0.922142071158215,
0.922755125716024,0.923981234831643,0.92643345306288,0.931337889525355,
0.936242325987829,0.941146762450304,0.946051198912779,0.950955635375254,
0.960764508300203,0.970573381225152,0.980382254150101,0.990191127075051,
1.),.UNSPECIFIED.)
GEOMETRIC_REPRESENTATION_ITEM()
RATIONAL_B_SPLINE_SURFACE(((1.,1.,1.,1.,1.,1.,1.,1.,1.,1.,1.,1.,1.,1.,1.,
1.,1.,1.,1.,1.,1.,1.,1.,1.,1.,1.,1.,1.,1.,1.,1.,1.,1.,1.),(0.333333333333334,
0.333333333333334,0.333333333333334,0.333333333333334,0.333333333333334,
0.333333333333334,0.333333333333334,0.333333333333334,0.333333333333334,
0.333333333333334,0.333333333333334,0.333333333333334,0.333333333333334,
0.333333333333334,0.333333333333334,0.333333333333334,0.333333333333334,
0.333333333333334,0.333333333333334,0.333333333333334,0.333333333333334,
0.333333333333334,0.333333333333334,0.333333333333334,0.333333333333334,
0.333333333333334,0.333333333333334,0.333333333333334,0.333333333333334,
0.333333333333334,0.333333333333334,0.333333333333334,0.333333333333334,
0.333333333333334),(0.333333333333334,0.333333333333334,0.333333333333334,
0.333333333333334,0.333333333333334,0.333333333333334,0.333333333333334,
0.333333333333334,0.333333333333334,0.333333333333334,0.333333333333334,
0.333333333333334,0.333333333333334,0.333333333333334,0.333333333333334,
0.333333333333334,0.333333333333334,0.333333333333334,0.333333333333334,
0.333333333333334,0.333333333333334,0.333333333333334,0.333333333333334,
0.333333333333334,0.333333333333334,0.333333333333334,0.333333333333334,
0.333333333333334,0.333333333333334,0.333333333333334,0.333333333333334,
0.333333333333334,0.333333333333334,0.333333333333334),(1.,1.,1.,1.,1.,
1.,1.,1.,1.,1.,1.,1.,1.,1.,1.,1.,1.,1.,1.,1.,1.,1.,1.,1.,1.,1.,1.,1.,1.,
1.,1.,1.,1.,1.),(0.333333333333334,0.333333333333334,0.333333333333334,
0.333333333333334,0.333333333333334,0.333333333333334,0.333333333333334,
0.333333333333334,0.333333333333334,0.333333333333334,0.333333333333334,
0.333333333333334,0.333333333333334,0.333333333333334,0.333333333333334,
0.333333333333334,0.333333333333334,0.333333333333334,0.333333333333334,
0.333333333333334,0.333333333333334,0.333333333333334,0.333333333333334,
0.333333333333334,0.333333333333334,0.333333333333334,0.333333333333334,
0.333333333333334,0.333333333333334,0.333333333333334,0.333333333333334,
0.333333333333334,0.333333333333334,0.333333333333334),(0.333333333333334,
0.333333333333334,0.333333333333334,0.333333333333334,0.333333333333334,
0.333333333333334,0.333333333333334,0.333333333333334,0.333333333333334,
0.333333333333334,0.333333333333334,0.333333333333334,0.333333333333334,
0.333333333333334,0.333333333333334,0.333333333333334,0.333333333333334,
0.333333333333334,0.333333333333334,0.333333333333334,0.333333333333334,
0.333333333333334,0.333333333333334,0.333333333333334,0.333333333333334,
0.333333333333334,0.333333333333334,0.333333333333334,0.333333333333334,
0.333333333333334,0.333333333333334,0.333333333333334,0.333333333333334,
0.333333333333334),(1.,1.,1.,1.,1.,1.,1.,1.,1.,1.,1.,1.,1.,1.,1.,1.,1.,
1.,1.,1.,1.,1.,1.,1.,1.,1.,1.,1.,1.,1.,1.,1.,1.,1.)))
REPRESENTATION_ITEM('')
SURFACE()
);
#241=(
BOUNDED_SURFACE()
B_SPLINE_SURFACE(3,3,((#930,#931,#932,#933,#934,#935,#936,#937,#938,#939,
#940,#941,#942,#943,#944,#945,#946,#947,#948,#949,#950,#951,#952,#953,#954,
#955,#956,#957,#958,#959,#960,#961,#962,#963,#964,#965,#966,#967,#968,#969,
#970,#971,#972,#973,#974,#975,#976,#977,#978,#979),(#980,#981,#982,#983,
#984,#985,#986,#987,#988,#989,#990,#991,#992,#993,#994,#995,#996,#997,#998,
#999,#1000,#1001,#1002,#1003,#1004,#1005,#1006,#1007,#1008,#1009,#1010,
#1011,#1012,#1013,#1014,#1015,#1016,#1017,#1018,#1019,#1020,#1021,#1022,
#1023,#1024,#1025,#1026,#1027,#1028,#1029),(#1030,#1031,#1032,#1033,#1034,
#1035,#1036,#1037,#1038,#1039,#1040,#1041,#1042,#1043,#1044,#1045,#1046,
#1047,#1048,#1049,#1050,#1051,#1052,#1053,#1054,#1055,#1056,#1057,#1058,
#1059,#1060,#1061,#1062,#1063,#1064,#1065,#1066,#1067,#1068,#1069,#1070,
#1071,#1072,#1073,#1074,#1075,#1076,#1077,#1078,#1079),(#1080,#1081,#1082,
#1083,#1084,#1085,#1086,#1087,#1088,#1089,#1090,#1091,#1092,#1093,#1094,
#1095,#1096,#1097,#1098,#1099,#1100,#1101,#1102,#1103,#1104,#1105,#1106,
#1107,#1108,#1109,#1110,#1111,#1112,#1113,#1114,#1115,#1116,#1117,#1118,
#1119,#1120,#1121,#1122,#1123,#1124,#1125,#1126,#1127,#1128,#1129),(#1130,
#1131,#1132,#1133,#1134,#1135,#1136,#1137,#1138,#1139,#1140,#1141,#1142,
#1143,#1144,#1145,#1146,#1147,#1148,#1149,#1150,#1151,#1152,#1153,#1154,
#1155,#1156,#1157,#1158,#1159,#1160,#1161,#1162,#1163,#1164,#1165,#1166,
#1167,#1168,#1169,#1170,#1171,#1172,#1173,#1174,#1175,#1176,#1177,#1178,
#1179),(#1180,#1181,#1182,#1183,#1184,#1185,#1186,#1187,#1188,#1189,#1190,
#1191,#1192,#1193,#1194,#1195,#1196,#1197,#1198,#1199,#1200,#1201,#1202,
#1203,#1204,#1205,#1206,#1207,#1208,#1209,#1210,#1211,#1212,#1213,#1214,
#1215,#1216,#1217,#1218,#1219,#1220,#1221,#1222,#1223,#1224,#1225,#1226,
#1227,#1228,#1229),(#1230,#1231,#1232,#1233,#1234,#1235,#1236,#1237,#1238,
#1239,#1240,#1241,#1242,#1243,#1244,#1245,#1246,#1247,#1248,#1249,#1250,
#1251,#1252,#1253,#1254,#1255,#1256,#1257,#1258,#1259,#1260,#1261,#1262,
#1263,#1264,#1265,#1266,#1267,#1268,#1269,#1270,#1271,#1272,#1273,#1274,
#1275,#1276,#1277,#1278,#1279)),.UNSPECIFIED.,.T.,.F.,.F.)
B_SPLINE_SURFACE_WITH_KNOTS((4,3,4),(4,2,2,2,2,2,2,2,2,2,2,2,2,2,2,2,2,
2,2,2,2,2,2,2,4),(0.,0.5,1.),(0.7548614817999,0.7549381153152,0.7550147488305,
0.7551680158611,0.7554745499223,0.756087618044701,0.757313754289502,0.759766026779104,
0.764670571758309,0.774479661716718,0.784288751675127,0.794097841633536,
0.799002386612741,0.803906931591945,0.80881147657115,0.813716021550354,
0.818620566529559,0.823525111508763,0.828429656487968,0.83088192897757,
0.832108065222371,0.832721133344772,0.833027667405972,0.833180934436572,
0.833334201467173),.UNSPECIFIED.)
GEOMETRIC_REPRESENTATION_ITEM()
RATIONAL_B_SPLINE_SURFACE(((1.,1.,1.,1.,1.,1.,1.,1.,1.,1.,1.,1.,1.,1.,1.,
1.,1.,1.,1.,1.,1.,1.,1.,1.,1.,1.,1.,1.,1.,1.,1.,1.,1.,1.,1.,1.,1.,1.,1.,
1.,1.,1.,1.,1.,1.,1.,1.,1.,1.,1.),(0.333333333333334,0.333333333333334,
0.333333333333334,0.333333333333334,0.333333333333334,0.333333333333334,
0.333333333333334,0.333333333333334,0.333333333333334,0.333333333333334,
0.333333333333334,0.333333333333334,0.333333333333334,0.333333333333334,
0.333333333333334,0.333333333333334,0.333333333333334,0.333333333333334,
0.333333333333334,0.333333333333334,0.333333333333334,0.333333333333334,
0.333333333333334,0.333333333333334,0.333333333333334,0.333333333333334,
0.333333333333334,0.333333333333334,0.333333333333334,0.333333333333334,
0.333333333333334,0.333333333333334,0.333333333333334,0.333333333333334,
0.333333333333334,0.333333333333334,0.333333333333334,0.333333333333334,
0.333333333333334,0.333333333333334,0.333333333333334,0.333333333333334,
0.333333333333334,0.333333333333334,0.333333333333334,0.333333333333334,
0.333333333333334,0.333333333333334,0.333333333333334,0.333333333333334),
(0.333333333333334,0.333333333333334,0.333333333333334,0.333333333333334,
0.333333333333334,0.333333333333334,0.333333333333334,0.333333333333334,
0.333333333333334,0.333333333333334,0.333333333333334,0.333333333333334,
0.333333333333334,0.333333333333334,0.333333333333334,0.333333333333334,
0.333333333333334,0.333333333333334,0.333333333333334,0.333333333333334,
0.333333333333334,0.333333333333334,0.333333333333334,0.333333333333334,
0.333333333333334,0.333333333333334,0.333333333333334,0.333333333333334,
0.333333333333334,0.333333333333334,0.333333333333334,0.333333333333334,
0.333333333333334,0.333333333333334,0.333333333333334,0.333333333333334,
0.333333333333334,0.333333333333334,0.333333333333334,0.333333333333334,
0.333333333333334,0.333333333333334,0.333333333333334,0.333333333333334,
0.333333333333334,0.333333333333334,0.333333333333334,0.333333333333334,
0.333333333333334,0.333333333333334),(1.,1.,1.,1.,1.,1.,1.,1.,1.,1.,1.,
1.,1.,1.,1.,1.,1.,1.,1.,1.,1.,1.,1.,1.,1.,1.,1.,1.,1.,1.,1.,1.,1.,1.,1.,
1.,1.,1.,1.,1.,1.,1.,1.,1.,1.,1.,1.,1.,1.,1.),(0.333333333333334,0.333333333333334,
0.333333333333334,0.333333333333334,0.333333333333334,0.333333333333334,
0.333333333333334,0.333333333333334,0.333333333333334,0.333333333333334,
0.333333333333334,0.333333333333334,0.333333333333334,0.333333333333334,
0.333333333333334,0.333333333333334,0.333333333333334,0.333333333333334,
0.333333333333334,0.333333333333334,0.333333333333334,0.333333333333334,
0.333333333333334,0.333333333333334,0.333333333333334,0.333333333333334,
0.333333333333334,0.333333333333334,0.333333333333334,0.333333333333334,
0.333333333333334,0.333333333333334,0.333333333333334,0.333333333333334,
0.333333333333334,0.333333333333334,0.333333333333334,0.333333333333334,
0.333333333333334,0.333333333333334,0.333333333333334,0.333333333333334,
0.333333333333334,0.333333333333334,0.333333333333334,0.333333333333334,
0.333333333333334,0.333333333333334,0.333333333333334,0.333333333333334),
(0.333333333333334,0.333333333333334,0.333333333333334,0.333333333333334,
0.333333333333334,0.333333333333334,0.333333333333334,0.333333333333334,
0.333333333333334,0.333333333333334,0.333333333333334,0.333333333333334,
0.333333333333334,0.333333333333334,0.333333333333334,0.333333333333334,
0.333333333333334,0.333333333333334,0.333333333333334,0.333333333333334,
0.333333333333334,0.333333333333334,0.333333333333334,0.333333333333334,
0.333333333333334,0.333333333333334,0.333333333333334,0.333333333333334,
0.333333333333334,0.333333333333334,0.333333333333334,0.333333333333334,
0.333333333333334,0.333333333333334,0.333333333333334,0.333333333333334,
0.333333333333334,0.333333333333334,0.333333333333334,0.333333333333334,
0.333333333333334,0.333333333333334,0.333333333333334,0.333333333333334,
0.333333333333334,0.333333333333334,0.333333333333334,0.333333333333334,
0.333333333333334,0.333333333333334),(1.,1.,1.,1.,1.,1.,1.,1.,1.,1.,1.,
1.,1.,1.,1.,1.,1.,1.,1.,1.,1.,1.,1.,1.,1.,1.,1.,1.,1.,1.,1.,1.,1.,1.,1.,
1.,1.,1.,1.,1.,1.,1.,1.,1.,1.,1.,1.,1.,1.,1.)))
REPRESENTATION_ITEM('')
SURFACE()
);
#242=(
BOUNDED_SURFACE()
B_SPLINE_SURFACE(3,3,((#1285,#1286,#1287,#1288,#1289,#1290,#1291,#1292,
#1293,#1294,#1295,#1296,#1297,#1298,#1299,#1300,#1301,#1302,#1303,#1304,
#1305,#1306,#1307,#1308,#1309,#1310,#1311,#1312,#1313,#1314,#1315,#1316,
#1317,#1318,#1319,#1320,#1321,#1322,#1323,#1324,#1325,#1326,#1327,#1328,
#1329,#1330,#1331,#1332),(#1333,#1334,#1335,#1336,#1337,#1338,#1339,#1340,
#1341,#1342,#1343,#1344,#1345,#1346,#1347,#1348,#1349,#1350,#1351,#1352,
#1353,#1354,#1355,#1356,#1357,#1358,#1359,#1360,#1361,#1362,#1363,#1364,
#1365,#1366,#1367,#1368,#1369,#1370,#1371,#1372,#1373,#1374,#1375,#1376,
#1377,#1378,#1379,#1380),(#1381,#1382,#1383,#1384,#1385,#1386,#1387,#1388,
#1389,#1390,#1391,#1392,#1393,#1394,#1395,#1396,#1397,#1398,#1399,#1400,
#1401,#1402,#1403,#1404,#1405,#1406,#1407,#1408,#1409,#1410,#1411,#1412,
#1413,#1414,#1415,#1416,#1417,#1418,#1419,#1420,#1421,#1422,#1423,#1424,
#1425,#1426,#1427,#1428),(#1429,#1430,#1431,#1432,#1433,#1434,#1435,#1436,
#1437,#1438,#1439,#1440,#1441,#1442,#1443,#1444,#1445,#1446,#1447,#1448,
#1449,#1450,#1451,#1452,#1453,#1454,#1455,#1456,#1457,#1458,#1459,#1460,
#1461,#1462,#1463,#1464,#1465,#1466,#1467,#1468,#1469,#1470,#1471,#1472,
#1473,#1474,#1475,#1476),(#1477,#1478,#1479,#1480,#1481,#1482,#1483,#1484,
#1485,#1486,#1487,#1488,#1489,#1490,#1491,#1492,#1493,#1494,#1495,#1496,
#1497,#1498,#1499,#1500,#1501,#1502,#1503,#1504,#1505,#1506,#1507,#1508,
#1509,#1510,#1511,#1512,#1513,#1514,#1515,#1516,#1517,#1518,#1519,#1520,
#1521,#1522,#1523,#1524),(#1525,#1526,#1527,#1528,#1529,#1530,#1531,#1532,
#1533,#1534,#1535,#1536,#1537,#1538,#1539,#1540,#1541,#1542,#1543,#1544,
#1545,#1546,#1547,#1548,#1549,#1550,#1551,#1552,#1553,#1554,#1555,#1556,
#1557,#1558,#1559,#1560,#1561,#1562,#1563,#1564,#1565,#1566,#1567,#1568,
#1569,#1570,#1571,#1572),(#1573,#1574,#1575,#1576,#1577,#1578,#1579,#1580,
#1581,#1582,#1583,#1584,#1585,#1586,#1587,#1588,#1589,#1590,#1591,#1592,
#1593,#1594,#1595,#1596,#1597,#1598,#1599,#1600,#1601,#1602,#1603,#1604,
#1605,#1606,#1607,#1608,#1609,#1610,#1611,#1612,#1613,#1614,#1615,#1616,
#1617,#1618,#1619,#1620)),.UNSPECIFIED.,.T.,.F.,.F.)
B_SPLINE_SURFACE_WITH_KNOTS((4,3,4),(4,2,2,2,2,2,2,2,2,2,2,2,2,2,2,2,2,
2,2,2,2,2,2,4),(0.,0.5,1.),(0.588195683267072,0.588348946906525,0.588502210545977,
0.588808737824882,0.589421792382691,0.59064790149831,0.593100119729547,
0.598004556192022,0.602908992654496,0.607813429116971,0.612717865579446,
0.61762230204192,0.62743117496687,0.637240047891819,0.647048920816768,0.656857793741718,
0.661762230204192,0.664214448435429,0.665440557551048,0.666053612108857,
0.666360139387762,0.666513403027214,0.666590034846941,0.666666666666667),
 .UNSPECIFIED.)
GEOMETRIC_REPRESENTATION_ITEM()
RATIONAL_B_SPLINE_SURFACE(((1.,1.,1.,1.,1.,1.,1.,1.,1.,1.,1.,1.,1.,1.,1.,
1.,1.,1.,1.,1.,1.,1.,1.,1.,1.,1.,1.,1.,1.,1.,1.,1.,1.,1.,1.,1.,1.,1.,1.,
1.,1.,1.,1.,1.,1.,1.,1.,1.),(0.333333333333334,0.333333333333334,0.333333333333334,
0.333333333333334,0.333333333333334,0.333333333333334,0.333333333333334,
0.333333333333334,0.333333333333334,0.333333333333334,0.333333333333334,
0.333333333333334,0.333333333333334,0.333333333333334,0.333333333333334,
0.333333333333334,0.333333333333334,0.333333333333334,0.333333333333334,
0.333333333333334,0.333333333333334,0.333333333333334,0.333333333333334,
0.333333333333334,0.333333333333334,0.333333333333334,0.333333333333334,
0.333333333333334,0.333333333333334,0.333333333333334,0.333333333333334,
0.333333333333334,0.333333333333334,0.333333333333334,0.333333333333334,
0.333333333333334,0.333333333333334,0.333333333333334,0.333333333333334,
0.333333333333334,0.333333333333334,0.333333333333334,0.333333333333334,
0.333333333333334,0.333333333333334,0.333333333333334,0.333333333333334,
0.333333333333334),(0.333333333333334,0.333333333333334,0.333333333333334,
0.333333333333334,0.333333333333334,0.333333333333334,0.333333333333334,
0.333333333333334,0.333333333333334,0.333333333333334,0.333333333333334,
0.333333333333334,0.333333333333334,0.333333333333334,0.333333333333334,
0.333333333333334,0.333333333333334,0.333333333333334,0.333333333333334,
0.333333333333334,0.333333333333334,0.333333333333334,0.333333333333334,
0.333333333333334,0.333333333333334,0.333333333333334,0.333333333333334,
0.333333333333334,0.333333333333334,0.333333333333334,0.333333333333334,
0.333333333333334,0.333333333333334,0.333333333333334,0.333333333333334,
0.333333333333334,0.333333333333334,0.333333333333334,0.333333333333334,
0.333333333333334,0.333333333333334,0.333333333333334,0.333333333333334,
0.333333333333334,0.333333333333334,0.333333333333334,0.333333333333334,
0.333333333333334),(1.,1.,1.,1.,1.,1.,1.,1.,1.,1.,1.,1.,1.,1.,1.,1.,1.,
1.,1.,1.,1.,1.,1.,1.,1.,1.,1.,1.,1.,1.,1.,1.,1.,1.,1.,1.,1.,1.,1.,1.,1.,
1.,1.,1.,1.,1.,1.,1.),(0.333333333333334,0.333333333333334,0.333333333333334,
0.333333333333334,0.333333333333334,0.333333333333334,0.333333333333334,
0.333333333333334,0.333333333333334,0.333333333333334,0.333333333333334,
0.333333333333334,0.333333333333334,0.333333333333334,0.333333333333334,
0.333333333333334,0.333333333333334,0.333333333333334,0.333333333333334,
0.333333333333334,0.333333333333334,0.333333333333334,0.333333333333334,
0.333333333333334,0.333333333333334,0.333333333333334,0.333333333333334,
0.333333333333334,0.333333333333334,0.333333333333334,0.333333333333334,
0.333333333333334,0.333333333333334,0.333333333333334,0.333333333333334,
0.333333333333334,0.333333333333334,0.333333333333334,0.333333333333334,
0.333333333333334,0.333333333333334,0.333333333333334,0.333333333333334,
0.333333333333334,0.333333333333334,0.333333333333334,0.333333333333334,
0.333333333333334),(0.333333333333334,0.333333333333334,0.333333333333334,
0.333333333333334,0.333333333333334,0.333333333333334,0.333333333333334,
0.333333333333334,0.333333333333334,0.333333333333334,0.333333333333334,
0.333333333333334,0.333333333333334,0.333333333333334,0.333333333333334,
0.333333333333334,0.333333333333334,0.333333333333334,0.333333333333334,
0.333333333333334,0.333333333333334,0.333333333333334,0.333333333333334,
0.333333333333334,0.333333333333334,0.333333333333334,0.333333333333334,
0.333333333333334,0.333333333333334,0.333333333333334,0.333333333333334,
0.333333333333334,0.333333333333334,0.333333333333334,0.333333333333334,
0.333333333333334,0.333333333333334,0.333333333333334,0.333333333333334,
0.333333333333334,0.333333333333334,0.333333333333334,0.333333333333334,
0.333333333333334,0.333333333333334,0.333333333333334,0.333333333333334,
0.333333333333334),(1.,1.,1.,1.,1.,1.,1.,1.,1.,1.,1.,1.,1.,1.,1.,1.,1.,
1.,1.,1.,1.,1.,1.,1.,1.,1.,1.,1.,1.,1.,1.,1.,1.,1.,1.,1.,1.,1.,1.,1.,1.,
1.,1.,1.,1.,1.,1.,1.)))
REPRESENTATION_ITEM('')
SURFACE()
);
#243=(
BOUNDED_SURFACE()
B_SPLINE_SURFACE(3,3,((#1626,#1627,#1628,#1629,#1630,#1631,#1632,#1633,
#1634,#1635,#1636,#1637,#1638,#1639,#1640,#1641,#1642,#1643,#1644,#1645,
#1646,#1647,#1648,#1649,#1650,#1651,#1652,#1653,#1654,#1655,#1656,#1657,
#1658,#1659,#1660,#1661,#1662,#1663,#1664,#1665,#1666,#1667,#1668,#1669,
#1670,#1671,#1672,#1673,#1674,#1675),(#1676,#1677,#1678,#1679,#1680,#1681,
#1682,#1683,#1684,#1685,#1686,#1687,#1688,#1689,#1690,#1691,#1692,#1693,
#1694,#1695,#1696,#1697,#1698,#1699,#1700,#1701,#1702,#1703,#1704,#1705,
#1706,#1707,#1708,#1709,#1710,#1711,#1712,#1713,#1714,#1715,#1716,#1717,
#1718,#1719,#1720,#1721,#1722,#1723,#1724,#1725),(#1726,#1727,#1728,#1729,
#1730,#1731,#1732,#1733,#1734,#1735,#1736,#1737,#1738,#1739,#1740,#1741,
#1742,#1743,#1744,#1745,#1746,#1747,#1748,#1749,#1750,#1751,#1752,#1753,
#1754,#1755,#1756,#1757,#1758,#1759,#1760,#1761,#1762,#1763,#1764,#1765,
#1766,#1767,#1768,#1769,#1770,#1771,#1772,#1773,#1774,#1775),(#1776,#1777,
#1778,#1779,#1780,#1781,#1782,#1783,#1784,#1785,#1786,#1787,#1788,#1789,
#1790,#1791,#1792,#1793,#1794,#1795,#1796,#1797,#1798,#1799,#1800,#1801,
#1802,#1803,#1804,#1805,#1806,#1807,#1808,#1809,#1810,#1811,#1812,#1813,
#1814,#1815,#1816,#1817,#1818,#1819,#1820,#1821,#1822,#1823,#1824,#1825),
(#1826,#1827,#1828,#1829,#1830,#1831,#1832,#1833,#1834,#1835,#1836,#1837,
#1838,#1839,#1840,#1841,#1842,#1843,#1844,#1845,#1846,#1847,#1848,#1849,
#1850,#1851,#1852,#1853,#1854,#1855,#1856,#1857,#1858,#1859,#1860,#1861,
#1862,#1863,#1864,#1865,#1866,#1867,#1868,#1869,#1870,#1871,#1872,#1873,
#1874,#1875),(#1876,#1877,#1878,#1879,#1880,#1881,#1882,#1883,#1884,#1885,
#1886,#1887,#1888,#1889,#1890,#1891,#1892,#1893,#1894,#1895,#1896,#1897,
#1898,#1899,#1900,#1901,#1902,#1903,#1904,#1905,#1906,#1907,#1908,#1909,
#1910,#1911,#1912,#1913,#1914,#1915,#1916,#1917,#1918,#1919,#1920,#1921,
#1922,#1923,#1924,#1925),(#1926,#1927,#1928,#1929,#1930,#1931,#1932,#1933,
#1934,#1935,#1936,#1937,#1938,#1939,#1940,#1941,#1942,#1943,#1944,#1945,
#1946,#1947,#1948,#1949,#1950,#1951,#1952,#1953,#1954,#1955,#1956,#1957,
#1958,#1959,#1960,#1961,#1962,#1963,#1964,#1965,#1966,#1967,#1968,#1969,
#1970,#1971,#1972,#1973,#1974,#1975)),.UNSPECIFIED.,.T.,.F.,.F.)
B_SPLINE_SURFACE_WITH_KNOTS((4,3,4),(4,2,2,2,2,2,2,2,2,2,2,2,2,2,2,2,2,
2,2,2,2,2,2,2,4),(0.,0.5,1.),(0.421528148466566,0.421604781981866,0.421681415497166,
0.421834682527767,0.422141216588967,0.422754284711368,0.423980420956169,
0.426432693445771,0.431337238424976,0.441146328383384,0.450955418341794,
0.460764508300203,0.465669053279407,0.470573598258612,0.475478143237817,
0.480382688217021,0.485287233196226,0.49019177817543,0.495096323154635,
0.497548595644237,0.498774731889038,0.499387800011439,0.499694334072639,
0.499847601103239,0.500000868133839),.UNSPECIFIED.)
GEOMETRIC_REPRESENTATION_ITEM()
RATIONAL_B_SPLINE_SURFACE(((1.,1.,1.,1.,1.,1.,1.,1.,1.,1.,1.,1.,1.,1.,1.,
1.,1.,1.,1.,1.,1.,1.,1.,1.,1.,1.,1.,1.,1.,1.,1.,1.,1.,1.,1.,1.,1.,1.,1.,
1.,1.,1.,1.,1.,1.,1.,1.,1.,1.,1.),(0.333333333333334,0.333333333333334,
0.333333333333334,0.333333333333334,0.333333333333334,0.333333333333334,
0.333333333333334,0.333333333333334,0.333333333333334,0.333333333333334,
0.333333333333334,0.333333333333334,0.333333333333334,0.333333333333334,
0.333333333333334,0.333333333333334,0.333333333333334,0.333333333333334,
0.333333333333334,0.333333333333334,0.333333333333334,0.333333333333334,
0.333333333333334,0.333333333333334,0.333333333333334,0.333333333333334,
0.333333333333334,0.333333333333334,0.333333333333334,0.333333333333334,
0.333333333333334,0.333333333333334,0.333333333333334,0.333333333333334,
0.333333333333334,0.333333333333334,0.333333333333334,0.333333333333334,
0.333333333333334,0.333333333333334,0.333333333333334,0.333333333333334,
0.333333333333334,0.333333333333334,0.333333333333334,0.333333333333334,
0.333333333333334,0.333333333333334,0.333333333333334,0.333333333333334),
(0.333333333333334,0.333333333333334,0.333333333333334,0.333333333333334,
0.333333333333334,0.333333333333334,0.333333333333334,0.333333333333334,
0.333333333333334,0.333333333333334,0.333333333333334,0.333333333333334,
0.333333333333334,0.333333333333334,0.333333333333334,0.333333333333334,
0.333333333333334,0.333333333333334,0.333333333333334,0.333333333333334,
0.333333333333334,0.333333333333334,0.333333333333334,0.333333333333334,
0.333333333333334,0.333333333333334,0.333333333333334,0.333333333333334,
0.333333333333334,0.333333333333334,0.333333333333334,0.333333333333334,
0.333333333333334,0.333333333333334,0.333333333333334,0.333333333333334,
0.333333333333334,0.333333333333334,0.333333333333334,0.333333333333334,
0.333333333333334,0.333333333333334,0.333333333333334,0.333333333333334,
0.333333333333334,0.333333333333334,0.333333333333334,0.333333333333334,
0.333333333333334,0.333333333333334),(1.,1.,1.,1.,1.,1.,1.,1.,1.,1.,1.,
1.,1.,1.,1.,1.,1.,1.,1.,1.,1.,1.,1.,1.,1.,1.,1.,1.,1.,1.,1.,1.,1.,1.,1.,
1.,1.,1.,1.,1.,1.,1.,1.,1.,1.,1.,1.,1.,1.,1.),(0.333333333333334,0.333333333333334,
0.333333333333334,0.333333333333334,0.333333333333334,0.333333333333334,
0.333333333333334,0.333333333333334,0.333333333333334,0.333333333333334,
0.333333333333334,0.333333333333334,0.333333333333334,0.333333333333334,
0.333333333333334,0.333333333333334,0.333333333333334,0.333333333333334,
0.333333333333334,0.333333333333334,0.333333333333334,0.333333333333334,
0.333333333333334,0.333333333333334,0.333333333333334,0.333333333333334,
0.333333333333334,0.333333333333334,0.333333333333334,0.333333333333334,
0.333333333333334,0.333333333333334,0.333333333333334,0.333333333333334,
0.333333333333334,0.333333333333334,0.333333333333334,0.333333333333334,
0.333333333333334,0.333333333333334,0.333333333333334,0.333333333333334,
0.333333333333334,0.333333333333334,0.333333333333334,0.333333333333334,
0.333333333333334,0.333333333333334,0.333333333333334,0.333333333333334),
(0.333333333333334,0.333333333333334,0.333333333333334,0.333333333333334,
0.333333333333334,0.333333333333334,0.333333333333334,0.333333333333334,
0.333333333333334,0.333333333333334,0.333333333333334,0.333333333333334,
0.333333333333334,0.333333333333334,0.333333333333334,0.333333333333334,
0.333333333333334,0.333333333333334,0.333333333333334,0.333333333333334,
0.333333333333334,0.333333333333334,0.333333333333334,0.333333333333334,
0.333333333333334,0.333333333333334,0.333333333333334,0.333333333333334,
0.333333333333334,0.333333333333334,0.333333333333334,0.333333333333334,
0.333333333333334,0.333333333333334,0.333333333333334,0.333333333333334,
0.333333333333334,0.333333333333334,0.333333333333334,0.333333333333334,
0.333333333333334,0.333333333333334,0.333333333333334,0.333333333333334,
0.333333333333334,0.333333333333334,0.333333333333334,0.333333333333334,
0.333333333333334,0.333333333333334),(1.,1.,1.,1.,1.,1.,1.,1.,1.,1.,1.,
1.,1.,1.,1.,1.,1.,1.,1.,1.,1.,1.,1.,1.,1.,1.,1.,1.,1.,1.,1.,1.,1.,1.,1.,
1.,1.,1.,1.,1.,1.,1.,1.,1.,1.,1.,1.,1.,1.,1.)))
REPRESENTATION_ITEM('')
SURFACE()
);
#244=(
BOUNDED_SURFACE()
B_SPLINE_SURFACE(3,3,((#1981,#1982,#1983,#1984,#1985,#1986,#1987,#1988,
#1989,#1990,#1991,#1992,#1993,#1994,#1995,#1996,#1997,#1998,#1999,#2000,
#2001,#2002,#2003,#2004,#2005,#2006,#2007,#2008,#2009,#2010,#2011,#2012,
#2013,#2014,#2015,#2016,#2017,#2018,#2019,#2020,#2021,#2022,#2023,#2024,
#2025,#2026,#2027,#2028,#2029,#2030),(#2031,#2032,#2033,#2034,#2035,#2036,
#2037,#2038,#2039,#2040,#2041,#2042,#2043,#2044,#2045,#2046,#2047,#2048,
#2049,#2050,#2051,#2052,#2053,#2054,#2055,#2056,#2057,#2058,#2059,#2060,
#2061,#2062,#2063,#2064,#2065,#2066,#2067,#2068,#2069,#2070,#2071,#2072,
#2073,#2074,#2075,#2076,#2077,#2078,#2079,#2080),(#2081,#2082,#2083,#2084,
#2085,#2086,#2087,#2088,#2089,#2090,#2091,#2092,#2093,#2094,#2095,#2096,
#2097,#2098,#2099,#2100,#2101,#2102,#2103,#2104,#2105,#2106,#2107,#2108,
#2109,#2110,#2111,#2112,#2113,#2114,#2115,#2116,#2117,#2118,#2119,#2120,
#2121,#2122,#2123,#2124,#2125,#2126,#2127,#2128,#2129,#2130),(#2131,#2132,
#2133,#2134,#2135,#2136,#2137,#2138,#2139,#2140,#2141,#2142,#2143,#2144,
#2145,#2146,#2147,#2148,#2149,#2150,#2151,#2152,#2153,#2154,#2155,#2156,
#2157,#2158,#2159,#2160,#2161,#2162,#2163,#2164,#2165,#2166,#2167,#2168,
#2169,#2170,#2171,#2172,#2173,#2174,#2175,#2176,#2177,#2178,#2179,#2180),
(#2181,#2182,#2183,#2184,#2185,#2186,#2187,#2188,#2189,#2190,#2191,#2192,
#2193,#2194,#2195,#2196,#2197,#2198,#2199,#2200,#2201,#2202,#2203,#2204,
#2205,#2206,#2207,#2208,#2209,#2210,#2211,#2212,#2213,#2214,#2215,#2216,
#2217,#2218,#2219,#2220,#2221,#2222,#2223,#2224,#2225,#2226,#2227,#2228,
#2229,#2230),(#2231,#2232,#2233,#2234,#2235,#2236,#2237,#2238,#2239,#2240,
#2241,#2242,#2243,#2244,#2245,#2246,#2247,#2248,#2249,#2250,#2251,#2252,
#2253,#2254,#2255,#2256,#2257,#2258,#2259,#2260,#2261,#2262,#2263,#2264,
#2265,#2266,#2267,#2268,#2269,#2270,#2271,#2272,#2273,#2274,#2275,#2276,
#2277,#2278,#2279,#2280),(#2281,#2282,#2283,#2284,#2285,#2286,#2287,#2288,
#2289,#2290,#2291,#2292,#2293,#2294,#2295,#2296,#2297,#2298,#2299,#2300,
#2301,#2302,#2303,#2304,#2305,#2306,#2307,#2308,#2309,#2310,#2311,#2312,
#2313,#2314,#2315,#2316,#2317,#2318,#2319,#2320,#2321,#2322,#2323,#2324,
#2325,#2326,#2327,#2328,#2329,#2330)),.UNSPECIFIED.,.T.,.F.,.F.)
B_SPLINE_SURFACE_WITH_KNOTS((4,3,4),(4,2,2,2,2,2,2,2,2,2,2,2,2,2,2,2,2,
2,2,2,2,2,2,2,4),(0.,0.5,1.),(0.254862349933739,0.255015613573191,0.255168877212644,
0.255475404491549,0.256088459049358,0.257314568164976,0.259766786396214,
0.264671222858688,0.269575659321163,0.274480095783637,0.279384532246112,
0.284288968708587,0.289193405171062,0.294097841633536,0.303906714558486,
0.313715587483435,0.323524460408384,0.328428896870859,0.330881115102096,
0.332107224217714,0.332720278775524,0.333026806054429,0.333180069693881,
0.333256701513607,0.333333333333334),.UNSPECIFIED.)
GEOMETRIC_REPRESENTATION_ITEM()
RATIONAL_B_SPLINE_SURFACE(((1.,1.,1.,1.,1.,1.,1.,1.,1.,1.,1.,1.,1.,1.,1.,
1.,1.,1.,1.,1.,1.,1.,1.,1.,1.,1.,1.,1.,1.,1.,1.,1.,1.,1.,1.,1.,1.,1.,1.,
1.,1.,1.,1.,1.,1.,1.,1.,1.,1.,1.),(0.333333333333334,0.333333333333334,
0.333333333333334,0.333333333333334,0.333333333333334,0.333333333333334,
0.333333333333334,0.333333333333334,0.333333333333334,0.333333333333334,
0.333333333333334,0.333333333333334,0.333333333333334,0.333333333333334,
0.333333333333334,0.333333333333334,0.333333333333334,0.333333333333334,
0.333333333333334,0.333333333333334,0.333333333333334,0.333333333333334,
0.333333333333334,0.333333333333334,0.333333333333334,0.333333333333334,
0.333333333333334,0.333333333333334,0.333333333333334,0.333333333333334,
0.333333333333334,0.333333333333334,0.333333333333334,0.333333333333334,
0.333333333333334,0.333333333333334,0.333333333333334,0.333333333333334,
0.333333333333334,0.333333333333334,0.333333333333334,0.333333333333334,
0.333333333333334,0.333333333333334,0.333333333333334,0.333333333333334,
0.333333333333334,0.333333333333334,0.333333333333334,0.333333333333334),
(0.333333333333334,0.333333333333334,0.333333333333334,0.333333333333334,
0.333333333333334,0.333333333333334,0.333333333333334,0.333333333333334,
0.333333333333334,0.333333333333334,0.333333333333334,0.333333333333334,
0.333333333333334,0.333333333333334,0.333333333333334,0.333333333333334,
0.333333333333334,0.333333333333334,0.333333333333334,0.333333333333334,
0.333333333333334,0.333333333333334,0.333333333333334,0.333333333333334,
0.333333333333334,0.333333333333334,0.333333333333334,0.333333333333334,
0.333333333333334,0.333333333333334,0.333333333333334,0.333333333333334,
0.333333333333334,0.333333333333334,0.333333333333334,0.333333333333334,
0.333333333333334,0.333333333333334,0.333333333333334,0.333333333333334,
0.333333333333334,0.333333333333334,0.333333333333334,0.333333333333334,
0.333333333333334,0.333333333333334,0.333333333333334,0.333333333333334,
0.333333333333334,0.333333333333334),(1.,1.,1.,1.,1.,1.,1.,1.,1.,1.,1.,
1.,1.,1.,1.,1.,1.,1.,1.,1.,1.,1.,1.,1.,1.,1.,1.,1.,1.,1.,1.,1.,1.,1.,1.,
1.,1.,1.,1.,1.,1.,1.,1.,1.,1.,1.,1.,1.,1.,1.),(0.333333333333334,0.333333333333334,
0.333333333333334,0.333333333333334,0.333333333333334,0.333333333333334,
0.333333333333334,0.333333333333334,0.333333333333334,0.333333333333334,
0.333333333333334,0.333333333333334,0.333333333333334,0.333333333333334,
0.333333333333334,0.333333333333334,0.333333333333334,0.333333333333334,
0.333333333333334,0.333333333333334,0.333333333333334,0.333333333333334,
0.333333333333334,0.333333333333334,0.333333333333334,0.333333333333334,
0.333333333333334,0.333333333333334,0.333333333333334,0.333333333333334,
0.333333333333334,0.333333333333334,0.333333333333334,0.333333333333334,
0.333333333333334,0.333333333333334,0.333333333333334,0.333333333333334,
0.333333333333334,0.333333333333334,0.333333333333334,0.333333333333334,
0.333333333333334,0.333333333333334,0.333333333333334,0.333333333333334,
0.333333333333334,0.333333333333334,0.333333333333334,0.333333333333334),
(0.333333333333334,0.333333333333334,0.333333333333334,0.333333333333334,
0.333333333333334,0.333333333333334,0.333333333333334,0.333333333333334,
0.333333333333334,0.333333333333334,0.333333333333334,0.333333333333334,
0.333333333333334,0.333333333333334,0.333333333333334,0.333333333333334,
0.333333333333334,0.333333333333334,0.333333333333334,0.333333333333334,
0.333333333333334,0.333333333333334,0.333333333333334,0.333333333333334,
0.333333333333334,0.333333333333334,0.333333333333334,0.333333333333334,
0.333333333333334,0.333333333333334,0.333333333333334,0.333333333333334,
0.333333333333334,0.333333333333334,0.333333333333334,0.333333333333334,
0.333333333333334,0.333333333333334,0.333333333333334,0.333333333333334,
0.333333333333334,0.333333333333334,0.333333333333334,0.333333333333334,
0.333333333333334,0.333333333333334,0.333333333333334,0.333333333333334,
0.333333333333334,0.333333333333334),(1.,1.,1.,1.,1.,1.,1.,1.,1.,1.,1.,
1.,1.,1.,1.,1.,1.,1.,1.,1.,1.,1.,1.,1.,1.,1.,1.,1.,1.,1.,1.,1.,1.,1.,1.,
1.,1.,1.,1.,1.,1.,1.,1.,1.,1.,1.,1.,1.,1.,1.)))
REPRESENTATION_ITEM('')
SURFACE()
);
#245=(
BOUNDED_SURFACE()
B_SPLINE_SURFACE(3,3,((#2336,#2337,#2338,#2339,#2340,#2341,#2342,#2343,
#2344,#2345,#2346,#2347,#2348,#2349,#2350,#2351,#2352,#2353,#2354,#2355,
#2356,#2357,#2358,#2359,#2360,#2361,#2362,#2363,#2364,#2365,#2366,#2367,
#2368,#2369,#2370,#2371,#2372,#2373,#2374,#2375,#2376,#2377,#2378,#2379,
#2380,#2381,#2382,#2383,#2384,#2385),(#2386,#2387,#2388,#2389,#2390,#2391,
#2392,#2393,#2394,#2395,#2396,#2397,#2398,#2399,#2400,#2401,#2402,#2403,
#2404,#2405,#2406,#2407,#2408,#2409,#2410,#2411,#2412,#2413,#2414,#2415,
#2416,#2417,#2418,#2419,#2420,#2421,#2422,#2423,#2424,#2425,#2426,#2427,
#2428,#2429,#2430,#2431,#2432,#2433,#2434,#2435),(#2436,#2437,#2438,#2439,
#2440,#2441,#2442,#2443,#2444,#2445,#2446,#2447,#2448,#2449,#2450,#2451,
#2452,#2453,#2454,#2455,#2456,#2457,#2458,#2459,#2460,#2461,#2462,#2463,
#2464,#2465,#2466,#2467,#2468,#2469,#2470,#2471,#2472,#2473,#2474,#2475,
#2476,#2477,#2478,#2479,#2480,#2481,#2482,#2483,#2484,#2485),(#2486,#2487,
#2488,#2489,#2490,#2491,#2492,#2493,#2494,#2495,#2496,#2497,#2498,#2499,
#2500,#2501,#2502,#2503,#2504,#2505,#2506,#2507,#2508,#2509,#2510,#2511,
#2512,#2513,#2514,#2515,#2516,#2517,#2518,#2519,#2520,#2521,#2522,#2523,
#2524,#2525,#2526,#2527,#2528,#2529,#2530,#2531,#2532,#2533,#2534,#2535),
(#2536,#2537,#2538,#2539,#2540,#2541,#2542,#2543,#2544,#2545,#2546,#2547,
#2548,#2549,#2550,#2551,#2552,#2553,#2554,#2555,#2556,#2557,#2558,#2559,
#2560,#2561,#2562,#2563,#2564,#2565,#2566,#2567,#2568,#2569,#2570,#2571,
#2572,#2573,#2574,#2575,#2576,#2577,#2578,#2579,#2580,#2581,#2582,#2583,
#2584,#2585),(#2586,#2587,#2588,#2589,#2590,#2591,#2592,#2593,#2594,#2595,
#2596,#2597,#2598,#2599,#2600,#2601,#2602,#2603,#2604,#2605,#2606,#2607,
#2608,#2609,#2610,#2611,#2612,#2613,#2614,#2615,#2616,#2617,#2618,#2619,
#2620,#2621,#2622,#2623,#2624,#2625,#2626,#2627,#2628,#2629,#2630,#2631,
#2632,#2633,#2634,#2635),(#2636,#2637,#2638,#2639,#2640,#2641,#2642,#2643,
#2644,#2645,#2646,#2647,#2648,#2649,#2650,#2651,#2652,#2653,#2654,#2655,
#2656,#2657,#2658,#2659,#2660,#2661,#2662,#2663,#2664,#2665,#2666,#2667,
#2668,#2669,#2670,#2671,#2672,#2673,#2674,#2675,#2676,#2677,#2678,#2679,
#2680,#2681,#2682,#2683,#2684,#2685)),.UNSPECIFIED.,.T.,.F.,.F.)
B_SPLINE_SURFACE_WITH_KNOTS((4,3,4),(4,2,2,2,2,2,2,2,2,2,2,2,2,2,2,2,2,
2,2,2,2,2,2,2,4),(0.,0.5,1.),(0.0881948151332331,0.0882714486485331,0.0883480821638332,
0.0885013491944333,0.0888078832556336,0.0894209513780342,0.0906470876228353,
0.0930993601124376,0.0980039050916421,0.107812995050051,0.11762208500846,
0.127431174966869,0.132335719946074,0.137240264925279,0.142144809904483,
0.147049354883688,0.151953899862892,0.156858444842097,0.161762989821301,
0.164215262310903,0.165441398555704,0.166054466678106,0.166361000739306,
0.166514267769905,0.166667534800506),.UNSPECIFIED.)
GEOMETRIC_REPRESENTATION_ITEM()
RATIONAL_B_SPLINE_SURFACE(((1.,1.,1.,1.,1.,1.,1.,1.,1.,1.,1.,1.,1.,1.,1.,
1.,1.,1.,1.,1.,1.,1.,1.,1.,1.,1.,1.,1.,1.,1.,1.,1.,1.,1.,1.,1.,1.,1.,1.,
1.,1.,1.,1.,1.,1.,1.,1.,1.,1.,1.),(0.333333333333334,0.333333333333334,
0.333333333333334,0.333333333333334,0.333333333333334,0.333333333333334,
0.333333333333334,0.333333333333334,0.333333333333334,0.333333333333334,
0.333333333333334,0.333333333333334,0.333333333333334,0.333333333333334,
0.333333333333334,0.333333333333334,0.333333333333334,0.333333333333334,
0.333333333333334,0.333333333333334,0.333333333333334,0.333333333333334,
0.333333333333334,0.333333333333334,0.333333333333334,0.333333333333334,
0.333333333333334,0.333333333333334,0.333333333333334,0.333333333333334,
0.333333333333334,0.333333333333334,0.333333333333334,0.333333333333334,
0.333333333333334,0.333333333333334,0.333333333333334,0.333333333333334,
0.333333333333334,0.333333333333334,0.333333333333334,0.333333333333334,
0.333333333333334,0.333333333333334,0.333333333333334,0.333333333333334,
0.333333333333334,0.333333333333334,0.333333333333334,0.333333333333334),
(0.333333333333334,0.333333333333334,0.333333333333334,0.333333333333334,
0.333333333333334,0.333333333333334,0.333333333333334,0.333333333333334,
0.333333333333334,0.333333333333334,0.333333333333334,0.333333333333334,
0.333333333333334,0.333333333333334,0.333333333333334,0.333333333333334,
0.333333333333334,0.333333333333334,0.333333333333334,0.333333333333334,
0.333333333333334,0.333333333333334,0.333333333333334,0.333333333333334,
0.333333333333334,0.333333333333334,0.333333333333334,0.333333333333334,
0.333333333333334,0.333333333333334,0.333333333333334,0.333333333333334,
0.333333333333334,0.333333333333334,0.333333333333334,0.333333333333334,
0.333333333333334,0.333333333333334,0.333333333333334,0.333333333333334,
0.333333333333334,0.333333333333334,0.333333333333334,0.333333333333334,
0.333333333333334,0.333333333333334,0.333333333333334,0.333333333333334,
0.333333333333334,0.333333333333334),(1.,1.,1.,1.,1.,1.,1.,1.,1.,1.,1.,
1.,1.,1.,1.,1.,1.,1.,1.,1.,1.,1.,1.,1.,1.,1.,1.,1.,1.,1.,1.,1.,1.,1.,1.,
1.,1.,1.,1.,1.,1.,1.,1.,1.,1.,1.,1.,1.,1.,1.),(0.333333333333334,0.333333333333334,
0.333333333333334,0.333333333333334,0.333333333333334,0.333333333333334,
0.333333333333334,0.333333333333334,0.333333333333334,0.333333333333334,
0.333333333333334,0.333333333333334,0.333333333333334,0.333333333333334,
0.333333333333334,0.333333333333334,0.333333333333334,0.333333333333334,
0.333333333333334,0.333333333333334,0.333333333333334,0.333333333333334,
0.333333333333334,0.333333333333334,0.333333333333334,0.333333333333334,
0.333333333333334,0.333333333333334,0.333333333333334,0.333333333333334,
0.333333333333334,0.333333333333334,0.333333333333334,0.333333333333334,
0.333333333333334,0.333333333333334,0.333333333333334,0.333333333333334,
0.333333333333334,0.333333333333334,0.333333333333334,0.333333333333334,
0.333333333333334,0.333333333333334,0.333333333333334,0.333333333333334,
0.333333333333334,0.333333333333334,0.333333333333334,0.333333333333334),
(0.333333333333334,0.333333333333334,0.333333333333334,0.333333333333334,
0.333333333333334,0.333333333333334,0.333333333333334,0.333333333333334,
0.333333333333334,0.333333333333334,0.333333333333334,0.333333333333334,
0.333333333333334,0.333333333333334,0.333333333333334,0.333333333333334,
0.333333333333334,0.333333333333334,0.333333333333334,0.333333333333334,
0.333333333333334,0.333333333333334,0.333333333333334,0.333333333333334,
0.333333333333334,0.333333333333334,0.333333333333334,0.333333333333334,
0.333333333333334,0.333333333333334,0.333333333333334,0.333333333333334,
0.333333333333334,0.333333333333334,0.333333333333334,0.333333333333334,
0.333333333333334,0.333333333333334,0.333333333333334,0.333333333333334,
0.333333333333334,0.333333333333334,0.333333333333334,0.333333333333334,
0.333333333333334,0.333333333333334,0.333333333333334,0.333333333333334,
0.333333333333334,0.333333333333334),(1.,1.,1.,1.,1.,1.,1.,1.,1.,1.,1.,
1.,1.,1.,1.,1.,1.,1.,1.,1.,1.,1.,1.,1.,1.,1.,1.,1.,1.,1.,1.,1.,1.,1.,1.,
1.,1.,1.,1.,1.,1.,1.,1.,1.,1.,1.,1.,1.,1.,1.)))
REPRESENTATION_ITEM('')
SURFACE()
);
#246=(
BOUNDED_SURFACE()
B_SPLINE_SURFACE(3,3,((#2689,#2690,#2691,#2692,#2693,#2694,#2695,#2696,
#2697,#2698,#2699,#2700,#2701,#2702,#2703,#2704,#2705,#2706,#2707,#2708,
#2709,#2710,#2711,#2712,#2713,#2714,#2715,#2716),(#2717,#2718,#2719,#2720,
#2721,#2722,#2723,#2724,#2725,#2726,#2727,#2728,#2729,#2730,#2731,#2732,
#2733,#2734,#2735,#2736,#2737,#2738,#2739,#2740,#2741,#2742,#2743,#2744),
(#2745,#2746,#2747,#2748,#2749,#2750,#2751,#2752,#2753,#2754,#2755,#2756,
#2757,#2758,#2759,#2760,#2761,#2762,#2763,#2764,#2765,#2766,#2767,#2768,
#2769,#2770,#2771,#2772),(#2773,#2774,#2775,#2776,#2777,#2778,#2779,#2780,
#2781,#2782,#2783,#2784,#2785,#2786,#2787,#2788,#2789,#2790,#2791,#2792,
#2793,#2794,#2795,#2796,#2797,#2798,#2799,#2800),(#2801,#2802,#2803,#2804,
#2805,#2806,#2807,#2808,#2809,#2810,#2811,#2812,#2813,#2814,#2815,#2816,
#2817,#2818,#2819,#2820,#2821,#2822,#2823,#2824,#2825,#2826,#2827,#2828),
(#2829,#2830,#2831,#2832,#2833,#2834,#2835,#2836,#2837,#2838,#2839,#2840,
#2841,#2842,#2843,#2844,#2845,#2846,#2847,#2848,#2849,#2850,#2851,#2852,
#2853,#2854,#2855,#2856),(#2857,#2858,#2859,#2860,#2861,#2862,#2863,#2864,
#2865,#2866,#2867,#2868,#2869,#2870,#2871,#2872,#2873,#2874,#2875,#2876,
#2877,#2878,#2879,#2880,#2881,#2882,#2883,#2884)),.UNSPECIFIED.,.T.,.F.,
 .F.)
B_SPLINE_SURFACE_WITH_KNOTS((4,3,4),(4,2,2,2,2,2,2,2,2,2,2,2,2,4),(0.,0.5,
1.),(0.921529016600406,0.921682280239858,0.92183554387931,0.922142071158215,
0.922755125716024,0.923981234831643,0.92643345306288,0.931337889525355,
0.941146762450304,0.950955635375254,0.960764508300203,0.970573381225152,
0.980382254150101,1.),.UNSPECIFIED.)
GEOMETRIC_REPRESENTATION_ITEM()
RATIONAL_B_SPLINE_SURFACE(((1.,1.,1.,1.,1.,1.,1.,1.,1.,1.,1.,1.,1.,1.,1.,
1.,1.,1.,1.,1.,1.,1.,1.,1.,1.,1.,1.,1.),(0.333333333333334,0.333333333333334,
0.333333333333334,0.333333333333334,0.333333333333334,0.333333333333334,
0.333333333333334,0.333333333333334,0.333333333333334,0.333333333333334,
0.333333333333334,0.333333333333334,0.333333333333334,0.333333333333334,
0.333333333333334,0.333333333333334,0.333333333333334,0.333333333333334,
0.333333333333334,0.333333333333334,0.333333333333334,0.333333333333334,
0.333333333333334,0.333333333333334,0.333333333333334,0.333333333333334,
0.333333333333334,0.333333333333334),(0.333333333333334,0.333333333333334,
0.333333333333334,0.333333333333334,0.333333333333334,0.333333333333334,
0.333333333333334,0.333333333333334,0.333333333333334,0.333333333333334,
0.333333333333334,0.333333333333334,0.333333333333334,0.333333333333334,
0.333333333333334,0.333333333333334,0.333333333333334,0.333333333333334,
0.333333333333334,0.333333333333334,0.333333333333334,0.333333333333334,
0.333333333333334,0.333333333333334,0.333333333333334,0.333333333333334,
0.333333333333334,0.333333333333334),(1.,1.,1.,1.,1.,1.,1.,1.,1.,1.,1.,
1.,1.,1.,1.,1.,1.,1.,1.,1.,1.,1.,1.,1.,1.,1.,1.,1.),(0.333333333333334,
0.333333333333334,0.333333333333334,0.333333333333334,0.333333333333334,
0.333333333333334,0.333333333333334,0.333333333333334,0.333333333333334,
0.333333333333334,0.333333333333334,0.333333333333334,0.333333333333334,
0.333333333333334,0.333333333333334,0.333333333333334,0.333333333333334,
0.333333333333334,0.333333333333334,0.333333333333334,0.333333333333334,
0.333333333333334,0.333333333333334,0.333333333333334,0.333333333333334,
0.333333333333334,0.333333333333334,0.333333333333334),(0.333333333333334,
0.333333333333334,0.333333333333334,0.333333333333334,0.333333333333334,
0.333333333333334,0.333333333333334,0.333333333333334,0.333333333333334,
0.333333333333334,0.333333333333334,0.333333333333334,0.333333333333334,
0.333333333333334,0.333333333333334,0.333333333333334,0.333333333333334,
0.333333333333334,0.333333333333334,0.333333333333334,0.333333333333334,
0.333333333333334,0.333333333333334,0.333333333333334,0.333333333333334,
0.333333333333334,0.333333333333334,0.333333333333334),(1.,1.,1.,1.,1.,
1.,1.,1.,1.,1.,1.,1.,1.,1.,1.,1.,1.,1.,1.,1.,1.,1.,1.,1.,1.,1.,1.,1.)))
REPRESENTATION_ITEM('')
SURFACE()
);
#247=(
BOUNDED_SURFACE()
B_SPLINE_SURFACE(3,3,((#2892,#2893,#2894,#2895,#2896,#2897,#2898,#2899,
#2900,#2901,#2902,#2903,#2904,#2905,#2906,#2907,#2908,#2909,#2910,#2911,
#2912,#2913,#2914,#2915,#2916,#2917,#2918,#2919,#2920,#2921,#2922,#2923,
#2924,#2925,#2926,#2927,#2928,#2929,#2930,#2931,#2932,#2933,#2934,#2935),
(#2936,#2937,#2938,#2939,#2940,#2941,#2942,#2943,#2944,#2945,#2946,#2947,
#2948,#2949,#2950,#2951,#2952,#2953,#2954,#2955,#2956,#2957,#2958,#2959,
#2960,#2961,#2962,#2963,#2964,#2965,#2966,#2967,#2968,#2969,#2970,#2971,
#2972,#2973,#2974,#2975,#2976,#2977,#2978,#2979),(#2980,#2981,#2982,#2983,
#2984,#2985,#2986,#2987,#2988,#2989,#2990,#2991,#2992,#2993,#2994,#2995,
#2996,#2997,#2998,#2999,#3000,#3001,#3002,#3003,#3004,#3005,#3006,#3007,
#3008,#3009,#3010,#3011,#3012,#3013,#3014,#3015,#3016,#3017,#3018,#3019,
#3020,#3021,#3022,#3023),(#3024,#3025,#3026,#3027,#3028,#3029,#3030,#3031,
#3032,#3033,#3034,#3035,#3036,#3037,#3038,#3039,#3040,#3041,#3042,#3043,
#3044,#3045,#3046,#3047,#3048,#3049,#3050,#3051,#3052,#3053,#3054,#3055,
#3056,#3057,#3058,#3059,#3060,#3061,#3062,#3063,#3064,#3065,#3066,#3067),
(#3068,#3069,#3070,#3071,#3072,#3073,#3074,#3075,#3076,#3077,#3078,#3079,
#3080,#3081,#3082,#3083,#3084,#3085,#3086,#3087,#3088,#3089,#3090,#3091,
#3092,#3093,#3094,#3095,#3096,#3097,#3098,#3099,#3100,#3101,#3102,#3103,
#3104,#3105,#3106,#3107,#3108,#3109,#3110,#3111),(#3112,#3113,#3114,#3115,
#3116,#3117,#3118,#3119,#3120,#3121,#3122,#3123,#3124,#3125,#3126,#3127,
#3128,#3129,#3130,#3131,#3132,#3133,#3134,#3135,#3136,#3137,#3138,#3139,
#3140,#3141,#3142,#3143,#3144,#3145,#3146,#3147,#3148,#3149,#3150,#3151,
#3152,#3153,#3154,#3155),(#3156,#3157,#3158,#3159,#3160,#3161,#3162,#3163,
#3164,#3165,#3166,#3167,#3168,#3169,#3170,#3171,#3172,#3173,#3174,#3175,
#3176,#3177,#3178,#3179,#3180,#3181,#3182,#3183,#3184,#3185,#3186,#3187,
#3188,#3189,#3190,#3191,#3192,#3193,#3194,#3195,#3196,#3197,#3198,#3199)),
 .UNSPECIFIED.,.T.,.F.,.F.)
B_SPLINE_SURFACE_WITH_KNOTS((4,3,4),(4,2,2,2,2,2,2,2,2,2,2,2,2,2,2,2,2,
2,2,2,2,4),(0.,0.5,1.),(0.7548614817999,0.7549381153152,0.7550147488305,
0.7551680158611,0.7554745499223,0.756087618044701,0.757313754289502,0.759766026779104,
0.764670571758309,0.774479661716718,0.784288751675127,0.794097841633536,
0.803906931591945,0.813716021550354,0.823525111508763,0.828429656487968,
0.83088192897757,0.832108065222371,0.832721133344772,0.833027667405972,
0.833180934436572,0.833334201467173),.UNSPECIFIED.)
GEOMETRIC_REPRESENTATION_ITEM()
RATIONAL_B_SPLINE_SURFACE(((1.,1.,1.,1.,1.,1.,1.,1.,1.,1.,1.,1.,1.,1.,1.,
1.,1.,1.,1.,1.,1.,1.,1.,1.,1.,1.,1.,1.,1.,1.,1.,1.,1.,1.,1.,1.,1.,1.,1.,
1.,1.,1.,1.,1.),(0.333333333333334,0.333333333333334,0.333333333333334,
0.333333333333334,0.333333333333334,0.333333333333334,0.333333333333334,
0.333333333333334,0.333333333333334,0.333333333333334,0.333333333333334,
0.333333333333334,0.333333333333334,0.333333333333334,0.333333333333334,
0.333333333333334,0.333333333333334,0.333333333333334,0.333333333333334,
0.333333333333334,0.333333333333334,0.333333333333334,0.333333333333334,
0.333333333333334,0.333333333333334,0.333333333333334,0.333333333333334,
0.333333333333334,0.333333333333334,0.333333333333334,0.333333333333334,
0.333333333333334,0.333333333333334,0.333333333333334,0.333333333333334,
0.333333333333334,0.333333333333334,0.333333333333334,0.333333333333334,
0.333333333333334,0.333333333333334,0.333333333333334,0.333333333333334,
0.333333333333334),(0.333333333333334,0.333333333333334,0.333333333333334,
0.333333333333334,0.333333333333334,0.333333333333334,0.333333333333334,
0.333333333333334,0.333333333333334,0.333333333333334,0.333333333333334,
0.333333333333334,0.333333333333334,0.333333333333334,0.333333333333334,
0.333333333333334,0.333333333333334,0.333333333333334,0.333333333333334,
0.333333333333334,0.333333333333334,0.333333333333334,0.333333333333334,
0.333333333333334,0.333333333333334,0.333333333333334,0.333333333333334,
0.333333333333334,0.333333333333334,0.333333333333334,0.333333333333334,
0.333333333333334,0.333333333333334,0.333333333333334,0.333333333333334,
0.333333333333334,0.333333333333334,0.333333333333334,0.333333333333334,
0.333333333333334,0.333333333333334,0.333333333333334,0.333333333333334,
0.333333333333334),(1.,1.,1.,1.,1.,1.,1.,1.,1.,1.,1.,1.,1.,1.,1.,1.,1.,
1.,1.,1.,1.,1.,1.,1.,1.,1.,1.,1.,1.,1.,1.,1.,1.,1.,1.,1.,1.,1.,1.,1.,1.,
1.,1.,1.),(0.333333333333334,0.333333333333334,0.333333333333334,0.333333333333334,
0.333333333333334,0.333333333333334,0.333333333333334,0.333333333333334,
0.333333333333334,0.333333333333334,0.333333333333334,0.333333333333334,
0.333333333333334,0.333333333333334,0.333333333333334,0.333333333333334,
0.333333333333334,0.333333333333334,0.333333333333334,0.333333333333334,
0.333333333333334,0.333333333333334,0.333333333333334,0.333333333333334,
0.333333333333334,0.333333333333334,0.333333333333334,0.333333333333334,
0.333333333333334,0.333333333333334,0.333333333333334,0.333333333333334,
0.333333333333334,0.333333333333334,0.333333333333334,0.333333333333334,
0.333333333333334,0.333333333333334,0.333333333333334,0.333333333333334,
0.333333333333334,0.333333333333334,0.333333333333334,0.333333333333334),
(0.333333333333334,0.333333333333334,0.333333333333334,0.333333333333334,
0.333333333333334,0.333333333333334,0.333333333333334,0.333333333333334,
0.333333333333334,0.333333333333334,0.333333333333334,0.333333333333334,
0.333333333333334,0.333333333333334,0.333333333333334,0.333333333333334,
0.333333333333334,0.333333333333334,0.333333333333334,0.333333333333334,
0.333333333333334,0.333333333333334,0.333333333333334,0.333333333333334,
0.333333333333334,0.333333333333334,0.333333333333334,0.333333333333334,
0.333333333333334,0.333333333333334,0.333333333333334,0.333333333333334,
0.333333333333334,0.333333333333334,0.333333333333334,0.333333333333334,
0.333333333333334,0.333333333333334,0.333333333333334,0.333333333333334,
0.333333333333334,0.333333333333334,0.333333333333334,0.333333333333334),
(1.,1.,1.,1.,1.,1.,1.,1.,1.,1.,1.,1.,1.,1.,1.,1.,1.,1.,1.,1.,1.,1.,1.,1.,
1.,1.,1.,1.,1.,1.,1.,1.,1.,1.,1.,1.,1.,1.,1.,1.,1.,1.,1.,1.)))
REPRESENTATION_ITEM('')
SURFACE()
);
#248=(
BOUNDED_SURFACE()
B_SPLINE_SURFACE(3,3,((#3205,#3206,#3207,#3208,#3209,#3210,#3211,#3212,
#3213,#3214,#3215,#3216,#3217,#3218,#3219,#3220,#3221,#3222,#3223,#3224,
#3225,#3226,#3227,#3228,#3229,#3230,#3231,#3232,#3233,#3234,#3235,#3236,
#3237,#3238,#3239,#3240,#3241,#3242,#3243,#3244,#3245,#3246,#3247,#3248),
(#3249,#3250,#3251,#3252,#3253,#3254,#3255,#3256,#3257,#3258,#3259,#3260,
#3261,#3262,#3263,#3264,#3265,#3266,#3267,#3268,#3269,#3270,#3271,#3272,
#3273,#3274,#3275,#3276,#3277,#3278,#3279,#3280,#3281,#3282,#3283,#3284,
#3285,#3286,#3287,#3288,#3289,#3290,#3291,#3292),(#3293,#3294,#3295,#3296,
#3297,#3298,#3299,#3300,#3301,#3302,#3303,#3304,#3305,#3306,#3307,#3308,
#3309,#3310,#3311,#3312,#3313,#3314,#3315,#3316,#3317,#3318,#3319,#3320,
#3321,#3322,#3323,#3324,#3325,#3326,#3327,#3328,#3329,#3330,#3331,#3332,
#3333,#3334,#3335,#3336),(#3337,#3338,#3339,#3340,#3341,#3342,#3343,#3344,
#3345,#3346,#3347,#3348,#3349,#3350,#3351,#3352,#3353,#3354,#3355,#3356,
#3357,#3358,#3359,#3360,#3361,#3362,#3363,#3364,#3365,#3366,#3367,#3368,
#3369,#3370,#3371,#3372,#3373,#3374,#3375,#3376,#3377,#3378,#3379,#3380),
(#3381,#3382,#3383,#3384,#3385,#3386,#3387,#3388,#3389,#3390,#3391,#3392,
#3393,#3394,#3395,#3396,#3397,#3398,#3399,#3400,#3401,#3402,#3403,#3404,
#3405,#3406,#3407,#3408,#3409,#3410,#3411,#3412,#3413,#3414,#3415,#3416,
#3417,#3418,#3419,#3420,#3421,#3422,#3423,#3424),(#3425,#3426,#3427,#3428,
#3429,#3430,#3431,#3432,#3433,#3434,#3435,#3436,#3437,#3438,#3439,#3440,
#3441,#3442,#3443,#3444,#3445,#3446,#3447,#3448,#3449,#3450,#3451,#3452,
#3453,#3454,#3455,#3456,#3457,#3458,#3459,#3460,#3461,#3462,#3463,#3464,
#3465,#3466,#3467,#3468),(#3469,#3470,#3471,#3472,#3473,#3474,#3475,#3476,
#3477,#3478,#3479,#3480,#3481,#3482,#3483,#3484,#3485,#3486,#3487,#3488,
#3489,#3490,#3491,#3492,#3493,#3494,#3495,#3496,#3497,#3498,#3499,#3500,
#3501,#3502,#3503,#3504,#3505,#3506,#3507,#3508,#3509,#3510,#3511,#3512)),
 .UNSPECIFIED.,.T.,.F.,.F.)
B_SPLINE_SURFACE_WITH_KNOTS((4,3,4),(4,2,2,2,2,2,2,2,2,2,2,2,2,2,2,2,2,
2,2,2,2,4),(0.,0.5,1.),(0.588195683267072,0.588348946906525,0.588502210545977,
0.588808737824882,0.589421792382691,0.59064790149831,0.593100119729547,
0.598004556192022,0.607813429116971,0.61762230204192,0.62743117496687,0.637240047891819,
0.647048920816768,0.656857793741718,0.661762230204192,0.664214448435429,
0.665440557551048,0.666053612108857,0.666360139387762,0.666513403027214,
0.666590034846941,0.666666666666667),.UNSPECIFIED.)
GEOMETRIC_REPRESENTATION_ITEM()
RATIONAL_B_SPLINE_SURFACE(((1.,1.,1.,1.,1.,1.,1.,1.,1.,1.,1.,1.,1.,1.,1.,
1.,1.,1.,1.,1.,1.,1.,1.,1.,1.,1.,1.,1.,1.,1.,1.,1.,1.,1.,1.,1.,1.,1.,1.,
1.,1.,1.,1.,1.),(0.333333333333334,0.333333333333334,0.333333333333334,
0.333333333333334,0.333333333333334,0.333333333333334,0.333333333333334,
0.333333333333334,0.333333333333334,0.333333333333334,0.333333333333334,
0.333333333333334,0.333333333333334,0.333333333333334,0.333333333333334,
0.333333333333334,0.333333333333334,0.333333333333334,0.333333333333334,
0.333333333333334,0.333333333333334,0.333333333333334,0.333333333333334,
0.333333333333334,0.333333333333334,0.333333333333334,0.333333333333334,
0.333333333333334,0.333333333333334,0.333333333333334,0.333333333333334,
0.333333333333334,0.333333333333334,0.333333333333334,0.333333333333334,
0.333333333333334,0.333333333333334,0.333333333333334,0.333333333333334,
0.333333333333334,0.333333333333334,0.333333333333334,0.333333333333334,
0.333333333333334),(0.333333333333334,0.333333333333334,0.333333333333334,
0.333333333333334,0.333333333333334,0.333333333333334,0.333333333333334,
0.333333333333334,0.333333333333334,0.333333333333334,0.333333333333334,
0.333333333333334,0.333333333333334,0.333333333333334,0.333333333333334,
0.333333333333334,0.333333333333334,0.333333333333334,0.333333333333334,
0.333333333333334,0.333333333333334,0.333333333333334,0.333333333333334,
0.333333333333334,0.333333333333334,0.333333333333334,0.333333333333334,
0.333333333333334,0.333333333333334,0.333333333333334,0.333333333333334,
0.333333333333334,0.333333333333334,0.333333333333334,0.333333333333334,
0.333333333333334,0.333333333333334,0.333333333333334,0.333333333333334,
0.333333333333334,0.333333333333334,0.333333333333334,0.333333333333334,
0.333333333333334),(1.,1.,1.,1.,1.,1.,1.,1.,1.,1.,1.,1.,1.,1.,1.,1.,1.,
1.,1.,1.,1.,1.,1.,1.,1.,1.,1.,1.,1.,1.,1.,1.,1.,1.,1.,1.,1.,1.,1.,1.,1.,
1.,1.,1.),(0.333333333333334,0.333333333333334,0.333333333333334,0.333333333333334,
0.333333333333334,0.333333333333334,0.333333333333334,0.333333333333334,
0.333333333333334,0.333333333333334,0.333333333333334,0.333333333333334,
0.333333333333334,0.333333333333334,0.333333333333334,0.333333333333334,
0.333333333333334,0.333333333333334,0.333333333333334,0.333333333333334,
0.333333333333334,0.333333333333334,0.333333333333334,0.333333333333334,
0.333333333333334,0.333333333333334,0.333333333333334,0.333333333333334,
0.333333333333334,0.333333333333334,0.333333333333334,0.333333333333334,
0.333333333333334,0.333333333333334,0.333333333333334,0.333333333333334,
0.333333333333334,0.333333333333334,0.333333333333334,0.333333333333334,
0.333333333333334,0.333333333333334,0.333333333333334,0.333333333333334),
(0.333333333333334,0.333333333333334,0.333333333333334,0.333333333333334,
0.333333333333334,0.333333333333334,0.333333333333334,0.333333333333334,
0.333333333333334,0.333333333333334,0.333333333333334,0.333333333333334,
0.333333333333334,0.333333333333334,0.333333333333334,0.333333333333334,
0.333333333333334,0.333333333333334,0.333333333333334,0.333333333333334,
0.333333333333334,0.333333333333334,0.333333333333334,0.333333333333334,
0.333333333333334,0.333333333333334,0.333333333333334,0.333333333333334,
0.333333333333334,0.333333333333334,0.333333333333334,0.333333333333334,
0.333333333333334,0.333333333333334,0.333333333333334,0.333333333333334,
0.333333333333334,0.333333333333334,0.333333333333334,0.333333333333334,
0.333333333333334,0.333333333333334,0.333333333333334,0.333333333333334),
(1.,1.,1.,1.,1.,1.,1.,1.,1.,1.,1.,1.,1.,1.,1.,1.,1.,1.,1.,1.,1.,1.,1.,1.,
1.,1.,1.,1.,1.,1.,1.,1.,1.,1.,1.,1.,1.,1.,1.,1.,1.,1.,1.,1.)))
REPRESENTATION_ITEM('')
SURFACE()
);
#249=(
BOUNDED_SURFACE()
B_SPLINE_SURFACE(3,3,((#3518,#3519,#3520,#3521,#3522,#3523,#3524,#3525,
#3526,#3527,#3528,#3529,#3530,#3531,#3532,#3533,#3534,#3535,#3536,#3537,
#3538,#3539,#3540,#3541,#3542,#3543,#3544,#3545,#3546,#3547,#3548,#3549,
#3550,#3551,#3552,#3553,#3554,#3555,#3556,#3557,#3558,#3559,#3560,#3561),
(#3562,#3563,#3564,#3565,#3566,#3567,#3568,#3569,#3570,#3571,#3572,#3573,
#3574,#3575,#3576,#3577,#3578,#3579,#3580,#3581,#3582,#3583,#3584,#3585,
#3586,#3587,#3588,#3589,#3590,#3591,#3592,#3593,#3594,#3595,#3596,#3597,
#3598,#3599,#3600,#3601,#3602,#3603,#3604,#3605),(#3606,#3607,#3608,#3609,
#3610,#3611,#3612,#3613,#3614,#3615,#3616,#3617,#3618,#3619,#3620,#3621,
#3622,#3623,#3624,#3625,#3626,#3627,#3628,#3629,#3630,#3631,#3632,#3633,
#3634,#3635,#3636,#3637,#3638,#3639,#3640,#3641,#3642,#3643,#3644,#3645,
#3646,#3647,#3648,#3649),(#3650,#3651,#3652,#3653,#3654,#3655,#3656,#3657,
#3658,#3659,#3660,#3661,#3662,#3663,#3664,#3665,#3666,#3667,#3668,#3669,
#3670,#3671,#3672,#3673,#3674,#3675,#3676,#3677,#3678,#3679,#3680,#3681,
#3682,#3683,#3684,#3685,#3686,#3687,#3688,#3689,#3690,#3691,#3692,#3693),
(#3694,#3695,#3696,#3697,#3698,#3699,#3700,#3701,#3702,#3703,#3704,#3705,
#3706,#3707,#3708,#3709,#3710,#3711,#3712,#3713,#3714,#3715,#3716,#3717,
#3718,#3719,#3720,#3721,#3722,#3723,#3724,#3725,#3726,#3727,#3728,#3729,
#3730,#3731,#3732,#3733,#3734,#3735,#3736,#3737),(#3738,#3739,#3740,#3741,
#3742,#3743,#3744,#3745,#3746,#3747,#3748,#3749,#3750,#3751,#3752,#3753,
#3754,#3755,#3756,#3757,#3758,#3759,#3760,#3761,#3762,#3763,#3764,#3765,
#3766,#3767,#3768,#3769,#3770,#3771,#3772,#3773,#3774,#3775,#3776,#3777,
#3778,#3779,#3780,#3781),(#3782,#3783,#3784,#3785,#3786,#3787,#3788,#3789,
#3790,#3791,#3792,#3793,#3794,#3795,#3796,#3797,#3798,#3799,#3800,#3801,
#3802,#3803,#3804,#3805,#3806,#3807,#3808,#3809,#3810,#3811,#3812,#3813,
#3814,#3815,#3816,#3817,#3818,#3819,#3820,#3821,#3822,#3823,#3824,#3825)),
 .UNSPECIFIED.,.T.,.F.,.F.)
B_SPLINE_SURFACE_WITH_KNOTS((4,3,4),(4,2,2,2,2,2,2,2,2,2,2,2,2,2,2,2,2,
2,2,2,2,4),(0.,0.5,1.),(0.421528148466566,0.421604781981866,0.421681415497166,
0.421834682527767,0.422141216588967,0.422754284711368,0.423980420956169,
0.426432693445771,0.431337238424976,0.441146328383384,0.450955418341794,
0.460764508300203,0.470573598258612,0.480382688217021,0.49019177817543,
0.495096323154635,0.497548595644237,0.498774731889038,0.499387800011439,
0.499694334072639,0.499847601103239,0.500000868133839),.UNSPECIFIED.)
GEOMETRIC_REPRESENTATION_ITEM()
RATIONAL_B_SPLINE_SURFACE(((1.,1.,1.,1.,1.,1.,1.,1.,1.,1.,1.,1.,1.,1.,1.,
1.,1.,1.,1.,1.,1.,1.,1.,1.,1.,1.,1.,1.,1.,1.,1.,1.,1.,1.,1.,1.,1.,1.,1.,
1.,1.,1.,1.,1.),(0.333333333333334,0.333333333333334,0.333333333333334,
0.333333333333334,0.333333333333334,0.333333333333334,0.333333333333334,
0.333333333333334,0.333333333333334,0.333333333333334,0.333333333333334,
0.333333333333334,0.333333333333334,0.333333333333334,0.333333333333334,
0.333333333333334,0.333333333333334,0.333333333333334,0.333333333333334,
0.333333333333334,0.333333333333334,0.333333333333334,0.333333333333334,
0.333333333333334,0.333333333333334,0.333333333333334,0.333333333333334,
0.333333333333334,0.333333333333334,0.333333333333334,0.333333333333334,
0.333333333333334,0.333333333333334,0.333333333333334,0.333333333333334,
0.333333333333334,0.333333333333334,0.333333333333334,0.333333333333334,
0.333333333333334,0.333333333333334,0.333333333333334,0.333333333333334,
0.333333333333334),(0.333333333333334,0.333333333333334,0.333333333333334,
0.333333333333334,0.333333333333334,0.333333333333334,0.333333333333334,
0.333333333333334,0.333333333333334,0.333333333333334,0.333333333333334,
0.333333333333334,0.333333333333334,0.333333333333334,0.333333333333334,
0.333333333333334,0.333333333333334,0.333333333333334,0.333333333333334,
0.333333333333334,0.333333333333334,0.333333333333334,0.333333333333334,
0.333333333333334,0.333333333333334,0.333333333333334,0.333333333333334,
0.333333333333334,0.333333333333334,0.333333333333334,0.333333333333334,
0.333333333333334,0.333333333333334,0.333333333333334,0.333333333333334,
0.333333333333334,0.333333333333334,0.333333333333334,0.333333333333334,
0.333333333333334,0.333333333333334,0.333333333333334,0.333333333333334,
0.333333333333334),(1.,1.,1.,1.,1.,1.,1.,1.,1.,1.,1.,1.,1.,1.,1.,1.,1.,
1.,1.,1.,1.,1.,1.,1.,1.,1.,1.,1.,1.,1.,1.,1.,1.,1.,1.,1.,1.,1.,1.,1.,1.,
1.,1.,1.),(0.333333333333334,0.333333333333334,0.333333333333334,0.333333333333334,
0.333333333333334,0.333333333333334,0.333333333333334,0.333333333333334,
0.333333333333334,0.333333333333334,0.333333333333334,0.333333333333334,
0.333333333333334,0.333333333333334,0.333333333333334,0.333333333333334,
0.333333333333334,0.333333333333334,0.333333333333334,0.333333333333334,
0.333333333333334,0.333333333333334,0.333333333333334,0.333333333333334,
0.333333333333334,0.333333333333334,0.333333333333334,0.333333333333334,
0.333333333333334,0.333333333333334,0.333333333333334,0.333333333333334,
0.333333333333334,0.333333333333334,0.333333333333334,0.333333333333334,
0.333333333333334,0.333333333333334,0.333333333333334,0.333333333333334,
0.333333333333334,0.333333333333334,0.333333333333334,0.333333333333334),
(0.333333333333334,0.333333333333334,0.333333333333334,0.333333333333334,
0.333333333333334,0.333333333333334,0.333333333333334,0.333333333333334,
0.333333333333334,0.333333333333334,0.333333333333334,0.333333333333334,
0.333333333333334,0.333333333333334,0.333333333333334,0.333333333333334,
0.333333333333334,0.333333333333334,0.333333333333334,0.333333333333334,
0.333333333333334,0.333333333333334,0.333333333333334,0.333333333333334,
0.333333333333334,0.333333333333334,0.333333333333334,0.333333333333334,
0.333333333333334,0.333333333333334,0.333333333333334,0.333333333333334,
0.333333333333334,0.333333333333334,0.333333333333334,0.333333333333334,
0.333333333333334,0.333333333333334,0.333333333333334,0.333333333333334,
0.333333333333334,0.333333333333334,0.333333333333334,0.333333333333334),
(1.,1.,1.,1.,1.,1.,1.,1.,1.,1.,1.,1.,1.,1.,1.,1.,1.,1.,1.,1.,1.,1.,1.,1.,
1.,1.,1.,1.,1.,1.,1.,1.,1.,1.,1.,1.,1.,1.,1.,1.,1.,1.,1.,1.)))
REPRESENTATION_ITEM('')
SURFACE()
);
#250=(
BOUNDED_SURFACE()
B_SPLINE_SURFACE(3,3,((#3831,#3832,#3833,#3834,#3835,#3836,#3837,#3838,
#3839,#3840,#3841,#3842,#3843,#3844,#3845,#3846,#3847,#3848,#3849,#3850,
#3851,#3852,#3853,#3854,#3855,#3856,#3857,#3858,#3859,#3860,#3861,#3862,
#3863,#3864,#3865,#3866,#3867,#3868,#3869,#3870,#3871,#3872,#3873,#3874),
(#3875,#3876,#3877,#3878,#3879,#3880,#3881,#3882,#3883,#3884,#3885,#3886,
#3887,#3888,#3889,#3890,#3891,#3892,#3893,#3894,#3895,#3896,#3897,#3898,
#3899,#3900,#3901,#3902,#3903,#3904,#3905,#3906,#3907,#3908,#3909,#3910,
#3911,#3912,#3913,#3914,#3915,#3916,#3917,#3918),(#3919,#3920,#3921,#3922,
#3923,#3924,#3925,#3926,#3927,#3928,#3929,#3930,#3931,#3932,#3933,#3934,
#3935,#3936,#3937,#3938,#3939,#3940,#3941,#3942,#3943,#3944,#3945,#3946,
#3947,#3948,#3949,#3950,#3951,#3952,#3953,#3954,#3955,#3956,#3957,#3958,
#3959,#3960,#3961,#3962),(#3963,#3964,#3965,#3966,#3967,#3968,#3969,#3970,
#3971,#3972,#3973,#3974,#3975,#3976,#3977,#3978,#3979,#3980,#3981,#3982,
#3983,#3984,#3985,#3986,#3987,#3988,#3989,#3990,#3991,#3992,#3993,#3994,
#3995,#3996,#3997,#3998,#3999,#4000,#4001,#4002,#4003,#4004,#4005,#4006),
(#4007,#4008,#4009,#4010,#4011,#4012,#4013,#4014,#4015,#4016,#4017,#4018,
#4019,#4020,#4021,#4022,#4023,#4024,#4025,#4026,#4027,#4028,#4029,#4030,
#4031,#4032,#4033,#4034,#4035,#4036,#4037,#4038,#4039,#4040,#4041,#4042,
#4043,#4044,#4045,#4046,#4047,#4048,#4049,#4050),(#4051,#4052,#4053,#4054,
#4055,#4056,#4057,#4058,#4059,#4060,#4061,#4062,#4063,#4064,#4065,#4066,
#4067,#4068,#4069,#4070,#4071,#4072,#4073,#4074,#4075,#4076,#4077,#4078,
#4079,#4080,#4081,#4082,#4083,#4084,#4085,#4086,#4087,#4088,#4089,#4090,
#4091,#4092,#4093,#4094),(#4095,#4096,#4097,#4098,#4099,#4100,#4101,#4102,
#4103,#4104,#4105,#4106,#4107,#4108,#4109,#4110,#4111,#4112,#4113,#4114,
#4115,#4116,#4117,#4118,#4119,#4120,#4121,#4122,#4123,#4124,#4125,#4126,
#4127,#4128,#4129,#4130,#4131,#4132,#4133,#4134,#4135,#4136,#4137,#4138)),
 .UNSPECIFIED.,.T.,.F.,.F.)
B_SPLINE_SURFACE_WITH_KNOTS((4,3,4),(4,2,2,2,2,2,2,2,2,2,2,2,2,2,2,2,2,
2,2,2,2,4),(0.,0.5,1.),(0.254862349933739,0.255015613573191,0.255168877212644,
0.255475404491549,0.256088459049358,0.257314568164976,0.259766786396214,
0.264671222858688,0.274480095783637,0.284288968708587,0.294097841633536,
0.303906714558486,0.313715587483435,0.323524460408384,0.328428896870859,
0.330881115102096,0.332107224217714,0.332720278775524,0.333026806054429,
0.333180069693881,0.333256701513607,0.333333333333334),.UNSPECIFIED.)
GEOMETRIC_REPRESENTATION_ITEM()
RATIONAL_B_SPLINE_SURFACE(((1.,1.,1.,1.,1.,1.,1.,1.,1.,1.,1.,1.,1.,1.,1.,
1.,1.,1.,1.,1.,1.,1.,1.,1.,1.,1.,1.,1.,1.,1.,1.,1.,1.,1.,1.,1.,1.,1.,1.,
1.,1.,1.,1.,1.),(0.333333333333334,0.333333333333334,0.333333333333334,
0.333333333333334,0.333333333333334,0.333333333333334,0.333333333333334,
0.333333333333334,0.333333333333334,0.333333333333334,0.333333333333334,
0.333333333333334,0.333333333333334,0.333333333333334,0.333333333333334,
0.333333333333334,0.333333333333334,0.333333333333334,0.333333333333334,
0.333333333333334,0.333333333333334,0.333333333333334,0.333333333333334,
0.333333333333334,0.333333333333334,0.333333333333334,0.333333333333334,
0.333333333333334,0.333333333333334,0.333333333333334,0.333333333333334,
0.333333333333334,0.333333333333334,0.333333333333334,0.333333333333334,
0.333333333333334,0.333333333333334,0.333333333333334,0.333333333333334,
0.333333333333334,0.333333333333334,0.333333333333334,0.333333333333334,
0.333333333333334),(0.333333333333334,0.333333333333334,0.333333333333334,
0.333333333333334,0.333333333333334,0.333333333333334,0.333333333333334,
0.333333333333334,0.333333333333334,0.333333333333334,0.333333333333334,
0.333333333333334,0.333333333333334,0.333333333333334,0.333333333333334,
0.333333333333334,0.333333333333334,0.333333333333334,0.333333333333334,
0.333333333333334,0.333333333333334,0.333333333333334,0.333333333333334,
0.333333333333334,0.333333333333334,0.333333333333334,0.333333333333334,
0.333333333333334,0.333333333333334,0.333333333333334,0.333333333333334,
0.333333333333334,0.333333333333334,0.333333333333334,0.333333333333334,
0.333333333333334,0.333333333333334,0.333333333333334,0.333333333333334,
0.333333333333334,0.333333333333334,0.333333333333334,0.333333333333334,
0.333333333333334),(1.,1.,1.,1.,1.,1.,1.,1.,1.,1.,1.,1.,1.,1.,1.,1.,1.,
1.,1.,1.,1.,1.,1.,1.,1.,1.,1.,1.,1.,1.,1.,1.,1.,1.,1.,1.,1.,1.,1.,1.,1.,
1.,1.,1.),(0.333333333333334,0.333333333333334,0.333333333333334,0.333333333333334,
0.333333333333334,0.333333333333334,0.333333333333334,0.333333333333334,
0.333333333333334,0.333333333333334,0.333333333333334,0.333333333333334,
0.333333333333334,0.333333333333334,0.333333333333334,0.333333333333334,
0.333333333333334,0.333333333333334,0.333333333333334,0.333333333333334,
0.333333333333334,0.333333333333334,0.333333333333334,0.333333333333334,
0.333333333333334,0.333333333333334,0.333333333333334,0.333333333333334,
0.333333333333334,0.333333333333334,0.333333333333334,0.333333333333334,
0.333333333333334,0.333333333333334,0.333333333333334,0.333333333333334,
0.333333333333334,0.333333333333334,0.333333333333334,0.333333333333334,
0.333333333333334,0.333333333333334,0.333333333333334,0.333333333333334),
(0.333333333333334,0.333333333333334,0.333333333333334,0.333333333333334,
0.333333333333334,0.333333333333334,0.333333333333334,0.333333333333334,
0.333333333333334,0.333333333333334,0.333333333333334,0.333333333333334,
0.333333333333334,0.333333333333334,0.333333333333334,0.333333333333334,
0.333333333333334,0.333333333333334,0.333333333333334,0.333333333333334,
0.333333333333334,0.333333333333334,0.333333333333334,0.333333333333334,
0.333333333333334,0.333333333333334,0.333333333333334,0.333333333333334,
0.333333333333334,0.333333333333334,0.333333333333334,0.333333333333334,
0.333333333333334,0.333333333333334,0.333333333333334,0.333333333333334,
0.333333333333334,0.333333333333334,0.333333333333334,0.333333333333334,
0.333333333333334,0.333333333333334,0.333333333333334,0.333333333333334),
(1.,1.,1.,1.,1.,1.,1.,1.,1.,1.,1.,1.,1.,1.,1.,1.,1.,1.,1.,1.,1.,1.,1.,1.,
1.,1.,1.,1.,1.,1.,1.,1.,1.,1.,1.,1.,1.,1.,1.,1.,1.,1.,1.,1.)))
REPRESENTATION_ITEM('')
SURFACE()
);
#251=(
BOUNDED_SURFACE()
B_SPLINE_SURFACE(3,3,((#4144,#4145,#4146,#4147,#4148,#4149,#4150,#4151,
#4152,#4153,#4154,#4155,#4156,#4157,#4158,#4159,#4160,#4161,#4162,#4163,
#4164,#4165,#4166,#4167,#4168,#4169,#4170,#4171,#4172,#4173,#4174,#4175,
#4176,#4177,#4178,#4179,#4180,#4181,#4182,#4183,#4184,#4185,#4186,#4187),
(#4188,#4189,#4190,#4191,#4192,#4193,#4194,#4195,#4196,#4197,#4198,#4199,
#4200,#4201,#4202,#4203,#4204,#4205,#4206,#4207,#4208,#4209,#4210,#4211,
#4212,#4213,#4214,#4215,#4216,#4217,#4218,#4219,#4220,#4221,#4222,#4223,
#4224,#4225,#4226,#4227,#4228,#4229,#4230,#4231),(#4232,#4233,#4234,#4235,
#4236,#4237,#4238,#4239,#4240,#4241,#4242,#4243,#4244,#4245,#4246,#4247,
#4248,#4249,#4250,#4251,#4252,#4253,#4254,#4255,#4256,#4257,#4258,#4259,
#4260,#4261,#4262,#4263,#4264,#4265,#4266,#4267,#4268,#4269,#4270,#4271,
#4272,#4273,#4274,#4275),(#4276,#4277,#4278,#4279,#4280,#4281,#4282,#4283,
#4284,#4285,#4286,#4287,#4288,#4289,#4290,#4291,#4292,#4293,#4294,#4295,
#4296,#4297,#4298,#4299,#4300,#4301,#4302,#4303,#4304,#4305,#4306,#4307,
#4308,#4309,#4310,#4311,#4312,#4313,#4314,#4315,#4316,#4317,#4318,#4319),
(#4320,#4321,#4322,#4323,#4324,#4325,#4326,#4327,#4328,#4329,#4330,#4331,
#4332,#4333,#4334,#4335,#4336,#4337,#4338,#4339,#4340,#4341,#4342,#4343,
#4344,#4345,#4346,#4347,#4348,#4349,#4350,#4351,#4352,#4353,#4354,#4355,
#4356,#4357,#4358,#4359,#4360,#4361,#4362,#4363),(#4364,#4365,#4366,#4367,
#4368,#4369,#4370,#4371,#4372,#4373,#4374,#4375,#4376,#4377,#4378,#4379,
#4380,#4381,#4382,#4383,#4384,#4385,#4386,#4387,#4388,#4389,#4390,#4391,
#4392,#4393,#4394,#4395,#4396,#4397,#4398,#4399,#4400,#4401,#4402,#4403,
#4404,#4405,#4406,#4407),(#4408,#4409,#4410,#4411,#4412,#4413,#4414,#4415,
#4416,#4417,#4418,#4419,#4420,#4421,#4422,#4423,#4424,#4425,#4426,#4427,
#4428,#4429,#4430,#4431,#4432,#4433,#4434,#4435,#4436,#4437,#4438,#4439,
#4440,#4441,#4442,#4443,#4444,#4445,#4446,#4447,#4448,#4449,#4450,#4451)),
 .UNSPECIFIED.,.T.,.F.,.F.)
B_SPLINE_SURFACE_WITH_KNOTS((4,3,4),(4,2,2,2,2,2,2,2,2,2,2,2,2,2,2,2,2,
2,2,2,2,4),(0.,0.5,1.),(0.0881948151332331,0.0882714486485331,0.0883480821638332,
0.0885013491944333,0.0888078832556336,0.0894209513780342,0.0906470876228353,
0.0930993601124376,0.0980039050916421,0.107812995050051,0.11762208500846,
0.127431174966869,0.137240264925279,0.147049354883688,0.156858444842097,
0.161762989821301,0.164215262310903,0.165441398555704,0.166054466678106,
0.166361000739306,0.166514267769905,0.166667534800506),.UNSPECIFIED.)
GEOMETRIC_REPRESENTATION_ITEM()
RATIONAL_B_SPLINE_SURFACE(((1.,1.,1.,1.,1.,1.,1.,1.,1.,1.,1.,1.,1.,1.,1.,
1.,1.,1.,1.,1.,1.,1.,1.,1.,1.,1.,1.,1.,1.,1.,1.,1.,1.,1.,1.,1.,1.,1.,1.,
1.,1.,1.,1.,1.),(0.333333333333334,0.333333333333334,0.333333333333334,
0.333333333333334,0.333333333333334,0.333333333333334,0.333333333333334,
0.333333333333334,0.333333333333334,0.333333333333334,0.333333333333334,
0.333333333333334,0.333333333333334,0.333333333333334,0.333333333333334,
0.333333333333334,0.333333333333334,0.333333333333334,0.333333333333334,
0.333333333333334,0.333333333333334,0.333333333333334,0.333333333333334,
0.333333333333334,0.333333333333334,0.333333333333334,0.333333333333334,
0.333333333333334,0.333333333333334,0.333333333333334,0.333333333333334,
0.333333333333334,0.333333333333334,0.333333333333334,0.333333333333334,
0.333333333333334,0.333333333333334,0.333333333333334,0.333333333333334,
0.333333333333334,0.333333333333334,0.333333333333334,0.333333333333334,
0.333333333333334),(0.333333333333334,0.333333333333334,0.333333333333334,
0.333333333333334,0.333333333333334,0.333333333333334,0.333333333333334,
0.333333333333334,0.333333333333334,0.333333333333334,0.333333333333334,
0.333333333333334,0.333333333333334,0.333333333333334,0.333333333333334,
0.333333333333334,0.333333333333334,0.333333333333334,0.333333333333334,
0.333333333333334,0.333333333333334,0.333333333333334,0.333333333333334,
0.333333333333334,0.333333333333334,0.333333333333334,0.333333333333334,
0.333333333333334,0.333333333333334,0.333333333333334,0.333333333333334,
0.333333333333334,0.333333333333334,0.333333333333334,0.333333333333334,
0.333333333333334,0.333333333333334,0.333333333333334,0.333333333333334,
0.333333333333334,0.333333333333334,0.333333333333334,0.333333333333334,
0.333333333333334),(1.,1.,1.,1.,1.,1.,1.,1.,1.,1.,1.,1.,1.,1.,1.,1.,1.,
1.,1.,1.,1.,1.,1.,1.,1.,1.,1.,1.,1.,1.,1.,1.,1.,1.,1.,1.,1.,1.,1.,1.,1.,
1.,1.,1.),(0.333333333333334,0.333333333333334,0.333333333333334,0.333333333333334,
0.333333333333334,0.333333333333334,0.333333333333334,0.333333333333334,
0.333333333333334,0.333333333333334,0.333333333333334,0.333333333333334,
0.333333333333334,0.333333333333334,0.333333333333334,0.333333333333334,
0.333333333333334,0.333333333333334,0.333333333333334,0.333333333333334,
0.333333333333334,0.333333333333334,0.333333333333334,0.333333333333334,
0.333333333333334,0.333333333333334,0.333333333333334,0.333333333333334,
0.333333333333334,0.333333333333334,0.333333333333334,0.333333333333334,
0.333333333333334,0.333333333333334,0.333333333333334,0.333333333333334,
0.333333333333334,0.333333333333334,0.333333333333334,0.333333333333334,
0.333333333333334,0.333333333333334,0.333333333333334,0.333333333333334),
(0.333333333333334,0.333333333333334,0.333333333333334,0.333333333333334,
0.333333333333334,0.333333333333334,0.333333333333334,0.333333333333334,
0.333333333333334,0.333333333333334,0.333333333333334,0.333333333333334,
0.333333333333334,0.333333333333334,0.333333333333334,0.333333333333334,
0.333333333333334,0.333333333333334,0.333333333333334,0.333333333333334,
0.333333333333334,0.333333333333334,0.333333333333334,0.333333333333334,
0.333333333333334,0.333333333333334,0.333333333333334,0.333333333333334,
0.333333333333334,0.333333333333334,0.333333333333334,0.333333333333334,
0.333333333333334,0.333333333333334,0.333333333333334,0.333333333333334,
0.333333333333334,0.333333333333334,0.333333333333334,0.333333333333334,
0.333333333333334,0.333333333333334,0.333333333333334,0.333333333333334),
(1.,1.,1.,1.,1.,1.,1.,1.,1.,1.,1.,1.,1.,1.,1.,1.,1.,1.,1.,1.,1.,1.,1.,1.,
1.,1.,1.,1.,1.,1.,1.,1.,1.,1.,1.,1.,1.,1.,1.,1.,1.,1.,1.,1.)))
REPRESENTATION_ITEM('')
SURFACE()
);
#252=ADVANCED_FACE('',(#192,#193),#240,.T.);
#253=ADVANCED_FACE('',(#194,#195),#12,.T.);
#254=ADVANCED_FACE('',(#196,#197),#241,.T.);
#255=ADVANCED_FACE('',(#198,#199),#13,.T.);
#256=ADVANCED_FACE('',(#200,#201),#242,.T.);
#257=ADVANCED_FACE('',(#202,#203),#14,.T.);
#258=ADVANCED_FACE('',(#204,#205),#243,.T.);
#259=ADVANCED_FACE('',(#206,#207),#15,.T.);
#260=ADVANCED_FACE('',(#208,#209),#244,.T.);
#261=ADVANCED_FACE('',(#210,#211),#16,.T.);
#262=ADVANCED_FACE('',(#212,#213),#245,.T.);
#263=ADVANCED_FACE('',(#214,#215),#17,.T.);
#264=ADVANCED_FACE('',(#216,#217),#246,.T.);
#265=ADVANCED_FACE('',(#218,#219),#18,.F.);
#266=ADVANCED_FACE('',(#220,#221),#247,.T.);
#267=ADVANCED_FACE('',(#222,#223),#19,.F.);
#268=ADVANCED_FACE('',(#224,#225),#248,.T.);
#269=ADVANCED_FACE('',(#226,#227),#20,.F.);
#270=ADVANCED_FACE('',(#228,#229),#249,.T.);
#271=ADVANCED_FACE('',(#230,#231),#21,.F.);
#272=ADVANCED_FACE('',(#232,#233),#250,.T.);
#273=ADVANCED_FACE('',(#234,#235),#22,.F.);
#274=ADVANCED_FACE('',(#236,#237),#251,.T.);
#275=ADVANCED_FACE('',(#238,#239),#23,.F.);
#276=CLOSED_SHELL('',(#252,#253,#254,#255,#256,#257,#258,#259,#260,#261,
#262,#263));
#277=CLOSED_SHELL('',(#264,#265,#266,#267,#268,#269,#270,#271,#272,#273,
#274,#275));
#278=SURFACE_STYLE_USAGE(.BOTH.,#279);
#279=SURFACE_SIDE_STYLE('',(#280));
#280=SURFACE_STYLE_FILL_AREA(#281);
#281=FILL_AREA_STYLE('',(#282));
#282=FILL_AREA_STYLE_COLOUR('',#408);
#283=BREP_WITH_VOIDS('Part 1',#276,(#11));
#284=LINE('',#663,#290);
#285=LINE('',#665,#291);
#286=LINE('',#667,#292);
#287=LINE('',#674,#293);
#288=LINE('',#681,#294);
#289=LINE('',#683,#295);
#290=VECTOR('',#548,1.);
#291=VECTOR('',#551,1.);
#292=VECTOR('',#554,1.);
#293=VECTOR('',#559,1.);
#294=VECTOR('',#564,1.);
#295=VECTOR('',#567,1.);
#296=SHAPE_REPRESENTATION_RELATIONSHIP('','',#476,#309);
#297=SHAPE_REPRESENTATION_RELATIONSHIP('','',#477,#310);
#298=SHAPE_REPRESENTATION_RELATIONSHIP('','',#478,#311);
#299=SHAPE_REPRESENTATION_RELATIONSHIP('','',#479,#312);
#300=SHAPE_REPRESENTATION_RELATIONSHIP('','',#480,#313);
#301=SHAPE_REPRESENTATION_RELATIONSHIP('','',#481,#314);
#302=SHAPE_REPRESENTATION_RELATIONSHIP('','',#482,#315);
#303=SHAPE_REPRESENTATION_RELATIONSHIP('','',#483,#316);
#304=SHAPE_REPRESENTATION_RELATIONSHIP('','',#484,#317);
#305=SHAPE_REPRESENTATION_RELATIONSHIP('','',#485,#318);
#306=SHAPE_REPRESENTATION_RELATIONSHIP('','',#486,#319);
#307=SHAPE_REPRESENTATION_RELATIONSHIP('','',#487,#320);
#308=SHAPE_REPRESENTATION_RELATIONSHIP('','',#488,#10);
#309=GEOMETRICALLY_BOUNDED_WIREFRAME_SHAPE_REPRESENTATION('',(#451),#4468);
#310=GEOMETRICALLY_BOUNDED_WIREFRAME_SHAPE_REPRESENTATION('',(#452),#4469);
#311=GEOMETRICALLY_BOUNDED_WIREFRAME_SHAPE_REPRESENTATION('',(#453),#4470);
#312=GEOMETRICALLY_BOUNDED_WIREFRAME_SHAPE_REPRESENTATION('',(#454),#4471);
#313=GEOMETRICALLY_BOUNDED_WIREFRAME_SHAPE_REPRESENTATION('',(#455),#4472);
#314=GEOMETRICALLY_BOUNDED_WIREFRAME_SHAPE_REPRESENTATION('',(#456),#4473);
#315=GEOMETRICALLY_BOUNDED_WIREFRAME_SHAPE_REPRESENTATION('',(#457),#4474);
#316=GEOMETRICALLY_BOUNDED_WIREFRAME_SHAPE_REPRESENTATION('',(#458),#4475);
#317=GEOMETRICALLY_BOUNDED_WIREFRAME_SHAPE_REPRESENTATION('',(#459),#4476);
#318=GEOMETRICALLY_BOUNDED_WIREFRAME_SHAPE_REPRESENTATION('',(#460),#4477);
#319=GEOMETRICALLY_BOUNDED_WIREFRAME_SHAPE_REPRESENTATION('',(#461),#4478);
#320=GEOMETRICALLY_BOUNDED_WIREFRAME_SHAPE_REPRESENTATION('',(#462),#4479);
#321=DRAUGHTING_PRE_DEFINED_COLOUR('black');
#322=STYLED_ITEM('',(#347),#433);
#323=STYLED_ITEM('',(#348),#433);
#324=STYLED_ITEM('',(#349),#434);
#325=STYLED_ITEM('',(#350),#434);
#326=STYLED_ITEM('',(#351),#435);
#327=STYLED_ITEM('',(#352),#435);
#328=STYLED_ITEM('',(#353),#436);
#329=STYLED_ITEM('',(#354),#436);
#330=STYLED_ITEM('',(#355),#437);
#331=STYLED_ITEM('',(#356),#437);
#332=STYLED_ITEM('',(#357),#438);
#333=STYLED_ITEM('',(#358),#438);
#334=STYLED_ITEM('',(#359),#439);
#335=STYLED_ITEM('',(#360),#439);
#336=STYLED_ITEM('',(#361),#440);
#337=STYLED_ITEM('',(#362),#440);
#338=STYLED_ITEM('',(#363),#441);
#339=STYLED_ITEM('',(#364),#441);
#340=STYLED_ITEM('',(#365),#442);
#341=STYLED_ITEM('',(#366),#442);
#342=STYLED_ITEM('',(#367),#443);
#343=STYLED_ITEM('',(#368),#443);
#344=STYLED_ITEM('',(#369),#444);
#345=STYLED_ITEM('',(#370),#444);
#346=STYLED_ITEM('',(#371),#283);
#347=PRESENTATION_STYLE_ASSIGNMENT((#372));
#348=PRESENTATION_STYLE_ASSIGNMENT((#373));
#349=PRESENTATION_STYLE_ASSIGNMENT((#374));
#350=PRESENTATION_STYLE_ASSIGNMENT((#375));
#351=PRESENTATION_STYLE_ASSIGNMENT((#376));
#352=PRESENTATION_STYLE_ASSIGNMENT((#377));
#353=PRESENTATION_STYLE_ASSIGNMENT((#378));
#354=PRESENTATION_STYLE_ASSIGNMENT((#379));
#355=PRESENTATION_STYLE_ASSIGNMENT((#380));
#356=PRESENTATION_STYLE_ASSIGNMENT((#381));
#357=PRESENTATION_STYLE_ASSIGNMENT((#382));
#358=PRESENTATION_STYLE_ASSIGNMENT((#383));
#359=PRESENTATION_STYLE_ASSIGNMENT((#384));
#360=PRESENTATION_STYLE_ASSIGNMENT((#385));
#361=PRESENTATION_STYLE_ASSIGNMENT((#386));
#362=PRESENTATION_STYLE_ASSIGNMENT((#387));
#363=PRESENTATION_STYLE_ASSIGNMENT((#388));
#364=PRESENTATION_STYLE_ASSIGNMENT((#389));
#365=PRESENTATION_STYLE_ASSIGNMENT((#390));
#366=PRESENTATION_STYLE_ASSIGNMENT((#391));
#367=PRESENTATION_STYLE_ASSIGNMENT((#392));
#368=PRESENTATION_STYLE_ASSIGNMENT((#393));
#369=PRESENTATION_STYLE_ASSIGNMENT((#394));
#370=PRESENTATION_STYLE_ASSIGNMENT((#395));
#371=PRESENTATION_STYLE_ASSIGNMENT((#278));
#372=CURVE_STYLE('',#409,POSITIVE_LENGTH_MEASURE(0.352777777777778),#396);
#373=CURVE_STYLE('',#410,POSITIVE_LENGTH_MEASURE(0.352777777777778),#321);
#374=CURVE_STYLE('',#411,POSITIVE_LENGTH_MEASURE(0.352777777777778),#397);
#375=CURVE_STYLE('',#412,POSITIVE_LENGTH_MEASURE(0.352777777777778),#321);
#376=CURVE_STYLE('',#413,POSITIVE_LENGTH_MEASURE(0.352777777777778),#398);
#377=CURVE_STYLE('',#414,POSITIVE_LENGTH_MEASURE(0.352777777777778),#321);
#378=CURVE_STYLE('',#415,POSITIVE_LENGTH_MEASURE(0.352777777777778),#399);
#379=CURVE_STYLE('',#416,POSITIVE_LENGTH_MEASURE(0.352777777777778),#321);
#380=CURVE_STYLE('',#417,POSITIVE_LENGTH_MEASURE(0.352777777777778),#400);
#381=CURVE_STYLE('',#418,POSITIVE_LENGTH_MEASURE(0.352777777777778),#321);
#382=CURVE_STYLE('',#419,POSITIVE_LENGTH_MEASURE(0.352777777777778),#401);
#383=CURVE_STYLE('',#420,POSITIVE_LENGTH_MEASURE(0.352777777777778),#321);
#384=CURVE_STYLE('',#421,POSITIVE_LENGTH_MEASURE(0.352777777777778),#402);
#385=CURVE_STYLE('',#422,POSITIVE_LENGTH_MEASURE(0.352777777777778),#321);
#386=CURVE_STYLE('',#423,POSITIVE_LENGTH_MEASURE(0.352777777777778),#403);
#387=CURVE_STYLE('',#424,POSITIVE_LENGTH_MEASURE(0.352777777777778),#321);
#388=CURVE_STYLE('',#425,POSITIVE_LENGTH_MEASURE(0.352777777777778),#404);
#389=CURVE_STYLE('',#426,POSITIVE_LENGTH_MEASURE(0.352777777777778),#321);
#390=CURVE_STYLE('',#427,POSITIVE_LENGTH_MEASURE(0.352777777777778),#405);
#391=CURVE_STYLE('',#428,POSITIVE_LENGTH_MEASURE(0.352777777777778),#321);
#392=CURVE_STYLE('',#429,POSITIVE_LENGTH_MEASURE(0.352777777777778),#406);
#393=CURVE_STYLE('',#430,POSITIVE_LENGTH_MEASURE(0.352777777777778),#321);
#394=CURVE_STYLE('',#431,POSITIVE_LENGTH_MEASURE(0.352777777777778),#407);
#395=CURVE_STYLE('',#432,POSITIVE_LENGTH_MEASURE(0.352777777777778),#321);
#396=COLOUR_RGB('',1.,0.,0.);
#397=COLOUR_RGB('',1.,0.,0.);
#398=COLOUR_RGB('',1.,0.,0.);
#399=COLOUR_RGB('',1.,0.,0.);
#400=COLOUR_RGB('',1.,0.,0.);
#401=COLOUR_RGB('',1.,0.,0.);
#402=COLOUR_RGB('',1.,0.,0.);
#403=COLOUR_RGB('',1.,0.,0.);
#404=COLOUR_RGB('',1.,0.,0.);
#405=COLOUR_RGB('',1.,0.,0.);
#406=COLOUR_RGB('',1.,0.,0.);
#407=COLOUR_RGB('',1.,0.,0.);
#408=COLOUR_RGB('',0.917647058823529,0.725490196078431,0.490196078431373);
#409=DRAUGHTING_PRE_DEFINED_CURVE_FONT('continuous');
#410=DRAUGHTING_PRE_DEFINED_CURVE_FONT('continuous');
#411=DRAUGHTING_PRE_DEFINED_CURVE_FONT('continuous');
#412=DRAUGHTING_PRE_DEFINED_CURVE_FONT('continuous');
#413=DRAUGHTING_PRE_DEFINED_CURVE_FONT('continuous');
#414=DRAUGHTING_PRE_DEFINED_CURVE_FONT('continuous');
#415=DRAUGHTING_PRE_DEFINED_CURVE_FONT('continuous');
#416=DRAUGHTING_PRE_DEFINED_CURVE_FONT('continuous');
#417=DRAUGHTING_PRE_DEFINED_CURVE_FONT('continuous');
#418=DRAUGHTING_PRE_DEFINED_CURVE_FONT('continuous');
#419=DRAUGHTING_PRE_DEFINED_CURVE_FONT('continuous');
#420=DRAUGHTING_PRE_DEFINED_CURVE_FONT('continuous');
#421=DRAUGHTING_PRE_DEFINED_CURVE_FONT('continuous');
#422=DRAUGHTING_PRE_DEFINED_CURVE_FONT('continuous');
#423=DRAUGHTING_PRE_DEFINED_CURVE_FONT('continuous');
#424=DRAUGHTING_PRE_DEFINED_CURVE_FONT('continuous');
#425=DRAUGHTING_PRE_DEFINED_CURVE_FONT('continuous');
#426=DRAUGHTING_PRE_DEFINED_CURVE_FONT('continuous');
#427=DRAUGHTING_PRE_DEFINED_CURVE_FONT('continuous');
#428=DRAUGHTING_PRE_DEFINED_CURVE_FONT('continuous');
#429=DRAUGHTING_PRE_DEFINED_CURVE_FONT('continuous');
#430=DRAUGHTING_PRE_DEFINED_CURVE_FONT('continuous');
#431=DRAUGHTING_PRE_DEFINED_CURVE_FONT('continuous');
#432=DRAUGHTING_PRE_DEFINED_CURVE_FONT('continuous');
#433=TRIMMED_CURVE('',#445,(PARAMETER_VALUE(0.)),(PARAMETER_VALUE(1.)),
 .T.,.PARAMETER.);
#434=TRIMMED_CURVE('',#446,(PARAMETER_VALUE(0.)),(PARAMETER_VALUE(1.)),
 .T.,.PARAMETER.);
#435=TRIMMED_CURVE('',#447,(PARAMETER_VALUE(0.)),(PARAMETER_VALUE(1.)),
 .T.,.PARAMETER.);
#436=TRIMMED_CURVE('',#448,(PARAMETER_VALUE(0.)),(PARAMETER_VALUE(1.)),
 .T.,.PARAMETER.);
#437=TRIMMED_CURVE('',#284,(PARAMETER_VALUE(0.)),(PARAMETER_VALUE(0.088)),
 .T.,.PARAMETER.);
#438=TRIMMED_CURVE('',#285,(PARAMETER_VALUE(0.)),(PARAMETER_VALUE(0.088)),
 .T.,.PARAMETER.);
#439=TRIMMED_CURVE('',#286,(PARAMETER_VALUE(0.)),(PARAMETER_VALUE(0.088)),
 .T.,.PARAMETER.);
#440=TRIMMED_CURVE('',#449,(PARAMETER_VALUE(0.)),(PARAMETER_VALUE(1.)),
 .T.,.PARAMETER.);
#441=TRIMMED_CURVE('',#287,(PARAMETER_VALUE(0.)),(PARAMETER_VALUE(0.088)),
 .T.,.PARAMETER.);
#442=TRIMMED_CURVE('',#450,(PARAMETER_VALUE(0.)),(PARAMETER_VALUE(1.)),
 .T.,.PARAMETER.);
#443=TRIMMED_CURVE('',#288,(PARAMETER_VALUE(0.)),(PARAMETER_VALUE(0.0880000000000001)),
 .T.,.PARAMETER.);
#444=TRIMMED_CURVE('',#289,(PARAMETER_VALUE(0.)),(PARAMETER_VALUE(0.088)),
 .T.,.PARAMETER.);
#445=B_SPLINE_CURVE_WITH_KNOTS('',3,(#643,#644,#645,#646),.UNSPECIFIED.,
 .F.,.F.,(4,4),(0.,1.),.UNSPECIFIED.);
#446=B_SPLINE_CURVE_WITH_KNOTS('',3,(#648,#649,#650,#651),.UNSPECIFIED.,
 .F.,.F.,(4,4),(0.,1.),.UNSPECIFIED.);
#447=B_SPLINE_CURVE_WITH_KNOTS('',3,(#653,#654,#655,#656),.UNSPECIFIED.,
 .F.,.F.,(4,4),(0.,1.),.UNSPECIFIED.);
#448=B_SPLINE_CURVE_WITH_KNOTS('',3,(#658,#659,#660,#661),.UNSPECIFIED.,
 .F.,.F.,(4,4),(0.,1.),.UNSPECIFIED.);
#449=B_SPLINE_CURVE_WITH_KNOTS('',3,(#669,#670,#671,#672),.UNSPECIFIED.,
 .F.,.F.,(4,4),(0.,1.),.UNSPECIFIED.);
#450=B_SPLINE_CURVE_WITH_KNOTS('',3,(#676,#677,#678,#679),.UNSPECIFIED.,
 .F.,.F.,(4,4),(0.,1.),.UNSPECIFIED.);
#451=GEOMETRIC_CURVE_SET('',(#433));
#452=GEOMETRIC_CURVE_SET('',(#434));
#453=GEOMETRIC_CURVE_SET('',(#435));
#454=GEOMETRIC_CURVE_SET('',(#436));
#455=GEOMETRIC_CURVE_SET('',(#437));
#456=GEOMETRIC_CURVE_SET('',(#438));
#457=GEOMETRIC_CURVE_SET('',(#439));
#458=GEOMETRIC_CURVE_SET('',(#440));
#459=GEOMETRIC_CURVE_SET('',(#441));
#460=GEOMETRIC_CURVE_SET('',(#442));
#461=GEOMETRIC_CURVE_SET('',(#443));
#462=GEOMETRIC_CURVE_SET('',(#444));
#463=SHAPE_DEFINITION_REPRESENTATION(#4533,#476);
#464=SHAPE_DEFINITION_REPRESENTATION(#4534,#477);
#465=SHAPE_DEFINITION_REPRESENTATION(#4535,#478);
#466=SHAPE_DEFINITION_REPRESENTATION(#4536,#479);
#467=SHAPE_DEFINITION_REPRESENTATION(#4537,#480);
#468=SHAPE_DEFINITION_REPRESENTATION(#4538,#481);
#469=SHAPE_DEFINITION_REPRESENTATION(#4539,#482);
#470=SHAPE_DEFINITION_REPRESENTATION(#4540,#483);
#471=SHAPE_DEFINITION_REPRESENTATION(#4541,#484);
#472=SHAPE_DEFINITION_REPRESENTATION(#4542,#485);
#473=SHAPE_DEFINITION_REPRESENTATION(#4543,#486);
#474=SHAPE_DEFINITION_REPRESENTATION(#4544,#487);
#475=SHAPE_DEFINITION_REPRESENTATION(#4545,#488);
#476=SHAPE_REPRESENTATION('Curve 9',(#489),#4468);
#477=SHAPE_REPRESENTATION('Curve 7',(#490),#4469);
#478=SHAPE_REPRESENTATION('Curve 8',(#491),#4470);
#479=SHAPE_REPRESENTATION('Curve 10',(#492),#4471);
#480=SHAPE_REPRESENTATION('Curve 3',(#493),#4472);
#481=SHAPE_REPRESENTATION('Curve 1',(#494),#4473);
#482=SHAPE_REPRESENTATION('Curve 2',(#495),#4474);
#483=SHAPE_REPRESENTATION('Curve 11',(#496),#4475);
#484=SHAPE_REPRESENTATION('Curve 4',(#497),#4476);
#485=SHAPE_REPRESENTATION('Curve 12',(#498),#4477);
#486=SHAPE_REPRESENTATION('Curve 5',(#499),#4478);
#487=SHAPE_REPRESENTATION('Curve 6',(#500),#4479);
#488=SHAPE_REPRESENTATION('Part 1',(#501),#4480);
#489=AXIS2_PLACEMENT_3D('',#642,#538,#539);
#490=AXIS2_PLACEMENT_3D('',#647,#540,#541);
#491=AXIS2_PLACEMENT_3D('',#652,#542,#543);
#492=AXIS2_PLACEMENT_3D('',#657,#544,#545);
#493=AXIS2_PLACEMENT_3D('',#662,#546,#547);
#494=AXIS2_PLACEMENT_3D('',#664,#549,#550);
#495=AXIS2_PLACEMENT_3D('',#666,#552,#553);
#496=AXIS2_PLACEMENT_3D('',#668,#555,#556);
#497=AXIS2_PLACEMENT_3D('',#673,#557,#558);
#498=AXIS2_PLACEMENT_3D('',#675,#560,#561);
#499=AXIS2_PLACEMENT_3D('',#680,#562,#563);
#500=AXIS2_PLACEMENT_3D('',#682,#565,#566);
#501=AXIS2_PLACEMENT_3D('',#684,#568,#569);
#502=AXIS2_PLACEMENT_3D('',#923,#570,#571);
#503=AXIS2_PLACEMENT_3D('',#925,#572,#573);
#504=AXIS2_PLACEMENT_3D('',#927,#574,#575);
#505=AXIS2_PLACEMENT_3D('',#928,#576,#577);
#506=AXIS2_PLACEMENT_3D('',#1280,#578,#579);
#507=AXIS2_PLACEMENT_3D('',#1282,#580,#581);
#508=AXIS2_PLACEMENT_3D('',#1283,#582,#583);
#509=AXIS2_PLACEMENT_3D('',#1621,#584,#585);
#510=AXIS2_PLACEMENT_3D('',#1623,#586,#587);
#511=AXIS2_PLACEMENT_3D('',#1624,#588,#589);
#512=AXIS2_PLACEMENT_3D('',#1976,#590,#591);
#513=AXIS2_PLACEMENT_3D('',#1978,#592,#593);
#514=AXIS2_PLACEMENT_3D('',#1979,#594,#595);
#515=AXIS2_PLACEMENT_3D('',#2331,#596,#597);
#516=AXIS2_PLACEMENT_3D('',#2333,#598,#599);
#517=AXIS2_PLACEMENT_3D('',#2334,#600,#601);
#518=AXIS2_PLACEMENT_3D('',#2686,#602,#603);
#519=AXIS2_PLACEMENT_3D('',#2688,#604,#605);
#520=AXIS2_PLACEMENT_3D('',#2885,#606,#607);
#521=AXIS2_PLACEMENT_3D('',#2887,#608,#609);
#522=AXIS2_PLACEMENT_3D('',#2889,#610,#611);
#523=AXIS2_PLACEMENT_3D('',#2890,#612,#613);
#524=AXIS2_PLACEMENT_3D('',#3200,#614,#615);
#525=AXIS2_PLACEMENT_3D('',#3202,#616,#617);
#526=AXIS2_PLACEMENT_3D('',#3203,#618,#619);
#527=AXIS2_PLACEMENT_3D('',#3513,#620,#621);
#528=AXIS2_PLACEMENT_3D('',#3515,#622,#623);
#529=AXIS2_PLACEMENT_3D('',#3516,#624,#625);
#530=AXIS2_PLACEMENT_3D('',#3826,#626,#627);
#531=AXIS2_PLACEMENT_3D('',#3828,#628,#629);
#532=AXIS2_PLACEMENT_3D('',#3829,#630,#631);
#533=AXIS2_PLACEMENT_3D('',#4139,#632,#633);
#534=AXIS2_PLACEMENT_3D('',#4141,#634,#635);
#535=AXIS2_PLACEMENT_3D('',#4142,#636,#637);
#536=AXIS2_PLACEMENT_3D('',#4452,#638,#639);
#537=AXIS2_PLACEMENT_3D('',#4454,#640,#641);
#538=DIRECTION('',(0.,0.,1.));
#539=DIRECTION('',(1.,0.,0.));
#540=DIRECTION('',(0.,0.,1.));
#541=DIRECTION('',(1.,0.,0.));
#542=DIRECTION('',(0.,0.,1.));
#543=DIRECTION('',(1.,0.,0.));
#544=DIRECTION('',(0.,0.,1.));
#545=DIRECTION('',(1.,0.,0.));
#546=DIRECTION('',(0.,0.,1.));
#547=DIRECTION('',(1.,0.,0.));
#548=DIRECTION('',(0.489073800366903,0.20791169081776,-0.847100670886274));
#549=DIRECTION('',(0.,0.,1.));
#550=DIRECTION('',(1.,0.,0.));
#551=DIRECTION('',(-0.978147600733805,0.20791169081776,0.));
#552=DIRECTION('',(0.,0.,1.));
#553=DIRECTION('',(1.,0.,0.));
#554=DIRECTION('',(-0.978147600733805,0.20791169081776,0.));
#555=DIRECTION('',(0.,0.,1.));
#556=DIRECTION('',(1.,0.,0.));
#557=DIRECTION('',(0.,0.,1.));
#558=DIRECTION('',(1.,0.,0.));
#559=DIRECTION('',(0.489073800366903,0.20791169081776,-0.847100670886274));
#560=DIRECTION('',(0.,0.,1.));
#561=DIRECTION('',(1.,0.,0.));
#562=DIRECTION('',(0.,0.,1.));
#563=DIRECTION('',(1.,0.,0.));
#564=DIRECTION('',(0.489073800366903,0.20791169081776,0.847100670886274));
#565=DIRECTION('',(0.,0.,1.));
#566=DIRECTION('',(1.,0.,0.));
#567=DIRECTION('',(0.489073800366903,0.20791169081776,0.847100670886274));
#568=DIRECTION('',(0.,0.,1.));
#569=DIRECTION('',(1.,0.,0.));
#570=DIRECTION('',(-0.489073800366903,-0.20791169081776,0.847100670886274));
#571=DIRECTION('',(0.866025403784439,0.,0.5));
#572=DIRECTION('',(-0.489073800366903,-0.20791169081776,-0.847100670886273));
#573=DIRECTION('',(0.621852457599694,-0.764129814581139,-0.171479291593497));
#574=DIRECTION('',(0.489073800366903,0.20791169081776,0.847100670886274));
#575=DIRECTION('',(0.866025403784438,0.,-0.5));
#576=DIRECTION('',(-0.489073800366903,-0.20791169081776,-0.847100670886274));
#577=DIRECTION('',(0.621852457599694,-0.764129814581139,-0.171479291593497));
#578=DIRECTION('',(0.978147600733806,-0.20791169081776,-5.55111512312578E-17));
#579=DIRECTION('',(0.136666511536826,0.642965385133534,-0.753603196745101));
#580=DIRECTION('',(-0.978147600733806,0.20791169081776,0.));
#581=DIRECTION('',(-0.20791169081776,-0.978147600733806,0.));
#582=DIRECTION('',(0.978147600733805,-0.20791169081776,-1.38777878078145E-16));
#583=DIRECTION('',(0.136666511536826,0.642965385133534,-0.7536031967451));
#584=DIRECTION('',(-0.489073800366903,-0.20791169081776,0.847100670886274));
#585=DIRECTION('',(-0.690442933900945,-0.501181906533615,-0.521637088011946));
#586=DIRECTION('',(0.489073800366903,0.20791169081776,-0.847100670886274));
#587=DIRECTION('',(-0.866025403784439,0.,-0.5));
#588=DIRECTION('',(-0.489073800366903,-0.20791169081776,0.847100670886274));
#589=DIRECTION('',(-0.690442933900946,-0.501181906533615,-0.521637088011946));
#590=DIRECTION('',(-0.489073800366903,-0.20791169081776,-0.847100670886273));
#591=DIRECTION('',(-0.847414253406881,0.343326187337227,0.404989150732883));
#592=DIRECTION('',(0.489073800366903,0.20791169081776,0.847100670886274));
#593=DIRECTION('',(0.866025403784438,0.,-0.5));
#594=DIRECTION('',(-0.489073800366903,-0.20791169081776,-0.847100670886273));
#595=DIRECTION('',(-0.847414253406881,0.343326187337227,0.404989150732883));
#596=DIRECTION('',(0.978147600733806,-0.20791169081776,1.66533453693773E-16));
#597=DIRECTION('',(-0.0370827137373545,-0.174460451589927,0.983965661582208));
#598=DIRECTION('',(-0.978147600733806,0.20791169081776,0.));
#599=DIRECTION('',(-0.20791169081776,-0.978147600733806,0.));
#600=DIRECTION('',(0.978147600733805,-0.20791169081776,1.11022302462516E-16));
#601=DIRECTION('',(-0.0370827137373545,-0.174460451589927,0.983965661582208));
#602=DIRECTION('',(-0.489073800366903,-0.20791169081776,0.847100670886274));
#603=DIRECTION('',(0.866025403784439,0.,0.5));
#604=DIRECTION('',(0.489073800366903,0.20791169081776,-0.847100670886274));
#605=DIRECTION('',(-0.866025403784439,0.,-0.5));
#606=DIRECTION('',(-0.489073800366903,-0.20791169081776,0.847100670886274));
#607=DIRECTION('',(0.866025403784439,0.,0.5));
#608=DIRECTION('',(-0.489073800366903,-0.20791169081776,-0.847100670886273));
#609=DIRECTION('',(0.621852457599694,-0.764129814581139,-0.171479291593497));
#610=DIRECTION('',(0.489073800366903,0.20791169081776,0.847100670886274));
#611=DIRECTION('',(0.866025403784438,0.,-0.5));
#612=DIRECTION('',(-0.489073800366903,-0.20791169081776,-0.847100670886274));
#613=DIRECTION('',(0.621852457599694,-0.764129814581139,-0.171479291593497));
#614=DIRECTION('',(0.978147600733806,-0.20791169081776,-5.55111512312578E-17));
#615=DIRECTION('',(0.136666511536826,0.642965385133534,-0.753603196745101));
#616=DIRECTION('',(-0.978147600733806,0.20791169081776,0.));
#617=DIRECTION('',(-0.20791169081776,-0.978147600733806,0.));
#618=DIRECTION('',(0.978147600733805,-0.20791169081776,-1.38777878078145E-16));
#619=DIRECTION('',(0.136666511536826,0.642965385133534,-0.7536031967451));
#620=DIRECTION('',(-0.489073800366903,-0.20791169081776,0.847100670886274));
#621=DIRECTION('',(-0.690442933900945,-0.501181906533615,-0.521637088011946));
#622=DIRECTION('',(0.489073800366903,0.20791169081776,-0.847100670886274));
#623=DIRECTION('',(-0.866025403784439,0.,-0.5));
#624=DIRECTION('',(-0.489073800366903,-0.20791169081776,0.847100670886274));
#625=DIRECTION('',(-0.690442933900946,-0.501181906533615,-0.521637088011946));
#626=DIRECTION('',(-0.489073800366903,-0.20791169081776,-0.847100670886273));
#627=DIRECTION('',(-0.847414253406881,0.343326187337227,0.404989150732883));
#628=DIRECTION('',(0.489073800366903,0.20791169081776,0.847100670886274));
#629=DIRECTION('',(0.866025403784438,0.,-0.5));
#630=DIRECTION('',(-0.489073800366903,-0.20791169081776,-0.847100670886273));
#631=DIRECTION('',(-0.847414253406881,0.343326187337227,0.404989150732883));
#632=DIRECTION('',(0.978147600733806,-0.20791169081776,1.66533453693773E-16));
#633=DIRECTION('',(-0.0370827137373545,-0.174460451589927,0.983965661582208));
#634=DIRECTION('',(-0.978147600733806,0.20791169081776,0.));
#635=DIRECTION('',(-0.20791169081776,-0.978147600733806,0.));
#636=DIRECTION('',(0.978147600733805,-0.20791169081776,1.11022302462516E-16));
#637=DIRECTION('',(-0.0370827137373545,-0.174460451589927,0.983965661582208));
#638=DIRECTION('',(-0.489073800366903,-0.20791169081776,0.847100670886274));
#639=DIRECTION('',(0.866025403784439,0.,0.5));
#640=DIRECTION('',(0.489073800366903,0.20791169081776,-0.847100670886274));
#641=DIRECTION('',(-0.866025403784439,0.,-0.5));
#642=CARTESIAN_POINT('',(0.,0.,0.));
#643=CARTESIAN_POINT('',(0.039102531048767,-0.00914811439598142,0.072272429518996));
#644=CARTESIAN_POINT('',(0.0220110941275087,-0.0164139085279469,0.101875666640974));
#645=CARTESIAN_POINT('',(0.0185969984803554,0.0189505910375727,0.0922109462362566));
#646=CARTESIAN_POINT('',(-0.00446151489738942,0.00914811439598143,0.052272429518996));
#647=CARTESIAN_POINT('',(0.,0.,0.));
#648=CARTESIAN_POINT('',(0.0430384944322875,-0.00914811439598143,-0.07));
#649=CARTESIAN_POINT('',(0.0772213682748039,-0.0164139085279469,-0.07));
#650=CARTESIAN_POINT('',(0.0705585227074216,0.0189505910375727,-0.0622109462362566));
#651=CARTESIAN_POINT('',(0.0475000093296769,0.00914811439598143,-0.0222724295189961));
#652=CARTESIAN_POINT('',(0.,0.,0.));
#653=CARTESIAN_POINT('',(0.0430384944322875,-0.00914811439598143,-0.03));
#654=CARTESIAN_POINT('',(0.0891555211877769,-0.0189505910375727,-0.03));
#655=CARTESIAN_POINT('',(0.0992324624023126,0.0164139085279469,-0.0318756666409739));
#656=CARTESIAN_POINT('',(0.0821410254810544,0.00914811439598143,-0.00227242951899603));
#657=CARTESIAN_POINT('',(0.,0.,0.));
#658=CARTESIAN_POINT('',(0.00446151489738944,-0.00914811439598143,0.052272429518996));
#659=CARTESIAN_POINT('',(-0.0185969984803553,-0.0189505910375727,0.0922109462362566));
#660=CARTESIAN_POINT('',(-0.0220110941275087,0.0164139085279469,0.101875666640974));
#661=CARTESIAN_POINT('',(-0.039102531048767,0.00914811439598144,0.072272429518996));
#662=CARTESIAN_POINT('',(0.,0.,0.));
#663=CARTESIAN_POINT('',(0.00446151489738944,-0.00914811439598143,0.052272429518996));
#664=CARTESIAN_POINT('',(0.,0.,0.));
#665=CARTESIAN_POINT('',(0.0430384944322875,-0.00914811439598143,-0.03));
#666=CARTESIAN_POINT('',(0.,0.,0.));
#667=CARTESIAN_POINT('',(0.0430384944322875,-0.00914811439598143,-0.07));
#668=CARTESIAN_POINT('',(0.,0.,0.));
#669=CARTESIAN_POINT('',(-0.0821410254810544,-0.00914811439598143,-0.002272429518996));
#670=CARTESIAN_POINT('',(-0.0992324624023127,-0.0164139085279469,-0.0318756666409738));
#671=CARTESIAN_POINT('',(-0.089155521187777,0.0189505910375727,-0.03));
#672=CARTESIAN_POINT('',(-0.0430384944322875,0.00914811439598143,-0.03));
#673=CARTESIAN_POINT('',(0.,0.,0.));
#674=CARTESIAN_POINT('',(0.039102531048767,-0.00914811439598142,0.072272429518996));
#675=CARTESIAN_POINT('',(0.,0.,0.));
#676=CARTESIAN_POINT('',(-0.0475000093296769,-0.00914811439598143,-0.022272429518996));
#677=CARTESIAN_POINT('',(-0.0705585227074217,-0.0189505910375727,-0.0622109462362566));
#678=CARTESIAN_POINT('',(-0.0772213682748039,0.0164139085279469,-0.07));
#679=CARTESIAN_POINT('',(-0.0430384944322875,0.00914811439598143,-0.07));
#680=CARTESIAN_POINT('',(0.,0.,0.));
#681=CARTESIAN_POINT('',(-0.0475000093296769,-0.00914811439598143,-0.022272429518996));
#682=CARTESIAN_POINT('',(0.,0.,0.));
#683=CARTESIAN_POINT('',(-0.0821410254810544,-0.00914811439598143,-0.002272429518996));
#684=CARTESIAN_POINT('',(0.,0.,0.));
#685=CARTESIAN_POINT('',(-0.0359932687607685,0.00532746532307575,0.0714150330610286));
#686=CARTESIAN_POINT('',(-0.0359642851621281,0.00534049215648324,0.0714620902314506));
#687=CARTESIAN_POINT('',(-0.0359272581790385,0.00535822780848896,0.0715167336346545));
#688=CARTESIAN_POINT('',(-0.0358614355355743,0.00538854729250022,0.0716179358293394));
#689=CARTESIAN_POINT('',(-0.0358285868286354,0.00540355965301956,0.0716683708083907));
#690=CARTESIAN_POINT('',(-0.0357302282750446,0.00544815717078684,0.0718191774674614));
#691=CARTESIAN_POINT('',(-0.0356649059941243,0.00547730276086412,0.0719190508677282));
#692=CARTESIAN_POINT('',(-0.0354696872530762,0.00556300202612767,0.0722166786234599));
#693=CARTESIAN_POINT('',(-0.0353405388709841,0.00561781814144976,0.0724124405031566));
#694=CARTESIAN_POINT('',(-0.0349560696207986,0.00577548430013561,0.0729917626738206));
#695=CARTESIAN_POINT('',(-0.0347037242921547,0.00587155120083758,0.0733673588592444));
#696=CARTESIAN_POINT('',(-0.0339584726095471,0.00613399700663919,0.0744623628316395));
#697=CARTESIAN_POINT('',(-0.0334773464007702,0.00627460338081069,0.0751499696899378));
#698=CARTESIAN_POINT('',(-0.0320803287203944,0.00660495135990315,0.0770866351212057));
#699=CARTESIAN_POINT('',(-0.0312108701055666,0.0067029316187065,0.0782089653459715));
#700=CARTESIAN_POINT('',(-0.0295918694177953,0.00672320969787331,0.0801310629738216));
#701=CARTESIAN_POINT('',(-0.0288428069354102,0.00664594705416253,0.0809303049303699));
#702=CARTESIAN_POINT('',(-0.0274533576288345,0.00638947828383283,0.0822455204056669));
#703=CARTESIAN_POINT('',(-0.0268135633144071,0.0062115253576219,0.0827617987347283));
#704=CARTESIAN_POINT('',(-0.0256057799508281,0.00580726997660322,0.0835837063447073));
#705=CARTESIAN_POINT('',(-0.0250372469312612,0.00558144690691272,0.0838913354144383));
#706=CARTESIAN_POINT('',(-0.0239035566666564,0.00508026028904021,0.0843678093016383));
#707=CARTESIAN_POINT('',(-0.0233368471958095,0.00480309837093199,0.0845375499788597));
#708=CARTESIAN_POINT('',(-0.0215450551839898,0.00384135085422859,0.0848602536658577));
#709=CARTESIAN_POINT('',(-0.0202108662331899,0.00300591246667482,0.0848271816137575));
#710=CARTESIAN_POINT('',(-0.0172019937502386,0.00095922625096491,0.083957624412349));
#711=CARTESIAN_POINT('',(-0.0155482171043021,-0.000243967988138829,0.0831111103424787));
#712=CARTESIAN_POINT('',(-0.0120427934462201,-0.00261419664464109,0.08033550888846));
#713=CARTESIAN_POINT('',(-0.0101919614327477,-0.0037711266354704,0.0784063713023278));
#714=CARTESIAN_POINT('',(-0.00621574979623009,-0.00552754153279719,0.0734045263533558));
#715=CARTESIAN_POINT('',(-0.00408581393074902,-0.00612611526699373,0.0703363656242702));
#716=CARTESIAN_POINT('',(0.00061560292269714,-0.00632777200890145,0.0631024050987247));
#717=CARTESIAN_POINT('',(0.00318815525837097,-0.00593205931231252,0.0589376444252149));
#718=CARTESIAN_POINT('',(0.00606063330208034,-0.0048441663362589,0.0542520384265809));
#719=CARTESIAN_POINT('',(-0.029876845469564,0.0114338419515641,0.0663849703781326));
#720=CARTESIAN_POINT('',(-0.0298490301070086,0.011450511236878,0.0664350288544516));
#721=CARTESIAN_POINT('',(-0.0298155022074744,0.0114791740666955,0.0664987109971603));
#722=CARTESIAN_POINT('',(-0.029754329601832,0.0115240621202903,0.0666120582585066));
#723=CARTESIAN_POINT('',(-0.0297238000852543,0.0115463583245047,0.0666686008706062));
#724=CARTESIAN_POINT('',(-0.0296323809963041,0.011612805244506,0.0668378365618888));
#725=CARTESIAN_POINT('',(-0.0295716608863492,0.0116565142697827,0.0669501374944639));
#726=CARTESIAN_POINT('',(-0.0293901711645881,0.011785888702985,0.0672854790491197));
#727=CARTESIAN_POINT('',(-0.0292700721874252,0.0118698015048436,0.0675069584035462));
#728=CARTESIAN_POINT('',(-0.028912398917082,0.0121146411252229,0.0681652110456969));
#729=CARTESIAN_POINT('',(-0.0286774487398691,0.0122686697883649,0.0685957985360581));
#730=CARTESIAN_POINT('',(-0.0279826076802877,0.0127040341028069,0.0698633090603352));
#731=CARTESIAN_POINT('',(-0.0275327344877826,0.012958659531715,0.0706759748385765));
#732=CARTESIAN_POINT('',(-0.0262190083423449,0.0136222715213503,0.0730210809658167));
#733=CARTESIAN_POINT('',(-0.0253912015890466,0.013931222197909,0.0744605810489171));
#734=CARTESIAN_POINT('',(-0.0238059866925531,0.0143124747150773,0.0771154819751168));
#735=CARTESIAN_POINT('',(-0.0230485686283551,0.0143848484791339,0.0783309697112014));
#736=CARTESIAN_POINT('',(-0.0215737308947507,0.0143151891877508,0.0805622401171252));
#737=CARTESIAN_POINT('',(-0.0208562057188608,0.0141732393840997,0.0815782225852213));
#738=CARTESIAN_POINT('',(-0.0194273912475764,0.0136866230899018,0.0834315229184276));
#739=CARTESIAN_POINT('',(-0.0187158247678573,0.0133419021150377,0.0842692339621934));
#740=CARTESIAN_POINT('',(-0.0172672946085081,0.0124496448244234,0.0857749510756382));
#741=CARTESIAN_POINT('',(-0.0165299785423341,0.0119016555385117,0.0864433699613744));
#742=CARTESIAN_POINT('',(-0.014250923781944,0.00994572632459938,0.0881697468777388));
#743=CARTESIAN_POINT('',(-0.0126350550726291,0.00820323939140194,0.0889604891098889));
#744=CARTESIAN_POINT('',(-0.00927184026979786,0.00408279002257188,0.0893284128001858));
#745=CARTESIAN_POINT('',(-0.00754084504031197,0.00171779584261037,0.0888714120963949));
#746=CARTESIAN_POINT('',(-0.00398237807858534,-0.00277940072432385,0.086347996953145));
#747=CARTESIAN_POINT('',(-0.00214746706384668,-0.00488857230651225,0.0842951893470979));
#748=CARTESIAN_POINT('',(0.00181443023826176,-0.00816985739048017,0.0788059269101902));
#749=CARTESIAN_POINT('',(0.00394445079789805,-0.00935108243188325,0.0753811424847486));
#750=CARTESIAN_POINT('',(0.00867359856889063,-0.0104397773310186,0.067403039563396));
#751=CARTESIAN_POINT('',(0.0112720013511338,-0.0103522602484731,0.0628490804663569));
#752=CARTESIAN_POINT('',(0.0141755555500493,-0.00948974458648477,0.0577969840722072));
#753=CARTESIAN_POINT('',(-0.0360953700455609,0.0190751400973755,0.0680997632940676));
#754=CARTESIAN_POINT('',(-0.0360672096154784,0.0190905450248959,0.0681567072348943));
#755=CARTESIAN_POINT('',(-0.0360326254458207,0.0191153860149967,0.0682410784651179));
#756=CARTESIAN_POINT('',(-0.0359699876824158,0.0191551007604896,0.0683820985321971));
#757=CARTESIAN_POINT('',(-0.0359387042106824,0.0191747811385462,0.0684525103270261));
#758=CARTESIAN_POINT('',(-0.0358449581920797,0.019233291827449,0.0686634521545899));
#759=CARTESIAN_POINT('',(-0.0357826000465006,0.0192715917017288,0.068803688632134));
#760=CARTESIAN_POINT('',(-0.0355959283787799,0.0193843735696189,0.0692232330560845));
#761=CARTESIAN_POINT('',(-0.0354720176996969,0.0194567379542386,0.0695013760306059));
#762=CARTESIAN_POINT('',(-0.035101775654611,0.019665387398049,0.0703312175793811));
#763=CARTESIAN_POINT('',(-0.0348569354491437,0.0197932312869616,0.0708783296767957));
#764=CARTESIAN_POINT('',(-0.034127365516701,0.0201431233929636,0.072501873487899));
#765=CARTESIAN_POINT('',(-0.0336476030083122,0.0203315787693654,0.0735605401010607));
#766=CARTESIAN_POINT('',(-0.03221942490152,0.0207619883338327,0.0766691670921333));
#767=CARTESIAN_POINT('',(-0.0312821276690045,0.0208697947709487,0.0786528519718216));
#768=CARTESIAN_POINT('',(-0.0293867256257217,0.0207055043936031,0.0824452530198086));
#769=CARTESIAN_POINT('',(-0.028427651714434,0.0204326004265792,0.0842551069736421));
#770=CARTESIAN_POINT('',(-0.0264482370849251,0.0194673928690988,0.0876544349366099));
#771=CARTESIAN_POINT('',(-0.0254266058427958,0.0187726661239886,0.0892434991227076));
#772=CARTESIAN_POINT('',(-0.0233295140422492,0.0169540547573083,0.0920858325948509));
#773=CARTESIAN_POINT('',(-0.0222548642430524,0.0158291568740162,0.0933354954811937));
#774=CARTESIAN_POINT('',(-0.0201244204486656,0.0132382259994956,0.0953730397513773));
#775=CARTESIAN_POINT('',(-0.0190713785216567,0.0117753367697258,0.0961595422311419));
#776=CARTESIAN_POINT('',(-0.0160561690361866,0.00710773944563235,0.0977719141105948));
#777=CARTESIAN_POINT('',(-0.0142657799504092,0.0036426980960089,0.0978613453248757));
#778=CARTESIAN_POINT('',(-0.0110480424126457,-0.00309196988175282,0.0962602933678282));
#779=CARTESIAN_POINT('',(-0.00959523105718078,-0.00636473544523698,0.0945556858743767));
#780=CARTESIAN_POINT('',(-0.00654207519064579,-0.0119846069130043,0.0895992908584154));
#781=CARTESIAN_POINT('',(-0.00493266140303446,-0.0143288908744615,0.0863612105723021));
#782=CARTESIAN_POINT('',(-0.00126373014812156,-0.0177441872083993,0.0787558962910933));
#783=CARTESIAN_POINT('',(0.000789709104400902,-0.0188261334707842,0.0743912394330786));
#784=CARTESIAN_POINT('',(0.005450053883695,-0.0195702324189363,0.0647662906278621));
#785=CARTESIAN_POINT('',(0.00805409227812701,-0.0192349895784177,0.0595032798454339));
#786=CARTESIAN_POINT('',(0.0109773187406675,-0.0180976407059298,0.0538377662570376));
#787=CARTESIAN_POINT('',(-0.0422117933367655,0.0129687634688871,0.0731298259769635));
#788=CARTESIAN_POINT('',(-0.0421824646705979,0.0129805259445012,0.0731837686118932));
#789=CARTESIAN_POINT('',(-0.0421443814173849,0.0129944397567903,0.0732591011026126));
#790=CARTESIAN_POINT('',(-0.042077093616158,0.0130195859326994,0.0733879761030295));
#791=CARTESIAN_POINT('',(-0.0420434909540633,0.0130319824670613,0.073452280264811));
#792=CARTESIAN_POINT('',(-0.0419428054708203,0.0130686437537295,0.0736447930601616));
#793=CARTESIAN_POINT('',(-0.0418758451542754,0.0130923801928103,0.0737726020053987));
#794=CARTESIAN_POINT('',(-0.0416754444672686,0.0131614868927613,0.0741544326304237));
#795=CARTESIAN_POINT('',(-0.041542484383256,0.0132047545908448,0.0744068581302153));
#796=CARTESIAN_POINT('',(-0.0411454463583272,0.0133262305729616,0.0751577692075067));
#797=CARTESIAN_POINT('',(-0.0408832110014284,0.0133961126994339,0.0756498899999786));
#798=CARTESIAN_POINT('',(-0.0401032304459622,0.0135730862967968,0.0771009272592103));
#799=CARTESIAN_POINT('',(-0.0395922149213006,0.0136475226184611,0.078034534952422));
#800=CARTESIAN_POINT('',(-0.038080745279568,0.0137446681723855,0.0807347212475223));
#801=CARTESIAN_POINT('',(-0.0371017961855258,0.0136415041917468,0.0824012362688759));
#802=CARTESIAN_POINT('',(-0.0351726083509625,0.0131162393763984,0.0854608340185133));
#803=CARTESIAN_POINT('',(-0.034221890021489,0.0126936990016078,0.0868544421928059));
#804=CARTESIAN_POINT('',(-0.0323278638190091,0.0115416819651808,0.0893377152251562));
#805=CARTESIAN_POINT('',(-0.0313839634383401,0.010810952097511,0.0904270752722107));
#806=CARTESIAN_POINT('',(-0.0295079027455029,0.00907470164400947,0.0922380160211345));
#807=CARTESIAN_POINT('',(-0.0285762864064562,0.00806870166589026,0.0929575969334348));
#808=CARTESIAN_POINT('',(-0.0267606825068139,0.00586884146411332,0.0939658979773809));
#809=CARTESIAN_POINT('',(-0.0258782471751322,0.00467677960214889,0.0942537222486271));
#810=CARTESIAN_POINT('',(-0.0233503004382324,0.00100336397525603,0.0944624208987136));
#811=CARTESIAN_POINT('',(-0.0218415911109669,-0.0015546288287224,0.0937280378287526));
#812=CARTESIAN_POINT('',(-0.0189781958930896,-0.00621553365335561,0.090889504979983));
#813=CARTESIAN_POINT('',(-0.0176026031211722,-0.00832649927599131,0.0887953841204709));
#814=CARTESIAN_POINT('',(-0.0146024905582793,-0.0118194028333164,0.0835868027937202));
#815=CARTESIAN_POINT('',(-0.0129771557719323,-0.0132114452034325,0.0804723925275448));
#816=CARTESIAN_POINT('',(-0.00929391018261662,-0.0151018713507035,0.073354495734246));
#817=CARTESIAN_POINT('',(-0.00724055562424618,-0.0156011663058987,0.0693464625726083));
#818=CARTESIAN_POINT('',(-0.00260794176249849,-0.0154582270968151,0.0604656561631826));
#819=CARTESIAN_POINT('',(-2.97538146409029E-5,-0.0148147886422826,0.0555918438043124));
#820=CARTESIAN_POINT('',(0.00286239649269855,-0.013452062455704,0.0502928206114112));
#821=CARTESIAN_POINT('',(-0.0483282166279699,0.00686238684039879,0.0781598886598594));
#822=CARTESIAN_POINT('',(-0.0482977197257175,0.0068705068641064,0.0782108299888921));
#823=CARTESIAN_POINT('',(-0.0482561373889489,0.0068734934985838,0.0782771237401074));
#824=CARTESIAN_POINT('',(-0.0481841995499002,0.00688407110490927,0.0783938536738618));
#825=CARTESIAN_POINT('',(-0.0481482776974443,0.0068891837955763,0.0784520502025959));
#826=CARTESIAN_POINT('',(-0.0480406527495609,0.00690399568001004,0.0786261339657331));
#827=CARTESIAN_POINT('',(-0.0479690902620501,0.00691316868389187,0.0787415153786633));
#828=CARTESIAN_POINT('',(-0.0477549605557573,0.00693860021590374,0.0790856322047629));
#829=CARTESIAN_POINT('',(-0.047612951066815,0.0069527712274509,0.0793123402298248));
#830=CARTESIAN_POINT('',(-0.0471891170620434,0.00698707374787432,0.0799843208356321));
#831=CARTESIAN_POINT('',(-0.046909486553713,0.00699899411190622,0.0804214503231614));
#832=CARTESIAN_POINT('',(-0.0460790953752234,0.00700304920062999,0.0816999810305215));
#833=CARTESIAN_POINT('',(-0.045536826834289,0.00696346646755683,0.0825085298037834));
#834=CARTESIAN_POINT('',(-0.0439420656576158,0.0067273480109383,0.0848002754029113));
#835=CARTESIAN_POINT('',(-0.0429214647020469,0.00641321361254491,0.0861496205659301));
#836=CARTESIAN_POINT('',(-0.0409584910762033,0.00552697435919376,0.088476415017218));
#837=CARTESIAN_POINT('',(-0.040016128328544,0.00495479757663645,0.0894537774119698));
#838=CARTESIAN_POINT('',(-0.0382074905530929,0.00361597106126285,0.0910209955137023));
#839=CARTESIAN_POINT('',(-0.0373413210338844,0.00284923807103342,0.0916106514217137));
#840=CARTESIAN_POINT('',(-0.0356862914487565,0.00119534853071067,0.0923901994474182));
#841=CARTESIAN_POINT('',(-0.0348977085698601,0.000308246457764298,0.0925796983856758));
#842=CARTESIAN_POINT('',(-0.0333969445649621,-0.00150054307126896,0.0925587562033844));
#843=CARTESIAN_POINT('',(-0.0326851158286077,-0.00242177756542803,0.0923479022661122));
#844=CARTESIAN_POINT('',(-0.0306444318402782,-0.00510101149512028,0.0911529276868325));
#845=CARTESIAN_POINT('',(-0.0294174022715246,-0.00675195575345371,0.0895947303326294));
#846=CARTESIAN_POINT('',(-0.0269083493735335,-0.0093390974249584,0.0855187165921377));
#847=CARTESIAN_POINT('',(-0.0256099751851636,-0.0102882631067456,0.083035082366565));
#848=CARTESIAN_POINT('',(-0.0226629059259128,-0.0116541987536285,0.0775743147290248));
#849=CARTESIAN_POINT('',(-0.0210216501408301,-0.0120939995324035,0.0745835744827874));
#850=CARTESIAN_POINT('',(-0.0173240902171117,-0.0124595554930076,0.0679530951773986));
#851=CARTESIAN_POINT('',(-0.0152708203528933,-0.0123761991410132,0.064301685712138));
#852=CARTESIAN_POINT('',(-0.010665937408692,-0.0113462217746939,0.056165021698503));
#853=CARTESIAN_POINT('',(-0.00811359990740882,-0.0103945877061476,0.0516804077631907));
#854=CARTESIAN_POINT('',(-0.00525252575527042,-0.00880648420547809,0.0467478749657848));
#855=CARTESIAN_POINT('',(-0.042109692051973,-0.00077891130541259,0.0764450957439244));
#856=CARTESIAN_POINT('',(-0.0420795402172476,-0.000769526923911533,0.0764891516084494));
#857=CARTESIAN_POINT('',(-0.0420390141506026,-0.00076271844971757,0.0765347562721488));
#858=CARTESIAN_POINT('',(-0.0419685414693165,-0.000746967535289905,0.0766238134001722));
#859=CARTESIAN_POINT('',(-0.0419333735720163,-0.000739239018465595,0.076668140746175));
#860=CARTESIAN_POINT('',(-0.041828075553785,-0.000716490902932279,0.076800518373034));
#861=CARTESIAN_POINT('',(-0.0417581511018993,-0.000701908748054481,0.0768879642409924));
#862=CARTESIAN_POINT('',(-0.0415492033415642,-0.000659884650729658,0.0771478781978001));
#863=CARTESIAN_POINT('',(-0.0414110055545429,-0.000634165221944101,0.077317922602767));
#864=CARTESIAN_POINT('',(-0.0409997403245152,-0.000563672524951732,0.0778183143019442));
#865=CARTESIAN_POINT('',(-0.0407299998444402,-0.000525567386689705,0.0781389191824308));
#866=CARTESIAN_POINT('',(-0.0399343375388064,-0.000436040089528506,0.0790614166029438));
#867=CARTESIAN_POINT('',(-0.0394219583137578,-0.000409452770093596,0.0796239645412991));
#868=CARTESIAN_POINT('',(-0.0379416490984439,-0.000412368801544032,0.0811521892765948));
#869=CARTESIAN_POINT('',(-0.0370305386220864,-0.000525358960496043,0.0819573496430257));
#870=CARTESIAN_POINT('',(-0.0353777521430374,-0.000866055319330689,0.0831466439725263));
#871=CARTESIAN_POINT('',(-0.0346370452424652,-0.00109295437080883,0.0835296401495381));
#872=CARTESIAN_POINT('',(-0.0333329843629184,-0.00153623262008512,0.0839288006942086));
#873=CARTESIAN_POINT('',(-0.0327709209099534,-0.00175018866885592,0.0839453748842353));
#874=CARTESIAN_POINT('',(-0.0317841686540797,-0.00207208313669533,0.0837358897709869));
#875=CARTESIAN_POINT('',(-0.0313586690946651,-0.00217900830121231,0.083513436866683));
#876=CARTESIAN_POINT('',(-0.0305398187248047,-0.00228912424634299,0.0829606675276381));
#877=CARTESIAN_POINT('',(-0.030143715849285,-0.00229545879664769,0.0826317299963449));
#878=CARTESIAN_POINT('',(-0.0288391865860357,-0.00226302461614221,0.0815507604539766));
#879=CARTESIAN_POINT('',(-0.0277866773937508,-0.0021914144580523,0.080693874117626));
#880=CARTESIAN_POINT('',(-0.0251321472306794,-0.00216433752064207,0.0785868360245121));
#881=CARTESIAN_POINT('',(-0.0235555891682922,-0.00220573181888803,0.0773508085885624));
#882=CARTESIAN_POINT('',(-0.0201032088138549,-0.00244899256495834,0.0743230208237751));
#883=CARTESIAN_POINT('',(-0.0182364558016487,-0.00265368096442854,0.0725175532575576));
#884=CARTESIAN_POINT('',(-0.014245929830722,-0.0028852256751142,0.0680031257965212));
#885=CARTESIAN_POINT('',(-0.0121160786593961,-0.0029011481021042,0.065291588763792));
#886=CARTESIAN_POINT('',(-0.00744239272349635,-0.00221576668678433,0.0588017706340531));
#887=CARTESIAN_POINT('',(-0.00489569083439184,-0.0015118583761519,0.0550262083840728));
#888=CARTESIAN_POINT('',(-0.00205428894588864,-0.000198588086033045,0.0507070927809546));
#889=CARTESIAN_POINT('',(-0.0359932687607685,0.00532746532307575,0.0714150330610286));
#890=CARTESIAN_POINT('',(-0.0359642851621281,0.00534049215648324,0.0714620902314506));
#891=CARTESIAN_POINT('',(-0.0359272581790385,0.00535822780848896,0.0715167336346545));
#892=CARTESIAN_POINT('',(-0.0358614355355743,0.00538854729250022,0.0716179358293394));
#893=CARTESIAN_POINT('',(-0.0358285868286354,0.00540355965301956,0.0716683708083907));
#894=CARTESIAN_POINT('',(-0.0357302282750446,0.00544815717078684,0.0718191774674614));
#895=CARTESIAN_POINT('',(-0.0356649059941243,0.00547730276086412,0.0719190508677282));
#896=CARTESIAN_POINT('',(-0.0354696872530762,0.00556300202612767,0.0722166786234599));
#897=CARTESIAN_POINT('',(-0.0353405388709841,0.00561781814144976,0.0724124405031566));
#898=CARTESIAN_POINT('',(-0.0349560696207986,0.00577548430013561,0.0729917626738206));
#899=CARTESIAN_POINT('',(-0.0347037242921547,0.00587155120083758,0.0733673588592444));
#900=CARTESIAN_POINT('',(-0.0339584726095471,0.00613399700663919,0.0744623628316395));
#901=CARTESIAN_POINT('',(-0.0334773464007702,0.00627460338081069,0.0751499696899378));
#902=CARTESIAN_POINT('',(-0.0320803287203944,0.00660495135990315,0.0770866351212057));
#903=CARTESIAN_POINT('',(-0.0312108701055666,0.0067029316187065,0.0782089653459715));
#904=CARTESIAN_POINT('',(-0.0295918694177953,0.00672320969787331,0.0801310629738216));
#905=CARTESIAN_POINT('',(-0.0288428069354102,0.00664594705416253,0.0809303049303699));
#906=CARTESIAN_POINT('',(-0.0274533576288345,0.00638947828383283,0.0822455204056669));
#907=CARTESIAN_POINT('',(-0.0268135633144071,0.0062115253576219,0.0827617987347283));
#908=CARTESIAN_POINT('',(-0.0256057799508281,0.00580726997660322,0.0835837063447073));
#909=CARTESIAN_POINT('',(-0.0250372469312612,0.00558144690691272,0.0838913354144383));
#910=CARTESIAN_POINT('',(-0.0239035566666564,0.00508026028904021,0.0843678093016383));
#911=CARTESIAN_POINT('',(-0.0233368471958095,0.00480309837093199,0.0845375499788597));
#912=CARTESIAN_POINT('',(-0.0215450551839898,0.00384135085422859,0.0848602536658577));
#913=CARTESIAN_POINT('',(-0.0202108662331899,0.00300591246667482,0.0848271816137575));
#914=CARTESIAN_POINT('',(-0.0172019937502386,0.00095922625096491,0.083957624412349));
#915=CARTESIAN_POINT('',(-0.0155482171043021,-0.000243967988138829,0.0831111103424787));
#916=CARTESIAN_POINT('',(-0.0120427934462201,-0.00261419664464109,0.08033550888846));
#917=CARTESIAN_POINT('',(-0.0101919614327477,-0.0037711266354704,0.0784063713023278));
#918=CARTESIAN_POINT('',(-0.00621574979623009,-0.00552754153279719,0.0734045263533558));
#919=CARTESIAN_POINT('',(-0.00408581393074902,-0.00612611526699373,0.0703363656242702));
#920=CARTESIAN_POINT('',(0.00061560292269714,-0.00632777200890145,0.0631024050987247));
#921=CARTESIAN_POINT('',(0.00318815525837097,-0.00593205931231252,0.0589376444252149));
#922=CARTESIAN_POINT('',(0.00606063330208034,-0.0048441663362589,0.0542520384265809));
#923=CARTESIAN_POINT('',(0.00446151489738944,-0.00914811439598143,0.052272429518996));
#924=CARTESIAN_POINT('',(0.00879164191631164,-0.00914811439598143,0.054772429518996));
#925=CARTESIAN_POINT('',(-0.039102531048767,0.00914811439598144,0.072272429518996));
#926=CARTESIAN_POINT('',(-0.0359932687607685,0.00532746532307574,0.0714150330610285));
#927=CARTESIAN_POINT('',(-0.0821410254810544,-0.00914811439598142,-0.002272429518996));
#928=CARTESIAN_POINT('',(-0.0821410254810544,-0.00914811439598143,-0.00227242951899601));
#929=CARTESIAN_POINT('',(-0.0790317631930559,-0.0129687634688871,-0.0031298259769635));
#930=CARTESIAN_POINT('',(-0.0423551618746033,0.0123629413216491,-0.0337680159837255));
#931=CARTESIAN_POINT('',(-0.0423910128165605,0.0123700663588438,-0.0337684385813073));
#932=CARTESIAN_POINT('',(-0.0424486699903407,0.0123807971633043,-0.0337697089923513));
#933=CARTESIAN_POINT('',(-0.0425420777792748,0.0123985158401786,-0.0337714097943621));
#934=CARTESIAN_POINT('',(-0.0425887482326923,0.012407329480101,-0.0337722627829138));
#935=CARTESIAN_POINT('',(-0.0427286592806247,0.0124336335119895,-0.03377482941888));
#936=CARTESIAN_POINT('',(-0.0428217995628702,0.012450987016093,-0.0337765507366368));
#937=CARTESIAN_POINT('',(-0.0431008192451887,0.0125025016367059,-0.0337817446320153));
#938=CARTESIAN_POINT('',(-0.0432862974816986,0.012536116862099,-0.0337852471520846));
#939=CARTESIAN_POINT('',(-0.0438411281832015,0.0126347922286372,-0.0337958685568795));
#940=CARTESIAN_POINT('',(-0.0442088766543581,0.0126976820699524,-0.0338031012917169));
#941=CARTESIAN_POINT('',(-0.0453057107520168,0.0128777760694796,-0.0338252073035175));
#942=CARTESIAN_POINT('',(-0.0460283853064504,0.0129864048579623,-0.0338404884896836));
#943=CARTESIAN_POINT('',(-0.0481707933746659,0.0132788294182872,-0.0338875795046285));
#944=CARTESIAN_POINT('',(-0.0495649157129326,0.01342916566419,-0.0339206389563009));
#945=CARTESIAN_POINT('',(-0.0536449165129188,0.0137529664888543,-0.0340216739662006));
#946=CARTESIAN_POINT('',(-0.0562285156456491,0.0137992455167119,-0.0340915645706984));
#947=CARTESIAN_POINT('',(-0.063567969622436,0.013481278347712,-0.0342821050299218));
#948=CARTESIAN_POINT('',(-0.0679140508869505,0.0126591399908255,-0.0343857961122345));
#949=CARTESIAN_POINT('',(-0.0754652190273407,0.0100772807151568,-0.0343686409382019));
#950=CARTESIAN_POINT('',(-0.0786672920295427,0.00831247087917386,-0.0342480720285647));
#951=CARTESIAN_POINT('',(-0.083861842124712,0.0042198054917239,-0.0335256469021308));
#952=CARTESIAN_POINT('',(-0.085850644208688,0.00189602544354475,-0.0329168131038085));
#953=CARTESIAN_POINT('',(-0.0879637607417896,-0.00159404503706883,-0.0314582916977104));
#954=CARTESIAN_POINT('',(-0.0885246610267343,-0.0027577368338362,-0.0308823320503626));
#955=CARTESIAN_POINT('',(-0.0893682848514481,-0.00502061357080128,-0.0295349901910574));
#956=CARTESIAN_POINT('',(-0.0896509491122426,-0.00612024879949844,-0.0287633085355053));
#957=CARTESIAN_POINT('',(-0.0899358041553505,-0.00818788934815118,-0.0270196802372956));
#958=CARTESIAN_POINT('',(-0.0899370747581196,-0.00915547094974978,-0.0260474726131159));
#959=CARTESIAN_POINT('',(-0.0896603517640294,-0.010884035824493,-0.0239208027512946));
#960=CARTESIAN_POINT('',(-0.0893822695458605,-0.0116439663373961,-0.0227673603236305));
#961=CARTESIAN_POINT('',(-0.0885738556699399,-0.0129012712845616,-0.0203105994078177));
#962=CARTESIAN_POINT('',(-0.0880444594862956,-0.013399011813121,-0.0190081097863589));
#963=CARTESIAN_POINT('',(-0.086770730755158,-0.0141109064897129,-0.0162646715783132));
#964=CARTESIAN_POINT('',(-0.0860267363244093,-0.0143259076039801,-0.0148233742348932));
#965=CARTESIAN_POINT('',(-0.0843473787809919,-0.0144625178047582,-0.0117847774971705));
#966=CARTESIAN_POINT('',(-0.0834118289363827,-0.0143844031134357,-0.0101869724971886));
#967=CARTESIAN_POINT('',(-0.0818717136701722,-0.014033843907232,-0.007650901162759));
#968=CARTESIAN_POINT('',(-0.0813354578374695,-0.0138780137459433,-0.00678227409449563));
#969=CARTESIAN_POINT('',(-0.0804970606016408,-0.0135833992255554,-0.00544159770584828));
#970=CARTESIAN_POINT('',(-0.0802119231270639,-0.0134750449872609,-0.00498841666061525));
#971=CARTESIAN_POINT('',(-0.0797757278477766,-0.0132969513457299,-0.00429886503682409));
#972=CARTESIAN_POINT('',(-0.0796289144595008,-0.0132349928387144,-0.00406738455551835));
#973=CARTESIAN_POINT('',(-0.0794065733164289,-0.0131381197502889,-0.00371767628283147));
#974=CARTESIAN_POINT('',(-0.0793321060861302,-0.0131051728187117,-0.00360069227204592));
#975=CARTESIAN_POINT('',(-0.0792198750904716,-0.0130547628953139,-0.00342458909442401));
#976=CARTESIAN_POINT('',(-0.0791823763998905,-0.0130377946656796,-0.0033657835086709));
#977=CARTESIAN_POINT('',(-0.079107202318227,-0.0130035274071954,-0.00324796240798077));
#978=CARTESIAN_POINT('',(-0.0790631106119431,-0.0129827951933027,-0.00318097740415287));
#979=CARTESIAN_POINT('',(-0.079031763193056,-0.0129687634688871,-0.00312982597696349));
#980=CARTESIAN_POINT('',(-0.0439219910230127,0.00499158973363363,-0.0403413121268759));
#981=CARTESIAN_POINT('',(-0.0439560672762735,0.0049974734717745,-0.0403407657406125));
#982=CARTESIAN_POINT('',(-0.0440083961163522,0.00500448099850563,-0.0403391257736967));
#983=CARTESIAN_POINT('',(-0.0440946880676446,0.00501723698051398,-0.040336936908506));
#984=CARTESIAN_POINT('',(-0.0441377963284262,0.00502356990424512,-0.0403358416239721));
#985=CARTESIAN_POINT('',(-0.0442670079584274,0.00504243371690548,-0.0403325530828909));
#986=CARTESIAN_POINT('',(-0.0443529981753438,0.00505482964725102,-0.0403303571389497));
#987=CARTESIAN_POINT('',(-0.0446105161533217,0.00509147955097729,-0.040323757501797));
#988=CARTESIAN_POINT('',(-0.044781591242295,0.00511519563659347,-0.0403193420044035));
#989=CARTESIAN_POINT('',(-0.045293005287714,0.00518420793244957,-0.0403060398094344));
#990=CARTESIAN_POINT('',(-0.0456315330340051,0.0052273681744408,-0.0402970974275684));
#991=CARTESIAN_POINT('',(-0.0466398667599933,0.00534842999445951,-0.0402699789958712));
#992=CARTESIAN_POINT('',(-0.0473024234239231,0.00541791252633042,-0.0402515119741419));
#993=CARTESIAN_POINT('',(-0.0492610518735672,0.00559368827453023,-0.0401943875462188));
#994=CARTESIAN_POINT('',(-0.0505280857830432,0.00566730632580834,-0.0401540124165965));
#995=CARTESIAN_POINT('',(-0.054212558084326,0.00576559408260679,-0.0400213466040516));
#996=CARTESIAN_POINT('',(-0.0565134417026484,0.00566758655611962,-0.0399176214194277));
#997=CARTESIAN_POINT('',(-0.062943636115864,0.0049508094393828,-0.0395197860745698));
#998=CARTESIAN_POINT('',(-0.0666012798460245,0.00390333335238244,-0.0391397350032397));
#999=CARTESIAN_POINT('',(-0.0725994137235199,0.00111587560633955,-0.037899622543729));
#1000=CARTESIAN_POINT('',(-0.0749321244736897,-0.000629628000528586,-0.0370272116322629));
#1001=CARTESIAN_POINT('',(-0.0782756515165096,-0.00409636586175473,-0.0346534742212377));
#1002=CARTESIAN_POINT('',(-0.0792803844050815,-0.00579096246963063,-0.0331435133517305));
#1003=CARTESIAN_POINT('',(-0.0800513516064703,-0.00771167494491055,-0.0307195370089995));
#1004=CARTESIAN_POINT('',(-0.0801889739063256,-0.00825163441971804,-0.0298909385038141));
#1005=CARTESIAN_POINT('',(-0.0802950040193099,-0.00910872031213448,-0.0282651831935531));
#1006=CARTESIAN_POINT('',(-0.0802641318245606,-0.00942612808901105,-0.0274696091059209));
#1007=CARTESIAN_POINT('',(-0.0801025302398857,-0.00987668285483557,-0.025938229608117));
#1008=CARTESIAN_POINT('',(-0.0799731356337047,-0.010011624183358,-0.0252027257635624));
#1009=CARTESIAN_POINT('',(-0.0796512178316764,-0.0101695946422661,-0.0237377994544101));
#1010=CARTESIAN_POINT('',(-0.0794585665031965,-0.0101947824495133,-0.0230061831051904));
#1011=CARTESIAN_POINT('',(-0.0789870547308183,-0.0101710564268927,-0.0214403015629728));
#1012=CARTESIAN_POINT('',(-0.0787065593389045,-0.0101216912679006,-0.0206042238301293));
#1013=CARTESIAN_POINT('',(-0.0780078611124661,-0.00991888912052303,-0.0187393220974681));
#1014=CARTESIAN_POINT('',(-0.0775890005600602,-0.00976411244227078,-0.0177107312781994));
#1015=CARTESIAN_POINT('',(-0.0765755226238998,-0.0092890005159763,-0.0154145380093219));
#1016=CARTESIAN_POINT('',(-0.0759810754400784,-0.00896816513752197,-0.0141475916574362));
#1017=CARTESIAN_POINT('',(-0.0749428916920711,-0.00831664464285584,-0.0120514258402329));
#1018=CARTESIAN_POINT('',(-0.0745725232540165,-0.00807112694119243,-0.0113201964230584));
#1019=CARTESIAN_POINT('',(-0.073979422466281,-0.00765500776439416,-0.0101730940042365));
#1020=CARTESIAN_POINT('',(-0.0737754684161253,-0.00750833007895169,-0.00978235304710364));
#1021=CARTESIAN_POINT('',(-0.0734600538940632,-0.00727571132983057,-0.00918351412472423));
#1022=CARTESIAN_POINT('',(-0.0733533353495397,-0.00719607150913068,-0.00898178000831936));
#1023=CARTESIAN_POINT('',(-0.0731908758443193,-0.00707338188654939,-0.00867597702438861));
#1024=CARTESIAN_POINT('',(-0.0731363257390899,-0.00703194703795042,-0.00857350906643995));
#1025=CARTESIAN_POINT('',(-0.0730539038822161,-0.00696897742650496,-0.00841900421309071));
#1026=CARTESIAN_POINT('',(-0.0730263304807477,-0.0069478513334023,-0.00836736877617328));
#1027=CARTESIAN_POINT('',(-0.0729709845716227,-0.00690532506094005,-0.0082638298551469));
#1028=CARTESIAN_POINT('',(-0.0729417415347568,-0.00687845513068561,-0.0082074984845963));
#1029=CARTESIAN_POINT('',(-0.0729153399018514,-0.00686238684039877,-0.00815988865985933));
#1030=CARTESIAN_POINT('',(-0.0452886561383809,-0.0014380641177017,-0.0328052801594249));
#1031=CARTESIAN_POINT('',(-0.0453209977703587,-0.00143155845317581,-0.0328038885779978));
#1032=CARTESIAN_POINT('',(-0.0453681208949985,-0.00142267976093269,-0.0327997113665451));
#1033=CARTESIAN_POINT('',(-0.045447466973208,-0.00140741447789614,-0.0327941350832762));
#1034=CARTESIAN_POINT('',(-0.0454871004550621,-0.00139982149226593,-0.0327913444300362));
#1035=CARTESIAN_POINT('',(-0.045605882249049,-0.0013771611844232,-0.0327829648020888));
#1036=CARTESIAN_POINT('',(-0.0456849119095402,-0.00136221251139631,-0.0327773681591973));
#1037=CARTESIAN_POINT('',(-0.0459215264481798,-0.00131783853653551,-0.0327605464894292));
#1038=CARTESIAN_POINT('',(-0.0460786368824517,-0.00128888528064175,-0.0327492897219663));
#1039=CARTESIAN_POINT('',(-0.0465480717570369,-0.00120389321723657,-0.0327153838929366));
#1040=CARTESIAN_POINT('',(-0.0468584997519816,-0.00114972214109792,-0.0326925993122607));
#1041=CARTESIAN_POINT('',(-0.0477822093463863,-0.000994515030273228,-0.0326236347027207));
#1042=CARTESIAN_POINT('',(-0.0483879162650077,-0.000900785563199617,-0.0325768439169015));
#1043=CARTESIAN_POINT('',(-0.0501748396894459,-0.000647488921429311,-0.0324334739911325));
#1044=CARTESIAN_POINT('',(-0.0513258536904399,-0.000515821383108991,-0.0323338985896358));
#1045=CARTESIAN_POINT('',(-0.0546590752361622,-0.000221467268824191,-0.0320186940770714));
#1046=CARTESIAN_POINT('',(-0.0567213632052718,-0.00015958475479644,-0.0317865757978997));
#1047=CARTESIAN_POINT('',(-0.0624397593394879,-0.000284465683143179,-0.0309880663458409));
#1048=CARTESIAN_POINT('',(-0.0656250494237727,-0.000785533745747013,-0.0303158942767922));
#1049=CARTESIAN_POINT('',(-0.0708465798699171,-0.00205611398509257,-0.0285366784997883));
#1050=CARTESIAN_POINT('',(-0.0728810685806967,-0.0028209702808993,-0.0274167305773122));
#1051=CARTESIAN_POINT('',(-0.0760027686602621,-0.00396550958109189,-0.0248459751768624));
#1052=CARTESIAN_POINT('',(-0.0770912466418747,-0.00432670595433151,-0.0234004884954106));
#1053=CARTESIAN_POINT('',(-0.0782465563021606,-0.00429797074863827,-0.021469938978649));
#1054=CARTESIAN_POINT('',(-0.0785523284788422,-0.00419735330949388,-0.0208697501290667));
#1055=CARTESIAN_POINT('',(-0.0790658594909423,-0.00383637739060097,-0.0198278111437071));
#1056=CARTESIAN_POINT('',(-0.0792744568756333,-0.00357539970069379,-0.0193882426155479));
#1057=CARTESIAN_POINT('',(-0.0796762528385785,-0.00298078213161904,-0.018672983272369));
#1058=CARTESIAN_POINT('',(-0.079872626558923,-0.00264978403699576,-0.0183981159892209));
#1059=CARTESIAN_POINT('',(-0.0802929490178563,-0.00205167156609963,-0.0178899782686328));
#1060=CARTESIAN_POINT('',(-0.0805169468655855,-0.00178882139533464,-0.0176524743297106));
#1061=CARTESIAN_POINT('',(-0.0809240713101532,-0.00139099131290163,-0.0170130031455051));
#1062=CARTESIAN_POINT('',(-0.0811036920100384,-0.00125482789067008,-0.0166075656297103));
#1063=CARTESIAN_POINT('',(-0.0813046014568387,-0.00103672219686994,-0.0154867228558041));
#1064=CARTESIAN_POINT('',(-0.0813245562518008,-0.000951746308566171,-0.0147722482940078));
#1065=CARTESIAN_POINT('',(-0.0811296129128972,-0.000708400716929397,-0.0129895794140635));
#1066=CARTESIAN_POINT('',(-0.080915258442323,-0.000548978442895812,-0.0119230524066391));
#1067=CARTESIAN_POINT('',(-0.0803959174991841,-0.000171082827685207,-0.010061779487604));
#1068=CARTESIAN_POINT('',(-0.0801901186066525,-2.21827527450172E-5,-0.00939797698589612));
#1069=CARTESIAN_POINT('',(-0.0798314920239484,0.000244126786446849,-0.00833831686368989));
#1070=CARTESIAN_POINT('',(-0.0797036383195627,0.000340045022471182,-0.00797443956210739));
#1071=CARTESIAN_POINT('',(-0.0794993522079439,0.000495618629335486,-0.00741278210983972));
#1072=CARTESIAN_POINT('',(-0.0794291730167398,0.000549425249408301,-0.00722292267610672));
#1073=CARTESIAN_POINT('',(-0.0793207772931293,0.000633174660354514,-0.00693419057224863));
#1074=CARTESIAN_POINT('',(-0.0792841242520288,0.000661597674956416,-0.00683728937323333));
#1075=CARTESIAN_POINT('',(-0.0792283630357534,0.000705006244042803,-0.00669095395554622));
#1076=CARTESIAN_POINT('',(-0.0792096456891937,0.000719604772757893,-0.00664201154602092));
#1077=CARTESIAN_POINT('',(-0.0791719504699503,0.000749062188171436,-0.0065437992022117));
#1078=CARTESIAN_POINT('',(-0.0791558840894068,0.000766116920434825,-0.00649140347506707));
#1079=CARTESIAN_POINT('',(-0.0791338644778485,0.000778911305412615,-0.00644509574392438));
#1080=CARTESIAN_POINT('',(-0.0437218269899716,0.00593328747031376,-0.0262319840162745));
#1081=CARTESIAN_POINT('',(-0.0437559433106458,0.00594103443389347,-0.0262315614186927));
#1082=CARTESIAN_POINT('',(-0.0438083947689871,0.00595363640386599,-0.0262302945851998));
#1083=CARTESIAN_POINT('',(-0.0438948566848381,0.00597386438176844,-0.0262286079691324));
#1084=CARTESIAN_POINT('',(-0.0439380523593282,0.00598393808359004,-0.0262277655889781));
#1085=CARTESIAN_POINT('',(-0.0440675335712464,0.00601403861066071,-0.0262252411380779));
#1086=CARTESIAN_POINT('',(-0.0441537132970667,0.00603394485744573,-0.0262235617568842));
#1087=CARTESIAN_POINT('',(-0.0444118295400468,0.00609318354919294,-0.0262185336196476));
#1088=CARTESIAN_POINT('',(-0.0445833431218549,0.00613203594486396,-0.0262151948696481));
#1089=CARTESIAN_POINT('',(-0.045096194652525,0.00624669107895074,-0.0262052126403804));
#1090=CARTESIAN_POINT('',(-0.0454358433723339,0.00632059175441416,-0.0261986031764086));
#1091=CARTESIAN_POINT('',(-0.046448053338411,0.0065348310447459,-0.0261788630103683));
#1092=CARTESIAN_POINT('',(-0.0471138781475351,0.00666770676843106,-0.0261658204324431));
#1093=CARTESIAN_POINT('',(-0.0490845811905446,0.00703765222233003,-0.0261266659495423));
#1094=CARTESIAN_POINT('',(-0.050362683620327,0.00724603795527214,-0.0261005251293413));
#1095=CARTESIAN_POINT('',(-0.0540914336647595,0.00776590513742451,-0.0260190214392182));
#1096=CARTESIAN_POINT('',(-0.0564364371482766,0.00797207420579482,-0.0259605189491644));
#1097=CARTESIAN_POINT('',(-0.0630640928460518,0.00824600322518806,-0.0257503853012051));
#1098=CARTESIAN_POINT('',(-0.0669378204646986,0.00797027289269445,-0.0255619553857743));
#1099=CARTESIAN_POINT('',(-0.0737123851737378,0.00690529112372632,-0.025005696894274));
#1100=CARTESIAN_POINT('',(-0.0766162361365393,0.00612112859880058,-0.0246375909736063));
#1101=CARTESIAN_POINT('',(-0.0815889592684748,0.00435066177238931,-0.0237181478577632));
#1102=CARTESIAN_POINT('',(-0.0836615064454812,0.00336028195884596,-0.0231737882474887));
#1103=CARTESIAN_POINT('',(-0.08615896543748,0.00181965915920239,-0.0222086936673599));
#1104=CARTESIAN_POINT('',(-0.086888015599247,0.00129654427638891,-0.0218611436756162));
#1105=CARTESIAN_POINT('',(-0.0881391403230844,0.000251729350731276,-0.0210976181412104));
#1106=CARTESIAN_POINT('',(-0.0886612741633116,-0.000269520411180711,-0.0206819420451324));
#1107=CARTESIAN_POINT('',(-0.0895095267540471,-0.00129198862493511,-0.0197544339015476));
#1108=CARTESIAN_POINT('',(-0.089836565683338,-0.00179363080338842,-0.0192428628387725));
#1109=CARTESIAN_POINT('',(-0.0903020829502093,-0.00276611274832559,-0.0180729815655192));
#1110=CARTESIAN_POINT('',(-0.0904406499082454,-0.0032380052832169,-0.0174136515481508));
#1111=CARTESIAN_POINT('',(-0.0905108722492788,-0.00412120617057095,-0.01588330099035));
#1112=CARTESIAN_POINT('',(-0.0904415921574296,-0.00453214843589043,-0.0150114515859398));
#1113=CARTESIAN_POINT('',(-0.0900674710995306,-0.00522873956605981,-0.0130120723366491));
#1114=CARTESIAN_POINT('',(-0.0897622920161553,-0.00551354147027682,-0.0118848912507042));
#1115=CARTESIAN_POINT('',(-0.0889014690699841,-0.00588191800570999,-0.0093598189019095));
#1116=CARTESIAN_POINT('',(-0.0883460119386147,-0.00596521641880957,-0.00796243324639471));
#1117=CARTESIAN_POINT('',(-0.0873247394772914,-0.00588828209206136,-0.00566125481012843));
#1118=CARTESIAN_POINT('',(-0.086953053190109,-0.00582906955749768,-0.00486005465733158));
#1119=CARTESIAN_POINT('',(-0.0863491301593065,-0.0056842646747135,-0.00360682056530255));
#1120=CARTESIAN_POINT('',(-0.0861400930305031,-0.00562666988583662,-0.00318050317561898));
#1121=CARTESIAN_POINT('',(-0.0858150261616565,-0.00552562138656449,-0.00252813302193958));
#1122=CARTESIAN_POINT('',(-0.085704752126701,-0.0054894960801759,-0.00230852722330573));
#1123=CARTESIAN_POINT('',(-0.085536474765239,-0.00543156320338478,-0.00197588983069149));
#1124=CARTESIAN_POINT('',(-0.0854799045990692,-0.00541162810580485,-0.00186447257883931));
#1125=CARTESIAN_POINT('',(-0.085394334244009,-0.00538077922476611,-0.00169653883687951));
#1126=CARTESIAN_POINT('',(-0.0853656916083364,-0.00537033855951944,-0.00164042627851854));
#1127=CARTESIAN_POINT('',(-0.0853081682165545,-0.00534914015808389,-0.00152793175504557));
#1128=CARTESIAN_POINT('',(-0.085277253166593,-0.00533822314218228,-0.00146488239462362));
#1129=CARTESIAN_POINT('',(-0.0852502877690529,-0.00532746532307573,-0.00141503306102852));
#1130=CARTESIAN_POINT('',(-0.0421549978415621,0.0133046390583292,-0.0196586878731241));
#1131=CARTESIAN_POINT('',(-0.0421908888509328,0.0133136273209627,-0.0196592342593875));
#1132=CARTESIAN_POINT('',(-0.0422486686429756,0.0133299525686647,-0.0196608778038543));
#1133=CARTESIAN_POINT('',(-0.0423422463964681,0.013355143241433,-0.0196630808549885));
#1134=CARTESIAN_POINT('',(-0.0423890042635943,0.013367697659446,-0.0196641867479198));
#1135=CARTESIAN_POINT('',(-0.0425291848934438,0.0134052384057446,-0.0196675174740668));
#1136=CARTESIAN_POINT('',(-0.0426225146845931,0.0134301022262878,-0.0196697553545712));
#1137=CARTESIAN_POINT('',(-0.0429021326319138,0.0135042056349214,-0.019676520749866));
#1138=CARTESIAN_POINT('',(-0.043088049361258,0.0135529571703697,-0.0196811000173299));
#1139=CARTESIAN_POINT('',(-0.0436443175480131,0.013697275375138,-0.0196950413878243));
#1140=CARTESIAN_POINT('',(-0.0440131869926862,0.0137909056499262,-0.0197046070405566));
#1141=CARTESIAN_POINT('',(-0.0451138973304358,0.014064177119765,-0.0197340913180159));
#1142=CARTESIAN_POINT('',(-0.0458398400300623,0.0142361991000617,-0.0197547969479847));
#1143=CARTESIAN_POINT('',(-0.0479943226916433,0.0147227933660894,-0.0198198579079521));
#1144=CARTESIAN_POINT('',(-0.0493995135502141,0.0150078972936533,-0.0198671516690467));
#1145=CARTESIAN_POINT('',(-0.0535237920933568,0.0157532775436732,-0.020019348801365));
#1146=CARTESIAN_POINT('',(-0.0561515110912813,0.0161037331663861,-0.0201344621004291));
#1147=CARTESIAN_POINT('',(-0.0636884263526155,0.0167764721335193,-0.0205127042565692));
#1148=CARTESIAN_POINT('',(-0.0682505915056246,0.0167260795311359,-0.0208080164947563));
#1149=CARTESIAN_POINT('',(-0.0765781904775585,0.0158666962325452,-0.0214747152887597));
#1150=CARTESIAN_POINT('',(-0.0803514036923819,0.0150632274785004,-0.0218584513699004));
#1151=CARTESIAN_POINT('',(-0.0871751498766874,0.0126668331258705,-0.0225903205386641));
#1152=CARTESIAN_POINT('',(-0.0902317662490877,0.0110472698720234,-0.0229470879995667));
#1153=CARTESIAN_POINT('',(-0.0940713745727992,0.00793728906704305,-0.0229474483560708));
#1154=CARTESIAN_POINT('',(-0.0952237027196518,0.00679044186227172,-0.0228525372221657));
#1155=CARTESIAN_POINT('',(-0.0972124211552264,0.00433983609206352,-0.0223674251387136));
#1156=CARTESIAN_POINT('',(-0.0980480914509899,0.00303635887833237,-0.0219756414747168));
#1157=CARTESIAN_POINT('',(-0.0993428006695156,0.000396804881748821,-0.0208358845307262));
#1158=CARTESIAN_POINT('',(-0.0998005048077529,-0.000937477569781072,-0.0200876096883241));
#1159=CARTESIAN_POINT('',(-0.100311216882562,-0.00348055393055156,-0.0182559848624055));
#1160=CARTESIAN_POINT('',(-0.100364352950905,-0.00468718917109915,-0.017174828766591));
#1161=CARTESIAN_POINT('',(-0.100097673188404,-0.00685142102824027,-0.0147535988351949));
#1162=CARTESIAN_POINT('',(-0.0997794923048206,-0.00780946898111079,-0.0134153375421694));
#1163=CARTESIAN_POINT('',(-0.0988303407422225,-0.00942075693524968,-0.0105374218174942));
#1164=CARTESIAN_POINT('',(-0.0982000277805097,-0.0100753366319875,-0.00899753420740054));
#1165=CARTESIAN_POINT('',(-0.0966733252270708,-0.0110554352944906,-0.00573005838975547));
#1166=CARTESIAN_POINT('',(-0.0957767654349062,-0.0113814543947233,-0.00400181408615031));
#1167=CARTESIAN_POINT('',(-0.0942535614553987,-0.0116054813564375,-0.0012607301326529));
#1168=CARTESIAN_POINT('',(-0.0937159877735654,-0.0116359563622503,-0.000322132328767025));
#1169=CARTESIAN_POINT('',(-0.0928667682946645,-0.0116126561358739,0.00112467573308479));
#1170=CARTESIAN_POINT('',(-0.0925765477414435,-0.0115933847941444,0.00161343321086942));
#1171=CARTESIAN_POINT('',(-0.092130700115369,-0.0115468614024645,0.00235651606596057));
#1172=CARTESIAN_POINT('',(-0.091980331236662,-0.0115284174097601,0.00260586822949528));
#1173=CARTESIAN_POINT('',(-0.0917521722373486,-0.0114963010671241,0.00298241091086565));
#1174=CARTESIAN_POINT('',(-0.0916756849461095,-0.0114848538865661,0.00310834421555472));
#1175=CARTESIAN_POINT('',(-0.0915603054522644,-0.011466564693575,0.00329787628178721));
#1176=CARTESIAN_POINT('',(-0.0915217375274791,-0.0114602818917968,0.00336115898898384));
#1177=CARTESIAN_POINT('',(-0.0914443859631587,-0.0114473425043392,0.00348793569212055));
#1178=CARTESIAN_POINT('',(-0.0913986222437792,-0.0114425632047994,0.00356163868581982));
#1179=CARTESIAN_POINT('',(-0.0913667110602574,-0.0114338419515641,0.00361502962186734));
#1180=CARTESIAN_POINT('',(-0.0407883327261939,0.0197342929096645,-0.0271947198405751));
#1181=CARTESIAN_POINT('',(-0.0408259583568475,0.019742659245913,-0.0271961114220022));
#1182=CARTESIAN_POINT('',(-0.0408889438643292,0.0197571133281029,-0.027200292211006));
#1183=CARTESIAN_POINT('',(-0.0409894674909048,0.0197797946998432,-0.0272058826802182));
#1184=CARTESIAN_POINT('',(-0.0410397001369584,0.019791089055957,-0.0272086839418554));
#1185=CARTESIAN_POINT('',(-0.0411903106028218,0.0198248333070735,-0.0272171057548691));
#1186=CARTESIAN_POINT('',(-0.0412906009503966,0.0198471443849349,-0.0272227443343239));
#1187=CARTESIAN_POINT('',(-0.0415911223370558,0.0199135237224345,-0.0272397317622335));
#1188=CARTESIAN_POINT('',(-0.041791003721102,0.0199570380876046,-0.0272511522997657));
#1189=CARTESIAN_POINT('',(-0.0423892510786888,0.0200853765248248,-0.0272856973043246));
#1190=CARTESIAN_POINT('',(-0.042786220274711,0.020167995965464,-0.0273091051558655));
#1191=CARTESIAN_POINT('',(-0.0439715547440403,0.0204071221444996,-0.0273804356111638));
#1192=CARTESIAN_POINT('',(-0.0447543471889776,0.0205548971895942,-0.0274294650052252));
#1193=CARTESIAN_POINT('',(-0.0470805348757645,0.0209639705620441,-0.0275807714630383));
#1194=CARTESIAN_POINT('',(-0.0486017456428219,0.0211910250025717,-0.0276872654960051));
#1195=CARTESIAN_POINT('',(-0.0530772749415115,0.0217403388951019,-0.0280220013283497));
#1196=CARTESIAN_POINT('',(-0.0559435895886498,0.0219309044773041,-0.0282655077219692));
#1197=CARTESIAN_POINT('',(-0.0641923031290078,0.0220117472560412,-0.0290444239852739));
#1198=CARTESIAN_POINT('',(-0.0692268219278764,0.0214149466292686,-0.0296318572212294));
#1199=CARTESIAN_POINT('',(-0.0783310243311613,0.0190386858239741,-0.0308376593326748));
#1200=CARTESIAN_POINT('',(-0.0824024595853957,0.0172545697588763,-0.0314689324248665));
#1201=CARTESIAN_POINT('',(-0.0894480327329143,0.0125359768452025,-0.0323978195830239));
#1202=CARTESIAN_POINT('',(-0.0924209040122946,0.00958301335672013,-0.0326901128558866));
#1203=CARTESIAN_POINT('',(-0.0958761698771089,0.00452358487077288,-0.0321970463864213));
#1204=CARTESIAN_POINT('',(-0.096860348147143,0.00273616075204563,-0.0318737255969112));
#1205=CARTESIAN_POINT('',(-0.0984415656835862,-0.000932506829468068,-0.0308047971885616));
#1206=CARTESIAN_POINT('',(-0.0990377663999246,-0.00281436950998582,-0.0300570079650897));
#1207=CARTESIAN_POINT('',(-0.0997690780708153,-0.00649909584146679,-0.0281011308664742));
#1208=CARTESIAN_POINT('',(-0.0999010138825345,-0.0082993177161415,-0.0268922194626693));
#1209=CARTESIAN_POINT('',(-0.0996694856963822,-0.0115984770067199,-0.0241038060481791));
#1210=CARTESIAN_POINT('',(-0.0993059725885243,-0.0130931502252788,-0.0225285375420707));
#1211=CARTESIAN_POINT('',(-0.0981606566090615,-0.0156314861422304,-0.0191808972526626));
#1212=CARTESIAN_POINT('',(-0.0973823596336867,-0.0166763323583413,-0.0174119957425883));
#1213=CARTESIAN_POINT('',(-0.0955336003978498,-0.0183029238589028,-0.0137900210591582));
#1214=CARTESIAN_POINT('',(-0.0944644720887585,-0.0188877027656894,-0.0119360171915869));
#1215=CARTESIAN_POINT('',(-0.092119234938084,-0.0196360350935401,-0.00815501698501912));
#1216=CARTESIAN_POINT('',(-0.090842582432687,-0.0198006410893495,-0.00622635333694102));
#1217=CARTESIAN_POINT('',(-0.0888005356482731,-0.0197510431716081,-0.00325037648528505));
#1218=CARTESIAN_POINT('',(-0.0880983924209225,-0.0196849005506943,-0.00224435176593281));
#1219=CARTESIAN_POINT('',(-0.0870146987370005,-0.0195117906867166,-0.000710101407460063));
#1220=CARTESIAN_POINT('',(-0.0866483778380024,-0.01944175989557,-0.000194480274126846));
#1221=CARTESIAN_POINT('',(-0.0860914018014901,-0.0193181913616292,0.000585784051076061));
#1222=CARTESIAN_POINT('',(-0.0859044935694619,-0.0192739141682982,0.000847010897282642));
#1223=CARTESIAN_POINT('',(-0.0856222707885385,-0.0192028576140284,0.00124062445872566));
#1224=CARTESIAN_POINT('',(-0.0855278864331704,-0.0191783985994729,0.00137212452234811));
#1225=CARTESIAN_POINT('',(-0.085385846298727,-0.0191405483641228,0.00156982602424272));
#1226=CARTESIAN_POINT('',(-0.0853384223190331,-0.019127737997957,0.00163580175883148));
#1227=CARTESIAN_POINT('',(-0.0852434200648312,-0.0191017297534507,0.00176790503918536));
#1228=CARTESIAN_POINT('',(-0.0851844796891294,-0.0190871352559198,0.00184554367629059));
#1229=CARTESIAN_POINT('',(-0.0851481864842605,-0.0190751400973755,0.00190023670593237));
#1230=CARTESIAN_POINT('',(-0.0423551618746033,0.0123629413216491,-0.0337680159837255));
#1231=CARTESIAN_POINT('',(-0.0423910128165605,0.0123700663588438,-0.0337684385813073));
#1232=CARTESIAN_POINT('',(-0.0424486699903407,0.0123807971633043,-0.0337697089923513));
#1233=CARTESIAN_POINT('',(-0.0425420777792748,0.0123985158401786,-0.0337714097943621));
#1234=CARTESIAN_POINT('',(-0.0425887482326923,0.012407329480101,-0.0337722627829138));
#1235=CARTESIAN_POINT('',(-0.0427286592806247,0.0124336335119895,-0.03377482941888));
#1236=CARTESIAN_POINT('',(-0.0428217995628702,0.012450987016093,-0.0337765507366368));
#1237=CARTESIAN_POINT('',(-0.0431008192451887,0.0125025016367059,-0.0337817446320153));
#1238=CARTESIAN_POINT('',(-0.0432862974816986,0.012536116862099,-0.0337852471520846));
#1239=CARTESIAN_POINT('',(-0.0438411281832015,0.0126347922286372,-0.0337958685568795));
#1240=CARTESIAN_POINT('',(-0.0442088766543581,0.0126976820699524,-0.0338031012917169));
#1241=CARTESIAN_POINT('',(-0.0453057107520168,0.0128777760694796,-0.0338252073035175));
#1242=CARTESIAN_POINT('',(-0.0460283853064504,0.0129864048579623,-0.0338404884896836));
#1243=CARTESIAN_POINT('',(-0.0481707933746659,0.0132788294182872,-0.0338875795046285));
#1244=CARTESIAN_POINT('',(-0.0495649157129326,0.01342916566419,-0.0339206389563009));
#1245=CARTESIAN_POINT('',(-0.0536449165129188,0.0137529664888543,-0.0340216739662006));
#1246=CARTESIAN_POINT('',(-0.0562285156456491,0.0137992455167119,-0.0340915645706984));
#1247=CARTESIAN_POINT('',(-0.063567969622436,0.013481278347712,-0.0342821050299218));
#1248=CARTESIAN_POINT('',(-0.0679140508869505,0.0126591399908255,-0.0343857961122345));
#1249=CARTESIAN_POINT('',(-0.0754652190273407,0.0100772807151568,-0.0343686409382019));
#1250=CARTESIAN_POINT('',(-0.0786672920295427,0.00831247087917386,-0.0342480720285647));
#1251=CARTESIAN_POINT('',(-0.083861842124712,0.0042198054917239,-0.0335256469021308));
#1252=CARTESIAN_POINT('',(-0.085850644208688,0.00189602544354475,-0.0329168131038085));
#1253=CARTESIAN_POINT('',(-0.0879637607417896,-0.00159404503706883,-0.0314582916977104));
#1254=CARTESIAN_POINT('',(-0.0885246610267343,-0.0027577368338362,-0.0308823320503626));
#1255=CARTESIAN_POINT('',(-0.0893682848514481,-0.00502061357080128,-0.0295349901910574));
#1256=CARTESIAN_POINT('',(-0.0896509491122426,-0.00612024879949844,-0.0287633085355053));
#1257=CARTESIAN_POINT('',(-0.0899358041553505,-0.00818788934815118,-0.0270196802372956));
#1258=CARTESIAN_POINT('',(-0.0899370747581196,-0.00915547094974978,-0.0260474726131159));
#1259=CARTESIAN_POINT('',(-0.0896603517640294,-0.010884035824493,-0.0239208027512946));
#1260=CARTESIAN_POINT('',(-0.0893822695458605,-0.0116439663373961,-0.0227673603236305));
#1261=CARTESIAN_POINT('',(-0.0885738556699399,-0.0129012712845616,-0.0203105994078177));
#1262=CARTESIAN_POINT('',(-0.0880444594862956,-0.013399011813121,-0.0190081097863589));
#1263=CARTESIAN_POINT('',(-0.086770730755158,-0.0141109064897129,-0.0162646715783132));
#1264=CARTESIAN_POINT('',(-0.0860267363244093,-0.0143259076039801,-0.0148233742348932));
#1265=CARTESIAN_POINT('',(-0.0843473787809919,-0.0144625178047582,-0.0117847774971705));
#1266=CARTESIAN_POINT('',(-0.0834118289363827,-0.0143844031134357,-0.0101869724971886));
#1267=CARTESIAN_POINT('',(-0.0818717136701722,-0.014033843907232,-0.007650901162759));
#1268=CARTESIAN_POINT('',(-0.0813354578374695,-0.0138780137459433,-0.00678227409449563));
#1269=CARTESIAN_POINT('',(-0.0804970606016408,-0.0135833992255554,-0.00544159770584828));
#1270=CARTESIAN_POINT('',(-0.0802119231270639,-0.0134750449872609,-0.00498841666061525));
#1271=CARTESIAN_POINT('',(-0.0797757278477766,-0.0132969513457299,-0.00429886503682409));
#1272=CARTESIAN_POINT('',(-0.0796289144595008,-0.0132349928387144,-0.00406738455551835));
#1273=CARTESIAN_POINT('',(-0.0794065733164289,-0.0131381197502889,-0.00371767628283147));
#1274=CARTESIAN_POINT('',(-0.0793321060861302,-0.0131051728187117,-0.00360069227204592));
#1275=CARTESIAN_POINT('',(-0.0792198750904716,-0.0130547628953139,-0.00342458909442401));
#1276=CARTESIAN_POINT('',(-0.0791823763998905,-0.0130377946656796,-0.0033657835086709));
#1277=CARTESIAN_POINT('',(-0.079107202318227,-0.0130035274071954,-0.00324796240798077));
#1278=CARTESIAN_POINT('',(-0.0790631106119431,-0.0129827951933027,-0.00318097740415287));
#1279=CARTESIAN_POINT('',(-0.079031763193056,-0.0129687634688871,-0.00312982597696349));
#1280=CARTESIAN_POINT('',(-0.0430384944322875,0.00914811439598143,-0.03));
#1281=CARTESIAN_POINT('',(-0.0423551618746033,0.0123629413216491,-0.0337680159837255));
#1282=CARTESIAN_POINT('',(0.0430384944322875,-0.00914811439598144,-0.03));
#1283=CARTESIAN_POINT('',(0.0430384944322875,-0.00914811439598144,-0.03));
#1284=CARTESIAN_POINT('',(0.0437218269899716,-0.00593328747031377,-0.0337680159837255));
#1285=CARTESIAN_POINT('',(0.0786888108115497,0.00664220486331336,-0.00488061495905577));
#1286=CARTESIAN_POINT('',(0.0787158145883791,0.00665583071907426,-0.00492944890866229));
#1287=CARTESIAN_POINT('',(0.0787468576500316,0.00667536249181443,-0.00498945642416812));
#1288=CARTESIAN_POINT('',(0.0788045829858517,0.00670807416173896,-0.00509790110363158));
#1289=CARTESIAN_POINT('',(0.0788333384847745,0.00672428160979091,-0.00515199123433816));
#1290=CARTESIAN_POINT('',(0.0789192834667488,0.00677246119318844,-0.00531386547505612));
#1291=CARTESIAN_POINT('',(0.0789761514332387,0.00680399056556791,-0.00542125343361443));
#1292=CARTESIAN_POINT('',(0.0791454692680532,0.00689682690630889,-0.00574183650847523));
#1293=CARTESIAN_POINT('',(0.0792566330410827,0.00695638206290668,-0.00595345082166919));
#1294=CARTESIAN_POINT('',(0.0795849810656708,0.0071281957362049,-0.00658200103254306));
#1295=CARTESIAN_POINT('',(0.0797970214500231,0.00723360183998788,-0.00699264409192042));
#1296=CARTESIAN_POINT('',(0.0804125951039625,0.007523675518311,-0.00819964831396706));
#1297=CARTESIAN_POINT('',(0.0807955684366523,0.00768218705187525,-0.00897107932734823));
#1298=CARTESIAN_POINT('',(0.0818628612937434,0.0080636037111462,-0.0111877435125562));
#1299=CARTESIAN_POINT('',(0.0824652092764046,0.00819221017242251,-0.0125350548515258));
#1300=CARTESIAN_POINT('',(0.0834610386555428,0.00825848401769389,-0.014984005617226));
#1301=CARTESIAN_POINT('',(0.0838543686051818,0.00819649845754995,-0.0160851382545276));
#1302=CARTESIAN_POINT('',(0.0844545424663719,0.00794432560257426,-0.0180718849795728));
#1303=CARTESIAN_POINT('',(0.0846618337521455,0.00775510645160403,-0.0189572581681554));
#1304=CARTESIAN_POINT('',(0.084923714793369,0.00729402401916142,-0.0205724225547926));
#1305=CARTESIAN_POINT('',(0.0849794507773711,0.00702251592949872,-0.0213034096243042));
#1306=CARTESIAN_POINT('',(0.0849578529079743,0.00639865964709727,-0.0226888630896432));
#1307=CARTESIAN_POINT('',(0.0848805506653987,0.00604486361730312,-0.0233447829117322));
#1308=CARTESIAN_POINT('',(0.0844198559534742,0.00482237661426939,-0.0252735676815037));
#1309=CARTESIAN_POINT('',(0.0838025144756543,0.00377295571344781,-0.0265212265283111));
#1310=CARTESIAN_POINT('',(0.081650075362059,0.00127916548620185,-0.0288193248029814));
#1311=CARTESIAN_POINT('',(0.0801125626366389,-0.00015680013150444,-0.0298466878920856));
#1312=CARTESIAN_POINT('',(0.0759307933562508,-0.00293602177876195,-0.031472244452715));
#1313=CARTESIAN_POINT('',(0.0732882290346178,-0.0042675477020775,-0.0320722064425587));
#1314=CARTESIAN_POINT('',(0.0668419373333424,-0.00629583760424849,-0.0329281096660122));
#1315=CARTESIAN_POINT('',(0.0630409800216632,-0.00699350735004906,-0.0331902681433686));
#1316=CARTESIAN_POINT('',(0.0564594974257721,-0.00725328346725445,-0.0334643130338469));
#1317=CARTESIAN_POINT('',(0.0541190387995953,-0.00720939340524715,-0.0335359021095969));
#1318=CARTESIAN_POINT('',(0.0503867384575943,-0.00691258723161891,-0.0336295061979747));
#1319=CARTESIAN_POINT('',(0.049105701507479,-0.00677517239646614,-0.033658403103971));
#1320=CARTESIAN_POINT('',(0.0471285222472233,-0.00650703625651659,-0.0337002019910327));
#1321=CARTESIAN_POINT('',(0.0464601917978907,-0.0064073225111558,-0.0337138767043649));
#1322=CARTESIAN_POINT('',(0.0454437623314611,-0.0062417174553592,-0.0337342357829106));
#1323=CARTESIAN_POINT('',(0.0451026302080851,-0.00618384339511246,-0.0337409966140775));
#1324=CARTESIAN_POINT('',(0.0445874450821738,-0.006092957522842,-0.0337511286039753));
#1325=CARTESIAN_POINT('',(0.0444151355499319,-0.00606198310357021,-0.0337545043893314));
#1326=CARTESIAN_POINT('',(0.0441557990789201,-0.0060144945200052,-0.0337595693639988));
#1327=CARTESIAN_POINT('',(0.0440692082264681,-0.00599849383316097,-0.0337612579048782));
#1328=CARTESIAN_POINT('',(0.0439391038498931,-0.0059742350325946,-0.0337637914909059));
#1329=CARTESIAN_POINT('',(0.0438956993747192,-0.0059661058040363,-0.0337646361486895));
#1330=CARTESIAN_POINT('',(0.0438088177159463,-0.00594976125160884,-0.0337663257975196));
#1331=CARTESIAN_POINT('',(0.0437560490371951,-0.00594006627524452,-0.0337675933861437));
#1332=CARTESIAN_POINT('',(0.0437218269899716,-0.00593328747031377,-0.0337680159837255));
#1333=CARTESIAN_POINT('',(0.0733587510293247,0.0150421419189384,-0.00589625277808581));
#1334=CARTESIAN_POINT('',(0.0733907680258764,0.0150587346974228,-0.0059468578282377));
#1335=CARTESIAN_POINT('',(0.0734368825919296,0.0150871569748672,-0.00601221165143746));
#1336=CARTESIAN_POINT('',(0.0735147883912473,0.0151316945040393,-0.00612787356600948));
#1337=CARTESIAN_POINT('',(0.0735536660689917,0.0151538042293804,-0.00618560572466323));
#1338=CARTESIAN_POINT('',(0.0736700737256308,0.0152196574993959,-0.00635850750218278));
#1339=CARTESIAN_POINT('',(0.0737473783292362,0.0152629251433214,-0.00647338241970937));
#1340=CARTESIAN_POINT('',(0.0739783929055359,0.0153908339710705,-0.00681684205076149));
#1341=CARTESIAN_POINT('',(0.0741312036685441,0.0154735811395408,-0.00704426159893393));
#1342=CARTESIAN_POINT('',(0.0745860564198406,0.0157143194059663,-0.00772197066990781));
#1343=CARTESIAN_POINT('',(0.0748845194017105,0.0158648088032355,-0.008167709980384));
#1344=CARTESIAN_POINT('',(0.0757657139919242,0.0162867989405589,-0.00948764025902177));
#1345=CARTESIAN_POINT('',(0.0763342649469282,0.0165288498335126,-0.0103445367209495));
#1346=CARTESIAN_POINT('',(0.0779837718081028,0.0171404740079208,-0.0128536714860164));
#1347=CARTESIAN_POINT('',(0.0790090234453294,0.0173960274001202,-0.0144444869307153));
#1348=CARTESIAN_POINT('',(0.0809062508766475,0.0176088258145547,-0.0175030472199765));
#1349=CARTESIAN_POINT('',(0.0817784937097729,0.0175657651164198,-0.0189714449162743));
#1350=CARTESIAN_POINT('',(0.0833480467266235,0.0171741822055954,-0.0218146907040716));
#1351=CARTESIAN_POINT('',(0.0840449990484506,0.016824652884583,-0.0231900679949891));
#1352=CARTESIAN_POINT('',(0.0852231358612857,0.0158189242598111,-0.0258440693054103));
#1353=CARTESIAN_POINT('',(0.0857032638182419,0.015162243717559,-0.0271218880336318));
#1354=CARTESIAN_POINT('',(0.0864108876178786,0.0135759697714375,-0.0295451502978733));
#1355=CARTESIAN_POINT('',(0.0866385853032985,0.0126474507711971,-0.0306895900136844));
#1356=CARTESIAN_POINT('',(0.0869241870241707,0.00954224957615296,-0.0338744549760202));
#1357=CARTESIAN_POINT('',(0.0865992121657852,0.00703887919438434,-0.0356662060835947));
#1358=CARTESIAN_POINT('',(0.0847113977725156,0.00168568411028764,-0.0384412514787834));
#1359=CARTESIAN_POINT('',(0.0831231823535561,-0.00115678846772532,-0.0394100860733142));
#1360=CARTESIAN_POINT('',(0.0784702073899033,-0.00632170835391037,-0.0406161438031802));
#1361=CARTESIAN_POINT('',(0.0754140948253268,-0.00862741483041493,-0.0408687362276324));
#1362=CARTESIAN_POINT('',(0.0679874404483278,-0.0121305953217175,-0.0410244117849183));
#1363=CARTESIAN_POINT('',(0.0636249932535811,-0.0133389997771345,-0.040931447433441));
#1364=CARTESIAN_POINT('',(0.0562147999754881,-0.0141310134610449,-0.0407286095511686));
#1365=CARTESIAN_POINT('',(0.0535995543292045,-0.0142259322379084,-0.04064941235966));
#1366=CARTESIAN_POINT('',(0.0494655320016816,-0.0140927424675893,-0.0405304247454696));
#1367=CARTESIAN_POINT('',(0.0480522873580887,-0.014002418023194,-0.0404906950561969));
#1368=CARTESIAN_POINT('',(0.0458800307315719,-0.0137952392101764,-0.0404328916580015));
#1369=CARTESIAN_POINT('',(0.0451472113075278,-0.0137142302112652,-0.040413920922366));
#1370=CARTESIAN_POINT('',(0.0440349205597509,-0.013574435298196,-0.040386135249003));
#1371=CARTESIAN_POINT('',(0.0436619799170406,-0.0135247900359514,-0.040376985023226));
#1372=CARTESIAN_POINT('',(0.0430993071829199,-0.0134457065214061,-0.0403634546704758));
#1373=CARTESIAN_POINT('',(0.0429112059692547,-0.0134185760760034,-0.0403589770464718));
#1374=CARTESIAN_POINT('',(0.0426282391086074,-0.0133767208151389,-0.040352312751429));
#1375=CARTESIAN_POINT('',(0.0425337809812607,-0.0133625757958294,-0.0403501000096647));
#1376=CARTESIAN_POINT('',(0.0423918900772911,-0.013341067655922,-0.0403467943548552));
#1377=CARTESIAN_POINT('',(0.0423445591571165,-0.0133338498407858,-0.0403456947128738));
#1378=CARTESIAN_POINT('',(0.0422498294200341,-0.0133193172212547,-0.0403434999851496));
#1379=CARTESIAN_POINT('',(0.0421911794983794,-0.013310970313811,-0.0403418585131392));
#1380=CARTESIAN_POINT('',(0.0421549978415622,-0.0133046390583292,-0.0403413121268759));
#1381=CARTESIAN_POINT('',(0.0802631803683341,0.0200539609842745,-0.000679881897966354));
#1382=CARTESIAN_POINT('',(0.080299502076035,0.0200680913602587,-0.000733818854256979));
#1383=CARTESIAN_POINT('',(0.0803585378266483,0.0200890995565165,-0.000809192966128747));
#1384=CARTESIAN_POINT('',(0.0804536904277714,0.0201236794057621,-0.000938281145936642));
#1385=CARTESIAN_POINT('',(0.0805011984339226,0.0201407831298794,-0.00100275118729118));
#1386=CARTESIAN_POINT('',(0.0806435174773373,0.0201915360375354,-0.00119594140296041));
#1387=CARTESIAN_POINT('',(0.0807381235444308,0.0202246269658596,-0.00132444166600009));
#1388=CARTESIAN_POINT('',(0.0810211209556229,0.0203216690773423,-0.00170908081264224));
#1389=CARTESIAN_POINT('',(0.0812086915958226,0.0203833897460221,-0.00196435801435089));
#1390=CARTESIAN_POINT('',(0.0817681104460446,0.0205596428066533,-0.00272688844107275));
#1391=CARTESIAN_POINT('',(0.0821366672626273,0.0206652690235334,-0.00323084006768974));
#1392=CARTESIAN_POINT('',(0.0832290348115466,0.0209465312073686,-0.00473067238292463));
#1393=CARTESIAN_POINT('',(0.083939581221094,0.0210866017290521,-0.00571453403913859));
#1394=CARTESIAN_POINT('',(0.0860158900956004,0.0213628861178805,-0.00862759020449306));
#1395=CARTESIAN_POINT('',(0.0873274527434749,0.0213560428657344,-0.0105189736267804));
#1396=CARTESIAN_POINT('',(0.0897732019061488,0.0209313068534326,-0.0142433014710872));
#1397=CARTESIAN_POINT('',(0.090907958354092,0.020512414257092,-0.0160779123221682));
#1398=CARTESIAN_POINT('',(0.0929250134376107,0.0192166912494587,-0.0196904821172386));
#1399=CARTESIAN_POINT('',(0.0938060594633462,0.0183369174365118,-0.0214694520568515));
#1400=CARTESIAN_POINT('',(0.0951986257286856,0.0161128478420969,-0.0248802360676012));
#1401=CARTESIAN_POINT('',(0.0957067969777276,0.0147673604313691,-0.0265088531018369));
#1402=CARTESIAN_POINT('',(0.0962688222433981,0.0117277522303919,-0.0294577595704765));
#1403=CARTESIAN_POINT('',(0.0963228148819199,0.0100376015096644,-0.030774138329074));
#1404=CARTESIAN_POINT('',(0.0958301445758114,0.00474221117711352,-0.0341081384145278));
#1405=CARTESIAN_POINT('',(0.0946537679020168,0.000944251405420181,-0.0354828663966393));
#1406=CARTESIAN_POINT('',(0.0909233977026633,-0.00612895426448581,-0.0368932032241128));
#1407=CARTESIAN_POINT('',(0.088348858473383,-0.00941365546885174,-0.0369605050490102));
#1408=CARTESIAN_POINT('',(0.0818921488435659,-0.0148832642743388,-0.0365573178999484));
#1409=CARTESIAN_POINT('',(0.0780152409568391,-0.0170748912651692,-0.0360986611749444));
#1410=CARTESIAN_POINT('',(0.0691554371336209,-0.0201683329967148,-0.0351159439509495));
#1411=CARTESIAN_POINT('',(0.0641750956787125,-0.021079266649945,-0.0345834014778715));
#1412=CARTESIAN_POINT('',(0.0559607579178817,-0.0213957662490384,-0.0338520670033176));
#1413=CARTESIAN_POINT('',(0.0530978269076944,-0.021326017053713,-0.0336183035458698));
#1414=CARTESIAN_POINT('',(0.0486196544197495,-0.0209427716238035,-0.03329257643517));
#1415=CARTESIAN_POINT('',(0.0470962589083222,-0.0207685548708884,-0.0331881343024206));
#1416=CARTESIAN_POINT('',(0.0447652496911194,-0.0204352783235318,-0.0330387965980655));
#1417=CARTESIAN_POINT('',(0.0439805918021935,-0.0203121923031796,-0.0329902378275174));
#1418=CARTESIAN_POINT('',(0.0427921159235106,-0.0201092742118438,-0.0329193681513097));
#1419=CARTESIAN_POINT('',(0.0423940423365828,-0.020038586553312,-0.0328960729923336));
#1420=CARTESIAN_POINT('',(0.0417940576221331,-0.0199279442826864,-0.0328616394842568));
#1421=CARTESIAN_POINT('',(0.0415935836546226,-0.0198902950547621,-0.0328502465194719));
#1422=CARTESIAN_POINT('',(0.0412921538107016,-0.0198326636486661,-0.0328332865169527));
#1423=CARTESIAN_POINT('',(0.0411915573801946,-0.0198132602521577,-0.0328276547568656));
#1424=CARTESIAN_POINT('',(0.0410404829695234,-0.0197838651544233,-0.0328192397449357));
#1425=CARTESIAN_POINT('',(0.0409900948717901,-0.0197740184546595,-0.032816440178989));
#1426=CARTESIAN_POINT('',(0.040889258747472,-0.0197542282852083,-0.032810851967662));
#1427=CARTESIAN_POINT('',(0.0408260369995763,-0.0197419384388089,-0.032806671740852));
#1428=CARTESIAN_POINT('',(0.0407883327261939,-0.0197342929096646,-0.0328052801594249));
#1429=CARTESIAN_POINT('',(0.0855932401505591,0.0116540239286495,0.000335755921063687));
#1430=CARTESIAN_POINT('',(0.0856245486385377,0.0116651873819101,0.000283590065318438));
#1431=CARTESIAN_POINT('',(0.0856685128847498,0.0116773050734637,0.0002135622611406));
#1432=CARTESIAN_POINT('',(0.0857434850223762,0.0117000590634618,9.16913164412486E-5));
#1433=CARTESIAN_POINT('',(0.0857808708497051,0.0117112605102899,3.08633030338336E-5));
#1434=CARTESIAN_POINT('',(0.0858927272184558,0.0117443397313279,-0.00015129937583363));
#1435=CARTESIAN_POINT('',(0.0859668966484333,0.0117656923881063,-0.000272312679905267));
#1436=CARTESIAN_POINT('',(0.0861881973181403,0.0118276620125805,-0.000634075270355745));
#1437=CARTESIAN_POINT('',(0.086334120968361,0.0118661906693878,-0.000873547237086604));
#1438=CARTESIAN_POINT('',(0.0867670350918748,0.0119735191368924,-0.00158691880370709));
#1439=CARTESIAN_POINT('',(0.0870491693109381,0.0120340620602862,-0.00205577417922615));
#1440=CARTESIAN_POINT('',(0.0878759159235884,0.0121834077851198,-0.0034426804378699));
#1441=CARTESIAN_POINT('',(0.0884008847108182,0.0122399389474156,-0.00434107664554046));
#1442=CARTESIAN_POINT('',(0.089894979581241,0.0122860158211043,-0.00696166223102647));
#1443=CARTESIAN_POINT('',(0.0907836385745553,0.0121522256380361,-0.00860954154759352));
#1444=CARTESIAN_POINT('',(0.0923279896850387,0.0115809650565725,-0.0117242598683341));
#1445=CARTESIAN_POINT('',(0.0929838332495009,0.0111431475982221,-0.0131916056604226));
#1446=CARTESIAN_POINT('',(0.0940315091773592,0.00998683464643768,-0.0159476763927387));
#1447=CARTESIAN_POINT('',(0.0944228941670371,0.00926737100353382,-0.0172366422300168));
#1448=CARTESIAN_POINT('',(0.0948992046607728,0.00758794760144628,-0.0196085893169845));
#1449=CARTESIAN_POINT('',(0.0949829839368605,0.00662763264330795,-0.0206903746925055));
#1450=CARTESIAN_POINT('',(0.0948157875334901,0.00455044210605254,-0.0226014723622501));
#1451=CARTESIAN_POINT('',(0.0945647802440201,0.00343501435577408,-0.0234293312271219));
#1452=CARTESIAN_POINT('',(0.093325813505115,2.23382152225895E-5,-0.0255072511200113));
#1453=CARTESIAN_POINT('',(0.0918570702118858,-0.00232167207552052,-0.0263378868413578));
#1454=CARTESIAN_POINT('',(0.0878620752922065,-0.00653547288856742,-0.0272712765483086));
#1455=CARTESIAN_POINT('',(0.0853382387564658,-0.00841366713263599,-0.0273971068677842));
#1456=CARTESIAN_POINT('',(0.0793527348099133,-0.0114975776991852,-0.0274134185494807));
#1457=CARTESIAN_POINT('',(0.0758893751661559,-0.0127150241368382,-0.0273021313898644));
#1458=CARTESIAN_POINT('',(0.0680099340186099,-0.0143335752792393,-0.0270196418320497));
#1459=CARTESIAN_POINT('',(0.0635910824467946,-0.0147337742228596,-0.026842222187799));
#1460=CARTESIAN_POINT('',(0.0562054553681658,-0.014518036255248,-0.0265877704859958));
#1461=CARTESIAN_POINT('',(0.0536173113780944,-0.0143094782210517,-0.0265047932958045));
#1462=CARTESIAN_POINT('',(0.0495408608756578,-0.0137626163878331,-0.0263916578876763));
#1463=CARTESIAN_POINT('',(0.0481496730577174,-0.0135413092441581,-0.0263558423501947));
#1464=CARTESIAN_POINT('',(0.0460137412067683,-0.0131470753698731,-0.0263061069310968));
#1465=CARTESIAN_POINT('',(0.045293572292554,-0.013005284603069,-0.0262901936095163));
#1466=CARTESIAN_POINT('',(0.0442009576952219,-0.0127765563690076,-0.0262674686852174));
#1467=CARTESIAN_POINT('',(0.0438346926276272,-0.0126976399124729,-0.0262600845831857));
#1468=CARTESIAN_POINT('',(0.0432821955213869,-0.0125751952841223,-0.026249313417756));
#1469=CARTESIAN_POINT('',(0.0430975132352993,-0.0125337020823288,-0.0262457738623319));
#1470=CARTESIAN_POINT('',(0.0428197137810144,-0.0124704373535325,-0.0262405431295222));
#1471=CARTESIAN_POINT('',(0.042726984625402,-0.0124491782894894,-0.0262388126520794));
#1472=CARTESIAN_POINT('',(0.0425876967421255,-0.0124170325310959,-0.0262362368809862));
#1473=CARTESIAN_POINT('',(0.0425412350893927,-0.01240627441791,-0.0262353816148047));
#1474=CARTESIAN_POINT('',(0.0424482470433841,-0.0123846723155625,-0.026233677780032));
#1475=CARTESIAN_POINT('',(0.0423909065383919,-0.0123710344002424,-0.0262324066138564));
#1476=CARTESIAN_POINT('',(0.0423551618746034,-0.0123629413216491,-0.0262319840162745));
#1477=CARTESIAN_POINT('',(0.0909232999327841,0.00325408687302445,0.00135139374009373));
#1478=CARTESIAN_POINT('',(0.0909495952010404,0.00326228340356158,0.00130099898489386));
#1479=CARTESIAN_POINT('',(0.0909784879428513,0.00326551059041095,0.00123631748840995));
#1480=CARTESIAN_POINT('',(0.091033279616981,0.00327643872116136,0.00112166377881914));
#1481=CARTESIAN_POINT('',(0.0910605432654877,0.00328173789070048,0.00106447779335884));
#1482=CARTESIAN_POINT('',(0.0911419369595741,0.00329714342512036,0.000893342651293148));
#1483=CARTESIAN_POINT('',(0.0911956697524357,0.00330675781035293,0.000779816306189559));
#1484=CARTESIAN_POINT('',(0.0913552736806574,0.00333365494781868,0.000440930271930753));
#1485=CARTESIAN_POINT('',(0.0914595503408995,0.00334899159275351,0.000217263540177686));
#1486=CARTESIAN_POINT('',(0.0917659597377049,0.00338739546713138,-0.000446949166341433));
#1487=CARTESIAN_POINT('',(0.0919616713592488,0.00340285509703905,-0.00088070829076257));
#1488=CARTESIAN_POINT('',(0.0925227970356301,0.00342028436287099,-0.00215468849281518));
#1489=CARTESIAN_POINT('',(0.0928621882005422,0.00339327616577907,-0.00296761925194231));
#1490=CARTESIAN_POINT('',(0.0937740690668815,0.00320914552432815,-0.00529573425755985));
#1491=CARTESIAN_POINT('',(0.0942398244056357,0.00294840841033773,-0.00670010946840664));
#1492=CARTESIAN_POINT('',(0.0948827774639285,0.00223062325971241,-0.00920521826558104));
#1493=CARTESIAN_POINT('',(0.0950597081449096,0.00177388093935212,-0.010305298998677));
#1494=CARTESIAN_POINT('',(0.0951380049171076,0.000756978043416667,-0.0122048706682388));
#1495=CARTESIAN_POINT('',(0.0950397288707278,0.000197824570555881,-0.013003832403182));
#1496=CARTESIAN_POINT('',(0.0945997835928601,-0.000936952639204372,-0.0143369425663678));
#1497=CARTESIAN_POINT('',(0.0942591708959933,-0.00151209514475326,-0.0148718962831741));
#1498=CARTESIAN_POINT('',(0.0933627528235819,-0.00262686801828681,-0.0157451851540236));
#1499=CARTESIAN_POINT('',(0.0928067456061202,-0.00316757279811624,-0.0160845241251697));
#1500=CARTESIAN_POINT('',(0.0908214824344184,-0.00469753474666834,-0.0169063638254948));
#1501=CARTESIAN_POINT('',(0.0890603725217548,-0.00558759555646122,-0.0171929072860762));
#1502=CARTESIAN_POINT('',(0.0848007528817498,-0.00694199151264901,-0.0176493498725043));
#1503=CARTESIAN_POINT('',(0.0823276190395484,-0.00741367879642025,-0.0178337086865581));
#1504=CARTESIAN_POINT('',(0.0768133207762606,-0.00811189112403166,-0.0182695191990128));
#1505=CARTESIAN_POINT('',(0.0737635093754725,-0.00835515700850718,-0.0185056016047843));
#1506=CARTESIAN_POINT('',(0.0668644309035988,-0.00849881756176384,-0.01892333971315));
#1507=CARTESIAN_POINT('',(0.0630070692148767,-0.0083882817957741,-0.0191010428977265));
#1508=CARTESIAN_POINT('',(0.0564501528184497,-0.0076403062614576,-0.019323473968674));
#1509=CARTESIAN_POINT('',(0.0541367958484942,-0.00729293938839037,-0.0193912830457391));
#1510=CARTESIAN_POINT('',(0.050462067331566,-0.00658246115186275,-0.0194907393401825));
#1511=CARTESIAN_POINT('',(0.0492030872071125,-0.00631406361742782,-0.0195235503979688));
#1512=CARTESIAN_POINT('',(0.0472622327224173,-0.00585887241621451,-0.019573417264128));
#1513=CARTESIAN_POINT('',(0.0466065527829145,-0.00569837690295838,-0.0195901493915152));
#1514=CARTESIAN_POINT('',(0.0456097994669332,-0.00544383852617137,-0.019615569219125));
#1515=CARTESIAN_POINT('',(0.0452753429186716,-0.00535669327163373,-0.0196240961740379));
#1516=CARTESIAN_POINT('',(0.0447703334206407,-0.00522244628555832,-0.0196369873512551));
#1517=CARTESIAN_POINT('',(0.0446014428159761,-0.00517710910989546,-0.0196413012051918));
#1518=CARTESIAN_POINT('',(0.0443472737513272,-0.00510821105839888,-0.0196477997420918));
#1519=CARTESIAN_POINT('',(0.0442624118706095,-0.00508509632682117,-0.0196499705472933));
#1520=CARTESIAN_POINT('',(0.0441349105147275,-0.00505019990776849,-0.0196532340170367));
#1521=CARTESIAN_POINT('',(0.0440923753069954,-0.00503853038116051,-0.0196543230506202));
#1522=CARTESIAN_POINT('',(0.0440072353392962,-0.00501511634591667,-0.0196565035924021));
#1523=CARTESIAN_POINT('',(0.0439557760772075,-0.00500013036167595,-0.0196581414868607));
#1524=CARTESIAN_POINT('',(0.0439219910230128,-0.00499158973363365,-0.0196586878731241));
#1525=CARTESIAN_POINT('',(0.0840188705937746,-0.00175773219231169,-0.00386497714002573));
#1526=CARTESIAN_POINT('',(0.0840408611508817,-0.0017470732592743,-0.00391203998908686));
#1527=CARTESIAN_POINT('',(0.0840568327081336,-0.00173643199123835,-0.00396670119689877));
#1528=CARTESIAN_POINT('',(0.084094377580456,-0.00171554618056145,-0.00406792864125369));
#1529=CARTESIAN_POINT('',(0.0841130109005572,-0.00170524100979859,-0.00411837674401308));
#1530=CARTESIAN_POINT('',(0.0841684932078667,-0.001674735113019,-0.00426922344792945));
#1531=CARTESIAN_POINT('',(0.0842049245372412,-0.00165494401218555,-0.00436912444751949));
#1532=CARTESIAN_POINT('',(0.0843125456305705,-0.00159718015845269,-0.00466683096618897));
#1533=CARTESIAN_POINT('',(0.0843820624136212,-0.00156081701372742,-0.00486264004440445));
#1534=CARTESIAN_POINT('',(0.0845839057115008,-0.00145792793355654,-0.0054420313951783));
#1535=CARTESIAN_POINT('',(0.0847095234983355,-0.00139760512325975,-0.00581757820345683));
#1536=CARTESIAN_POINT('',(0.0850594762160008,-0.00123944790393695,-0.00691165636891234));
#1537=CARTESIAN_POINT('',(0.0852568719263762,-0.00116447572976208,-0.00759762193374691));
#1538=CARTESIAN_POINT('',(0.0857419507793839,-0.0010132665856284,-0.00952181553909589));
#1539=CARTESIAN_POINT('',(0.0859213951074796,-0.00101160705527518,-0.0106256227723362));
#1540=CARTESIAN_POINT('',(0.0860158264344379,-0.00109185777916688,-0.0124649640144756));
#1541=CARTESIAN_POINT('',(0.0859302435005906,-0.00117276820131987,-0.0131988315927809));
#1542=CARTESIAN_POINT('',(0.0855610382061202,-0.0012855310004469,-0.014329079255074));
#1543=CARTESIAN_POINT('',(0.0852786684558401,-0.00131443998137491,-0.0147244483413216));
#1544=CARTESIAN_POINT('',(0.0846242937254522,-0.00123087622148824,-0.0153007758041749));
#1545=CARTESIAN_POINT('',(0.0842556377365003,-0.00111721185856156,-0.0154849312149764));
#1546=CARTESIAN_POINT('',(0.0835048181980699,-0.000778650477243003,-0.015832575881413));
#1547=CARTESIAN_POINT('',(0.0831225160274989,-0.000557723536590888,-0.01599997580978));
#1548=CARTESIAN_POINT('',(0.0819155248827776,0.000102503652385805,-0.0166726803869872));
#1549=CARTESIAN_POINT('',(0.0810058167855233,0.000507032232511305,-0.0173762469730274));
#1550=CARTESIAN_POINT('',(0.0785887529516021,0.000872646862116066,-0.0191973981271791));
#1551=CARTESIAN_POINT('',(0.0771019429197216,0.000843188204716439,-0.0202832897108569));
#1552=CARTESIAN_POINT('',(0.0733913793225982,0.000449664796386478,-0.0223283451022497));
#1553=CARTESIAN_POINT('',(0.0711623632439088,9.2319426259942E-5,-0.023275676657485));
#1554=CARTESIAN_POINT('',(0.065696434218357,-0.000461079886779421,-0.0248318075471061));
#1555=CARTESIAN_POINT('',(0.0624569667897453,-0.000648014922963598,-0.0254490888532961));
#1556=CARTESIAN_POINT('',(0.0567041948760561,-0.000375553473464019,-0.0262000165165251));
#1557=CARTESIAN_POINT('',(0.0546385232699862,-0.000192854572585846,-0.0264223918595338));
#1558=CARTESIAN_POINT('',(0.051307944913507,0.000267568004351472,-0.0267285876504798));
#1559=CARTESIAN_POINT('',(0.0501591156568693,0.000452073230261754,-0.026826111151745));
#1560=CARTESIAN_POINT('',(0.0483770137628746,0.000781166697143242,-0.0269675123240639));
#1561=CARTESIAN_POINT('',(0.0477731722882537,0.000899585188953581,-0.0270138324863637));
#1562=CARTESIAN_POINT('',(0.0468526041031711,0.00109100038747766,-0.0270823363168183));
#1563=CARTESIAN_POINT('',(0.0465432804991294,0.00115710324572652,-0.027105008204929));
#1564=CARTESIAN_POINT('',(0.0460755829814275,0.0012597914757221,-0.0271388025374747));
#1565=CARTESIAN_POINT('',(0.045919065130609,0.00129460986886293,-0.0271500317321909));
#1566=CARTESIAN_POINT('',(0.0456833590492327,0.00134773177512852,-0.0271668259765685));
#1567=CARTESIAN_POINT('',(0.0456046354716756,0.00136558812950743,-0.0271724158000917));
#1568=CARTESIAN_POINT('',(0.0454863176224951,0.00139259759073277,-0.0271807886269565));
#1569=CARTESIAN_POINT('',(0.0454468395923218,0.00140163823271319,-0.0271835775845051));
#1570=CARTESIAN_POINT('',(0.0453678060118584,0.00141979471803698,-0.0271891516098896));
#1571=CARTESIAN_POINT('',(0.0453209185760106,0.00143083776332196,-0.027193328259148));
#1572=CARTESIAN_POINT('',(0.0452886561383809,0.00143806411770169,-0.0271947198405751));
#1573=CARTESIAN_POINT('',(0.0786888108115497,0.00664220486331336,-0.00488061495905577));
#1574=CARTESIAN_POINT('',(0.0787158145883791,0.00665583071907426,-0.00492944890866229));
#1575=CARTESIAN_POINT('',(0.0787468576500316,0.00667536249181443,-0.00498945642416812));
#1576=CARTESIAN_POINT('',(0.0788045829858517,0.00670807416173896,-0.00509790110363158));
#1577=CARTESIAN_POINT('',(0.0788333384847745,0.00672428160979091,-0.00515199123433816));
#1578=CARTESIAN_POINT('',(0.0789192834667488,0.00677246119318844,-0.00531386547505612));
#1579=CARTESIAN_POINT('',(0.0789761514332387,0.00680399056556791,-0.00542125343361443));
#1580=CARTESIAN_POINT('',(0.0791454692680532,0.00689682690630889,-0.00574183650847523));
#1581=CARTESIAN_POINT('',(0.0792566330410827,0.00695638206290668,-0.00595345082166919));
#1582=CARTESIAN_POINT('',(0.0795849810656708,0.0071281957362049,-0.00658200103254306));
#1583=CARTESIAN_POINT('',(0.0797970214500231,0.00723360183998788,-0.00699264409192042));
#1584=CARTESIAN_POINT('',(0.0804125951039625,0.007523675518311,-0.00819964831396706));
#1585=CARTESIAN_POINT('',(0.0807955684366523,0.00768218705187525,-0.00897107932734823));
#1586=CARTESIAN_POINT('',(0.0818628612937434,0.0080636037111462,-0.0111877435125562));
#1587=CARTESIAN_POINT('',(0.0824652092764046,0.00819221017242251,-0.0125350548515258));
#1588=CARTESIAN_POINT('',(0.0834610386555428,0.00825848401769389,-0.014984005617226));
#1589=CARTESIAN_POINT('',(0.0838543686051818,0.00819649845754995,-0.0160851382545276));
#1590=CARTESIAN_POINT('',(0.0844545424663719,0.00794432560257426,-0.0180718849795728));
#1591=CARTESIAN_POINT('',(0.0846618337521455,0.00775510645160403,-0.0189572581681554));
#1592=CARTESIAN_POINT('',(0.084923714793369,0.00729402401916142,-0.0205724225547926));
#1593=CARTESIAN_POINT('',(0.0849794507773711,0.00702251592949872,-0.0213034096243042));
#1594=CARTESIAN_POINT('',(0.0849578529079743,0.00639865964709727,-0.0226888630896432));
#1595=CARTESIAN_POINT('',(0.0848805506653987,0.00604486361730312,-0.0233447829117322));
#1596=CARTESIAN_POINT('',(0.0844198559534742,0.00482237661426939,-0.0252735676815037));
#1597=CARTESIAN_POINT('',(0.0838025144756543,0.00377295571344781,-0.0265212265283111));
#1598=CARTESIAN_POINT('',(0.081650075362059,0.00127916548620185,-0.0288193248029814));
#1599=CARTESIAN_POINT('',(0.0801125626366389,-0.00015680013150444,-0.0298466878920856));
#1600=CARTESIAN_POINT('',(0.0759307933562508,-0.00293602177876195,-0.031472244452715));
#1601=CARTESIAN_POINT('',(0.0732882290346178,-0.0042675477020775,-0.0320722064425587));
#1602=CARTESIAN_POINT('',(0.0668419373333424,-0.00629583760424849,-0.0329281096660122));
#1603=CARTESIAN_POINT('',(0.0630409800216632,-0.00699350735004906,-0.0331902681433686));
#1604=CARTESIAN_POINT('',(0.0564594974257721,-0.00725328346725445,-0.0334643130338469));
#1605=CARTESIAN_POINT('',(0.0541190387995953,-0.00720939340524715,-0.0335359021095969));
#1606=CARTESIAN_POINT('',(0.0503867384575943,-0.00691258723161891,-0.0336295061979747));
#1607=CARTESIAN_POINT('',(0.049105701507479,-0.00677517239646614,-0.033658403103971));
#1608=CARTESIAN_POINT('',(0.0471285222472233,-0.00650703625651659,-0.0337002019910327));
#1609=CARTESIAN_POINT('',(0.0464601917978907,-0.0064073225111558,-0.0337138767043649));
#1610=CARTESIAN_POINT('',(0.0454437623314611,-0.0062417174553592,-0.0337342357829106));
#1611=CARTESIAN_POINT('',(0.0451026302080851,-0.00618384339511246,-0.0337409966140775));
#1612=CARTESIAN_POINT('',(0.0445874450821738,-0.006092957522842,-0.0337511286039753));
#1613=CARTESIAN_POINT('',(0.0444151355499319,-0.00606198310357021,-0.0337545043893314));
#1614=CARTESIAN_POINT('',(0.0441557990789201,-0.0060144945200052,-0.0337595693639988));
#1615=CARTESIAN_POINT('',(0.0440692082264681,-0.00599849383316097,-0.0337612579048782));
#1616=CARTESIAN_POINT('',(0.0439391038498931,-0.0059742350325946,-0.0337637914909059));
#1617=CARTESIAN_POINT('',(0.0438956993747192,-0.0059661058040363,-0.0337646361486895));
#1618=CARTESIAN_POINT('',(0.0438088177159463,-0.00594976125160884,-0.0337663257975196));
#1619=CARTESIAN_POINT('',(0.0437560490371951,-0.00594006627524452,-0.0337675933861437));
#1620=CARTESIAN_POINT('',(0.0437218269899716,-0.00593328747031377,-0.0337680159837255));
#1621=CARTESIAN_POINT('',(0.0821410254810544,0.00914811439598143,-0.00227242951899604));
#1622=CARTESIAN_POINT('',(0.0786888108115497,0.00664220486331336,-0.00488061495905577));
#1623=CARTESIAN_POINT('',(0.039102531048767,-0.00914811439598143,0.072272429518996));
#1624=CARTESIAN_POINT('',(0.039102531048767,-0.00914811439598142,0.072272429518996));
#1625=CARTESIAN_POINT('',(0.0356503163792623,-0.0116540239286495,0.0696642440789363));
#1626=CARTESIAN_POINT('',(-0.00869858616442381,0.0108647453326676,0.0542973752726605));
#1627=CARTESIAN_POINT('',(-0.00868103943484079,0.0108716723086345,0.0543282184112438));
#1628=CARTESIAN_POINT('',(-0.0086533491771053,0.01088180920947,0.0543775372072137));
#1629=CARTESIAN_POINT('',(-0.00860816861161865,0.0108987367674019,0.054457613069162));
#1630=CARTESIAN_POINT('',(-0.00858559712613239,0.0109071551307797,0.0544976223045843));
#1631=CARTESIAN_POINT('',(-0.00851793897123124,0.0109322741904612,0.0546175638818784));
#1632=CARTESIAN_POINT('',(-0.00847290860338715,0.0109488388563152,0.0546974100948328));
#1633=CARTESIAN_POINT('',(-0.0083380419845256,0.0109979904615071,0.0549366038774866));
#1634=CARTESIAN_POINT('',(-0.00824843021819401,0.0110300350088347,0.0550956065918656));
#1635=CARTESIAN_POINT('',(-0.00798048708568094,0.011124012902968,0.0555712325573734));
#1636=CARTESIAN_POINT('',(-0.00780304788601402,0.0111837905081127,0.0558864736456887));
#1637=CARTESIAN_POINT('',(-0.00727425277820204,0.0113546106849279,0.0568266456795359));
#1638=CARTESIAN_POINT('',(-0.00692641936610954,0.0114571407110667,0.0574460256509387));
#1639=CARTESIAN_POINT('',(-0.00589663963737807,0.0117315596826054,0.0592817720463262));
#1640=CARTESIAN_POINT('',(-0.00522841410989752,0.0118702786730498,0.060475749739975));
#1641=CARTESIAN_POINT('',(-0.00327565868133676,0.0121607395516632,0.0639664495653607));
#1642=CARTESIAN_POINT('',(-0.00204306490365883,0.0121867829105666,0.0661720385494708));
#1643=CARTESIAN_POINT('',(0.00147100403331715,0.0118176544848904,0.0724076555283239));
#1644=CARTESIAN_POINT('',(0.00356789243201777,0.0109733518742456,0.07605857757285));
#1645=CARTESIAN_POINT('',(0.00741042781769445,0.00840366471287353,0.0822161808088025));
#1646=CARTESIAN_POINT('',(0.00915593977153359,0.0066734390216487,0.0847187155338192));
#1647=CARTESIAN_POINT('',(0.0124693033221266,0.00276449555456807,0.0884206398889444));
#1648=CARTESIAN_POINT('',(0.0140411330992412,0.000593553599758449,0.0896132711118059));
#1649=CARTESIAN_POINT('',(0.0163822906296547,-0.00255908245068645,0.0904437543522883));
#1650=CARTESIAN_POINT('',(0.0171591736937866,-0.00359293261758447,0.090563292834831));
#1651=CARTESIAN_POINT('',(0.0187158073219392,-0.00557034719611671,0.0905041997939968));
#1652=CARTESIAN_POINT('',(0.0194955552773011,-0.00651430360100151,0.0903256635998238));
#1653=CARTESIAN_POINT('',(0.0210630516992647,-0.00826490000745951,0.0896798131282667));
#1654=CARTESIAN_POINT('',(0.0218506933568533,-0.00907153251435995,0.0892120225502447));
#1655=CARTESIAN_POINT('',(0.0234349872644135,-0.010500408785615,0.0879959038135929));
#1656=CARTESIAN_POINT('',(0.0242312560013099,-0.0111222303712004,0.0872476932490525));
#1657=CARTESIAN_POINT('',(0.0258372813472181,-0.0121428159139354,0.0854875254259472));
#1658=CARTESIAN_POINT('',(0.0266469796889248,-0.0125417792172384,0.0844760923849139));
#1659=CARTESIAN_POINT('',(0.0282967461995963,-0.0130926594641156,0.0822023978144087));
#1660=CARTESIAN_POINT('',(0.029137079657073,-0.0132449857333412,0.0809401469004895));
#1661=CARTESIAN_POINT('',(0.0308733703742983,-0.013281612685482,0.0781635500747979));
#1662=CARTESIAN_POINT('',(0.0317695049751953,-0.0131660357681659,0.0766489722056023));
#1663=CARTESIAN_POINT('',(0.0331747155439109,-0.0127713628516778,0.0741800754722525));
#1664=CARTESIAN_POINT('',(0.0336532747224588,-0.0126028662521048,0.0733242261274172));
#1665=CARTESIAN_POINT('',(0.034388560440137,-0.012291693570177,0.0719899326727716));
#1666=CARTESIAN_POINT('',(0.0346365621128217,-0.01217822837596,0.0715367474700494));
#1667=CARTESIAN_POINT('',(0.0350131882978387,-0.0119930166064185,0.070844185335212));
#1668=CARTESIAN_POINT('',(0.0351395008837733,-0.0119287768564212,0.0706112005578121));
#1669=CARTESIAN_POINT('',(0.0353301577663141,-0.0118286117635636,0.0702585081168708));
#1670=CARTESIAN_POINT('',(0.0353939080556702,-0.0117945891452143,0.0701404080910409));
#1671=CARTESIAN_POINT('',(0.0354898344614466,-0.011742597287411,0.0699624518415245));
#1672=CARTESIAN_POINT('',(0.0355218600916501,-0.011725107012549,0.0699029987232721));
#1673=CARTESIAN_POINT('',(0.0355860123345017,-0.0116898060533458,0.0697838233517682));
#1674=CARTESIAN_POINT('',(0.0356217621113529,-0.0116683089185162,0.0697157635578702));
#1675=CARTESIAN_POINT('',(0.0356503163792623,-0.0116540239286495,0.0696642440789363));
#1676=CARTESIAN_POINT('',(-0.0107648848097685,0.00170559767630903,0.0577383670072144));
#1677=CARTESIAN_POINT('',(-0.0107474307019667,0.00171158062244176,0.0577666417313443));
#1678=CARTESIAN_POINT('',(-0.0107200173496921,0.00171888790438758,0.0578082493650333));
#1679=CARTESIAN_POINT('',(-0.0106752034128162,0.00173204926512458,0.0578780278765713));
#1680=CARTESIAN_POINT('',(-0.0106528142722612,0.0017385870203612,0.0579128825094112));
#1681=CARTESIAN_POINT('',(-0.0105857002154006,0.00175807178678209,0.0580173424715269));
#1682=CARTESIAN_POINT('',(-0.0105410286639657,0.00177089029858764,0.0580868438644312));
#1683=CARTESIAN_POINT('',(-0.0104072265165553,0.00180883404743799,0.058294931755626));
#1684=CARTESIAN_POINT('',(-0.0103183084283336,0.0018334474968619,0.0584331019668873));
#1685=CARTESIAN_POINT('',(-0.0100523965441347,0.00190525841767951,0.0588459430987291));
#1686=CARTESIAN_POINT('',(-0.00987624514216703,0.00195042644485954,0.0591189445253656));
#1687=CARTESIAN_POINT('',(-0.00935109882022861,0.00207795512628095,0.059931235711303));
#1688=CARTESIAN_POINT('',(-0.00900541200670423,0.00215234008861517,0.0604638125112423));
#1689=CARTESIAN_POINT('',(-0.00798108246394118,0.0023447413600351,0.0620344053511332));
#1690=CARTESIAN_POINT('',(-0.00731517431752225,0.00243199836442343,0.0630452861871438));
#1691=CARTESIAN_POINT('',(-0.00536424390459594,0.00258011259350128,0.0659670200983818));
#1692=CARTESIAN_POINT('',(-0.00412606990291399,0.00252717017607553,0.0677670037018681));
#1693=CARTESIAN_POINT('',(-0.000563702136329743,0.00199235872052637,0.0727031234907261));
#1694=CARTESIAN_POINT('',(0.00160904626331021,0.00112884227088746,0.0753744422286535));
#1695=CARTESIAN_POINT('',(0.00574377670586589,-0.00110094414753175,0.079369397838442));
#1696=CARTESIAN_POINT('',(0.00771485848035699,-0.00246888835639808,0.0806808469189946));
#1697=CARTESIAN_POINT('',(0.0115216444317066,-0.00497664468091975,0.0820065975929567));
#1698=CARTESIAN_POINT('',(0.013358590677788,-0.00609041528323666,0.0820160953625815));
#1699=CARTESIAN_POINT('',(0.0157717456641848,-0.00708929191350151,0.0815096045362216));
#1700=CARTESIAN_POINT('',(0.0165154062471343,-0.00731425345004176,0.0812588115268312));
#1701=CARTESIAN_POINT('',(0.0178465317888835,-0.00754778284371417,0.0806975619426539));
#1702=CARTESIAN_POINT('',(0.0184326714520558,-0.00755626841612968,0.0803888549765244));
#1703=CARTESIAN_POINT('',(0.0194698217367045,-0.00742581151605088,0.0797948180812767));
#1704=CARTESIAN_POINT('',(0.0199214894292506,-0.00728923593701541,0.0795117548592289));
#1705=CARTESIAN_POINT('',(0.0207874236360582,-0.00698206165248514,0.0789623418108877));
#1706=CARTESIAN_POINT('',(0.0212045452988766,-0.00681478691634144,0.0786942688507947));
#1707=CARTESIAN_POINT('',(0.0221184634290997,-0.00650453557922726,0.0780540670157599));
#1708=CARTESIAN_POINT('',(0.022616315728055,-0.00636073591508574,0.0776782816156929));
#1709=CARTESIAN_POINT('',(0.0237545832811002,-0.00604974374641942,0.0766862511719048));
#1710=CARTESIAN_POINT('',(0.0243939949743115,-0.00588031847135104,0.0760693985084518));
#1711=CARTESIAN_POINT('',(0.0258275628579121,-0.00542549211290382,0.0745192995115495));
#1712=CARTESIAN_POINT('',(0.0266208796071176,-0.00513929256623289,0.0735869455504288));
#1713=CARTESIAN_POINT('',(0.027924012976227,-0.00455884778746501,0.0719299736785425));
#1714=CARTESIAN_POINT('',(0.0283772051419292,-0.00434028228104028,0.0713348325325761));
#1715=CARTESIAN_POINT('',(0.0290849314298955,-0.00396791808042222,0.070376704957141));
#1716=CARTESIAN_POINT('',(0.029325497621138,-0.00383638407648818,0.0700464341156791));
#1717=CARTESIAN_POINT('',(0.0296933113732198,-0.00362715881841072,0.0695345920625686));
#1718=CARTESIAN_POINT('',(0.0298170768173391,-0.00355543005346827,0.069361239060171));
#1719=CARTESIAN_POINT('',(0.0300044646722883,-0.00344475882592374,0.0690970919204395));
#1720=CARTESIAN_POINT('',(0.0300672172467759,-0.00340735542417223,0.069008356616878));
#1721=CARTESIAN_POINT('',(0.0301617809163255,-0.00335046881874944,0.0688742232638773));
#1722=CARTESIAN_POINT('',(0.0301933746079974,-0.00333137636774379,0.0688293404141437));
#1723=CARTESIAN_POINT('',(0.0302567069135254,-0.00329292897952908,0.068739231092017));
#1724=CARTESIAN_POINT('',(0.0302918855103627,-0.00326912972737357,0.068692896408911));
#1725=CARTESIAN_POINT('',(0.0303202565970372,-0.00325408687302444,0.0686486062599063));
#1726=CARTESIAN_POINT('',(-0.0022907422756997,-0.00172766419706324,0.0536884754998855));
#1727=CARTESIAN_POINT('',(-0.00227339799574825,-0.00172066320209009,0.0537156573737208));
#1728=CARTESIAN_POINT('',(-0.00224631394113249,-0.00171029694738144,0.0537539860768416));
#1729=CARTESIAN_POINT('',(-0.00220193856822626,-0.00169304404773219,0.053819391691167));
#1730=CARTESIAN_POINT('',(-0.00217976852183288,-0.00168445567750717,0.0538520595070674));
#1731=CARTESIAN_POINT('',(-0.00211331117818688,-0.00165880447149098,0.0539499579477414));
#1732=CARTESIAN_POINT('',(-0.00206907667653746,-0.0016418555405043,0.0540150835654089));
#1733=CARTESIAN_POINT('',(-0.00193658335496147,-0.00159146168967781,0.0542100401269651));
#1734=CARTESIAN_POINT('',(-0.00184853471928056,-0.00155846971384406,0.054339450778111));
#1735=CARTESIAN_POINT('',(-0.00158522152627808,-0.00146128408066946,0.054725999502924));
#1736=CARTESIAN_POINT('',(-0.00141078969655644,-0.00139888074699906,0.0549814543263172));
#1737=CARTESIAN_POINT('',(-0.000890760440902688,-0.00121865912934993,0.0557410701043144));
#1738=CARTESIAN_POINT('',(-0.000548429461397751,-0.00110782970712327,0.0562384819875625));
#1739=CARTESIAN_POINT('',(0.000466022941166815,-0.000801896364561592,0.0577036090136094));
#1740=CARTESIAN_POINT('',(0.00112560070602433,-0.000633355362218476,0.0586442083118205));
#1741=CARTESIAN_POINT('',(0.0030584810649363,-0.000222494883537102,0.0613568848352356));
#1742=CARTESIAN_POINT('',(0.00428590642299667,-7.50759225601003E-5,0.0630196795986289));
#1743=CARTESIAN_POINT('',(0.00782065935204574,8.43313236637397E-5,0.0675706406308534));
#1744=CARTESIAN_POINT('',(0.00998292137810729,-0.000188448594086754,0.0700163091704992));
#1745=CARTESIAN_POINT('',(0.0140920382751711,-0.000925701734392195,0.0738158000507653));
#1746=CARTESIAN_POINT('',(0.0160482629417194,-0.00138216692172004,0.0751657275335397));
#1747=CARTESIAN_POINT('',(0.0197338580129977,-0.00193516852594368,0.0770718122780141));
#1748=CARTESIAN_POINT('',(0.0214565141226528,-0.0020212150803356,0.0776366825313828));
#1749=CARTESIAN_POINT('',(0.0235915548238157,-0.00174551289000867,0.07825029276157));
#1750=CARTESIAN_POINT('',(0.0242262073099943,-0.00158958077234111,0.0784157978240815));
#1751=CARTESIAN_POINT('',(0.0253195046566316,-0.00117597267152983,0.0787314060823066));
#1752=CARTESIAN_POINT('',(0.0257768294359106,-0.000917430424829675,0.0788830682291133));
#1753=CARTESIAN_POINT('',(0.0265588127091231,-0.000375889474194264,0.0792264640522033));
#1754=CARTESIAN_POINT('',(0.0268843418890205,-9.52726614378368E-5,0.0794214170378076));
#1755=CARTESIAN_POINT('',(0.0275309824449434,0.000368607345930123,0.079819466531526));
#1756=CARTESIAN_POINT('',(0.0278557159925943,0.000547702205447221,0.0800206047185494));
#1757=CARTESIAN_POINT('',(0.0286414274874042,0.000758618793510265,0.0802678901707867));
#1758=CARTESIAN_POINT('',(0.029103577798043,0.000791662270380549,0.0803093324766742));
#1759=CARTESIAN_POINT('',(0.0302257878388134,0.0007959291260383,0.0800662026662766));
#1760=CARTESIAN_POINT('',(0.0308843134289422,0.000770203921065816,0.0797810016998142));
#1761=CARTESIAN_POINT('',(0.0323934884003895,0.000793297447600614,0.0788024009767944));
#1762=CARTESIAN_POINT('',(0.0332429436567053,0.000843159437840905,0.0781103575080534));
#1763=CARTESIAN_POINT('',(0.0346441432104688,0.00106175191660348,0.076754327376346));
#1764=CARTESIAN_POINT('',(0.035132358752502,0.00115836691972393,0.0762496703686282));
#1765=CARTESIAN_POINT('',(0.0358947458432143,0.00134780515966512,0.075414088470802));
#1766=CARTESIAN_POINT('',(0.0361538893746306,0.00141835780233236,0.0751224710569096));
#1767=CARTESIAN_POINT('',(0.0365499580317777,0.00153630166213291,0.0746655200255155));
#1768=CARTESIAN_POINT('',(0.0366832067701371,0.00157763474048457,0.0745099491984391));
#1769=CARTESIAN_POINT('',(0.03688490028806,0.00164278174752934,0.0742717285598206));
#1770=CARTESIAN_POINT('',(0.0369524348812989,0.00166502194174012,0.0741915109624176));
#1771=CARTESIAN_POINT('',(0.0370541897761329,0.00169918363599215,0.0740699706540294));
#1772=CARTESIAN_POINT('',(0.0370881835764299,0.00171070443215429,0.0740292548999688));
#1773=CARTESIAN_POINT('',(0.0371563218409464,0.00173401556188426,0.0739474191257453));
#1774=CARTESIAN_POINT('',(0.0371951105687637,0.00174646977417375,0.0739072290919473));
#1775=CARTESIAN_POINT('',(0.0372246859360467,0.00175773219231169,0.0738649771400257));
#1776=CARTESIAN_POINT('',(-0.000224443630355009,0.0074314834592953,0.0502474837653316));
#1777=CARTESIAN_POINT('',(-0.000207006728622378,0.0074394284841027,0.0502772340536202));
#1778=CARTESIAN_POINT('',(-0.000179645768545638,0.00745262435770098,0.0503232739190219));
#1779=CARTESIAN_POINT('',(-0.000134903767028803,0.0074736434545451,0.0503989768837577));
#1780=CARTESIAN_POINT('',(-0.00011255137570393,0.00748411243291134,0.0504367993022404));
#1781=CARTESIAN_POINT('',(-4.55499340176365E-5,0.00751539793218814,0.0505501793580929));
#1782=CARTESIAN_POINT('',(-9.56615959054909E-7,0.00753609301722327,0.0506256497958103));
#1783=CARTESIAN_POINT('',(0.000132601177068516,0.00759769472439131,0.0508517122488261));
#1784=CARTESIAN_POINT('',(0.000221343490859365,0.0076381177981289,0.0510019554030896));
#1785=CARTESIAN_POINT('',(0.000486687932175012,0.00775747040461871,0.0514512889615676));
#1786=CARTESIAN_POINT('',(0.000662407559597201,0.00783448331625412,0.0517489834466391));
#1787=CARTESIAN_POINT('',(0.00118608560112266,0.00805799642929704,0.0526364800725498));
#1788=CARTESIAN_POINT('',(0.00153056317919935,0.00819697091532792,0.0532206951272578));
#1789=CARTESIAN_POINT('',(0.00255046576772512,0.00858492195800936,0.0549509757088049));
#1790=CARTESIAN_POINT('',(0.00321236091364678,0.00880492494640901,0.0560746718646585));
#1791=CARTESIAN_POINT('',(0.00514706628820002,0.00935813207462252,0.059356314302201));
#1792=CARTESIAN_POINT('',(0.00636891142225587,0.00958453681193605,0.0614247144462155));
#1793=CARTESIAN_POINT('',(0.00985536552168455,0.00990962708801772,0.0672751726684834));
#1794=CARTESIAN_POINT('',(0.0119417675468084,0.00965606100927462,0.0707004445146957));
#1795=CARTESIAN_POINT('',(0.015758689387006,0.00857890712600989,0.0766625830211258));
#1796=CARTESIAN_POINT('',(0.0174893442329114,0.00776016045633187,0.079203596148354));
#1797=CARTESIAN_POINT('',(0.0206815169034023,0.00580597170953899,0.0834858545740121));
#1798=CARTESIAN_POINT('',(0.0221390565441018,0.00466275380266161,0.0852338582805988));
#1799=CARTESIAN_POINT('',(0.0242020997892877,0.00278469657280534,0.0871844425776408));
#1800=CARTESIAN_POINT('',(0.0248699747566446,0.00213174006011619,0.0877202791320852));
#1801=CARTESIAN_POINT('',(0.0261887801896893,0.000801462976067631,0.0885380439336455));
#1802=CARTESIAN_POINT('',(0.026839713261156,0.000124534390298492,0.0888198768524128));
#1803=CARTESIAN_POINT('',(0.0281520426716833,-0.00121497796560289,0.0891114590991933));
#1804=CARTESIAN_POINT('',(0.0288135458166231,-0.00187756923878215,0.0891216847288271));
#1805=CARTESIAN_POINT('',(0.0301785460732987,-0.00314973978719992,0.0888530285342274));
#1806=CARTESIAN_POINT('',(0.0308824266950297,-0.00375974124941175,0.0885740291168072));
#1807=CARTESIAN_POINT('',(0.0323602454055206,-0.00487966154119792,0.087701348580974));
#1808=CARTESIAN_POINT('',(0.0331342417589106,-0.0053893810317713,0.0871071432458953));
#1809=CARTESIAN_POINT('',(0.0347679507573118,-0.00624698659165877,0.0855823493087805));
#1810=CARTESIAN_POINT('',(0.0356273981117011,-0.006594463340925,0.0846517500918464));
#1811=CARTESIAN_POINT('',(0.0374392959167783,-0.00706282312497688,0.082446651540048));
#1812=CARTESIAN_POINT('',(0.0383915690247797,-0.0071835837640921,0.0811723841632267));
#1813=CARTESIAN_POINT('',(0.0398948457781543,-0.00715076314760927,0.0790044291700561));
#1814=CARTESIAN_POINT('',(0.0404084283330299,-0.00710421705133971,0.0782390639634659));
#1815=CARTESIAN_POINT('',(0.0411983748534568,-0.00697597033009013,0.0770273161864343));
#1816=CARTESIAN_POINT('',(0.0414649538663134,-0.00692348649713832,0.0766127844112817));
#1817=CARTESIAN_POINT('',(0.041869834956397,-0.0068295561258754,0.0759751132981579));
#1818=CARTESIAN_POINT('',(0.0420056308365721,-0.00679571206246872,0.0757599106960802));
#1819=CARTESIAN_POINT('',(0.0422105933820853,-0.00674107119011031,0.0754331447562518));
#1820=CARTESIAN_POINT('',(0.0422791256901936,-0.00672221177930198,0.07532356243658));
#1821=CARTESIAN_POINT('',(0.0423822433212537,-0.00669294483266944,0.0751581992316767));
#1822=CARTESIAN_POINT('',(0.0424166690600827,-0.0066830262126508,0.0751029132090972));
#1823=CARTESIAN_POINT('',(0.0424856272619226,-0.00666286151193263,0.0749920113854965));
#1824=CARTESIAN_POINT('',(0.0425249871697539,-0.00665270941696884,0.0749300962409063));
#1825=CARTESIAN_POINT('',(0.0425547457182717,-0.00664220486331335,0.0748806149590558));
#1826=CARTESIAN_POINT('',(0.00184185501498968,0.0165906311156538,0.0468064920307777));
#1827=CARTESIAN_POINT('',(0.0018593845385035,0.0165995201702955,0.0468388107335197));
#1828=CARTESIAN_POINT('',(0.00188702240404121,0.0166155456627834,0.0468925617612021));
#1829=CARTESIAN_POINT('',(0.00193213103416865,0.0166403309568224,0.0469785620763484));
#1830=CARTESIAN_POINT('',(0.00195466577042501,0.0166526805433298,0.0470215390974133));
#1831=CARTESIAN_POINT('',(0.00202221131015159,0.0166896003358673,0.0471504007684444));
#1832=CARTESIAN_POINT('',(0.00206716344461935,0.0167140415749508,0.0472362160262116));
#1833=CARTESIAN_POINT('',(0.0022017857090985,0.0167868511384604,0.047493384370687));
#1834=CARTESIAN_POINT('',(0.0022912217009993,0.0168347053101019,0.0476644600280682));
#1835=CARTESIAN_POINT('',(0.00255859739062811,0.0169762248899069,0.0481765784202112));
#1836=CARTESIAN_POINT('',(0.00273560481575084,0.0170678473795073,0.0485165125669609));
#1837=CARTESIAN_POINT('',(0.00326293164314799,0.017334651987944,0.0495318900407851));
#1838=CARTESIAN_POINT('',(0.00360955581979647,0.0175017715377791,0.050202908266953));
#1839=CARTESIAN_POINT('',(0.00463490859428343,0.0179717402805803,0.0521983424040003));
#1840=CARTESIAN_POINT('',(0.00529912112126923,0.0182432052550365,0.0535051354174965));
#1841=CARTESIAN_POINT('',(0.00723565151146373,0.0189387590327821,0.0573557437691662));
#1842=CARTESIAN_POINT('',(0.00845191642151507,0.0192441495464322,0.0598297492938019));
#1843=CARTESIAN_POINT('',(0.0118900716913234,0.0197349228523717,0.0669797047061134));
#1844=CARTESIAN_POINT('',(0.0139006137155096,0.019500570612636,0.0713845798588921));
#1845=CARTESIAN_POINT('',(0.017425340498841,0.0180835159864119,0.0795093659914861));
#1846=CARTESIAN_POINT('',(0.0189304255241034,0.0169024878343838,0.0832414647631681));
#1847=CARTESIAN_POINT('',(0.0216291757938069,0.0135471119450217,0.08989989687001));
#1848=CARTESIAN_POINT('',(0.0228215989655507,0.0113467226856588,0.0928310340298147));
#1849=CARTESIAN_POINT('',(0.0248126447547596,0.00731490603561936,0.0961185923937116));
#1850=CARTESIAN_POINT('',(0.0255137422032949,0.00585306089257348,0.0970247604400886));
#1851=CARTESIAN_POINT('',(0.027058055722747,0.00277889862366509,0.0983446817849845));
#1852=CARTESIAN_POINT('',(0.0279025970864013,0.00116649920542666,0.0987566854757122));
#1853=CARTESIAN_POINT('',(0.0297452726342436,-0.00205406645701151,0.0989964541461832));
#1854=CARTESIAN_POINT('',(0.0307427497442258,-0.00365986581612645,0.0988219524198466));
#1855=CARTESIAN_POINT('',(0.0328261097016539,-0.00666808692032997,0.0978865905369287));
#1856=CARTESIAN_POINT('',(0.033909137397465,-0.00806718470427071,0.0971274535150649));
#1857=CARTESIAN_POINT('',(0.0360790633236369,-0.0105179418759061,0.0951348069911613));
#1858=CARTESIAN_POINT('',(0.0371649057197781,-0.0115704243339231,0.0939049540151164));
#1859=CARTESIAN_POINT('',(0.0393101136758102,-0.0132899023093558,0.0910984959512842));
#1860=CARTESIAN_POINT('',(0.0403704827944599,-0.0139591306029158,0.0895224984838786));
#1861=CARTESIAN_POINT('',(0.0424851034331672,-0.0149189436975544,0.0860909021033016));
#1862=CARTESIAN_POINT('',(0.0435401943928542,-0.0152103269660251,0.0842344108184001));
#1863=CARTESIAN_POINT('',(0.0451455483458397,-0.015363278211822,0.081254530963766));
#1864=CARTESIAN_POINT('',(0.0456844979135578,-0.0153668010224034,0.0802284575583035));
#1865=CARTESIAN_POINT('',(0.046502003863699,-0.0152997458198454,0.0786405439020666));
#1866=CARTESIAN_POINT('',(0.0467760183579961,-0.015265330796609,0.0781030977656537));
#1867=CARTESIAN_POINT('',(0.0471897118810162,-0.0151954139138837,0.0772847065708003));
#1868=CARTESIAN_POINT('',(0.0473280549030072,-0.015169058865422,0.0770098721937213));
#1869=CARTESIAN_POINT('',(0.0475362864761106,-0.01512492412775,0.0765945609526831));
#1870=CARTESIAN_POINT('',(0.0476058164990883,-0.0151094455003441,0.0764556139107424));
#1871=CARTESIAN_POINT('',(0.0477102968663745,-0.015085073301331,0.0762464278093242));
#1872=CARTESIAN_POINT('',(0.0477451545437355,-0.0150767568574559,0.0761765715182256));
#1873=CARTESIAN_POINT('',(0.0478149326828986,-0.0150597385857495,0.0760366036452477));
#1874=CARTESIAN_POINT('',(0.0478548637707441,-0.0150518886081114,0.0759529633898655));
#1875=CARTESIAN_POINT('',(0.0478848055004967,-0.0150421419189384,0.0758962527780857));
#1876=CARTESIAN_POINT('',(-0.00663228751907911,0.0200238929890261,0.0508563835381065));
#1877=CARTESIAN_POINT('',(-0.00661464816771492,0.0200317639948273,0.0508897950911433));
#1878=CARTESIAN_POINT('',(-0.00658668100451853,0.0200447305145524,0.0509468250493941));
#1879=CARTESIAN_POINT('',(-0.00654113381042112,0.0200654242696791,0.0510371982617527));
#1880=CARTESIAN_POINT('',(-0.00651837998000352,0.0200757232411982,0.0510823620997573));
#1881=CARTESIAN_POINT('',(-0.00645017772706183,0.0201064765941402,0.05121778529223));
#1882=CARTESIAN_POINT('',(-0.00640478854280859,0.0201267874140428,0.0513079763252344));
#1883=CARTESIAN_POINT('',(-0.00626885745249594,0.0201871468755762,0.0515782759993471));
#1884=CARTESIAN_POINT('',(-0.0061785520080544,0.0202266225208075,0.051758111216844));
#1885=CARTESIAN_POINT('',(-0.00590857762722721,0.0203427673882565,0.0522965220160176));
#1886=CARTESIAN_POINT('',(-0.00572985062986099,0.0204171545713659,0.0526540027660117));
#1887=CARTESIAN_POINT('',(-0.00519740673617545,0.0206312662435749,0.0537220556477688));
#1888=CARTESIAN_POINT('',(-0.00484742672551483,0.0207619413335181,0.0544282387906351));
#1889=CARTESIAN_POINT('',(-0.00381219681081494,0.0211183780051758,0.0565291387415193));
#1890=CARTESIAN_POINT('',(-0.00314165390227278,0.0213085589816761,0.0579062132928063));
#1891=CARTESIAN_POINT('',(-0.00118707345807758,0.0217413665098251,0.0619658790323397));
#1892=CARTESIAN_POINT('',(3.99400955963375E-5,0.0218463956450577,0.0645770733970735));
#1893=CARTESIAN_POINT('',(0.00350571020296404,0.0216429502492545,0.0721121875659216));
#1894=CARTESIAN_POINT('',(0.00552673860072534,0.0208178614776038,0.0767427129170464));
#1895=CARTESIAN_POINT('',(0.009077078929523,0.0179082735732788,0.0850629637791628));
#1896=CARTESIAN_POINT('',(0.0105970210627102,0.0158157663996955,0.0887565841486437));
#1897=CARTESIAN_POINT('',(0.0134169622125466,0.0105056357900559,0.094834682184932));
#1898=CARTESIAN_POINT('',(0.0147236755206943,0.00727752248275355,0.0972104468610302));
#1899=CARTESIAN_POINT('',(0.0169928355951246,0.00197112701212861,0.0993779041683548));
#1900=CARTESIAN_POINT('',(0.0178029411404387,0.000128388214872833,0.0998677741428307));
#1901=CARTESIAN_POINT('',(0.019585082854995,-0.00359291154851925,0.10031083764534));
#1902=CARTESIAN_POINT('',(0.0205584391025465,-0.00547233878587335,0.100262472223123));
#1903=CARTESIAN_POINT('',(0.022656281661825,-0.00910398849886813,0.0995648081752566));
#1904=CARTESIAN_POINT('',(0.0237798972844559,-0.0108538290917045,0.0989122902412604));
#1905=CARTESIAN_POINT('',(0.0260825508927687,-0.0140187559187448,0.097029465816298));
#1906=CARTESIAN_POINT('',(0.0272579667037433,-0.0154296738260594,0.0958011176473102));
#1907=CARTESIAN_POINT('',(0.0295560992653364,-0.0177810962486436,0.0929209838361344));
#1908=CARTESIAN_POINT('',(0.0306776436497946,-0.0187228225193911,0.091273903154135));
#1909=CARTESIAN_POINT('',(0.0328389091180924,-0.0201355751818119,0.0877185444569125));
#1910=CARTESIAN_POINT('',(0.0338801643398346,-0.0206096529953313,0.085810895292527));
#1911=CARTESIAN_POINT('',(0.0359191778906845,-0.0211377332580601,0.0818078006380462));
#1912=CARTESIAN_POINT('',(0.0369181303432728,-0.0211927789700989,0.0797109988607755));
#1913=CARTESIAN_POINT('',(0.0384254181115947,-0.0209838779158905,0.0764301772659625));
#1914=CARTESIAN_POINT('',(0.0389293443029885,-0.0208654502231693,0.0753136197222583));
#1915=CARTESIAN_POINT('',(0.0396921894503785,-0.0206154690599318,0.0736031603884021));
#1916=CARTESIAN_POINT('',(0.0399476266045053,-0.0205200726754318,0.0730270608244197));
#1917=CARTESIAN_POINT('',(0.0403330652224574,-0.0203588743944262,0.0721537786078554));
#1918=CARTESIAN_POINT('',(0.0404619249502074,-0.0203021236593741,0.0718611620554531));
#1919=CARTESIAN_POINT('',(0.0406558508603399,-0.0202124647012034,0.071419924313302));
#1920=CARTESIAN_POINT('',(0.0407205988645644,-0.0201818228662564,0.0712724595652038));
#1921=CARTESIAN_POINT('',(0.0408178880065675,-0.0201347257560726,0.0710506804191717));
#1922=CARTESIAN_POINT('',(0.0408503455753028,-0.0201188376573543,0.0709766570324005));
#1923=CARTESIAN_POINT('',(0.040915317755478,-0.0200866831271625,0.0708284156115193));
#1924=CARTESIAN_POINT('',(0.040951638712343,-0.0200674881096587,0.0707386307068293));
#1925=CARTESIAN_POINT('',(0.0409803761614873,-0.0200539609842745,0.0706798818979663));
#1926=CARTESIAN_POINT('',(-0.00869858616442381,0.0108647453326676,0.0542973752726605));
#1927=CARTESIAN_POINT('',(-0.00868103943484079,0.0108716723086345,0.0543282184112438));
#1928=CARTESIAN_POINT('',(-0.0086533491771053,0.01088180920947,0.0543775372072137));
#1929=CARTESIAN_POINT('',(-0.00860816861161865,0.0108987367674019,0.054457613069162));
#1930=CARTESIAN_POINT('',(-0.00858559712613239,0.0109071551307797,0.0544976223045843));
#1931=CARTESIAN_POINT('',(-0.00851793897123124,0.0109322741904612,0.0546175638818784));
#1932=CARTESIAN_POINT('',(-0.00847290860338715,0.0109488388563152,0.0546974100948328));
#1933=CARTESIAN_POINT('',(-0.0083380419845256,0.0109979904615071,0.0549366038774866));
#1934=CARTESIAN_POINT('',(-0.00824843021819401,0.0110300350088347,0.0550956065918656));
#1935=CARTESIAN_POINT('',(-0.00798048708568094,0.011124012902968,0.0555712325573734));
#1936=CARTESIAN_POINT('',(-0.00780304788601402,0.0111837905081127,0.0558864736456887));
#1937=CARTESIAN_POINT('',(-0.00727425277820204,0.0113546106849279,0.0568266456795359));
#1938=CARTESIAN_POINT('',(-0.00692641936610954,0.0114571407110667,0.0574460256509387));
#1939=CARTESIAN_POINT('',(-0.00589663963737807,0.0117315596826054,0.0592817720463262));
#1940=CARTESIAN_POINT('',(-0.00522841410989752,0.0118702786730498,0.060475749739975));
#1941=CARTESIAN_POINT('',(-0.00327565868133676,0.0121607395516632,0.0639664495653607));
#1942=CARTESIAN_POINT('',(-0.00204306490365883,0.0121867829105666,0.0661720385494708));
#1943=CARTESIAN_POINT('',(0.00147100403331715,0.0118176544848904,0.0724076555283239));
#1944=CARTESIAN_POINT('',(0.00356789243201777,0.0109733518742456,0.07605857757285));
#1945=CARTESIAN_POINT('',(0.00741042781769445,0.00840366471287353,0.0822161808088025));
#1946=CARTESIAN_POINT('',(0.00915593977153359,0.0066734390216487,0.0847187155338192));
#1947=CARTESIAN_POINT('',(0.0124693033221266,0.00276449555456807,0.0884206398889444));
#1948=CARTESIAN_POINT('',(0.0140411330992412,0.000593553599758449,0.0896132711118059));
#1949=CARTESIAN_POINT('',(0.0163822906296547,-0.00255908245068645,0.0904437543522883));
#1950=CARTESIAN_POINT('',(0.0171591736937866,-0.00359293261758447,0.090563292834831));
#1951=CARTESIAN_POINT('',(0.0187158073219392,-0.00557034719611671,0.0905041997939968));
#1952=CARTESIAN_POINT('',(0.0194955552773011,-0.00651430360100151,0.0903256635998238));
#1953=CARTESIAN_POINT('',(0.0210630516992647,-0.00826490000745951,0.0896798131282667));
#1954=CARTESIAN_POINT('',(0.0218506933568533,-0.00907153251435995,0.0892120225502447));
#1955=CARTESIAN_POINT('',(0.0234349872644135,-0.010500408785615,0.0879959038135929));
#1956=CARTESIAN_POINT('',(0.0242312560013099,-0.0111222303712004,0.0872476932490525));
#1957=CARTESIAN_POINT('',(0.0258372813472181,-0.0121428159139354,0.0854875254259472));
#1958=CARTESIAN_POINT('',(0.0266469796889248,-0.0125417792172384,0.0844760923849139));
#1959=CARTESIAN_POINT('',(0.0282967461995963,-0.0130926594641156,0.0822023978144087));
#1960=CARTESIAN_POINT('',(0.029137079657073,-0.0132449857333412,0.0809401469004895));
#1961=CARTESIAN_POINT('',(0.0308733703742983,-0.013281612685482,0.0781635500747979));
#1962=CARTESIAN_POINT('',(0.0317695049751953,-0.0131660357681659,0.0766489722056023));
#1963=CARTESIAN_POINT('',(0.0331747155439109,-0.0127713628516778,0.0741800754722525));
#1964=CARTESIAN_POINT('',(0.0336532747224588,-0.0126028662521048,0.0733242261274172));
#1965=CARTESIAN_POINT('',(0.034388560440137,-0.012291693570177,0.0719899326727716));
#1966=CARTESIAN_POINT('',(0.0346365621128217,-0.01217822837596,0.0715367474700494));
#1967=CARTESIAN_POINT('',(0.0350131882978387,-0.0119930166064185,0.070844185335212));
#1968=CARTESIAN_POINT('',(0.0351395008837733,-0.0119287768564212,0.0706112005578121));
#1969=CARTESIAN_POINT('',(0.0353301577663141,-0.0118286117635636,0.0702585081168708));
#1970=CARTESIAN_POINT('',(0.0353939080556702,-0.0117945891452143,0.0701404080910409));
#1971=CARTESIAN_POINT('',(0.0354898344614466,-0.011742597287411,0.0699624518415245));
#1972=CARTESIAN_POINT('',(0.0355218600916501,-0.011725107012549,0.0699029987232721));
#1973=CARTESIAN_POINT('',(0.0355860123345017,-0.0116898060533458,0.0697838233517682));
#1974=CARTESIAN_POINT('',(0.0356217621113529,-0.0116683089185162,0.0697157635578702));
#1975=CARTESIAN_POINT('',(0.0356503163792623,-0.0116540239286495,0.0696642440789363));
#1976=CARTESIAN_POINT('',(-0.0044615148973894,0.00914811439598144,0.0522724295189961));
#1977=CARTESIAN_POINT('',(-0.00869858616442381,0.0108647453326676,0.0542973752726605));
#1978=CARTESIAN_POINT('',(-0.0475000093296769,-0.00914811439598143,-0.0222724295189961));
#1979=CARTESIAN_POINT('',(-0.0475000093296769,-0.00914811439598143,-0.0222724295189961));
#1980=CARTESIAN_POINT('',(-0.0517370805967113,-0.0074314834592953,-0.0202474837653316));
#1981=CARTESIAN_POINT('',(-0.0432239080009742,0.00827581213803181,-0.065080171692089));
#1982=CARTESIAN_POINT('',(-0.0432805706805569,0.00828988035033347,-0.0650798127966941));
#1983=CARTESIAN_POINT('',(-0.0433506768948537,0.00831073653658283,-0.0650787112341921));
#1984=CARTESIAN_POINT('',(-0.0434769673574032,0.00834520685341804,-0.0650771759287688));
#1985=CARTESIAN_POINT('',(-0.043539953181087,0.00836229089141874,-0.0650763832904569));
#1986=CARTESIAN_POINT('',(-0.0437284330579574,0.00841309180777175,-0.065073930092949));
#1987=CARTESIAN_POINT('',(-0.0438534495159288,0.00844635748771321,-0.065072194250483));
#1988=CARTESIAN_POINT('',(-0.0442265935736766,0.00854436706610002,-0.0650666830101249));
#1989=CARTESIAN_POINT('',(-0.0444728158396138,0.00860732349174561,-0.0650626038875443));
#1990=CARTESIAN_POINT('',(-0.0452039024297211,0.00878918192750176,-0.0650491314045216));
#1991=CARTESIAN_POINT('',(-0.0456811862056027,0.0089010728973452,-0.0650385027298503));
#1992=CARTESIAN_POINT('',(-0.0470830556136558,0.00920982089198082,-0.0650015207632774));
#1993=CARTESIAN_POINT('',(-0.0479776513330543,0.00937974927209646,-0.0649700679925698));
#1994=CARTESIAN_POINT('',(-0.0505444418981844,0.00979089923687423,-0.0648541964491159));
#1995=CARTESIAN_POINT('',(-0.0520993748601048,0.00993343739857281,-0.06474820454114));
#1996=CARTESIAN_POINT('',(-0.0549169583182573,0.0100051450591715,-0.0644741717959759));
#1997=CARTESIAN_POINT('',(-0.0561793399107653,0.00993452497198003,-0.0643062072660449));
#1998=CARTESIAN_POINT('',(-0.0584435503106649,0.00962912378805271,-0.0639048664472696));
#1999=CARTESIAN_POINT('',(-0.0594454396073835,0.00939490258553333,-0.0636717757722656));
#2000=CARTESIAN_POINT('',(-0.0612377023885445,0.00879947840696397,-0.0631329603793897));
#2001=CARTESIAN_POINT('',(-0.0620290848485305,0.00843846123209562,-0.0628274460865626));
#2002=CARTESIAN_POINT('',(-0.0634520100412905,0.00759946957655042,-0.062123407696099));
#2003=CARTESIAN_POINT('',(-0.0640843876661795,0.00712058202309231,-0.061724470249159));
#2004=CARTESIAN_POINT('',(-0.065209822389574,0.00603886653683412,-0.060801822047528));
#2005=CARTESIAN_POINT('',(-0.0657024948768955,0.0054352638732228,-0.0602776922819509));
#2006=CARTESIAN_POINT('',(-0.0665296547644646,0.00411072928761358,-0.0590772228100209));
#2007=CARTESIAN_POINT('',(-0.0668633907446145,0.00338965783581559,-0.0584009535137331));
#2008=CARTESIAN_POINT('',(-0.067570488641643,0.00110191278332983,-0.0561181008770231));
#2009=CARTESIAN_POINT('',(-0.0676375850399002,-0.000594960192775725,-0.0542574907125015));
#2010=CARTESIAN_POINT('',(-0.0667763439962444,-0.00380256010073611,-0.0497642921171102));
#2011=CARTESIAN_POINT('',(-0.0658529103735151,-0.00530142385985505,-0.0471321115310626));
#2012=CARTESIAN_POINT('',(-0.0631243901629212,-0.00757551989485603,-0.0410125749077783));
#2013=CARTESIAN_POINT('',(-0.0613257652321609,-0.00835335962167317,-0.037525562334042));
#2014=CARTESIAN_POINT('',(-0.0580998052998176,-0.00869141559397661,-0.0315909547551158));
#2015=CARTESIAN_POINT('',(-0.0569363463833875,-0.00866664787844786,-0.029495366062826));
#2016=CARTESIAN_POINT('',(-0.0550725284895135,-0.00839060141597269,-0.0261677029172556));
#2017=CARTESIAN_POINT('',(-0.054431469254047,-0.00825878211062352,-0.0250277668294535));
#2018=CARTESIAN_POINT('',(-0.0534417757033413,-0.0079973325009807,-0.0232707532762539));
#2019=CARTESIAN_POINT('',(-0.0531071929622793,-0.00789956286760114,-0.0226772304585814));
#2020=CARTESIAN_POINT('',(-0.0525984819151694,-0.00773647939625276,-0.0217750386913774));
#2021=CARTESIAN_POINT('',(-0.0524277720342583,-0.007679380083021,-0.0214723235093098));
#2022=CARTESIAN_POINT('',(-0.0521700213461424,-0.00758956156889308,-0.0210152575613501));
#2023=CARTESIAN_POINT('',(-0.0520838234698106,-0.00755892714086362,-0.0208624033827421));
#2024=CARTESIAN_POINT('',(-0.0519541080918493,-0.00751192533095112,-0.0206323717838781));
#2025=CARTESIAN_POINT('',(-0.0519107998717929,-0.00749608303305397,-0.0205555695290937));
#2026=CARTESIAN_POINT('',(-0.0518457332626486,-0.0074720560717785,-0.02044017830946));
#2027=CARTESIAN_POINT('',(-0.0518240270130793,-0.00746400316562382,-0.0204016832633406));
#2028=CARTESIAN_POINT('',(-0.0517805798144662,-0.00744780935311241,-0.0203246305161582));
#2029=CARTESIAN_POINT('',(-0.0517541923690829,-0.00743822552924362,-0.0202775735359257));
#2030=CARTESIAN_POINT('',(-0.0517370805967113,-0.0074314834592953,-0.0202474837653316));
#2031=CARTESIAN_POINT('',(-0.0411781283569125,0.0179004486488427,-0.0632965916735002));
#2032=CARTESIAN_POINT('',(-0.0412403426737051,0.0179164307247243,-0.0633001926872878));
#2033=CARTESIAN_POINT('',(-0.0413271541807959,0.017943009458677,-0.0633109790547154));
#2034=CARTESIAN_POINT('',(-0.0414758535339293,0.0179850581275031,-0.0633253158438195));
#2035=CARTESIAN_POINT('',(-0.0415500945926043,0.0180059118333978,-0.0633324672793005));
#2036=CARTESIAN_POINT('',(-0.0417724937705916,0.0180679618093933,-0.063353869841028));
#2037=CARTESIAN_POINT('',(-0.0419203278905923,0.0181086469455189,-0.0633680692267681));
#2038=CARTESIAN_POINT('',(-0.0423625491449207,0.0182286634855252,-0.0634104533303466));
#2039=CARTESIAN_POINT('',(-0.0426556551602949,0.0183059561505097,-0.0634384240651137));
#2040=CARTESIAN_POINT('',(-0.0435299684529093,0.0185297199108642,-0.0635214211072363));
#2041=CARTESIAN_POINT('',(-0.04410617099138,0.0186680790226262,-0.0635755335063474));
#2042=CARTESIAN_POINT('',(-0.0458157213308731,0.0190509555443398,-0.0637336979581599));
#2043=CARTESIAN_POINT('',(-0.046930022277481,0.019263313513501,-0.0638336014428103));
#2044=CARTESIAN_POINT('',(-0.0502042543791907,0.0197723214417952,-0.0641117793928186));
#2045=CARTESIAN_POINT('',(-0.0522962609949289,0.0199416295193951,-0.0642690066322539));
#2046=CARTESIAN_POINT('',(-0.0563288559331648,0.0199267671699726,-0.0644904231209242));
#2047=CARTESIAN_POINT('',(-0.0582706729216605,0.0197419522802195,-0.0645543992982303));
#2048=CARTESIAN_POINT('',(-0.0619956814152219,0.0189886609204573,-0.0645391634567655));
#2049=CARTESIAN_POINT('',(-0.0637791703262475,0.0184182151324505,-0.0644588669811606));
#2050=CARTESIAN_POINT('',(-0.0671105059698429,0.0168851636991746,-0.0641090624441685));
#2051=CARTESIAN_POINT('',(-0.0686555782299799,0.0159217112965683,-0.0638386383562888));
#2052=CARTESIAN_POINT('',(-0.0713957315408287,0.0136714190801155,-0.0631035473907912));
#2053=CARTESIAN_POINT('',(-0.072588839841875,0.0123870443292881,-0.0626402465942073));
#2054=CARTESIAN_POINT('',(-0.0745654366758778,0.00961754333758525,-0.0615538406993911));
#2055=CARTESIAN_POINT('',(-0.0753505150362488,0.00813344157078961,-0.060932283388416));
#2056=CARTESIAN_POINT('',(-0.076512249016968,0.0050693268954891,-0.0595482302903131));
#2057=CARTESIAN_POINT('',(-0.0768896210076052,0.00348830170720259,-0.0587855053165561));
#2058=CARTESIAN_POINT('',(-0.077426067792399,-0.00126034173388022,-0.0562556844061051));
#2059=CARTESIAN_POINT('',(-0.0769748250285073,-0.00442945587280427,-0.0542397632619721));
#2060=CARTESIAN_POINT('',(-0.0747470713576062,-0.00997791305698603,-0.049294991343399));
#2061=CARTESIAN_POINT('',(-0.0729880804944874,-0.0123489354530179,-0.0463654124383459));
#2062=CARTESIAN_POINT('',(-0.0686351786353536,-0.0158602680985585,-0.0395428615216971));
#2063=CARTESIAN_POINT('',(-0.0660436336451401,-0.0170119368315554,-0.0356561092949065));
#2064=CARTESIAN_POINT('',(-0.0617411903787513,-0.0176814640543732,-0.0291210625569857));
#2065=CARTESIAN_POINT('',(-0.0602363507402049,-0.0177288758729029,-0.0268250750225618));
#2066=CARTESIAN_POINT('',(-0.0578888144206114,-0.0175182674112007,-0.0232028484791811));
#2067=CARTESIAN_POINT('',(-0.0570912039482136,-0.0174010965676775,-0.0219657060610118));
#2068=CARTESIAN_POINT('',(-0.0558737227110967,-0.0171524661495697,-0.0200649396144318));
#2069=CARTESIAN_POINT('',(-0.0554643824505982,-0.0170574423288993,-0.0194238404414202));
#2070=CARTESIAN_POINT('',(-0.0548452817561217,-0.0168963708756791,-0.0184508561093337));
#2071=CARTESIAN_POINT('',(-0.0546380663580195,-0.0168395910151573,-0.0181246386457723));
#2072=CARTESIAN_POINT('',(-0.0543259919580064,-0.016749746948964,-0.0176324688686175));
#2073=CARTESIAN_POINT('',(-0.0542217586009662,-0.0167190198753327,-0.0174679383404996));
#2074=CARTESIAN_POINT('',(-0.0540650983535583,-0.0166717556097821,-0.0172204304023435));
#2075=CARTESIAN_POINT('',(-0.0540128265687178,-0.0166558052450656,-0.017137809064966));
#2076=CARTESIAN_POINT('',(-0.0539343416624289,-0.016631585645739,-0.0170136988636421));
#2077=CARTESIAN_POINT('',(-0.0539081671554691,-0.0166234634372365,-0.0169722990973052));
#2078=CARTESIAN_POINT('',(-0.0538557924522994,-0.0166071208961747,-0.0168894401395492));
#2079=CARTESIAN_POINT('',(-0.0538227183870888,-0.0165974154158515,-0.0168380317351659));
#2080=CARTESIAN_POINT('',(-0.053803379242056,-0.0165906311156538,-0.0168064920307777));
#2081=CARTESIAN_POINT('',(-0.0408073012195389,0.0196450531647419,-0.0731362482893224));
#2082=CARTESIAN_POINT('',(-0.040872814706782,0.0196576881250418,-0.0731405670938995));
#2083=CARTESIAN_POINT('',(-0.0409695313294479,0.0196742039507903,-0.0731534971605703));
#2084=CARTESIAN_POINT('',(-0.0411314576756172,0.0197027776458669,-0.0731706661314607));
#2085=CARTESIAN_POINT('',(-0.0412123197822095,0.0197168721706407,-0.0731792238402826));
#2086=CARTESIAN_POINT('',(-0.0414546045940163,0.0197585791183663,-0.0732048153318658));
#2087=CARTESIAN_POINT('',(-0.0416157257920014,0.0197856149237665,-0.0732217674854046));
#2088=CARTESIAN_POINT('',(-0.0420978968634276,0.0198644182722147,-0.0732722867851587));
#2089=CARTESIAN_POINT('',(-0.0424177542362565,0.0199138818993111,-0.0733055168646337));
#2090=CARTESIAN_POINT('',(-0.0433726637719158,0.0200530709289616,-0.0734037703432848));
#2091=CARTESIAN_POINT('',(-0.0440030540475263,0.0201335971282086,-0.0734673586347243));
#2092=CARTESIAN_POINT('',(-0.0458764180756561,0.0203383970638115,-0.0736516177706157));
#2093=CARTESIAN_POINT('',(-0.0471016114367746,0.020425940968602,-0.0737658141271443));
#2094=CARTESIAN_POINT('',(-0.0507121374578388,0.0205401425002912,-0.0740753371197271));
#2095=CARTESIAN_POINT('',(-0.0530336928345744,0.0204191905327026,-0.0742382027657054));
#2096=CARTESIAN_POINT('',(-0.0575194898684848,0.0197559261259016,-0.0744257110357438));
#2097=CARTESIAN_POINT('',(-0.0596854979979112,0.0192125483920308,-0.0744499879744111));
#2098=CARTESIAN_POINT('',(-0.0638134109897818,0.0176615735933644,-0.0742931048206926));
#2099=CARTESIAN_POINT('',(-0.0657754922779638,0.0166508874165167,-0.074110289045408));
#2100=CARTESIAN_POINT('',(-0.0693443379505168,0.0141681785058594,-0.0734838521794417));
#2101=CARTESIAN_POINT('',(-0.0709463099094313,0.0126949374051893,-0.0730388942141679));
#2102=CARTESIAN_POINT('',(-0.0736011127262435,0.00942158168015892,-0.0719001038257783));
#2103=CARTESIAN_POINT('',(-0.0746503010479709,0.00762575825617187,-0.0712084641845223));
#2104=CARTESIAN_POINT('',(-0.0761227466338219,0.00392957947461363,-0.0696504864759172));
#2105=CARTESIAN_POINT('',(-0.0765483629453513,0.00203179804440381,-0.0687865342198828));
#2106=CARTESIAN_POINT('',(-0.0768364676635995,-0.00169093912228049,-0.0669338809112139));
#2107=CARTESIAN_POINT('',(-0.0767011752786878,-0.00351662808655773,-0.0659448098540022));
#2108=CARTESIAN_POINT('',(-0.0756170515199707,-0.00872047470293894,-0.062776010693059));
#2109=CARTESIAN_POINT('',(-0.073999636116345,-0.0118100027513624,-0.0603874815400077));
#2110=CARTESIAN_POINT('',(-0.0698326275267742,-0.0168063923334918,-0.0548030557892043));
#2111=CARTESIAN_POINT('',(-0.0672907467437241,-0.0187286595721818,-0.0516056153737921));
#2112=CARTESIAN_POINT('',(-0.0617286096824434,-0.0213386411923759,-0.0443289822955583));
#2113=CARTESIAN_POINT('',(-0.058697796094366,-0.0220324991611073,-0.0402553224926475));
#2114=CARTESIAN_POINT('',(-0.0538806860544126,-0.0220699525889276,-0.0334838225225061));
#2115=CARTESIAN_POINT('',(-0.0522286005441969,-0.0219144517422958,-0.031116411359094));
#2116=CARTESIAN_POINT('',(-0.0496874099711181,-0.0214122681987124,-0.0273967001636391));
#2117=CARTESIAN_POINT('',(-0.0488298138749587,-0.0212000139870439,-0.026128674703028));
#2118=CARTESIAN_POINT('',(-0.0475282909453215,-0.0208119127740034,-0.0241838449180115));
#2119=CARTESIAN_POINT('',(-0.0470919277935553,-0.0206709237079218,-0.0235284349624806));
#2120=CARTESIAN_POINT('',(-0.0464336782788874,-0.0204416859075404,-0.022534531350769));
#2121=CARTESIAN_POINT('',(-0.0462136442787178,-0.0203623141567029,-0.0222014319488286));
#2122=CARTESIAN_POINT('',(-0.0458826765966184,-0.0202387766181409,-0.021699073719142));
#2123=CARTESIAN_POINT('',(-0.0457722012540325,-0.0201968507795043,-0.0215311694496645));
#2124=CARTESIAN_POINT('',(-0.0456062602491433,-0.0201328368214181,-0.0212786342317095));
#2125=CARTESIAN_POINT('',(-0.0455509085822524,-0.020111311301607,-0.0211943426897919));
#2126=CARTESIAN_POINT('',(-0.0454678242309862,-0.0200787410658731,-0.0210677354796549));
#2127=CARTESIAN_POINT('',(-0.0454401199720699,-0.0200678373279357,-0.0210255047600482));
#2128=CARTESIAN_POINT('',(-0.0453846925283491,-0.0200459357571206,-0.0209409866559169));
#2129=CARTESIAN_POINT('',(-0.0453493356637827,-0.0200320650328511,-0.0208883366504622));
#2130=CARTESIAN_POINT('',(-0.0453292367079871,-0.0200238929890261,-0.0208563835381065));
#2131=CARTESIAN_POINT('',(-0.0428530808636007,0.0100204166539311,-0.0749198283079111));
#2132=CARTESIAN_POINT('',(-0.0429130427136339,0.0100311377506509,-0.0749201872033059));
#2133=CARTESIAN_POINT('',(-0.0429930540435058,0.010041931028696,-0.0749212293400471));
#2134=CARTESIAN_POINT('',(-0.043132571499091,0.0100629263717819,-0.07492252621641));
#2135=CARTESIAN_POINT('',(-0.043202178370692,0.0100732512286616,-0.0749231398514388));
#2136=CARTESIAN_POINT('',(-0.0434105438813825,0.0101037091167448,-0.0749248755837874));
#2137=CARTESIAN_POINT('',(-0.0435488474173376,0.0101233254659609,-0.0749258925091195));
#2138=CARTESIAN_POINT('',(-0.0439619412921841,0.0101801218527896,-0.074928516464937));
#2139=CARTESIAN_POINT('',(-0.0442349149155754,0.0102152492405475,-0.0749296966870654));
#2140=CARTESIAN_POINT('',(-0.0450465977487276,0.0103125329455982,-0.0749314806405682));
#2141=CARTESIAN_POINT('',(-0.0455780692617481,0.0103665910029276,-0.0749303278582236));
#2142=CARTESIAN_POINT('',(-0.0471437523584405,0.0104972624114525,-0.0749194405757401));
#2143=CARTESIAN_POINT('',(-0.0481492404923462,0.0105423767271966,-0.0749022806768975));
#2144=CARTESIAN_POINT('',(-0.0510523249768357,0.0105587202953718,-0.0748177541760371));
#2145=CARTESIAN_POINT('',(-0.0528368066997476,0.0104109984118793,-0.0747174006745916));
#2146=CARTESIAN_POINT('',(-0.05610759225358,0.00983430401510146,-0.0744094597107954));
#2147=CARTESIAN_POINT('',(-0.057594164987016,0.00940512108379309,-0.0742017959422258));
#2148=CARTESIAN_POINT('',(-0.0602612798852249,0.00830203646095806,-0.0736588078111967));
#2149=CARTESIAN_POINT('',(-0.0614417615591037,0.00762757486959853,-0.0733231978365131));
#2150=CARTESIAN_POINT('',(-0.0634715343692146,0.00608249321364971,-0.072507750114663));
#2151=CARTESIAN_POINT('',(-0.0643198165279838,0.00521168734072025,-0.0720277019444453));
#2152=CARTESIAN_POINT('',(-0.0656573912267036,0.00334963217659011,-0.0709199641310824));
#2153=CARTESIAN_POINT('',(-0.0661458488722753,0.00235929594997428,-0.070292687839474));
#2154=CARTESIAN_POINT('',(-0.0667671323475182,0.000350902673864346,-0.068898467824054));
#2155=CARTESIAN_POINT('',(-0.0669003427859998,-0.000666379653164929,-0.0681319431134198));
#2156=CARTESIAN_POINT('',(-0.0668538734110943,-0.00264953673015408,-0.0664628734309198));
#2157=CARTESIAN_POINT('',(-0.066674945015695,-0.00361527195794474,-0.0655602580511792));
#2158=CARTESIAN_POINT('',(-0.0657614723692189,-0.0063582201857289,-0.062638427163977));
#2159=CARTESIAN_POINT('',(-0.0646623961277328,-0.00797550707132359,-0.0604052089905422));
#2160=CARTESIAN_POINT('',(-0.0618619001654177,-0.0106310393772522,-0.0552723565629103));
#2161=CARTESIAN_POINT('',(-0.0601555766227453,-0.0116811479790157,-0.0523723144665087));
#2162=CARTESIAN_POINT('',(-0.0562178212100176,-0.0130538929886767,-0.0457986956816395));
#2163=CARTESIAN_POINT('',(-0.0539799276813787,-0.0133739219512291,-0.042124775531791));
#2164=CARTESIAN_POINT('',(-0.050239300975483,-0.013079904128529,-0.0359537147206321));
#2165=CARTESIAN_POINT('',(-0.0489285961873886,-0.0128522237478396,-0.0337867023993583));
#2166=CARTESIAN_POINT('',(-0.0468711240400157,-0.012284602203485,-0.0303615546017135));
#2167=CARTESIAN_POINT('',(-0.046170079180797,-0.0120576995299899,-0.0291907354714721));
#2168=CARTESIAN_POINT('',(-0.0450963439375637,-0.0116567791254144,-0.0273896585798323));
#2169=CARTESIAN_POINT('',(-0.0447347383052364,-0.0115130442466239,-0.0267818249796429));
#2170=CARTESIAN_POINT('',(-0.0441868784379351,-0.011281794428114,-0.0258587139328121));
#2171=CARTESIAN_POINT('',(-0.044003349954956,-0.0112021032245661,-0.0255491168123654));
#2172=CARTESIAN_POINT('',(-0.0437267059847547,-0.0110785912380702,-0.0250818624118749));
#2173=CARTESIAN_POINT('',(-0.0436342661228768,-0.0110367580450353,-0.0249256344919069));
#2174=CARTESIAN_POINT('',(-0.0434952699874342,-0.0109730065425871,-0.0246905756132442));
#2175=CARTESIAN_POINT('',(-0.0434488818853278,-0.0109515890895953,-0.0246121031539194));
#2176=CARTESIAN_POINT('',(-0.0433792158312057,-0.0109192114919126,-0.0244942149254729));
#2177=CARTESIAN_POINT('',(-0.04335597982968,-0.010908377056323,-0.0244548889260835));
#2178=CARTESIAN_POINT('',(-0.043309479890516,-0.0108866242140583,-0.0243761770325258));
#2179=CARTESIAN_POINT('',(-0.0432808096457769,-0.0108728751462433,-0.024327878451222));
#2180=CARTESIAN_POINT('',(-0.0432629380626425,-0.0108647453326676,-0.0242973752726604));
#2181=CARTESIAN_POINT('',(-0.0448988605076624,0.000395780143120184,-0.0767034083264997));
#2182=CARTESIAN_POINT('',(-0.0449532707204856,0.0004045873762601,-0.0766998073127122));
#2183=CARTESIAN_POINT('',(-0.0450165767575635,0.000409658106601689,-0.0766889615195237));
#2184=CARTESIAN_POINT('',(-0.0451336853225649,0.000423075097696995,-0.0766743863013592));
#2185=CARTESIAN_POINT('',(-0.0451920369591745,0.000429630286682471,-0.0766670558625951));
#2186=CARTESIAN_POINT('',(-0.0453664831687488,0.000448839115123373,-0.0766449358357088));
#2187=CARTESIAN_POINT('',(-0.0454819690426738,0.000461036008155213,-0.0766300175328343));
#2188=CARTESIAN_POINT('',(-0.0458259857209405,0.000495825433364431,-0.0765847461447152));
#2189=CARTESIAN_POINT('',(-0.0460520755948944,0.000516616581783867,-0.076553876509497));
#2190=CARTESIAN_POINT('',(-0.0467205317255394,0.000571994962234798,-0.0764591909378515));
#2191=CARTESIAN_POINT('',(-0.0471530844759699,0.000599584877646619,-0.076393297081723));
#2192=CARTESIAN_POINT('',(-0.0484110866412249,0.000656127759093541,-0.0761872633808646));
#2193=CARTESIAN_POINT('',(-0.0491968695479179,0.000658812485791258,-0.0760387472266507));
#2194=CARTESIAN_POINT('',(-0.0513925124958325,0.000577298090452366,-0.0755601712323469));
#2195=CARTESIAN_POINT('',(-0.0526399205649208,0.000402806291056056,-0.0751965985834777));
#2196=CARTESIAN_POINT('',(-0.0546956946386751,-8.7318095698681E-5,-0.0743932083858471));
#2197=CARTESIAN_POINT('',(-0.0555028319761207,-0.00040230622444467,-0.0739536039100404));
#2198=CARTESIAN_POINT('',(-0.0567091487806678,-0.00105750067144828,-0.0730245108017008));
#2199=CARTESIAN_POINT('',(-0.0571080308402436,-0.00139573767731968,-0.0725361066276181));
#2200=CARTESIAN_POINT('',(-0.0575987307879123,-0.00200319207855993,-0.0715316480498842));
#2201=CARTESIAN_POINT('',(-0.0576933231465361,-0.00227156272374877,-0.0710165096747227));
#2202=CARTESIAN_POINT('',(-0.0577136697271636,-0.0027223173269787,-0.0699398244363864));
#2203=CARTESIAN_POINT('',(-0.0576413966965797,-0.00290716635622331,-0.0693769114944257));
#2204=CARTESIAN_POINT('',(-0.0574115180612143,-0.00322777412688494,-0.0681464491721908));
#2205=CARTESIAN_POINT('',(-0.0572523226266483,-0.00336455735073366,-0.0674773520069568));
#2206=CARTESIAN_POINT('',(-0.056871279158589,-0.00360813433802766,-0.0659918659506256));
#2207=CARTESIAN_POINT('',(-0.0566487147527022,-0.00371391582933174,-0.0651757062483562));
#2208=CARTESIAN_POINT('',(-0.0559058932184671,-0.00399596566851885,-0.062500843634895));
#2209=CARTESIAN_POINT('',(-0.0553251561391206,-0.00414101139128476,-0.0604229364410767));
#2210=CARTESIAN_POINT('',(-0.0538911728040612,-0.00445568642101254,-0.0557416573366162));
#2211=CARTESIAN_POINT('',(-0.0530204065017666,-0.00463363638584964,-0.0531390135592254));
#2212=CARTESIAN_POINT('',(-0.0507070327375917,-0.00476914478497741,-0.0472684090677207));
#2213=CARTESIAN_POINT('',(-0.0492620592683914,-0.00471534474135085,-0.0439942285709345));
#2214=CARTESIAN_POINT('',(-0.0465979158965533,-0.00408985566813041,-0.0384236069187581));
#2215=CARTESIAN_POINT('',(-0.0456285918305802,-0.00378999575338339,-0.0364569934396226));
#2216=CARTESIAN_POINT('',(-0.0440548381089132,-0.00315693620825764,-0.033326409039788));
#2217=CARTESIAN_POINT('',(-0.0435103444866353,-0.00291538507293591,-0.032252796239916));
#2218=CARTESIAN_POINT('',(-0.0426643969298058,-0.00250164547682547,-0.0305954722416532));
#2219=CARTESIAN_POINT('',(-0.0423775488169174,-0.00235516478532603,-0.0300352149968052));
#2220=CARTESIAN_POINT('',(-0.0419400785969829,-0.00212190294868749,-0.029182896514855));
#2221=CARTESIAN_POINT('',(-0.0417930556311941,-0.00204189229242942,-0.0288968016759023));
#2222=CARTESIAN_POINT('',(-0.0415707353728909,-0.00191840585799962,-0.0284646511046078));
#2223=CARTESIAN_POINT('',(-0.0414963309917211,-0.00187666531056639,-0.0283200995341492));
#2224=CARTESIAN_POINT('',(-0.0413842797257252,-0.00181317626375608,-0.0281025169947789));
#2225=CARTESIAN_POINT('',(-0.0413468551884031,-0.00179186687758354,-0.0280298636180469));
#2226=CARTESIAN_POINT('',(-0.0412906074314251,-0.00175968191795214,-0.0279206943712909));
#2227=CARTESIAN_POINT('',(-0.0412718396872901,-0.00174891678471031,-0.0278842730921189));
#2228=CARTESIAN_POINT('',(-0.0412342672526829,-0.0017273126709961,-0.0278113674091348));
#2229=CARTESIAN_POINT('',(-0.041212283627771,-0.00171368525963549,-0.0277674202519818));
#2230=CARTESIAN_POINT('',(-0.0411966394172978,-0.00170559767630902,-0.0277383670072143));
#2231=CARTESIAN_POINT('',(-0.0452696876450359,-0.00134882437277908,-0.0668637517106776));
#2232=CARTESIAN_POINT('',(-0.0453207986874087,-0.00133667002405737,-0.0668594329061004));
#2233=CARTESIAN_POINT('',(-0.0453741996089115,-0.00132153638551138,-0.0668464434136689));
#2234=CARTESIAN_POINT('',(-0.0454780811808769,-0.00129464442066702,-0.0668290360137181));
#2235=CARTESIAN_POINT('',(-0.0455298117695698,-0.00128133005056035,-0.0668202993016134));
#2236=CARTESIAN_POINT('',(-0.0456843723453232,-0.00124177819384982,-0.0667939903448701));
#2237=CARTESIAN_POINT('',(-0.0457865711412652,-0.00121593197009243,-0.0667763192741979));
#2238=CARTESIAN_POINT('',(-0.0460906380024327,-0.00113992935332513,-0.066722912689903));
#2239=CARTESIAN_POINT('',(-0.0462899765189326,-0.00109130916701849,-0.066686783709975));
#2240=CARTESIAN_POINT('',(-0.0468778364065329,-0.000951356055860728,-0.0665768417018067));
#2241=CARTESIAN_POINT('',(-0.0472562014198254,-0.000865933227935798,-0.0665014719533532));
#2242=CARTESIAN_POINT('',(-0.0483503898964384,-0.000631313760378156,-0.0662693435683948));
#2243=CARTESIAN_POINT('',(-0.0490252803886275,-0.000503814969308115,-0.0661065345423294));
#2244=CARTESIAN_POINT('',(-0.0508846294171782,-0.000190522968046769,-0.0655966135054131));
#2245=CARTESIAN_POINT('',(-0.0519024887252806,-7.47547222494836E-5,-0.0652274024500261));
#2246=CARTESIAN_POINT('',(-0.0535050607033498,8.35229483703653E-5,-0.0644579204710275));
#2247=CARTESIAN_POINT('',(-0.0540880068998701,0.000127097663740584,-0.0640580152338595));
#2248=CARTESIAN_POINT('',(-0.0548914192061079,0.000269586655648066,-0.0632705694377737));
#2249=CARTESIAN_POINT('',(-0.0551117088885195,0.000371590038616108,-0.0628846845633706));
#2250=CARTESIAN_POINT('',(-0.0553648988072461,0.00071379311475333,-0.062156858314611));
#2251=CARTESIAN_POINT('',(-0.055402591467081,0.000955211167622891,-0.0618162538168363));
#2252=CARTESIAN_POINT('',(-0.0555082885417524,0.00152752007298531,-0.0611432680014067));
#2253=CARTESIAN_POINT('',(-0.0555799354904839,0.00185411971689655,-0.0608086939041108));
#2254=CARTESIAN_POINT('',(-0.0558542081032702,0.00246018973608299,-0.0600498033956647));
#2255=CARTESIAN_POINT('',(-0.056054474717542,0.002737086175656,-0.0596231011754859));
#2256=CARTESIAN_POINT('',(-0.0565470605119614,0.00315213167973807,-0.0586062153297288));
#2257=CARTESIAN_POINT('',(-0.0568371604816237,0.00329101396442858,-0.0580164017109102));
#2258=CARTESIAN_POINT('',(-0.057714909490887,0.00346416730053988,-0.0559805173479409));
#2259=CARTESIAN_POINT('',(-0.058300345051293,0.00323953548725282,-0.054275218163031));
#2260=CARTESIAN_POINT('',(-0.0588056166348826,0.00237279285551382,-0.0502335928908213));
#2261=CARTESIAN_POINT('',(-0.0587177402525428,0.00174608773330785,-0.0478988106237792));
#2262=CARTESIAN_POINT('',(-0.0576136016904889,0.000709228308846433,-0.0424822882938594));
#2263=CARTESIAN_POINT('',(-0.0566078968191816,0.000305217588209094,-0.0393950153731773));
#2264=CARTESIAN_POINT('',(-0.0544584202208839,0.000298632866419983,-0.0340608469532457));
#2265=CARTESIAN_POINT('',(-0.05363634202657,0.000395580116007227,-0.0321656571030903));
#2266=CARTESIAN_POINT('',(-0.0522562425584155,0.000737064579255265,-0.02913255735533));
#2267=CARTESIAN_POINT('',(-0.0517717345598803,0.000883532346430475,-0.028089827597895));
#2268=CARTESIAN_POINT('',(-0.051009828695586,0.00115780114760828,-0.026476566938076));
#2269=CARTESIAN_POINT('',(-0.0507500034739605,0.00125831659369703,-0.0259306204757424));
#2270=CARTESIAN_POINT('',(-0.0503516820742171,0.00142341208317356,-0.0250992212734211));
#2271=CARTESIAN_POINT('',(-0.050217477710497,0.00148083084911525,-0.0248200083728473));
#2272=CARTESIAN_POINT('',(-0.0500140507342783,0.00157062381117778,-0.0243980462540826));
#2273=CARTESIAN_POINT('',(-0.0499458883386549,0.00160116559360548,-0.0242568684249846));
#2274=CARTESIAN_POINT('',(-0.0498431178301402,0.00164790494787984,-0.0240443131654128));
#2275=CARTESIAN_POINT('',(-0.0498087731748679,0.0016636391789577,-0.0239733299932214));
#2276=CARTESIAN_POINT('',(-0.0497571248628682,0.00168747350218201,-0.0238666577552779));
#2277=CARTESIAN_POINT('',(-0.0497398868706895,0.00169545710598888,-0.023831067429376));
#2278=CARTESIAN_POINT('',(-0.049705367176633,0.00171150218994985,-0.023759820892767));
#2279=CARTESIAN_POINT('',(-0.049685666351077,0.00172096435736421,-0.0237171153366855));
#2280=CARTESIAN_POINT('',(-0.0496707819513666,0.00172766419706325,-0.0236884754998855));
#2281=CARTESIAN_POINT('',(-0.0432239080009742,0.00827581213803181,-0.065080171692089));
#2282=CARTESIAN_POINT('',(-0.0432805706805569,0.00828988035033347,-0.0650798127966941));
#2283=CARTESIAN_POINT('',(-0.0433506768948537,0.00831073653658283,-0.0650787112341921));
#2284=CARTESIAN_POINT('',(-0.0434769673574032,0.00834520685341804,-0.0650771759287688));
#2285=CARTESIAN_POINT('',(-0.043539953181087,0.00836229089141874,-0.0650763832904569));
#2286=CARTESIAN_POINT('',(-0.0437284330579574,0.00841309180777175,-0.065073930092949));
#2287=CARTESIAN_POINT('',(-0.0438534495159288,0.00844635748771321,-0.065072194250483));
#2288=CARTESIAN_POINT('',(-0.0442265935736766,0.00854436706610002,-0.0650666830101249));
#2289=CARTESIAN_POINT('',(-0.0444728158396138,0.00860732349174561,-0.0650626038875443));
#2290=CARTESIAN_POINT('',(-0.0452039024297211,0.00878918192750176,-0.0650491314045216));
#2291=CARTESIAN_POINT('',(-0.0456811862056027,0.0089010728973452,-0.0650385027298503));
#2292=CARTESIAN_POINT('',(-0.0470830556136558,0.00920982089198082,-0.0650015207632774));
#2293=CARTESIAN_POINT('',(-0.0479776513330543,0.00937974927209646,-0.0649700679925698));
#2294=CARTESIAN_POINT('',(-0.0505444418981844,0.00979089923687423,-0.0648541964491159));
#2295=CARTESIAN_POINT('',(-0.0520993748601048,0.00993343739857281,-0.06474820454114));
#2296=CARTESIAN_POINT('',(-0.0549169583182573,0.0100051450591715,-0.0644741717959759));
#2297=CARTESIAN_POINT('',(-0.0561793399107653,0.00993452497198003,-0.0643062072660449));
#2298=CARTESIAN_POINT('',(-0.0584435503106649,0.00962912378805271,-0.0639048664472696));
#2299=CARTESIAN_POINT('',(-0.0594454396073835,0.00939490258553333,-0.0636717757722656));
#2300=CARTESIAN_POINT('',(-0.0612377023885445,0.00879947840696397,-0.0631329603793897));
#2301=CARTESIAN_POINT('',(-0.0620290848485305,0.00843846123209562,-0.0628274460865626));
#2302=CARTESIAN_POINT('',(-0.0634520100412905,0.00759946957655042,-0.062123407696099));
#2303=CARTESIAN_POINT('',(-0.0640843876661795,0.00712058202309231,-0.061724470249159));
#2304=CARTESIAN_POINT('',(-0.065209822389574,0.00603886653683412,-0.060801822047528));
#2305=CARTESIAN_POINT('',(-0.0657024948768955,0.0054352638732228,-0.0602776922819509));
#2306=CARTESIAN_POINT('',(-0.0665296547644646,0.00411072928761358,-0.0590772228100209));
#2307=CARTESIAN_POINT('',(-0.0668633907446145,0.00338965783581559,-0.0584009535137331));
#2308=CARTESIAN_POINT('',(-0.067570488641643,0.00110191278332983,-0.0561181008770231));
#2309=CARTESIAN_POINT('',(-0.0676375850399002,-0.000594960192775725,-0.0542574907125015));
#2310=CARTESIAN_POINT('',(-0.0667763439962444,-0.00380256010073611,-0.0497642921171102));
#2311=CARTESIAN_POINT('',(-0.0658529103735151,-0.00530142385985505,-0.0471321115310626));
#2312=CARTESIAN_POINT('',(-0.0631243901629212,-0.00757551989485603,-0.0410125749077783));
#2313=CARTESIAN_POINT('',(-0.0613257652321609,-0.00835335962167317,-0.037525562334042));
#2314=CARTESIAN_POINT('',(-0.0580998052998176,-0.00869141559397661,-0.0315909547551158));
#2315=CARTESIAN_POINT('',(-0.0569363463833875,-0.00866664787844786,-0.029495366062826));
#2316=CARTESIAN_POINT('',(-0.0550725284895135,-0.00839060141597269,-0.0261677029172556));
#2317=CARTESIAN_POINT('',(-0.054431469254047,-0.00825878211062352,-0.0250277668294535));
#2318=CARTESIAN_POINT('',(-0.0534417757033413,-0.0079973325009807,-0.0232707532762539));
#2319=CARTESIAN_POINT('',(-0.0531071929622793,-0.00789956286760114,-0.0226772304585814));
#2320=CARTESIAN_POINT('',(-0.0525984819151694,-0.00773647939625276,-0.0217750386913774));
#2321=CARTESIAN_POINT('',(-0.0524277720342583,-0.007679380083021,-0.0214723235093098));
#2322=CARTESIAN_POINT('',(-0.0521700213461424,-0.00758956156889308,-0.0210152575613501));
#2323=CARTESIAN_POINT('',(-0.0520838234698106,-0.00755892714086362,-0.0208624033827421));
#2324=CARTESIAN_POINT('',(-0.0519541080918493,-0.00751192533095112,-0.0206323717838781));
#2325=CARTESIAN_POINT('',(-0.0519107998717929,-0.00749608303305397,-0.0205555695290937));
#2326=CARTESIAN_POINT('',(-0.0518457332626486,-0.0074720560717785,-0.02044017830946));
#2327=CARTESIAN_POINT('',(-0.0518240270130793,-0.00746400316562382,-0.0204016832633406));
#2328=CARTESIAN_POINT('',(-0.0517805798144662,-0.00744780935311241,-0.0203246305161582));
#2329=CARTESIAN_POINT('',(-0.0517541923690829,-0.00743822552924362,-0.0202775735359257));
#2330=CARTESIAN_POINT('',(-0.0517370805967113,-0.0074314834592953,-0.0202474837653316));
#2331=CARTESIAN_POINT('',(-0.0430384944322875,0.00914811439598144,-0.07));
#2332=CARTESIAN_POINT('',(-0.0432239080009742,0.00827581213803181,-0.065080171692089));
#2333=CARTESIAN_POINT('',(0.0430384944322875,-0.00914811439598143,-0.07));
#2334=CARTESIAN_POINT('',(0.0430384944322875,-0.00914811439598143,-0.07));
#2335=CARTESIAN_POINT('',(0.0428530808636007,-0.0100204166539311,-0.065080171692089));
#2336=CARTESIAN_POINT('',(0.0518301363485991,0.00914811439598143,-0.0197724295189961));
#2337=CARTESIAN_POINT('',(0.0518476633294338,0.00915490808219853,-0.0198027871403051));
#2338=CARTESIAN_POINT('',(0.0518752967457639,0.00916464570090251,-0.0198506470458518));
#2339=CARTESIAN_POINT('',(0.0519204078173956,0.0091810424565015,-0.0199287715523085));
#2340=CARTESIAN_POINT('',(0.0519429469016894,0.00918919600992714,-0.0199678028053836));
#2341=CARTESIAN_POINT('',(0.0520105147127461,0.00921352242573598,-0.0200848036239548));
#2342=CARTESIAN_POINT('',(0.0520554939977361,0.00922956104363404,-0.0201626802488049));
#2343=CARTESIAN_POINT('',(0.0521902333859532,0.00927714174815692,-0.0203959388385691));
#2344=CARTESIAN_POINT('',(0.0522797950231688,0.00930814868569063,-0.0205509495189383));
#2345=CARTESIAN_POINT('',(0.0525476804472848,0.0093990435266445,-0.0210145002346971));
#2346=CARTESIAN_POINT('',(0.0527252047588425,0.00945680546016857,-0.0213215589489814));
#2347=CARTESIAN_POINT('',(0.0532545343704711,0.00962170430505524,-0.0222368401555776));
#2348=CARTESIAN_POINT('',(0.0536030965586138,0.00972045428031754,-0.0228391677841082));
#2349=CARTESIAN_POINT('',(0.0546354399254945,0.00998409093147866,-0.0246228114283634));
#2350=CARTESIAN_POINT('',(0.0553058818505677,0.0101163642107571,-0.0257807894855016));
#2351=CARTESIAN_POINT('',(0.0572607518801331,0.0103902018883236,-0.029163249102729));
#2352=CARTESIAN_POINT('',(0.0584888066048476,0.0104087572010399,-0.0312962795191772));
#2353=CARTESIAN_POINT('',(0.0619200597316406,0.0100326359018258,-0.0373437850095063));
#2354=CARTESIAN_POINT('',(0.0638718144921438,0.00920375355855371,-0.0409068969772187));
#2355=CARTESIAN_POINT('',(0.0669238783543491,0.00674119818557023,-0.0471642563774991));
#2356=CARTESIAN_POINT('',(0.0680188556892455,0.00510354780888149,-0.0498571509151596));
#2357=CARTESIAN_POINT('',(0.0691816079267795,0.00150269392221565,-0.0544499481900417));
#2358=CARTESIAN_POINT('',(0.0692425768827365,-0.000450022894332443,-0.0563496683924081));
#2359=CARTESIAN_POINT('',(0.0686169808444111,-0.00318413179036667,-0.0586961904097379));
#2360=CARTESIAN_POINT('',(0.0682918954873543,-0.00406390667192724,-0.0593948329432699));
#2361=CARTESIAN_POINT('',(0.067433809990034,-0.00571468616380426,-0.0606424279134191));
#2362=CARTESIAN_POINT('',(0.0669012558677276,-0.00648597459287698,-0.0611913669983209));
#2363=CARTESIAN_POINT('',(0.0656424816153424,-0.00789337239347062,-0.062157755815039));
#2364=CARTESIAN_POINT('',(0.064916275115993,-0.00852989144810724,-0.0625752527294002));
#2365=CARTESIAN_POINT('',(0.0632648939601326,-0.00964910900358778,-0.0632975831045513));
#2366=CARTESIAN_POINT('',(0.0623394302659325,-0.0101320696283312,-0.0636024913291902));
#2367=CARTESIAN_POINT('',(0.0602695074772264,-0.0109222557566394,-0.0641169357772376));
#2368=CARTESIAN_POINT('',(0.059124767589587,-0.0112294884926118,-0.0643264726536333));
#2369=CARTESIAN_POINT('',(0.0565913728003537,-0.0116388691414821,-0.0646645587877588));
#2370=CARTESIAN_POINT('',(0.0552026196795559,-0.011740936654645,-0.0647930810482359));
#2371=CARTESIAN_POINT('',(0.0521573868820321,-0.0117050485624588,-0.0649812420436805));
#2372=CARTESIAN_POINT('',(0.0505008961797822,-0.0115670459597981,-0.0650408601118173));
#2373=CARTESIAN_POINT('',(0.0477992528943645,-0.01115128151753,-0.0650865795632253));
#2374=CARTESIAN_POINT('',(0.046862571651643,-0.0109778773552683,-0.06509452487541));
#2375=CARTESIAN_POINT('',(0.0454014936378108,-0.0106617848383151,-0.0650964288936833));
#2376=CARTESIAN_POINT('',(0.0449051260048004,-0.0105470885146901,-0.0650953941866337));
#2377=CARTESIAN_POINT('',(0.0441463394998943,-0.0103605662275661,-0.0650914511152364));
#2378=CARTESIAN_POINT('',(0.043891038219834,-0.0102959791040247,-0.065089738239113));
#2379=CARTESIAN_POINT('',(0.0435045003752553,-0.0101954184012119,-0.0650865851418365));
#2380=CARTESIAN_POINT('',(0.0433750567769237,-0.0101612848271746,-0.065085436811358));
#2381=CARTESIAN_POINT('',(0.0431799915321131,-0.0101091568654792,-0.0650835701108059));
#2382=CARTESIAN_POINT('',(0.043114819809544,-0.0100916262779495,-0.0650829238430982));
#2383=CARTESIAN_POINT('',(0.0429841758566638,-0.0100562546345273,-0.0650815835291354));
#2384=CARTESIAN_POINT('',(0.0429108233486729,-0.0100347143859748,-0.0650805305874838));
#2385=CARTESIAN_POINT('',(0.0428530808636007,-0.0100204166539311,-0.065080171692089));
#2386=CARTESIAN_POINT('',(0.0528696948026878,-0.000633361611356617,-0.0215729975789156));
#2387=CARTESIAN_POINT('',(0.0528848694325692,-0.000627094561443796,-0.0216018524111247));
#2388=CARTESIAN_POINT('',(0.0529054403987883,-0.00061893284423482,-0.0216452019464677));
#2389=CARTESIAN_POINT('',(0.0529411204612234,-0.000604626553474051,-0.0217173072975414));
#2390=CARTESIAN_POINT('',(0.0529589386354788,-0.000597514199698314,-0.0217533269763378));
#2391=CARTESIAN_POINT('',(0.0530123274756091,-0.000576299208170326,-0.0218612871014799));
#2392=CARTESIAN_POINT('',(0.0530478324588747,-0.000562318640342172,-0.0219331286365111));
#2393=CARTESIAN_POINT('',(0.0531540837836908,-0.000520862773283875,-0.0221482582302021));
#2394=CARTESIAN_POINT('',(0.0532245665005353,-0.000493873312012876,-0.0222911512765108));
#2395=CARTESIAN_POINT('',(0.0534349529865432,-0.000414828681509353,-0.0227182554702656));
#2396=CARTESIAN_POINT('',(0.0535737950951586,-0.000364697289743377,-0.0230008916574261));
#2397=CARTESIAN_POINT('',(0.0539860173059397,-0.00022184057320969,-0.0238425417556519));
#2398=CARTESIAN_POINT('',(0.0542550933489798,-0.000136653113505041,-0.0243952969549165));
#2399=CARTESIAN_POINT('',(0.0550446432774103,9.00333990141513E-5,-0.0260288676495227));
#2400=CARTESIAN_POINT('',(0.0555474395170531,0.000202649248501876,-0.0270849841159994));
#2401=CARTESIAN_POINT('',(0.0569813948864382,0.000435419780368566,-0.0301574046356861));
#2402=CARTESIAN_POINT('',(0.0578381058512413,0.00045034074314367,-0.0320777167869161));
#2403=CARTESIAN_POINT('',(0.0600807187760172,0.000162745885652475,-0.0374799907418341));
#2404=CARTESIAN_POINT('',(0.0611358198999159,-0.000476781515439438,-0.0406031918864493));
#2405=CARTESIAN_POINT('',(0.062242413316707,-0.0020971880465174,-0.0460428838218106));
#2406=CARTESIAN_POINT('',(0.0622802027337898,-0.00307568066842752,-0.0483632830607266));
#2407=CARTESIAN_POINT('',(0.0614827128884805,-0.004678383685981,-0.0523087214038738));
#2408=CARTESIAN_POINT('',(0.0606489987743748,-0.00528046238857413,-0.0539322279689746));
#2409=CARTESIAN_POINT('',(0.0592947947233437,-0.00555046838270263,-0.0558232156122001));
#2410=CARTESIAN_POINT('',(0.0588306258179356,-0.00553912641672252,-0.0563614564136307));
#2411=CARTESIAN_POINT('',(0.0579791871173692,-0.00532982933356696,-0.0572726709874045));
#2412=CARTESIAN_POINT('',(0.0575942652356956,-0.0051314387585385,-0.0576453014460889));
#2413=CARTESIAN_POINT('',(0.0569555442541198,-0.00463317281601781,-0.0582928313893576));
#2414=CARTESIAN_POINT('',(0.0567038775969444,-0.00433593571779046,-0.0585699138640318));
#2415=CARTESIAN_POINT('',(0.0562559606447073,-0.00377455260008991,-0.0591214703237433));
#2416=CARTESIAN_POINT('',(0.0560562062123646,-0.00351447288005917,-0.0593979754588722));
#2417=CARTESIAN_POINT('',(0.0555108007579314,-0.00309336029705991,-0.0599923083725371));
#2418=CARTESIAN_POINT('',(0.0551606179155705,-0.00293123736903733,-0.0603089343047782));
#2419=CARTESIAN_POINT('',(0.0541364986260366,-0.0026412400930417,-0.0609588425176191));
#2420=CARTESIAN_POINT('',(0.0534626433392647,-0.00251052400601462,-0.0612906144002557));
#2421=CARTESIAN_POINT('',(0.0517141914178363,-0.0021659870387163,-0.0619308009275668));
#2422=CARTESIAN_POINT('',(0.050641174815259,-0.00195117096399022,-0.0622388703706866));
#2423=CARTESIAN_POINT('',(0.0487200013257714,-0.00148846286912292,-0.0626645706380044));
#2424=CARTESIAN_POINT('',(0.0480279697978596,-0.00131097951703673,-0.0628005316514578));
#2425=CARTESIAN_POINT('',(0.0469124950826692,-0.00100179501390013,-0.0629943253950771));
#2426=CARTESIAN_POINT('',(0.0465277723837809,-0.000891583707303586,-0.0630572387336593));
#2427=CARTESIAN_POINT('',(0.0459313890298674,-0.000714615178441281,-0.0631489824447366));
#2428=CARTESIAN_POINT('',(0.0457293782347008,-0.000653684288188498,-0.0631791263234868));
#2429=CARTESIAN_POINT('',(0.0454215449155401,-0.000559264717003761,-0.0632236767410679));
#2430=CARTESIAN_POINT('',(0.0453181309628119,-0.000527287685387056,-0.0632384160006301));
#2431=CARTESIAN_POINT('',(0.0451618067500782,-0.000478552755058998,-0.0632603575795533));
#2432=CARTESIAN_POINT('',(0.0451094981322667,-0.000462179549709024,-0.0632676435553477));
#2433=CARTESIAN_POINT('',(0.0450044799712783,-0.000429174433714288,-0.063282159588528));
#2434=CARTESIAN_POINT('',(0.0449502465715754,-0.000409460602800807,-0.0632929906597128));
#2435=CARTESIAN_POINT('',(0.0448988605076624,-0.000395780143120179,-0.0632965916735002));
#2436=CARTESIAN_POINT('',(0.0442094407648434,-0.000633361611356617,-0.0265729975789156));
#2437=CARTESIAN_POINT('',(0.0442245450643709,-0.000625809933103597,-0.0266017305953786));
#2438=CARTESIAN_POINT('',(0.0442449066122423,-0.000613790678869201,-0.0266447154034467));
#2439=CARTESIAN_POINT('',(0.0442803116691921,-0.000594331244529933,-0.0267163363823508));
#2440=CARTESIAN_POINT('',(0.0442979939259551,-0.000584638655861643,-0.0267521146005047));
#2441=CARTESIAN_POINT('',(0.0443509798072367,-0.000555671936992296,-0.0268593525365833));
#2442=CARTESIAN_POINT('',(0.044386222542683,-0.000536508854072394,-0.0269307155360238));
#2443=CARTESIAN_POINT('',(0.0444917066044776,-0.00047946108369811,-0.027144418427713));
#2444=CARTESIAN_POINT('',(0.0445617037850925,-0.000442017876431433,-0.0272863722118583));
#2445=CARTESIAN_POINT('',(0.0447707140811925,-0.00033143242720986,-0.027710695322549));
#2446=CARTESIAN_POINT('',(0.0449087459305754,-0.00026003438571638,-0.0279915263836522));
#2447=CARTESIAN_POINT('',(0.0453188798325186,-5.26420690898266E-5,-0.0288279168827226));
#2448=CARTESIAN_POINT('',(0.0455870198726454,7.6549952252239E-5,-0.0293773732427607));
#2449=CARTESIAN_POINT('',(0.0463753118612898,0.000438333176676123,-0.0310017470937744));
#2450=CARTESIAN_POINT('',(0.0468793283454262,0.000645124446446889,-0.0320526626639781));
#2451=CARTESIAN_POINT('',(0.0483248336969905,0.00117388763000587,-0.0351129748923888));
#2452=CARTESIAN_POINT('',(0.0491995989168603,0.00140414606355883,-0.0370298272242575));
#2453=CARTESIAN_POINT('',(0.0515462922262482,0.00182475565492462,-0.0424427585887586));
#2454=CARTESIAN_POINT('',(0.0527344022885409,0.00174512425096397,-0.0456006685214494));
#2455=CARTESIAN_POINT('',(0.0544031436042949,0.00140298742123489,-0.0512187970643638));
#2456=CARTESIAN_POINT('',(0.0548807355169933,0.0011508231917099,-0.0536856299104842));
#2457=CARTESIAN_POINT('',(0.0554194782025218,0.000886695733774908,-0.0580715247267781));
#2458=CARTESIAN_POINT('',(0.0554958060197532,0.000875890802429252,-0.0599894192252364));
#2459=CARTESIAN_POINT('',(0.0555991687948362,0.00104340932019052,-0.0623920463575975));
#2460=CARTESIAN_POINT('',(0.0556303630187898,0.00112749436966852,-0.063111886768039));
#2461=CARTESIAN_POINT('',(0.0557144048001928,0.00133065877398766,-0.0643974505559298));
#2462=CARTESIAN_POINT('',(0.0557687082372999,0.00145074121652801,-0.064962857321019));
#2463=CARTESIAN_POINT('',(0.0559008175619226,0.00167369399784581,-0.0659944778479231));
#2464=CARTESIAN_POINT('',(0.0559807286329167,0.00177474542527336,-0.0664627802323825));
#2465=CARTESIAN_POINT('',(0.0560750741009919,0.00187351683427965,-0.0673814521456792));
#2466=CARTESIAN_POINT('',(0.0560865824382865,0.00186769475599149,-0.0678337032945586));
#2467=CARTESIAN_POINT('',(0.0558589869699378,0.00172867376108505,-0.0687534104268264));
#2468=CARTESIAN_POINT('',(0.0556159129322884,0.0015965793671705,-0.0692196632560356));
#2469=CARTESIAN_POINT('',(0.0547272579231075,0.00129685213415409,-0.0701377281503146));
#2470=CARTESIAN_POINT('',(0.0540819545519593,0.00113190022900854,-0.0705880838105563));
#2471=CARTESIAN_POINT('',(0.0523355992136554,0.000899674275742996,-0.0714339220559365));
#2472=CARTESIAN_POINT('',(0.0512361493307472,0.000833301423337817,-0.0718291007721939));
#2473=CARTESIAN_POINT('',(0.0492483873624265,0.000891974166655063,-0.0723637601810269));
#2474=CARTESIAN_POINT('',(0.0485296344666687,0.000937691890059766,-0.0725324432396382));
#2475=CARTESIAN_POINT('',(0.0473687632743987,0.00105411076246083,-0.0727702981957932));
#2476=CARTESIAN_POINT('',(0.0469680205526227,0.00110087844897781,-0.0728470624054689));
#2477=CARTESIAN_POINT('',(0.0463464407852707,0.00118394454439731,-0.07295838078888));
#2478=CARTESIAN_POINT('',(0.0461358366608881,0.00121378500097269,-0.0729948493203219));
#2479=CARTESIAN_POINT('',(0.0458148410982984,0.00126188913174541,-0.0730485932169981));
#2480=CARTESIAN_POINT('',(0.0457069943483071,0.0012784810444453,-0.073066348054652));
#2481=CARTESIAN_POINT('',(0.0455439552376297,0.00130421885581921,-0.0730927404998365));
#2482=CARTESIAN_POINT('',(0.0454893973696726,0.00131293978099005,-0.0731014980143332));
#2483=CARTESIAN_POINT('',(0.0453798591963093,0.00133066727006174,-0.0731189331044935));
#2484=CARTESIAN_POINT('',(0.045322214371659,0.00133894983366387,-0.0731319294847452));
#2485=CARTESIAN_POINT('',(0.0452696876450359,0.00134882437277908,-0.0731362482893224));
#2486=CARTESIAN_POINT('',(0.0431698823107546,0.00914811439598143,-0.024772429518996));
#2487=CARTESIAN_POINT('',(0.0431873389612356,0.00915619271053873,-0.0248026653245589));
#2488=CARTESIAN_POINT('',(0.0432147629592179,0.0091697878662681,-0.0248501605028309));
#2489=CARTESIAN_POINT('',(0.0432595990253644,0.00919133776544566,-0.0249278006371177));
#2490=CARTESIAN_POINT('',(0.0432820021921656,0.00920207155376381,-0.0249665904295504));
#2491=CARTESIAN_POINT('',(0.0433491670443739,0.00923414969691401,-0.0250828690590583));
#2492=CARTESIAN_POINT('',(0.0433938840815443,0.00925537082990374,-0.0251602671483176));
#2493=CARTESIAN_POINT('',(0.0435278562067404,0.00931854343774284,-0.0253920990360799));
#2494=CARTESIAN_POINT('',(0.0436169323077257,0.00936000412127224,-0.0255461704542861));
#2495=CARTESIAN_POINT('',(0.0438834415419347,0.00948243978094368,-0.0260069400869798));
#2496=CARTESIAN_POINT('',(0.04406015559426,0.00956146836419556,-0.0263121936752069));
#2497=CARTESIAN_POINT('',(0.0445873968970488,0.0097909028091751,-0.0272222152826495));
#2498=CARTESIAN_POINT('',(0.0449350230822806,0.00993365734607482,-0.0278212440719524));
#2499=CARTESIAN_POINT('',(0.0459661085093715,0.0103323907091406,-0.0295956908726151));
#2500=CARTESIAN_POINT('',(0.0466377706789407,0.010558839408701,-0.0307484680334803));
#2501=CARTESIAN_POINT('',(0.0486041906906854,0.0111286697379632,-0.0341188193594317));
#2502=CARTESIAN_POINT('',(0.0498502996704665,0.011362562521457,-0.0362483899565226));
#2503=CARTESIAN_POINT('',(0.0533856331818716,0.0116946456710939,-0.0423065528564227));
#2504=CARTESIAN_POINT('',(0.0554703968807817,0.0114256593249571,-0.0459043736122188));
#2505=CARTESIAN_POINT('',(0.0590846086419242,0.0102413736533225,-0.0523401696200524));
#2506=CARTESIAN_POINT('',(0.0606193884724491,0.00933005166901634,-0.055179497764912));
#2507=CARTESIAN_POINT('',(0.0631183732408208,0.00706777334197413,-0.0602127515129512));
#2508=CARTESIAN_POINT('',(0.0640893841281233,0.00570633029667095,-0.0624068596486656));
#2509=CARTESIAN_POINT('',(0.0649213549158993,0.00340974591252649,-0.0652650211551374));
#2510=CARTESIAN_POINT('',(0.0650916326882046,0.00260271411446379,-0.0661452632976763));
#2511=CARTESIAN_POINT('',(0.0651690276728613,0.000945801943750364,-0.0677672074819464));
#2512=CARTESIAN_POINT('',(0.0650756988693356,9.62053821886188E-5,-0.0685089228732509));
#2513=CARTESIAN_POINT('',(0.0645877549231414,-0.00158650557960607,-0.0698594022736045));
#2514=CARTESIAN_POINT('',(0.0641931261519673,-0.00241921030504341,-0.0704681190977546));
#2515=CARTESIAN_POINT('',(0.0630840074164152,-0.00400103956921821,-0.0715575649264836));
#2516=CARTESIAN_POINT('',(0.0623698064918486,-0.00474990199228152,-0.0720382191648768));
#2517=CARTESIAN_POINT('',(0.0606176936892387,-0.00610022169849344,-0.0728780378315269));
#2518=CARTESIAN_POINT('',(0.0595800626063027,-0.00670167175640365,-0.0732372016048908));
#2519=CARTESIAN_POINT('',(0.0571821320974267,-0.00770077691428664,-0.0738434444204544));
#2520=CARTESIAN_POINT('',(0.0558219308922506,-0.00809851241962254,-0.0740905504585445));
#2521=CARTESIAN_POINT('',(0.0527787946778513,-0.0086393872479988,-0.0744843631720421));
#2522=CARTESIAN_POINT('',(0.0510958706952735,-0.0087825735724701,-0.0746310905133245));
#2523=CARTESIAN_POINT('',(0.048327638931018,-0.00877084448175199,-0.0747857691062477));
#2524=CARTESIAN_POINT('',(0.0473642363204503,-0.00872920594817184,-0.0748264364635869));
#2525=CARTESIAN_POINT('',(0.045857761829541,-0.00860587906195418,-0.0748724016944011));
#2526=CARTESIAN_POINT('',(0.0453453741736423,-0.00855462635840826,-0.0748852178584415));
#2527=CARTESIAN_POINT('',(0.0445613912552977,-0.00846200650472778,-0.0749008494593807));
#2528=CARTESIAN_POINT('',(0.0442974966460217,-0.00842850981486356,-0.0749054612359471));
#2529=CARTESIAN_POINT('',(0.0438977965580135,-0.00837426455246276,-0.0749115016177671));
#2530=CARTESIAN_POINT('',(0.0437639201624186,-0.00835551609734239,-0.0749133688653795));
#2531=CARTESIAN_POINT('',(0.0435621400196647,-0.00832638525460093,-0.0749159530310894));
#2532=CARTESIAN_POINT('',(0.04349471904695,-0.0083165069472505,-0.0749167783020835));
#2533=CARTESIAN_POINT('',(0.0433595550816947,-0.00829641293075126,-0.0749183570451011));
#2534=CARTESIAN_POINT('',(0.0432827911487565,-0.00828630394951017,-0.0749194694125162));
#2535=CARTESIAN_POINT('',(0.0432239080009742,-0.0082758121380318,-0.0749198283079111));
#2536=CARTESIAN_POINT('',(0.0421303238566659,0.0189295904033195,-0.0229718614590765));
#2537=CARTESIAN_POINT('',(0.0421501328581002,0.018938195354181,-0.0230036000537393));
#2538=CARTESIAN_POINT('',(0.0421846193061934,0.0189533664114054,-0.0230556056022152));
#2539=CARTESIAN_POINT('',(0.0422388863815365,0.0189770067754212,-0.0231392648918846));
#2540=CARTESIAN_POINT('',(0.042266010458376,0.0189887817633893,-0.0231810662585961));
#2541=CARTESIAN_POINT('',(0.0423473542815111,0.0190239713308203,-0.0233063855815334));
#2542=CARTESIAN_POINT('',(0.0424015456204055,0.0190472505138799,-0.0233898187606112));
#2543=CARTESIAN_POINT('',(0.0425640058090031,0.0191165479591838,-0.0236397796444467));
#2544=CARTESIAN_POINT('',(0.0426721608303589,0.0191620261189759,-0.0238059686967139));
#2545=CARTESIAN_POINT('',(0.0429961690026768,0.0192963119890972,-0.0243031848514107));
#2546=CARTESIAN_POINT('',(0.0432115652579445,0.0193829711141075,-0.0246328609667617));
#2547=CARTESIAN_POINT('',(0.043855913961579,0.01963444768744,-0.0256165136825764));
#2548=CARTESIAN_POINT('',(0.0442830262919158,0.0197907647398974,-0.0262651149011441));
#2549=CARTESIAN_POINT('',(0.0455569051574533,0.0202264482416051,-0.0281896346514558));
#2550=CARTESIAN_POINT('',(0.0463962130124551,0.0204725543709552,-0.0294442734029824));
#2551=CARTESIAN_POINT('',(0.0488835476843802,0.0210834518459205,-0.0331246638264747));
#2552=CARTESIAN_POINT('',(0.0505010004240727,0.0213209789793552,-0.0354669526887876));
#2553=CARTESIAN_POINT('',(0.055224974137495,0.0215645356872632,-0.0421703471240869));
#2554=CARTESIAN_POINT('',(0.0582063914730225,0.0211061943989502,-0.0462080787029881));
#2555=CARTESIAN_POINT('',(0.0637660736795535,0.0190797598854102,-0.0534615421757409));
#2556=CARTESIAN_POINT('',(0.0663580414279048,0.0175092801463228,-0.0566733656193397));
#2557=CARTESIAN_POINT('',(0.0708172682791198,0.0132488509501733,-0.0623539782991242));
#2558=CARTESIAN_POINT('',(0.0726829622364933,0.0105367697909126,-0.0648243000720948));
#2559=CARTESIAN_POINT('',(0.0742435410369625,0.00577608250486246,-0.0681379959526773));
#2560=CARTESIAN_POINT('',(0.0745529023576194,0.00407793385925907,-0.0691786398273136));
#2561=CARTESIAN_POINT('',(0.0746236505455299,0.000560945113513069,-0.071136964407963));
#2562=CARTESIAN_POINT('',(0.0743826895013712,-0.00125833045215077,-0.0720549884254828));
#2563=CARTESIAN_POINT('',(0.0732746922843603,-0.00484670515705795,-0.0737243266992857));
#2564=CARTESIAN_POINT('',(0.0724055236710178,-0.0066131660353602,-0.0744734579631266));
#2565=CARTESIAN_POINT('',(0.0700929407318385,-0.00987559597271608,-0.0757336777072879));
#2566=CARTESIAN_POINT('',(0.0686530305454105,-0.0113674987405545,-0.0762427350351949));
#2567=CARTESIAN_POINT('',(0.0653764004085396,-0.0139291171580719,-0.0770026652362275));
#2568=CARTESIAN_POINT('',(0.063544212280317,-0.0149999228799778,-0.0772547399537459));
#2569=CARTESIAN_POINT('',(0.059637006271746,-0.0166984059627274,-0.0775491606905941));
#2570=CARTESIAN_POINT('',(0.0575619072325417,-0.0173289250682536,-0.0775930171065327));
#2571=CARTESIAN_POINT('',(0.053221990142047,-0.0181784487717406,-0.0775348042881476));
#2572=CARTESIAN_POINT('',(0.0509555920597998,-0.018398448568278,-0.0774330802544551));
#2573=CARTESIAN_POINT('',(0.0474068904996094,-0.018433663130159,-0.0772077780314685));
#2574=CARTESIAN_POINT('',(0.0461988381742318,-0.0183961037864034,-0.0771204296875354));
#2575=CARTESIAN_POINT('',(0.0443467603846834,-0.0182658688863692,-0.0769745051930089));
#2576=CARTESIAN_POINT('',(0.0437227277946618,-0.0182101311657943,-0.076923373311414));
#2577=CARTESIAN_POINT('',(0.0427763417253246,-0.0181079575538529,-0.0768433181298816));
#2578=CARTESIAN_POINT('',(0.0424591566311553,-0.0180708046306998,-0.0768160731515722));
#2579=CARTESIAN_POINT('',(0.0419807520177285,-0.0180104182366709,-0.0767744100185361));
#2580=CARTESIAN_POINT('',(0.0418208459765301,-0.0179895132391301,-0.0767603896761067));
#2581=CARTESIAN_POINT('',(0.0415803248016996,-0.0179569893650211,-0.0767391655623423));
#2582=CARTESIAN_POINT('',(0.0415000407242274,-0.017945953675491,-0.0767320585898337));
#2583=CARTESIAN_POINT('',(0.0413392509670799,-0.0179234931315642,-0.0767177809857085));
#2584=CARTESIAN_POINT('',(0.041243367925854,-0.0179115577326842,-0.0767070093402871));
#2585=CARTESIAN_POINT('',(0.0411781283569125,-0.0179004486488427,-0.0767034083264997));
#2586=CARTESIAN_POINT('',(0.0507905778945102,0.0189295904033195,-0.0179718614590765));
#2587=CARTESIAN_POINT('',(0.0508104572262985,0.0189369107258408,-0.0180037218694855));
#2588=CARTESIAN_POINT('',(0.0508451530927396,0.0189482242460398,-0.018056092145236));
#2589=CARTESIAN_POINT('',(0.0508996951735677,0.018966711466477,-0.0181402358070755));
#2590=CARTESIAN_POINT('',(0.0509269551678999,0.0189759062195526,-0.0181822786344293));
#2591=CARTESIAN_POINT('',(0.0510087019498831,0.0190033440596423,-0.0183083201464297));
#2592=CARTESIAN_POINT('',(0.0510631555365975,0.0190214407276102,-0.0183922318610985));
#2593=CARTESIAN_POINT('',(0.0512263829882155,0.0190751462695977,-0.0186436194469359));
#2594=CARTESIAN_POINT('',(0.0513350235458023,0.0191101706833941,-0.0188107477613658));
#2595=CARTESIAN_POINT('',(0.0516604079080263,0.0192129157347984,-0.0193107449991286));
#2596=CARTESIAN_POINT('',(0.0518766144225264,0.0192783082100805,-0.0196422262405368));
#2597=CARTESIAN_POINT('',(0.0525230514350026,0.0194652491833202,-0.0206311385555032));
#2598=CARTESIAN_POINT('',(0.0529510997682477,0.0195775616741401,-0.0212830386132999));
#2599=CARTESIAN_POINT('',(0.0542262365735787,0.0198781484639432,-0.0232167552072041));
#2600=CARTESIAN_POINT('',(0.0550643241840822,0.0200300791730124,-0.0244765948550037));
#2601=CARTESIAN_POINT('',(0.057540108873828,0.0203449839962787,-0.028169093569772));
#2602=CARTESIAN_POINT('',(0.0591395073584538,0.0203671736589361,-0.0305148422514381));
#2603=CARTESIAN_POINT('',(0.063759400687264,0.0199025259179991,-0.0372075792771786));
#2604=CARTESIAN_POINT('',(0.0666078090843718,0.0188842886325468,-0.0412106020679881));
#2605=CARTESIAN_POINT('',(0.0716053433919913,0.0155795844176579,-0.0482856289331875));
#2606=CARTESIAN_POINT('',(0.0737575086447012,0.0132827762861905,-0.0513510187695925));
#2607=CARTESIAN_POINT('',(0.0768805029650785,0.0076837715304123,-0.0565911749762095));
#2608=CARTESIAN_POINT('',(0.0778361549910982,0.00438041659990925,-0.0587671088158414));
#2609=CARTESIAN_POINT('',(0.0779391669654784,-0.000817795198030695,-0.0615691652072757));
#2610=CARTESIAN_POINT('',(0.0777531651567729,-0.00258868692713197,-0.062428209472909));
#2611=CARTESIAN_POINT('',(0.0768884328626986,-0.00609954299404155,-0.0640121848394338));
#2612=CARTESIAN_POINT('',(0.0762082464997595,-0.00784051042721545,-0.0647374325505528));
#2613=CARTESIAN_POINT('',(0.0743294189765649,-0.0111535719709234,-0.0660226802407204));
#2614=CARTESIAN_POINT('',(0.0731286726350418,-0.012723847178424,-0.0665805915947685));
#2615=CARTESIAN_POINT('',(0.0702738272755578,-0.0155236654070857,-0.0674736958853591));
#2616=CARTESIAN_POINT('',(0.0686226543195004,-0.0167496663766032,-0.0678070071995083));
#2617=CARTESIAN_POINT('',(0.0650282141965213,-0.0187511512162189,-0.0682415631819382));
#2618=CARTESIAN_POINT('',(0.0630889172636035,-0.0195277396161862,-0.0683440110024885));
#2619=CARTESIAN_POINT('',(0.0590462469746707,-0.0206364981899226,-0.0683702750578986));
#2620=CARTESIAN_POINT('',(0.056942596019847,-0.0209713493032754,-0.068295547696216));
#2621=CARTESIAN_POINT('',(0.0526005823462279,-0.0212441100862012,-0.068031683159794));
#2622=CARTESIAN_POINT('',(0.0503606175443053,-0.021182920955606,-0.067842849852948));
#2623=CARTESIAN_POINT('',(0.0468785044629576,-0.020814100165937,-0.0675085884884461));
#2624=CARTESIAN_POINT('',(0.0456971735054262,-0.0206447751934999,-0.067388518099362));
#2625=CARTESIAN_POINT('',(0.0438904921929522,-0.0203217746627301,-0.0671985323922894));
#2626=CARTESIAN_POINT('',(0.04328247962582,-0.0202025933220766,-0.067133549639608));
#2627=CARTESIAN_POINT('',(0.0423612899699211,-0.020006517276691,-0.0670339197857362));
#2628=CARTESIAN_POINT('',(0.0420526982049672,-0.019938273919861,-0.0670003501547391));
#2629=CARTESIAN_POINT('',(0.0415874558349705,-0.0198315720854201,-0.066949493542605));
#2630=CARTESIAN_POINT('',(0.0414319825910355,-0.0197952819689622,-0.0669324576220858));
#2631=CARTESIAN_POINT('',(0.0411981763141479,-0.0197397609758994,-0.0669067826420586));
#2632=CARTESIAN_POINT('',(0.0411201414868212,-0.01972107300619,-0.0668982041308488));
#2633=CARTESIAN_POINT('',(0.0409638717420492,-0.0196833348353404,-0.0668810074697427));
#2634=CARTESIAN_POINT('',(0.0408714001257704,-0.0196599681691489,-0.0668680705152549));
#2635=CARTESIAN_POINT('',(0.0408073012195389,-0.0196450531647419,-0.0668637517106776));
#2636=CARTESIAN_POINT('',(0.0518301363485991,0.00914811439598143,-0.0197724295189961));
#2637=CARTESIAN_POINT('',(0.0518476633294338,0.00915490808219853,-0.0198027871403051));
#2638=CARTESIAN_POINT('',(0.0518752967457639,0.00916464570090251,-0.0198506470458518));
#2639=CARTESIAN_POINT('',(0.0519204078173956,0.0091810424565015,-0.0199287715523085));
#2640=CARTESIAN_POINT('',(0.0519429469016894,0.00918919600992714,-0.0199678028053836));
#2641=CARTESIAN_POINT('',(0.0520105147127461,0.00921352242573598,-0.0200848036239548));
#2642=CARTESIAN_POINT('',(0.0520554939977361,0.00922956104363404,-0.0201626802488049));
#2643=CARTESIAN_POINT('',(0.0521902333859532,0.00927714174815692,-0.0203959388385691));
#2644=CARTESIAN_POINT('',(0.0522797950231688,0.00930814868569063,-0.0205509495189383));
#2645=CARTESIAN_POINT('',(0.0525476804472848,0.0093990435266445,-0.0210145002346971));
#2646=CARTESIAN_POINT('',(0.0527252047588425,0.00945680546016857,-0.0213215589489814));
#2647=CARTESIAN_POINT('',(0.0532545343704711,0.00962170430505524,-0.0222368401555776));
#2648=CARTESIAN_POINT('',(0.0536030965586138,0.00972045428031754,-0.0228391677841082));
#2649=CARTESIAN_POINT('',(0.0546354399254945,0.00998409093147866,-0.0246228114283634));
#2650=CARTESIAN_POINT('',(0.0553058818505677,0.0101163642107571,-0.0257807894855016));
#2651=CARTESIAN_POINT('',(0.0572607518801331,0.0103902018883236,-0.029163249102729));
#2652=CARTESIAN_POINT('',(0.0584888066048476,0.0104087572010399,-0.0312962795191772));
#2653=CARTESIAN_POINT('',(0.0619200597316406,0.0100326359018258,-0.0373437850095063));
#2654=CARTESIAN_POINT('',(0.0638718144921438,0.00920375355855371,-0.0409068969772187));
#2655=CARTESIAN_POINT('',(0.0669238783543491,0.00674119818557023,-0.0471642563774991));
#2656=CARTESIAN_POINT('',(0.0680188556892455,0.00510354780888149,-0.0498571509151596));
#2657=CARTESIAN_POINT('',(0.0691816079267795,0.00150269392221565,-0.0544499481900417));
#2658=CARTESIAN_POINT('',(0.0692425768827365,-0.000450022894332443,-0.0563496683924081));
#2659=CARTESIAN_POINT('',(0.0686169808444111,-0.00318413179036667,-0.0586961904097379));
#2660=CARTESIAN_POINT('',(0.0682918954873543,-0.00406390667192724,-0.0593948329432699));
#2661=CARTESIAN_POINT('',(0.067433809990034,-0.00571468616380426,-0.0606424279134191));
#2662=CARTESIAN_POINT('',(0.0669012558677276,-0.00648597459287698,-0.0611913669983209));
#2663=CARTESIAN_POINT('',(0.0656424816153424,-0.00789337239347062,-0.062157755815039));
#2664=CARTESIAN_POINT('',(0.064916275115993,-0.00852989144810724,-0.0625752527294002));
#2665=CARTESIAN_POINT('',(0.0632648939601326,-0.00964910900358778,-0.0632975831045513));
#2666=CARTESIAN_POINT('',(0.0623394302659325,-0.0101320696283312,-0.0636024913291902));
#2667=CARTESIAN_POINT('',(0.0602695074772264,-0.0109222557566394,-0.0641169357772376));
#2668=CARTESIAN_POINT('',(0.059124767589587,-0.0112294884926118,-0.0643264726536333));
#2669=CARTESIAN_POINT('',(0.0565913728003537,-0.0116388691414821,-0.0646645587877588));
#2670=CARTESIAN_POINT('',(0.0552026196795559,-0.011740936654645,-0.0647930810482359));
#2671=CARTESIAN_POINT('',(0.0521573868820321,-0.0117050485624588,-0.0649812420436805));
#2672=CARTESIAN_POINT('',(0.0505008961797822,-0.0115670459597981,-0.0650408601118173));
#2673=CARTESIAN_POINT('',(0.0477992528943645,-0.01115128151753,-0.0650865795632253));
#2674=CARTESIAN_POINT('',(0.046862571651643,-0.0109778773552683,-0.06509452487541));
#2675=CARTESIAN_POINT('',(0.0454014936378108,-0.0106617848383151,-0.0650964288936833));
#2676=CARTESIAN_POINT('',(0.0449051260048004,-0.0105470885146901,-0.0650953941866337));
#2677=CARTESIAN_POINT('',(0.0441463394998943,-0.0103605662275661,-0.0650914511152364));
#2678=CARTESIAN_POINT('',(0.043891038219834,-0.0102959791040247,-0.065089738239113));
#2679=CARTESIAN_POINT('',(0.0435045003752553,-0.0101954184012119,-0.0650865851418365));
#2680=CARTESIAN_POINT('',(0.0433750567769237,-0.0101612848271746,-0.065085436811358));
#2681=CARTESIAN_POINT('',(0.0431799915321131,-0.0101091568654792,-0.0650835701108059));
#2682=CARTESIAN_POINT('',(0.043114819809544,-0.0100916262779495,-0.0650829238430982));
#2683=CARTESIAN_POINT('',(0.0429841758566638,-0.0100562546345273,-0.0650815835291354));
#2684=CARTESIAN_POINT('',(0.0429108233486729,-0.0100347143859748,-0.0650805305874838));
#2685=CARTESIAN_POINT('',(0.0428530808636007,-0.0100204166539311,-0.065080171692089));
#2686=CARTESIAN_POINT('',(0.0475000093296769,0.00914811439598143,-0.0222724295189961));
#2687=CARTESIAN_POINT('',(0.0518301363485991,0.00914811439598143,-0.0197724295189961));
#2688=CARTESIAN_POINT('',(0.00446151489738944,-0.00914811439598143,0.052272429518996));
#2689=CARTESIAN_POINT('',(-0.0375478999047677,0.0072377898595286,0.0718437312900123));
#2690=CARTESIAN_POINT('',(-0.0375188300392456,0.00725050060348773,0.0718925098265612));
#2691=CARTESIAN_POINT('',(-0.0374815389886252,0.00726728079556419,0.0719523255016439));
#2692=CARTESIAN_POINT('',(-0.0374153500557202,0.00729630695255011,0.072060445897762));
#2693=CARTESIAN_POINT('',(-0.0373823128599924,0.00731066535652972,0.0721143481724952));
#2694=CARTESIAN_POINT('',(-0.0372833725739883,0.00735327881652303,0.0722755813656376));
#2695=CARTESIAN_POINT('',(-0.0372176407841618,0.00738107211885113,0.0723824386521461));
#2696=CARTESIAN_POINT('',(-0.0370211265566247,0.00746262324278514,0.0727011171252004));
#2697=CARTESIAN_POINT('',(-0.0368910252490523,0.00751455225379919,0.0729110449099226));
#2698=CARTESIAN_POINT('',(-0.0365034138051803,0.00766317086834076,0.0735332643072394));
#2699=CARTESIAN_POINT('',(-0.0362485959694726,0.00775269157548666,0.0739379916444271));
#2700=CARTESIAN_POINT('',(-0.0354946620686517,0.00799376932917859,0.0751220039385339));
#2701=CARTESIAN_POINT('',(-0.0350060635309028,0.00811783319022568,0.0758711110055525));
#2702=CARTESIAN_POINT('',(-0.0335804328601878,0.00838988056301897,0.0779986566527976));
#2703=CARTESIAN_POINT('',(-0.0326836016255583,0.0084375747619659,0.0792570330766976));
#2704=CARTESIAN_POINT('',(-0.0301387804138484,0.00826341329527493,0.082566742064143));
#2705=CARTESIAN_POINT('',(-0.0286435896933392,0.00773000911716436,0.0841435349217493));
#2706=CARTESIAN_POINT('',(-0.025893884301548,0.00625550081888459,0.0862818667111638));
#2707=CARTESIAN_POINT('',(-0.024630807421672,0.00531807352681614,0.0868685255703562));
#2708=CARTESIAN_POINT('',(-0.0219963664975487,0.00313185413448913,0.0872607954740937));
#2709=CARTESIAN_POINT('',(-0.0206185474526363,0.00186577714282132,0.0870523956675021));
#2710=CARTESIAN_POINT('',(-0.0176460442859493,-0.000834463725111035,0.0856905945542617));
#2711=CARTESIAN_POINT('',(-0.0160618136085228,-0.00226460081010195,0.0845321787869767));
#2712=CARTESIAN_POINT('',(-0.0126827177242317,-0.00491549819180991,0.0811483323647751));
#2713=CARTESIAN_POINT('',(-0.010888260017539,-0.00613120627747375,0.0789228766086192));
#2714=CARTESIAN_POINT('',(-0.00503380483047781,-0.0088160828421545,0.0706265897435771));
#2715=CARTESIAN_POINT('',(-0.00049371811950403,-0.00930934292353595,0.0629401545671185));
#2716=CARTESIAN_POINT('',(0.00526107409973489,-0.00699614036612016,0.0532622339727885));
#2717=CARTESIAN_POINT('',(-0.04060611155037,0.00418460154528441,0.0743587626314602));
#2718=CARTESIAN_POINT('',(-0.0405764575668053,0.00419549106329033,0.0744060405150607));
#2719=CARTESIAN_POINT('',(-0.0405374169744072,0.00420680766646107,0.0744613368203913));
#2720=CARTESIAN_POINT('',(-0.0404689030225913,0.00422854953865489,0.0745633846831782));
#2721=CARTESIAN_POINT('',(-0.0404347062316829,0.00423926602078708,0.0746142331413873));
#2722=CARTESIAN_POINT('',(-0.0403322962133586,0.00427095477966359,0.0747662518184241));
#2723=CARTESIAN_POINT('',(-0.0402642633380493,0.00429146636439201,0.0748668953387788));
#2724=CARTESIAN_POINT('',(-0.0400608846008688,0.00435117990435613,0.0751667169123691));
#2725=CARTESIAN_POINT('',(-0.0399262585908318,0.00438856057210158,0.0753637859597269));
#2726=CARTESIAN_POINT('',(-0.0395252491570384,0.00449359245579845,0.075946540121303));
#2727=CARTESIAN_POINT('',(-0.039261733745615,0.00455413228172323,0.076323771806022));
#2728=CARTESIAN_POINT('',(-0.0384825945332823,0.00470875078109431,0.0774215308241826));
#2729=CARTESIAN_POINT('',(-0.0379783694873978,0.00477580511477233,0.0781081084312332));
#2730=CARTESIAN_POINT('',(-0.0365110930492101,0.00488122048229775,0.0800314337304921));
#2731=CARTESIAN_POINT('',(-0.0355934358838156,0.00482342947236496,0.0811312252252193));
#2732=CARTESIAN_POINT('',(-0.0330232753286553,0.00437853717717189,0.0838913317389186));
#2733=CARTESIAN_POINT('',(-0.0315670107141869,0.00372856187563113,0.0849931711773016));
#2734=CARTESIAN_POINT('',(-0.0290383364300991,0.00233641449052964,0.0861001102435046));
#2735=CARTESIAN_POINT('',(-0.027953031290311,0.00160309799350067,0.0861495611173228));
#2736=CARTESIAN_POINT('',(-0.0256434321985752,7.96663992945361E-5,0.0856060488681568));
#2737=CARTESIAN_POINT('',(-0.0244064530329156,-0.000732886319546423,0.084985741919428));
#2738=CARTESIAN_POINT('',(-0.0216111210261707,-0.00239624561091033,0.0830052003603516));
#2739=CARTESIAN_POINT('',(-0.0200654996405186,-0.00324548272547141,0.0816520279100238));
#2740=CARTESIAN_POINT('',(-0.0167129254080484,-0.00483289615197367,0.0781420883324273));
#2741=CARTESIAN_POINT('',(-0.0149105072019839,-0.00557248344196243,0.0759784675862341));
#2742=CARTESIAN_POINT('',(-0.00904531626413266,-0.00711370736663347,0.0680477438371437));
#2743=CARTESIAN_POINT('',(-0.00452010308829258,-0.00721193111251893,0.0608011913487487));
#2744=CARTESIAN_POINT('',(0.00120361297575039,-0.00467335124100723,0.0514897611499753));
#2745=CARTESIAN_POINT('',(-0.0437153738383685,0.0080052506181901,0.0752161590894277));
#2746=CARTESIAN_POINT('',(-0.0436855473210402,0.00801550795729928,0.075266879705282));
#2747=CARTESIAN_POINT('',(-0.0436459785935803,0.00802491364061183,0.0753325205543702));
#2748=CARTESIAN_POINT('',(-0.0435767320628832,0.00804406885875439,0.0754484048200233));
#2749=CARTESIAN_POINT('',(-0.0435421582943969,0.00805347742780812,0.0755061878695986));
#2750=CARTESIAN_POINT('',(-0.0434385848112465,0.00808119807113457,0.0756790596147718));
#2751=CARTESIAN_POINT('',(-0.0433697329181248,0.00809900508036454,0.0757936709076131));
#2752=CARTESIAN_POINT('',(-0.0431637632079651,0.0081504223376741,0.0761355939158529));
#2753=CARTESIAN_POINT('',(-0.0430272313469687,0.00818202879679861,0.0763609947732571));
#2754=CARTESIAN_POINT('',(-0.0426199375258008,0.00826896559221237,0.0770295433881442));
#2755=CARTESIAN_POINT('',(-0.0423514771002535,0.00831641303102228,0.077465037376389));
#2756=CARTESIAN_POINT('',(-0.0415549734514863,0.00842829542617138,0.0787408130379679));
#2757=CARTESIAN_POINT('',(-0.0410358037476614,0.00846226473359755,0.079550391062488));
#2758=CARTESIAN_POINT('',(-0.0395113013288001,0.00845107888853893,0.081855476793625));
#2759=CARTESIAN_POINT('',(-0.0385388989237938,0.00829271575888843,0.083227360686693));
#2760=CARTESIAN_POINT('',(-0.0357360980085437,0.007438666292799,0.0868405922916688));
#2761=CARTESIAN_POINT('',(-0.034019280108462,0.00636127401369315,0.0885785511613225));
#2762=CARTESIAN_POINT('',(-0.030822328495128,0.00363713155611529,0.0906745233664386));
#2763=CARTESIAN_POINT('',(-0.0293464237341541,0.00199188329413335,0.0910266480917138));
#2764=CARTESIAN_POINT('',(-0.0265460548256947,-0.00133932704018439,0.0904071324845628));
#2765=CARTESIAN_POINT('',(-0.0252218154718083,-0.00301315696724085,0.0894361700269255));
#2766=CARTESIAN_POINT('',(-0.022499222097592,-0.00598362556307478,0.0864711406441686));
#2767=CARTESIAN_POINT('',(-0.021092692648951,-0.00728674836939252,0.0844941647989993));
#2768=CARTESIAN_POINT('',(-0.0179927739640806,-0.00943549924631644,0.079767735285078));
#2769=CARTESIAN_POINT('',(-0.0163031043715923,-0.0102926427259306,0.0770114781988554));
#2770=CARTESIAN_POINT('',(-0.0106576379690943,-0.0119343750880983,0.0674937155664814));
#2771=CARTESIAN_POINT('',(-0.00613889375660845,-0.0117907123827665,0.0594349996355947));
#2772=CARTESIAN_POINT('',(-0.000395505428940502,-0.00897729930072976,0.0495101522423904));
#2773=CARTESIAN_POINT('',(-0.0406571621927662,0.0110584389324343,0.0727011277479798));
#2774=CARTESIAN_POINT('',(-0.0406279197934805,0.0110705174974967,0.0727533490167826));
#2775=CARTESIAN_POINT('',(-0.0405901006077982,0.011085386769715,0.0728235092356232));
#2776=CARTESIAN_POINT('',(-0.0405231790960121,0.0111118262726495,0.0729454660346069));
#2777=CARTESIAN_POINT('',(-0.0404897649227062,0.0111248767635506,0.0730063029007061));
#2778=CARTESIAN_POINT('',(-0.0403896611718766,0.0111635221079943,0.0731883891619863));
#2779=CARTESIAN_POINT('',(-0.0403231103642374,0.011188610834824,0.0733092142209809));
#2780=CARTESIAN_POINT('',(-0.040124005163721,0.0112618656761024,0.0736699941286832));
#2781=CARTESIAN_POINT('',(-0.0399919980051887,0.0113080204784953,0.0739082537234529));
#2782=CARTESIAN_POINT('',(-0.0395981021739437,0.0114385440047565,0.0746162675740806));
#2783=CARTESIAN_POINT('',(-0.0393383393241103,0.0115149723247857,0.0750792572147959));
#2784=CARTESIAN_POINT('',(-0.0385670409868576,0.0117133139742557,0.0764412861523158));
#2785=CARTESIAN_POINT('',(-0.038063497791168,0.0118042928090493,0.0773133936368073));
#2786=CARTESIAN_POINT('',(-0.0365806411397746,0.0119597389692633,0.0798226997159305));
#2787=CARTESIAN_POINT('',(-0.0356290646655366,0.01190686104849,0.0813531685381605));
#2788=CARTESIAN_POINT('',(-0.0328516030937367,0.0113235424109007,0.0855160026169145));
#2789=CARTESIAN_POINT('',(-0.0310958590876162,0.0103627212552256,0.0877289149057702));
#2790=CARTESIAN_POINT('',(-0.0276778763665749,0.007556217884471,0.0908562798340977));
#2791=CARTESIAN_POINT('',(-0.0260241998655133,0.00570685882745617,0.0917456125447398));
#2792=CARTESIAN_POINT('',(-0.0228989891246699,0.00171286069500285,0.092061879090507));
#2793=CARTESIAN_POINT('',(-0.0214339098915289,-0.000414493504877289,0.0915028237749912));
#2794=CARTESIAN_POINT('',(-0.0185341453573706,-0.00442184367727129,0.089156534838087));
#2795=CARTESIAN_POINT('',(-0.017089006616954,-0.00630586645401792,0.0873743156759523));
#2796=CARTESIAN_POINT('',(-0.0139625662802651,-0.00951810128615782,0.0827739793174257));
#2797=CARTESIAN_POINT('',(-0.0122808571871409,-0.010851365561442,0.0799558872212277));
#2798=CARTESIAN_POINT('',(-0.00664612653545231,-0.0136367505636193,0.0700725614729405));
#2799=CARTESIAN_POINT('',(-0.002112508787825,-0.0138881241937938,0.0615739628539031));
#2800=CARTESIAN_POINT('',(0.003661955695044,-0.0113000884258427,0.0512826250652036));
#2801=CARTESIAN_POINT('',(-0.0375989505471639,0.0141116272466785,0.0701860964065318));
#2802=CARTESIAN_POINT('',(-0.0375702922659207,0.0141255270376941,0.0702398183282832));
#2803=CARTESIAN_POINT('',(-0.0375342226220161,0.0141458598988182,0.0703144979168761));
#2804=CARTESIAN_POINT('',(-0.0374696261291411,0.0141795836865447,0.0704425272491904));
#2805=CARTESIAN_POINT('',(-0.0374373715510155,0.0141962760992932,0.0705064179318134));
#2806=CARTESIAN_POINT('',(-0.0373407375325066,0.0142458461448539,0.0706977187092007));
#2807=CARTESIAN_POINT('',(-0.0372764878103499,0.0142782165892835,0.0708247575343485));
#2808=CARTESIAN_POINT('',(-0.0370842471194768,0.0143733090145307,0.0712043943415137));
#2809=CARTESIAN_POINT('',(-0.0369567646634087,0.014434012160192,0.0714555126736486));
#2810=CARTESIAN_POINT('',(-0.0365762668220865,0.0146081224173006,0.0722029917600169));
#2811=CARTESIAN_POINT('',(-0.0363252015479672,0.0147135316185491,0.0726934770532027));
#2812=CARTESIAN_POINT('',(-0.0355791085222287,0.01499833252234,0.0741417592666636));
#2813=CARTESIAN_POINT('',(-0.0350911918346746,0.0151463208845011,0.0750763962111266));
#2814=CARTESIAN_POINT('',(-0.033649980950749,0.0154683990499877,0.0777899226382359));
#2815=CARTESIAN_POINT('',(-0.0327192304072793,0.0155210063380916,0.079478976389628));
#2816=CARTESIAN_POINT('',(-0.0299671081789298,0.0152084185290024,0.0841914129421601));
#2817=CARTESIAN_POINT('',(-0.0281724380667704,0.0143641684967581,0.0868792786502177));
#2818=CARTESIAN_POINT('',(-0.0245334242380217,0.0114753042128267,0.0910380363017567));
#2819=CARTESIAN_POINT('',(-0.0227019759968724,0.00942183436077899,0.0924645769977658));
#2820=CARTESIAN_POINT('',(-0.0192519234236451,0.00476504843019009,0.0937166256964511));
#2821=CARTESIAN_POINT('',(-0.0176460043112496,0.00218416995748627,0.0935694775230569));
#2822=CARTESIAN_POINT('',(-0.0145690686171492,-0.00286006179146781,0.0918419290320055));
#2823=CARTESIAN_POINT('',(-0.013085320584957,-0.00532498453864332,0.0902544665529052));
#2824=CARTESIAN_POINT('',(-0.00993235859644967,-0.0096007033259992,0.0857802233497734));
#2825=CARTESIAN_POINT('',(-0.00825861000268963,-0.0114100883969533,0.0829002962436));
#2826=CARTESIAN_POINT('',(-0.00263461510181028,-0.0153391260391404,0.0726514073793996));
#2827=CARTESIAN_POINT('',(0.00191387618095843,-0.015985536004821,0.0637129260722115));
#2828=CARTESIAN_POINT('',(0.00771941681902849,-0.0136228775509556,0.0530550978880168));
#2829=CARTESIAN_POINT('',(-0.0344896882591655,0.0102909781737728,0.0693286999485643));
#2830=CARTESIAN_POINT('',(-0.0344612025116858,0.0103055101436851,0.0693789791380618));
#2831=CARTESIAN_POINT('',(-0.0344256610028431,0.0103277539246673,0.0694433141828965));
#2832=CARTESIAN_POINT('',(-0.0343617970888491,0.0103640643664453,0.0695575071123459));
#2833=CARTESIAN_POINT('',(-0.0343299194883021,0.0103820646922723,0.0696144632036031));
#2834=CARTESIAN_POINT('',(-0.0342344489346179,0.0104356028533825,0.069784910912851));
#2835=CARTESIAN_POINT('',(-0.0341710182302743,0.0104706778733102,0.0698979819655132));
#2836=CARTESIAN_POINT('',(-0.0339813685123806,0.0105740665812142,0.0702355173380317));
#2837=CARTESIAN_POINT('',(-0.0338557919072727,0.0106405439354968,0.0704583038601183));
#2838=CARTESIAN_POINT('',(-0.0334815784533222,0.0108327492808831,0.0711199884931758));
#2839=CARTESIAN_POINT('',(-0.0332354581933303,0.0109512508692501,0.0715522114828321));
#2840=CARTESIAN_POINT('',(-0.0325067296040211,0.0112787878772629,0.0728224770528852));
#2841=CARTESIAN_POINT('',(-0.0320337575744078,0.011459861265679,0.0736341135798718));
#2842=CARTESIAN_POINT('',(-0.0306497726711654,0.0118985406437402,0.075965879575103));
#2843=CARTESIAN_POINT('',(-0.029773767367301,0.0120517200515668,0.0773828409281758));
#2844=CARTESIAN_POINT('',(-0.0272542854990414,0.012148289413378,0.0812421523893675));
#2845=CARTESIAN_POINT('',(-0.0257201686724913,0.0117314563586976,0.0832938986661969));
#2846=CARTESIAN_POINT('',(-0.0227494321729968,0.0101745871472395,0.0864636231788228));
#2847=CARTESIAN_POINT('',(-0.0213085835530329,0.00903304906013159,0.0875874900233894));
#2848=CARTESIAN_POINT('',(-0.0183493007965221,0.00618404186968372,0.0889155420800305));
#2849=CARTESIAN_POINT('',(-0.0168306418723569,0.00446444060518908,0.0891190494155761));
#2850=CARTESIAN_POINT('',(-0.0136809675457279,0.000727318160688279,0.0883759887481717));
#2851=CARTESIAN_POINT('',(-0.0120581275765271,-0.00128371889473248,0.0874123296639296));
#2852=CARTESIAN_POINT('',(-0.00865251004041494,-0.00499810023164614,0.0841545763971226));
#2853=CARTESIAN_POINT('',(-0.00686601283309414,-0.00668992911298504,0.0818672856310042));
#2854=CARTESIAN_POINT('',(-0.00102229339682295,-0.0105184583176755,0.0732054356500105));
#2855=CARTESIAN_POINT('',(0.00353266684928451,-0.011406754734553,0.0650791177854883));
#2856=CARTESIAN_POINT('',(0.00931853522371937,-0.00931892949123308,0.0550347067956016));
#2857=CARTESIAN_POINT('',(-0.0375478999047677,0.0072377898595286,0.0718437312900123));
#2858=CARTESIAN_POINT('',(-0.0375188300392456,0.00725050060348773,0.0718925098265612));
#2859=CARTESIAN_POINT('',(-0.0374815389886252,0.00726728079556419,0.0719523255016439));
#2860=CARTESIAN_POINT('',(-0.0374153500557202,0.00729630695255011,0.072060445897762));
#2861=CARTESIAN_POINT('',(-0.0373823128599924,0.00731066535652972,0.0721143481724952));
#2862=CARTESIAN_POINT('',(-0.0372833725739883,0.00735327881652303,0.0722755813656376));
#2863=CARTESIAN_POINT('',(-0.0372176407841618,0.00738107211885113,0.0723824386521461));
#2864=CARTESIAN_POINT('',(-0.0370211265566247,0.00746262324278514,0.0727011171252004));
#2865=CARTESIAN_POINT('',(-0.0368910252490523,0.00751455225379919,0.0729110449099226));
#2866=CARTESIAN_POINT('',(-0.0365034138051803,0.00766317086834076,0.0735332643072394));
#2867=CARTESIAN_POINT('',(-0.0362485959694726,0.00775269157548666,0.0739379916444271));
#2868=CARTESIAN_POINT('',(-0.0354946620686517,0.00799376932917859,0.0751220039385339));
#2869=CARTESIAN_POINT('',(-0.0350060635309028,0.00811783319022568,0.0758711110055525));
#2870=CARTESIAN_POINT('',(-0.0335804328601878,0.00838988056301897,0.0779986566527976));
#2871=CARTESIAN_POINT('',(-0.0326836016255583,0.0084375747619659,0.0792570330766976));
#2872=CARTESIAN_POINT('',(-0.0301387804138484,0.00826341329527493,0.082566742064143));
#2873=CARTESIAN_POINT('',(-0.0286435896933392,0.00773000911716436,0.0841435349217493));
#2874=CARTESIAN_POINT('',(-0.025893884301548,0.00625550081888459,0.0862818667111638));
#2875=CARTESIAN_POINT('',(-0.024630807421672,0.00531807352681614,0.0868685255703562));
#2876=CARTESIAN_POINT('',(-0.0219963664975487,0.00313185413448913,0.0872607954740937));
#2877=CARTESIAN_POINT('',(-0.0206185474526363,0.00186577714282132,0.0870523956675021));
#2878=CARTESIAN_POINT('',(-0.0176460442859493,-0.000834463725111035,0.0856905945542617));
#2879=CARTESIAN_POINT('',(-0.0160618136085228,-0.00226460081010195,0.0845321787869767));
#2880=CARTESIAN_POINT('',(-0.0126827177242317,-0.00491549819180991,0.0811483323647751));
#2881=CARTESIAN_POINT('',(-0.010888260017539,-0.00613120627747375,0.0789228766086192));
#2882=CARTESIAN_POINT('',(-0.00503380483047781,-0.0088160828421545,0.0706265897435771));
#2883=CARTESIAN_POINT('',(-0.00049371811950403,-0.00930934292353595,0.0629401545671185));
#2884=CARTESIAN_POINT('',(0.00526107409973489,-0.00699614036612016,0.0532622339727885));
#2885=CARTESIAN_POINT('',(0.00446151489738944,-0.00914811439598143,0.052272429518996));
#2886=CARTESIAN_POINT('',(0.00662657840685054,-0.00914811439598143,0.053522429518996));
#2887=CARTESIAN_POINT('',(-0.039102531048767,0.00914811439598144,0.072272429518996));
#2888=CARTESIAN_POINT('',(-0.0375478999047677,0.00723778985952859,0.0718437312900123));
#2889=CARTESIAN_POINT('',(-0.0821410254810544,-0.00914811439598142,-0.002272429518996));
#2890=CARTESIAN_POINT('',(-0.0821410254810544,-0.00914811439598143,-0.00227242951899601));
#2891=CARTESIAN_POINT('',(-0.0805863943370552,-0.0110584389324343,-0.00270112774797976));
#2892=CARTESIAN_POINT('',(-0.0426968281534454,0.0107555278588153,-0.0318840079918627));
#2893=CARTESIAN_POINT('',(-0.0427322454400818,0.0107628083776062,-0.0318842192906537));
#2894=CARTESIAN_POINT('',(-0.0427886011850023,0.0107740069734448,-0.0318848553905633));
#2895=CARTESIAN_POINT('',(-0.0428802725056655,0.010792352975576,-0.0318857093380549));
#2896=CARTESIAN_POINT('',(-0.0429260742643511,0.0108014816309733,-0.0318861384844297));
#2897=CARTESIAN_POINT('',(-0.0430633778532804,0.0108287347866574,-0.0318874323486798));
#2898=CARTESIAN_POINT('',(-0.0431547779964194,0.0108467264764311,-0.0318883034916988));
#2899=CARTESIAN_POINT('',(-0.0434285718189033,0.0109001721148279,-0.0318909418789233));
#2900=CARTESIAN_POINT('',(-0.0436105588917368,0.0109350966327903,-0.0318927340814755));
#2901=CARTESIAN_POINT('',(-0.0441548948005339,0.0110377669412155,-0.0318982045777547));
#2902=CARTESIAN_POINT('',(-0.0445156183338517,0.0111034094910677,-0.0319019767628895));
#2903=CARTESIAN_POINT('',(-0.045591296398616,0.0112920398132965,-0.0319136212302309));
#2904=CARTESIAN_POINT('',(-0.0462997585167209,0.0114067303355789,-0.0319218214753735));
#2905=CARTESIAN_POINT('',(-0.0483992403286368,0.0117185351192991,-0.031947351115857));
#2906=CARTESIAN_POINT('',(-0.0497643576897857,0.011883383736962,-0.0319656104995621));
#2907=CARTESIAN_POINT('',(-0.0537565458008699,0.0122562011509941,-0.0320210108344528));
#2908=CARTESIAN_POINT('',(-0.05628049602131,0.0123424526889836,-0.0320588031653038));
#2909=CARTESIAN_POINT('',(-0.0634420004283319,0.012172459567079,-0.0321491750977649));
#2910=CARTESIAN_POINT('',(-0.0676699932813939,0.011486923216296,-0.0321798359306339));
#2911=CARTESIAN_POINT('',(-0.0750270105639336,0.009284283317296,-0.0320279049272055));
#2912=CARTESIAN_POINT('',(-0.0781545280563021,0.00776463530908697,-0.0318454517648252));
#2913=CARTESIAN_POINT('',(-0.0832936214106424,0.00425251956188382,-0.031073772141039));
#2914=CARTESIAN_POINT('',(-0.0853033597678864,0.00226208957236796,-0.0304810568897307));
#2915=CARTESIAN_POINT('',(-0.0882489626316541,-0.00174152184145595,-0.0287008372902521));
#2916=CARTESIAN_POINT('',(-0.0891906781600025,-0.00375439296995493,-0.0275127660426925));
#2917=CARTESIAN_POINT('',(-0.0900420870200321,-0.00736708789981125,-0.0244335695235782));
#2918=CARTESIAN_POINT('',(-0.0899412420472937,-0.00896058660774387,-0.0225415122929016));
#2919=CARTESIAN_POINT('',(-0.0887637324039376,-0.0112881444721714,-0.0180911956403098));
#2920=CARTESIAN_POINT('',(-0.0876979871943988,-0.0120255401783387,-0.0155438613090966));
#2921=CARTESIAN_POINT('',(-0.08548590135324,-0.0123173678549935,-0.0111785378483526));
#2922=CARTESIAN_POINT('',(-0.0846453746869407,-0.0122796064397816,-0.00963083768448854));
#2923=CARTESIAN_POINT('',(-0.083234970121952,-0.0119974534534382,-0.00715348957460215));
#2924=CARTESIAN_POINT('',(-0.0827398566756346,-0.0118657776988371,-0.00630171923520548));
#2925=CARTESIAN_POINT('',(-0.0819600779910546,-0.0116086155878423,-0.00498290342071141));
#2926=CARTESIAN_POINT('',(-0.0816939656029219,-0.0115129512119048,-0.00453643828936527));
#2927=CARTESIAN_POINT('',(-0.0812855524262475,-0.0113541188559385,-0.00385618203310342));
#2928=CARTESIAN_POINT('',(-0.081147873876299,-0.0112986186490799,-0.0036276702224659));
#2929=CARTESIAN_POINT('',(-0.0809390486786324,-0.0112114806135628,-0.00328222966979614));
#2930=CARTESIAN_POINT('',(-0.0808690557143645,-0.0111817866404858,-0.00316663734874497));
#2931=CARTESIAN_POINT('',(-0.0807634898788562,-0.0111362669776765,-0.00299257653003753));
#2932=CARTESIAN_POINT('',(-0.0807282052020016,-0.0111209306391395,-0.0029344442011328));
#2933=CARTESIAN_POINT('',(-0.0806574437928092,-0.0110899305949176,-0.00281795474474697));
#2934=CARTESIAN_POINT('',(-0.0806166462506056,-0.0110716521805226,-0.00275195365177055));
#2935=CARTESIAN_POINT('',(-0.0805863943370552,-0.0110584389324343,-0.00270112774797974));
#2936=CARTESIAN_POINT('',(-0.0419134135792407,0.014441203652823,-0.0285973599202875));
#2937=CARTESIAN_POINT('',(-0.0419497182102253,0.0144491048211409,-0.0285980557110011));
#2938=CARTESIAN_POINT('',(-0.0420087381219966,0.0144621650558441,-0.0286001469998906));
#2939=CARTESIAN_POINT('',(-0.0421039673614806,0.0144829924054083,-0.0286029457809829));
#2940=CARTESIAN_POINT('',(-0.0421515502164842,0.0144933614189013,-0.0286043490639006));
#2941=CARTESIAN_POINT('',(-0.0422942035143789,0.0145243346841993,-0.0286085705166742));
#2942=CARTESIAN_POINT('',(-0.0423891786901826,0.0145448051608522,-0.0286114002905424));
#2943=CARTESIAN_POINT('',(-0.0426737233648366,0.014605683157692,-0.0286199354440321));
#2944=CARTESIAN_POINT('',(-0.0428629120114387,0.0146455572455433,-0.0286256866553163));
#2945=CARTESIAN_POINT('',(-0.0434289562482773,0.0147630590893088,-0.0286431189514767));
#2946=CARTESIAN_POINT('',(-0.0438042901440282,0.0148385664388235,-0.0286549786949629));
#2947=CARTESIAN_POINT('',(-0.0449242183946277,0.0150567128508065,-0.0286912353840558));
#2948=CARTESIAN_POINT('',(-0.0456627394579846,0.0151909765013948,-0.0287163097331425));
#2949=CARTESIAN_POINT('',(-0.0478541110791861,0.0155611056911776,-0.0287939470950655));
#2950=CARTESIAN_POINT('',(-0.049282772654727,0.0157643134061525,-0.0288489237694131));
#2951=CARTESIAN_POINT('',(-0.053472725015173,0.0162498873541184,-0.0290211745155296));
#2952=CARTESIAN_POINT('',(-0.0561380329928124,0.0164082821692803,-0.0291457747409372));
#2953=CARTESIAN_POINT('',(-0.0637541671816137,0.0164376940212426,-0.0295303345754449));
#2954=CARTESIAN_POINT('',(-0.068326378801857,0.0158648265355175,-0.0298028664851281));
#2955=CARTESIAN_POINT('',(-0.0764599132158439,0.0137649858717046,-0.0302624141244451));
#2956=CARTESIAN_POINT('',(-0.0800221118342285,0.0122356847489395,-0.0304558819629735));
#2957=CARTESIAN_POINT('',(-0.0860867167147437,0.00841060523862185,-0.0305098584814881));
#2958=CARTESIAN_POINT('',(-0.0885884896696853,0.0061055835289567,-0.0303677067657655));
#2959=CARTESIAN_POINT('',(-0.0924288587546033,0.00105573344490825,-0.0292311237907172));
#2960=CARTESIAN_POINT('',(-0.0937724726468941,-0.00169718187949109,-0.028212677957588));
#2961=CARTESIAN_POINT('',(-0.0950703381347138,-0.00692696259217657,-0.0249212326380642));
#2962=CARTESIAN_POINT('',(-0.0949873190945111,-0.00936492080923823,-0.0226448207455205));
#2963=CARTESIAN_POINT('',(-0.0934729073476127,-0.0129735096434528,-0.0173036247193334));
#2964=CARTESIAN_POINT('',(-0.0920833249783928,-0.0141535072274232,-0.0142857836546547));
#2965=CARTESIAN_POINT('',(-0.0893718294317833,-0.0149041264993855,-0.0093636575922769));
#2966=CARTESIAN_POINT('',(-0.088360751435096,-0.0149877254277361,-0.00765052810436317));
#2967=CARTESIAN_POINT('',(-0.0866993811110008,-0.0148560530856274,-0.00495322723586598));
#2968=CARTESIAN_POINT('',(-0.0861213239673628,-0.014769221101213,-0.00403275807092406));
#2969=CARTESIAN_POINT('',(-0.0852188970587335,-0.0145728113184227,-0.0026171552715173));
#2970=CARTESIAN_POINT('',(-0.0849121929583939,-0.014496308666058,-0.00213947009612062));
#2971=CARTESIAN_POINT('',(-0.0844433894031028,-0.0143647388638888,-0.00141385748915357));
#2972=CARTESIAN_POINT('',(-0.0842856634312786,-0.014318079313872,-0.00117047249606586));
#2973=CARTESIAN_POINT('',(-0.0840468974146876,-0.0142438495454325,-0.000803079299017331));
#2974=CARTESIAN_POINT('',(-0.0839669458878847,-0.0142183995308666,-0.000680228951547955));
#2975=CARTESIAN_POINT('',(-0.0838464754829839,-0.0141791597120809,-0.00049536897070417));
#2976=CARTESIAN_POINT('',(-0.0838062281615731,-0.0141659023052783,-0.000433651567381667));
#2977=CARTESIAN_POINT('',(-0.0837255526661111,-0.0141390317680451,-0.000310021021163838));
#2978=CARTESIAN_POINT('',(-0.0836773307891987,-0.0141238222118312,-0.000238693111548824));
#2979=CARTESIAN_POINT('',(-0.0836446059826574,-0.0141116272466785,-0.000186096406531812));
#2980=CARTESIAN_POINT('',(-0.0425967461369247,0.0112263767271553,-0.024829343936562));
#2981=CARTESIAN_POINT('',(-0.0426321834572679,0.0112345888586657,-0.0248296171296937));
#2982=CARTESIAN_POINT('',(-0.04268860051132,0.0112485846761249,-0.0248304397963149));
#2983=CARTESIAN_POINT('',(-0.0427803568142619,0.0112706666762032,-0.0248315448683679));
#2984=CARTESIAN_POINT('',(-0.0428262022798023,0.0112816657206457,-0.0248321004669329));
#2985=CARTESIAN_POINT('',(-0.0429636406596896,0.0113145372335349,-0.0248337763762728));
#2986=CARTESIAN_POINT('',(-0.0430551355572808,0.0113362840815285,-0.0248349058006658));
#2987=CARTESIAN_POINT('',(-0.0433292285122656,0.0114010241139355,-0.0248383299378489));
#2988=CARTESIAN_POINT('',(-0.0435114348315172,0.0114435167869258,-0.0248406605140975));
#2989=CARTESIAN_POINT('',(-0.0440564894829384,0.0115690085144655,-0.0248477909932284));
#2990=CARTESIAN_POINT('',(-0.0444177735030149,0.0116500212810544,-0.0248527296373097));
#2991=CARTESIAN_POINT('',(-0.0454953896878273,0.0118852403384397,-0.0248680632374794));
#2992=CARTESIAN_POINT('',(-0.0462054858785269,0.0120316274566286,-0.0248789757045216));
#2993=CARTESIAN_POINT('',(-0.0483110049871255,0.0124405170932002,-0.0249134903175236));
#2994=CARTESIAN_POINT('',(-0.0496816566084288,0.0126727495516913,-0.0249388668559356));
#2995=CARTESIAN_POINT('',(-0.0536959835910843,0.013256356678408,-0.0250198482520338));
#2996=CARTESIAN_POINT('',(-0.0562419937441221,0.0134946965138147,-0.0250802519301802));
#2997=CARTESIAN_POINT('',(-0.0635022287934296,0.0138200564599948,-0.0252644747110663));
#2998=CARTESIAN_POINT('',(-0.0678382635907438,0.013520392986452,-0.0253909461218755));
#2999=CARTESIAN_POINT('',(-0.0755834962890297,0.0121789910759894,-0.0255809421025036));
#3000=CARTESIAN_POINT('',(-0.0789965838877269,0.01114001360874,-0.025650641435484));
#3001=CARTESIAN_POINT('',(-0.084950275286625,0.00847603337896741,-0.0256061089593145));
#3002=CARTESIAN_POINT('',(-0.0874939207880819,0.0068377117866073,-0.0254961943375972));
#3003=CARTESIAN_POINT('',(-0.0915905181789314,0.0030874934898722,-0.0246885625798785));
#3004=CARTESIAN_POINT('',(-0.0931367857855143,0.000966889230942271,-0.0239679646737563));
#3005=CARTESIAN_POINT('',(-0.0949980488209763,-0.00321771914684303,-0.0214926395088354));
#3006=CARTESIAN_POINT('',(-0.0952968502214731,-0.00525546629710372,-0.0197363637682936));
#3007=CARTESIAN_POINT('',(-0.0946610746915127,-0.00848995107150237,-0.0153215781000867));
#3008=CARTESIAN_POINT('',(-0.0937464691749542,-0.00968938257690512,-0.0126881610653229));
#3009=CARTESIAN_POINT('',(-0.0916488745762795,-0.0106138265998627,-0.00815117829464907));
#3010=CARTESIAN_POINT('',(-0.0908278429362056,-0.0107781320804214,-0.00653825847896622));
#3011=CARTESIAN_POINT('',(-0.0894258940145636,-0.0107832721780429,-0.00395840405955069));
#3012=CARTESIAN_POINT('',(-0.0889301216436755,-0.010744749006985,-0.00307164835233858));
#3013=CARTESIAN_POINT('',(-0.0881449318375699,-0.0106232440430044,-0.00169976670124617));
#3014=CARTESIAN_POINT('',(-0.0878762779101099,-0.0105721211153477,-0.00123551335362249));
#3015=CARTESIAN_POINT('',(-0.0874630385600446,-0.0104790738843053,-0.00052849148171131));
#3016=CARTESIAN_POINT('',(-0.0873235822648797,-0.0104453309346018,-0.000291043829958613));
#3017=CARTESIAN_POINT('',(-0.0871118481390922,-0.0103905712719809,6.78139270521988E-5));
#3018=CARTESIAN_POINT('',(-0.087040845144355,-0.0103716271744126,0.000187880895055819));
#3019=CARTESIAN_POINT('',(-0.0869337050597521,-0.0103421678768073,0.000368656158067844));
#3020=CARTESIAN_POINT('',(-0.0868978857657958,-0.0103321742521981,0.000429027047694856));
#3021=CARTESIAN_POINT('',(-0.0868260356152751,-0.0103118381434895,0.000549994305303396));
#3022=CARTESIAN_POINT('',(-0.0867844020665236,-0.0103015361862709,0.000619354393215796));
#3023=CARTESIAN_POINT('',(-0.0867538682706559,-0.0102909781737727,0.000671300051435674));
#3024=CARTESIAN_POINT('',(-0.0433801607111295,0.00754070093314759,-0.0281159920081373));
#3025=CARTESIAN_POINT('',(-0.0434147106871244,0.00754829241513104,-0.0281157807093463));
#3026=CARTESIAN_POINT('',(-0.0434684635743257,0.0075604265937256,-0.0281151481869877));
#3027=CARTESIAN_POINT('',(-0.043556661958447,0.00758002724637093,-0.0281143084254398));
#3028=CARTESIAN_POINT('',(-0.0436007263276692,0.00758978593271777,-0.028113889887462));
#3029=CARTESIAN_POINT('',(-0.0437328149985909,0.00761893733599296,-0.0281126382082784));
#3030=CARTESIAN_POINT('',(-0.0438207348635175,0.00763820539710754,-0.0281118090018224));
#3031=CARTESIAN_POINT('',(-0.0440840769663323,0.0076955130710712,-0.0281093363727396));
#3032=CARTESIAN_POINT('',(-0.0442590817118153,0.00773305617417294,-0.028107707940257));
#3033=CARTESIAN_POINT('',(-0.044782428035195,0.00784371636637192,-0.0281028766195058));
#3034=CARTESIAN_POINT('',(-0.045129101692839,0.00791486433329857,-0.0280997277052354));
#3035=CARTESIAN_POINT('',(-0.0461624676918144,0.00812056730092963,-0.0280904490836562));
#3036=CARTESIAN_POINT('',(-0.0468425049372621,0.00824738129081387,-0.0280844874467521));
#3037=CARTESIAN_POINT('',(-0.0488561342365786,0.00859794652131932,-0.0280668943383163));
#3038=CARTESIAN_POINT('',(-0.0501632416434829,0.00879181988250019,-0.0280555535860823));
#3039=CARTESIAN_POINT('',(-0.0539798043767902,0.00926267047528481,-0.0280196845709615));
#3040=CARTESIAN_POINT('',(-0.0563844567726238,0.00942886703351904,-0.0279932803545469));
#3041=CARTESIAN_POINT('',(-0.0631900620401398,0.00955482200582915,-0.0278833152333863));
#3042=CARTESIAN_POINT('',(-0.0671818780702808,0.00914248966723042,-0.0277679155673813));
#3043=CARTESIAN_POINT('',(-0.0741505936371193,0.00769828852158073,-0.027346432905264));
#3044=CARTESIAN_POINT('',(-0.0771290001098005,0.00666896416889262,-0.0270402112373356));
#3045=CARTESIAN_POINT('',(-0.0821571799825238,0.00431794770222424,-0.0261700226188654));
#3046=CARTESIAN_POINT('',(-0.0842087908862829,0.00299421783001856,-0.0256095444615582));
#3047=CARTESIAN_POINT('',(-0.0874106220559822,0.000290238203507994,-0.0241582760794176));
#3048=CARTESIAN_POINT('',(-0.0885549912986154,-0.00109032185952249,-0.0232680527588571));
#3049=CARTESIAN_POINT('',(-0.089969797706302,-0.00365784445447679,-0.0210049763943531));
#3050=CARTESIAN_POINT('',(-0.0902507731742557,-0.00485113209560886,-0.0196330553156707));
#3051=CARTESIAN_POINT('',(-0.0899518997478375,-0.00680458590022144,-0.016109149021067));
#3052=CARTESIAN_POINT('',(-0.0893611313909602,-0.00756141552782326,-0.0139462387197594));
#3053=CARTESIAN_POINT('',(-0.0877629464977361,-0.00802706795546939,-0.0099660585507274));
#3054=CARTESIAN_POINT('',(-0.0871124661880567,-0.00807001309246373,-0.00851856805908842));
#3055=CARTESIAN_POINT('',(-0.0859614830255116,-0.00792467254585521,-0.00615866639828846));
#3056=CARTESIAN_POINT('',(-0.0855486543519509,-0.00784130560461083,-0.00534060951662172));
#3057=CARTESIAN_POINT('',(-0.0848861127698892,-0.0076590483124231,-0.00406551485043942));
#3058=CARTESIAN_POINT('',(-0.0846580505546415,-0.00758876366119358,-0.00363248154686714));
#3059=CARTESIAN_POINT('',(-0.0843052015831874,-0.00746845387635538,-0.00297081602566116));
#3060=CARTESIAN_POINT('',(-0.0841857927098991,-0.00742587026981041,-0.00274824155635911));
#3061=CARTESIAN_POINT('',(-0.0840039994030374,-0.00735820234011087,-0.00241133644372637));
#3062=CARTESIAN_POINT('',(-0.0839429549708349,-0.00733501428403214,-0.00229852750214119));
#3063=CARTESIAN_POINT('',(-0.0838507194556244,-0.00729927514240276,-0.00212855140126551));
#3064=CARTESIAN_POINT('',(-0.0838198628062243,-0.00728720258605955,-0.00207176558605639));
#3065=CARTESIAN_POINT('',(-0.0837579267419732,-0.0072627369703617,-0.00195793941827961));
#3066=CARTESIAN_POINT('',(-0.0837237175279306,-0.00724936615496238,-0.00189390614700593));
#3067=CARTESIAN_POINT('',(-0.0836956566250537,-0.00723778985952857,-0.00184373129001226));
#3068=CARTESIAN_POINT('',(-0.0441635752853342,0.00385502513913986,-0.0314026400797124));
#3069=CARTESIAN_POINT('',(-0.0441972379169809,0.00386199597159639,-0.0314019442889988));
#3070=CARTESIAN_POINT('',(-0.0442483266373314,0.00387226851132626,-0.0313998565776604));
#3071=CARTESIAN_POINT('',(-0.044332967102632,0.00388938781653864,-0.0313970719825116));
#3072=CARTESIAN_POINT('',(-0.0443752503755361,0.00389790614478978,-0.031395679307991));
#3073=CARTESIAN_POINT('',(-0.0445019893374922,0.00392333743845099,-0.0313915000402839));
#3074=CARTESIAN_POINT('',(-0.0445863341697542,0.00394012671268657,-0.0313887122029789));
#3075=CARTESIAN_POINT('',(-0.0448389254203989,0.00399000202820685,-0.0313803428076303));
#3076=CARTESIAN_POINT('',(-0.0450067285921134,0.00402259556142004,-0.0313747553664164));
#3077=CARTESIAN_POINT('',(-0.0455083665874516,0.00411842421827834,-0.0313579622457833));
#3078=CARTESIAN_POINT('',(-0.0458404298826631,0.00417970738554276,-0.0313467257731611));
#3079=CARTESIAN_POINT('',(-0.0468295456958013,0.0043558942634196,-0.0313128349298331));
#3080=CARTESIAN_POINT('',(-0.0474795239959972,0.00446313512499912,-0.0312899991889824));
#3081=CARTESIAN_POINT('',(-0.0494012634860316,0.00475537594943844,-0.031220298359109));
#3082=CARTESIAN_POINT('',(-0.0506448266785371,0.00491089021330906,-0.031172240316229));
#3083=CARTESIAN_POINT('',(-0.0542636251624962,0.00526898427216159,-0.0310195208898893));
#3084=CARTESIAN_POINT('',(-0.0565269198011254,0.0053630375532234,-0.0309063087789135));
#3085=CARTESIAN_POINT('',(-0.0628778952868498,0.00528958755166353,-0.0305021557557063));
#3086=CARTESIAN_POINT('',(-0.0665254925498178,0.00476458634800888,-0.0301448850128871));
#3087=CARTESIAN_POINT('',(-0.072717690985209,0.00321758596717209,-0.0291119237080243));
#3088=CARTESIAN_POINT('',(-0.075261416331874,0.00219791472904524,-0.0284297810391873));
#3089=CARTESIAN_POINT('',(-0.0793640846784226,0.000159862025481064,-0.0267339362784163));
#3090=CARTESIAN_POINT('',(-0.0809236609844838,-0.000849276126570175,-0.0257228945855191));
#3091=CARTESIAN_POINT('',(-0.0832307259330329,-0.00250701708285621,-0.0236279895789567));
#3092=CARTESIAN_POINT('',(-0.0839731968117163,-0.00314753294998723,-0.0225681408439579));
#3093=CARTESIAN_POINT('',(-0.0849415465916275,-0.00409796976211054,-0.0205173132798708));
#3094=CARTESIAN_POINT('',(-0.0852046961270382,-0.004446797894114,-0.0195297468630478));
#3095=CARTESIAN_POINT('',(-0.0852427248041623,-0.00511922072894052,-0.0168967199420473));
#3096=CARTESIAN_POINT('',(-0.084975793606966,-0.00543344847874141,-0.015204316374196));
#3097=CARTESIAN_POINT('',(-0.0838770184191927,-0.00544030931107609,-0.0117809388068057));
#3098=CARTESIAN_POINT('',(-0.0833970894399077,-0.00536189410450605,-0.0104988776392106));
#3099=CARTESIAN_POINT('',(-0.0824970720364595,-0.00506607291366753,-0.00835892873702623));
#3100=CARTESIAN_POINT('',(-0.082167187060226,-0.00493786220223666,-0.00760957068090487));
#3101=CARTESIAN_POINT('',(-0.0816272937022084,-0.00469485258184183,-0.00643126299963265));
#3102=CARTESIAN_POINT('',(-0.081439823199173,-0.00460540620703945,-0.00602944974011179));
#3103=CARTESIAN_POINT('',(-0.0811473646063302,-0.0044578338684055,-0.005413140569611));
#3104=CARTESIAN_POINT('',(-0.0810480031549185,-0.004406409605019,-0.00520543928275962));
#3105=CARTESIAN_POINT('',(-0.0808961506669826,-0.00432583340824086,-0.00489048681450493));
#3106=CARTESIAN_POINT('',(-0.0808450647973147,-0.00429840139365168,-0.00478493589933822));
#3107=CARTESIAN_POINT('',(-0.0807677338514967,-0.00425638240799821,-0.00462575896059888));
#3108=CARTESIAN_POINT('',(-0.0807418398466528,-0.00424223091992097,-0.00457255821980764));
#3109=CARTESIAN_POINT('',(-0.0806898178686712,-0.00421363579723394,-0.00446587314186261));
#3110=CARTESIAN_POINT('',(-0.0806630329893375,-0.00419719612365383,-0.00440716668722765));
#3111=CARTESIAN_POINT('',(-0.0806374449794514,-0.00418460154528439,-0.00435876263146019));
#3112=CARTESIAN_POINT('',(-0.04348024272765,0.00706985206480753,-0.0351706560634379));
#3113=CARTESIAN_POINT('',(-0.0435147726699383,0.00707651193407155,-0.0351703828703063));
#3114=CARTESIAN_POINT('',(-0.0435684642480081,0.00708584889104544,-0.0351695637812359));
#3115=CARTESIAN_POINT('',(-0.0436565776498504,0.0071017135457437,-0.0351684728951268));
#3116=CARTESIAN_POINT('',(-0.043700598312218,0.00710960184304527,-0.0351679279049588));
#3117=CARTESIAN_POINT('',(-0.0438325521921818,0.00713313488911546,-0.0351662941806853));
#3118=CARTESIAN_POINT('',(-0.043920377302656,0.00714864779200998,-0.035165206692855));
#3119=CARTESIAN_POINT('',(-0.0441834202729699,0.00719466107196377,-0.0351619483138144));
#3120=CARTESIAN_POINT('',(-0.0443582057720349,0.00722463602003722,-0.0351597815076346));
#3121=CARTESIAN_POINT('',(-0.0448808333527905,0.00731247479312229,-0.0351532902040328));
#3122=CARTESIAN_POINT('',(-0.0452269465236753,0.00736825254331189,-0.0351489748308162));
#3123=CARTESIAN_POINT('',(-0.0462583744026042,0.00752736677578643,-0.0351360070764058));
#3124=CARTESIAN_POINT('',(-0.0469367775754573,0.00762248416976295,-0.0351273332176044));
#3125=CARTESIAN_POINT('',(-0.0489443695780875,0.00787596454742062,-0.0351007551366485));
#3126=CARTESIAN_POINT('',(-0.0502459427248444,0.00800245406777141,-0.0350822972297111));
#3127=CARTESIAN_POINT('',(-0.0540403665865666,0.00826251494786971,-0.035020847153376));
#3128=CARTESIAN_POINT('',(-0.0564229590498076,0.00827662320868699,-0.0349718315896704));
#3129=CARTESIAN_POINT('',(-0.0631298336750499,0.00790722511291542,-0.0347680156200848));
#3130=CARTESIAN_POINT('',(-0.0670136077609309,0.00710901989707442,-0.0345568053761397));
#3131=CARTESIAN_POINT('',(-0.0735941079120232,0.00480358076288736,-0.0337933957299659));
#3132=CARTESIAN_POINT('',(-0.0762869442783756,0.00329358586923446,-0.0332350215666768));
#3133=CARTESIAN_POINT('',(-0.0805005261065412,9.44338851457961E-5,-0.0316376858005898));
#3134=CARTESIAN_POINT('',(-0.0820182298660871,-0.00158140438422078,-0.0305944070136958));
#3135=CARTESIAN_POINT('',(-0.0840690665087048,-0.00453877712782015,-0.028170550789787));
#3136=CARTESIAN_POINT('',(-0.0846088836731109,-0.00581160406041874,-0.026812854127797));
#3137=CARTESIAN_POINT('',(-0.0850138359053502,-0.00780721320744592,-0.0239459064090922));
#3138=CARTESIAN_POINT('',(-0.0848951650000762,-0.00855625240624951,-0.0224382038402827));
#3139=CARTESIAN_POINT('',(-0.0840545574602623,-0.00960277930088992,-0.0188787665612862));
#3140=CARTESIAN_POINT('',(-0.0833126494104046,-0.00989757312925415,-0.0168019389635385));
#3141=CARTESIAN_POINT('',(-0.0815999732746966,-0.00973060921060154,-0.0129934181044283));
#3142=CARTESIAN_POINT('',(-0.0809299979387854,-0.00957148745182706,-0.0116111472646139));
#3143=CARTESIAN_POINT('',(-0.079770559132903,-0.00913885382124889,-0.00935375191333834));
#3144=CARTESIAN_POINT('',(-0.0793583893839062,-0.00896233429646125,-0.00857068039948689));
#3145=CARTESIAN_POINT('',(-0.0787012589233756,-0.0086444198572619,-0.00734865156990552));
#3146=CARTESIAN_POINT('',(-0.0784757382474498,-0.00852959375775158,-0.00693340648260993));
#3147=CARTESIAN_POINT('',(-0.0781277154493921,-0.0083434988479882,-0.00629850657705327));
#3148=CARTESIAN_POINT('',(-0.0780100843213194,-0.0082791579842878,-0.00608486794886595));
#3149=CARTESIAN_POINT('',(-0.077831199942577,-0.00817911168169316,-0.00576138004057494));
#3150=CARTESIAN_POINT('',(-0.0777711655408443,-0.00814517375010499,-0.00565304574594199));
#3151=CARTESIAN_POINT('',(-0.0776805042747283,-0.00809337424327216,-0.0054897840893709));
#3152=CARTESIAN_POINT('',(-0.0776501822424301,-0.00807595897300078,-0.00543523683488394));
#3153=CARTESIAN_POINT('',(-0.0775893349195072,-0.00804082942178999,-0.00532588846833009));
#3154=CARTESIAN_POINT('',(-0.0775559617120125,-0.00801948214921407,-0.00526521419199228));
#3155=CARTESIAN_POINT('',(-0.0775281826914529,-0.0080052506181901,-0.00521615908942768));
#3156=CARTESIAN_POINT('',(-0.0426968281534454,0.0107555278588153,-0.0318840079918627));
#3157=CARTESIAN_POINT('',(-0.0427322454400818,0.0107628083776062,-0.0318842192906537));
#3158=CARTESIAN_POINT('',(-0.0427886011850023,0.0107740069734448,-0.0318848553905633));
#3159=CARTESIAN_POINT('',(-0.0428802725056655,0.010792352975576,-0.0318857093380549));
#3160=CARTESIAN_POINT('',(-0.0429260742643511,0.0108014816309733,-0.0318861384844297));
#3161=CARTESIAN_POINT('',(-0.0430633778532804,0.0108287347866574,-0.0318874323486798));
#3162=CARTESIAN_POINT('',(-0.0431547779964194,0.0108467264764311,-0.0318883034916988));
#3163=CARTESIAN_POINT('',(-0.0434285718189033,0.0109001721148279,-0.0318909418789233));
#3164=CARTESIAN_POINT('',(-0.0436105588917368,0.0109350966327903,-0.0318927340814755));
#3165=CARTESIAN_POINT('',(-0.0441548948005339,0.0110377669412155,-0.0318982045777547));
#3166=CARTESIAN_POINT('',(-0.0445156183338517,0.0111034094910677,-0.0319019767628895));
#3167=CARTESIAN_POINT('',(-0.045591296398616,0.0112920398132965,-0.0319136212302309));
#3168=CARTESIAN_POINT('',(-0.0462997585167209,0.0114067303355789,-0.0319218214753735));
#3169=CARTESIAN_POINT('',(-0.0483992403286368,0.0117185351192991,-0.031947351115857));
#3170=CARTESIAN_POINT('',(-0.0497643576897857,0.011883383736962,-0.0319656104995621));
#3171=CARTESIAN_POINT('',(-0.0537565458008699,0.0122562011509941,-0.0320210108344528));
#3172=CARTESIAN_POINT('',(-0.05628049602131,0.0123424526889836,-0.0320588031653038));
#3173=CARTESIAN_POINT('',(-0.0634420004283319,0.012172459567079,-0.0321491750977649));
#3174=CARTESIAN_POINT('',(-0.0676699932813939,0.011486923216296,-0.0321798359306339));
#3175=CARTESIAN_POINT('',(-0.0750270105639336,0.009284283317296,-0.0320279049272055));
#3176=CARTESIAN_POINT('',(-0.0781545280563021,0.00776463530908697,-0.0318454517648252));
#3177=CARTESIAN_POINT('',(-0.0832936214106424,0.00425251956188382,-0.031073772141039));
#3178=CARTESIAN_POINT('',(-0.0853033597678864,0.00226208957236796,-0.0304810568897307));
#3179=CARTESIAN_POINT('',(-0.0882489626316541,-0.00174152184145595,-0.0287008372902521));
#3180=CARTESIAN_POINT('',(-0.0891906781600025,-0.00375439296995493,-0.0275127660426925));
#3181=CARTESIAN_POINT('',(-0.0900420870200321,-0.00736708789981125,-0.0244335695235782));
#3182=CARTESIAN_POINT('',(-0.0899412420472937,-0.00896058660774387,-0.0225415122929016));
#3183=CARTESIAN_POINT('',(-0.0887637324039376,-0.0112881444721714,-0.0180911956403098));
#3184=CARTESIAN_POINT('',(-0.0876979871943988,-0.0120255401783387,-0.0155438613090966));
#3185=CARTESIAN_POINT('',(-0.08548590135324,-0.0123173678549935,-0.0111785378483526));
#3186=CARTESIAN_POINT('',(-0.0846453746869407,-0.0122796064397816,-0.00963083768448854));
#3187=CARTESIAN_POINT('',(-0.083234970121952,-0.0119974534534382,-0.00715348957460215));
#3188=CARTESIAN_POINT('',(-0.0827398566756346,-0.0118657776988371,-0.00630171923520548));
#3189=CARTESIAN_POINT('',(-0.0819600779910546,-0.0116086155878423,-0.00498290342071141));
#3190=CARTESIAN_POINT('',(-0.0816939656029219,-0.0115129512119048,-0.00453643828936527));
#3191=CARTESIAN_POINT('',(-0.0812855524262475,-0.0113541188559385,-0.00385618203310342));
#3192=CARTESIAN_POINT('',(-0.081147873876299,-0.0112986186490799,-0.0036276702224659));
#3193=CARTESIAN_POINT('',(-0.0809390486786324,-0.0112114806135628,-0.00328222966979614));
#3194=CARTESIAN_POINT('',(-0.0808690557143645,-0.0111817866404858,-0.00316663734874497));
#3195=CARTESIAN_POINT('',(-0.0807634898788562,-0.0111362669776765,-0.00299257653003753));
#3196=CARTESIAN_POINT('',(-0.0807282052020016,-0.0111209306391395,-0.0029344442011328));
#3197=CARTESIAN_POINT('',(-0.0806574437928092,-0.0110899305949176,-0.00281795474474697));
#3198=CARTESIAN_POINT('',(-0.0806166462506056,-0.0110716521805226,-0.00275195365177055));
#3199=CARTESIAN_POINT('',(-0.0805863943370552,-0.0110584389324343,-0.00270112774797974));
#3200=CARTESIAN_POINT('',(-0.0430384944322875,0.00914811439598143,-0.03));
#3201=CARTESIAN_POINT('',(-0.0426968281534454,0.0107555278588153,-0.0318840079918628));
#3202=CARTESIAN_POINT('',(0.0430384944322875,-0.00914811439598144,-0.03));
#3203=CARTESIAN_POINT('',(0.0430384944322875,-0.00914811439598144,-0.03));
#3204=CARTESIAN_POINT('',(0.0433801607111295,-0.0075407009331476,-0.0318840079918628));
#3205=CARTESIAN_POINT('',(0.0804149181463021,0.0078951596296474,-0.00357652223902591));
#3206=CARTESIAN_POINT('',(0.0804429981009187,0.00790816988478323,-0.0036261891651671));
#3207=CARTESIAN_POINT('',(0.0804772714587112,0.00792584813722669,-0.00368870175284097));
#3208=CARTESIAN_POINT('',(0.0805393084949828,0.00795607038716971,-0.00380050299861334));
#3209=CARTESIAN_POINT('',(0.0805702215760067,0.00797102633491546,-0.00385627759999523));
#3210=CARTESIAN_POINT('',(0.0806626444046765,0.00801543082772372,-0.00402322395025038));
#3211=CARTESIAN_POINT('',(0.0807238377370374,0.00804441602120244,-0.00413401824518702));
#3212=CARTESIAN_POINT('',(0.080906151280575,0.0081295356828769,-0.0044648961989456));
#3213=CARTESIAN_POINT('',(0.0810260050229019,0.00818383421452629,-0.00468347492552377));
#3214=CARTESIAN_POINT('',(0.0813804945722227,0.00833952658637812,-0.00533323047533361));
#3215=CARTESIAN_POINT('',(0.0816100584152483,0.00843371689506182,-0.00575842661374772));
#3216=CARTESIAN_POINT('',(0.0822784253088759,0.0086886085850145,-0.00701040634494104));
#3217=CARTESIAN_POINT('',(0.0826968975052001,0.00882162502575954,-0.0078135786568943));
#3218=CARTESIAN_POINT('',(0.0838708908656051,0.00911920673863732,-0.0101312231921777));
#3219=CARTESIAN_POINT('',(0.0845448166009476,0.00918221403882391,-0.0115536765255407));
#3220=CARTESIAN_POINT('',(0.0862442563188934,0.00904254939671136,-0.0154767655072373));
#3221=CARTESIAN_POINT('',(0.0869443546537006,0.00851600642701339,-0.0176249241527588));
#3222=CARTESIAN_POINT('',(0.0875753314623877,0.00698467107730572,-0.0212336442762025));
#3223=CARTESIAN_POINT('',(0.0875200289662663,0.00598241273104757,-0.0227105638070681));
#3224=CARTESIAN_POINT('',(0.0866463453413954,0.00362236701451871,-0.0253319885411251));
#3225=CARTESIAN_POINT('',(0.085816153409708,0.0022492987662162,-0.0264753916065748));
#3226=CARTESIAN_POINT('',(0.0832030753446,-0.00067449410750093,-0.0284323127393111));
#3227=CARTESIAN_POINT('',(0.0814189816665956,-0.0022210168817899,-0.0292342926360141));
#3228=CARTESIAN_POINT('',(0.0767862787196664,-0.0050764107588652,-0.0304575379769026));
#3229=CARTESIAN_POINT('',(0.0739385155675023,-0.00637941681075805,-0.0308796876793867));
#3230=CARTESIAN_POINT('',(0.0671339365046593,-0.00830527202300582,-0.03145099270752));
#3231=CARTESIAN_POINT('',(0.0631785056279501,-0.00892857406825774,-0.0316032566544721));
#3232=CARTESIAN_POINT('',(0.0563959869113685,-0.00906947166424981,-0.0317451773968861));
#3233=CARTESIAN_POINT('',(0.0539936069442065,-0.00898441460920168,-0.0317781249061511));
#3234=CARTESIAN_POINT('',(0.050175269062117,-0.00862509452067076,-0.031820044120399));
#3235=CARTESIAN_POINT('',(0.0488666943950386,-0.00846670660838973,-0.0318327629155209));
#3236=CARTESIAN_POINT('',(0.0468498269871096,-0.00816704603485543,-0.0318516782260517));
#3237=CARTESIAN_POINT('',(0.0461685369215547,-0.00805681303413503,-0.0318579559306521));
#3238=CARTESIAN_POINT('',(0.0451330611724022,-0.00787542718377083,-0.0318675440084876));
#3239=CARTESIAN_POINT('',(0.0447856458129731,-0.00781229252445287,-0.0318707686063544));
#3240=CARTESIAN_POINT('',(0.0442611326919758,-0.00771351696316192,-0.0318756748074205));
#3241=CARTESIAN_POINT('',(0.0440857299712741,-0.00767991284825977,-0.0318773217575814));
#3242=CARTESIAN_POINT('',(0.0438217777544435,-0.00762848022838707,-0.0318798128053797));
#3243=CARTESIAN_POINT('',(0.0437336523262016,-0.00761116494724303,-0.0318806465916787));
#3244=CARTESIAN_POINT('',(0.0436012520729512,-0.00758493440721996,-0.0318819028384259));
#3245=CARTESIAN_POINT('',(0.0435570833033875,-0.0075761479575047,-0.0318823225152182));
#3246=CARTESIAN_POINT('',(0.0434686750478058,-0.00755848901759728,-0.0318831637931478));
#3247=CARTESIAN_POINT('',(0.0434147634124942,-0.00754780830649399,-0.0318837966930718));
#3248=CARTESIAN_POINT('',(0.0433801607111296,-0.0075407009331476,-0.0318840079918627));
#3249=CARTESIAN_POINT('',(0.0830799480374146,0.00369519110183487,-0.00306870332951088));
#3250=CARTESIAN_POINT('',(0.08310552138217,0.00370671789560894,-0.0031174847053794));
#3251=CARTESIAN_POINT('',(0.083132258987762,0.00371995089570033,-0.00317732413920632));
#3252=CARTESIAN_POINT('',(0.083184205792285,0.00374426021601948,-0.00328551676742436));
#3253=CARTESIAN_POINT('',(0.0832100577838981,0.00375626502512079,-0.00333947035483269));
#3254=CARTESIAN_POINT('',(0.0832872492752354,0.00379183267461981,-0.00350090293668705));
#3255=CARTESIAN_POINT('',(0.0833382242890385,0.00381494873232594,-0.00360795375213966));
#3256=CARTESIAN_POINT('',(0.0834896894618335,0.00388253215049565,-0.00392739342780222));
#3257=CARTESIAN_POINT('',(0.083588719709171,0.00392523467620901,-0.00413806953689094));
#3258=CARTESIAN_POINT('',(0.0838799568951378,0.00404646475149785,-0.00476324565665214));
#3259=CARTESIAN_POINT('',(0.0840663094394019,0.00411811341343779,-0.00517089366951592));
#3260=CARTESIAN_POINT('',(0.0846018658649002,0.00430704687389095,-0.00636641037241368));
#3261=CARTESIAN_POINT('',(0.0849275492500653,0.00439829363494167,-0.00712684996009483));
#3262=CARTESIAN_POINT('',(0.0858104356084189,0.00458077159024843,-0.00929825920544518));
#3263=CARTESIAN_POINT('',(0.0862729095164824,0.00458030542497505,-0.0105989604859493));
#3264=CARTESIAN_POINT('',(0.0872963006953013,0.00433074735599019,-0.0140648423249651));
#3265=CARTESIAN_POINT('',(0.0874818359484547,0.0038450716624421,-0.0157682284702799));
#3266=CARTESIAN_POINT('',(0.0871965569855225,0.0028583825050627,-0.0183381116699556));
#3267=CARTESIAN_POINT('',(0.0867653943861157,0.00236733345543767,-0.0192475069548546));
#3268=CARTESIAN_POINT('',(0.0853941798060472,0.00126243053357141,-0.021031544893865));
#3269=CARTESIAN_POINT('',(0.0844178045646468,0.000616337025747943,-0.0219029018289277));
#3270=CARTESIAN_POINT('',(0.0816724141393675,-0.000877753419543829,-0.0236213494014152));
#3271=CARTESIAN_POINT('',(0.0799136718081266,-0.00172102271367946,-0.0244525935454011));
#3272=CARTESIAN_POINT('',(0.0755165717028504,-0.00338356747129098,-0.0258855883016686));
#3273=CARTESIAN_POINT('',(0.0728755826721478,-0.00419948324658933,-0.0264814227868467));
#3274=CARTESIAN_POINT('',(0.0665611849471666,-0.00538789316427127,-0.0274028416480701));
#3275=CARTESIAN_POINT('',(0.0628864990119871,-0.00575582785471905,-0.0277326670094379));
#3276=CARTESIAN_POINT('',(0.0565183356365125,-0.00563060666735257,-0.0281130291382242));
#3277=CARTESIAN_POINT('',(0.0542533491794109,-0.00547614519286876,-0.0282213697811206));
#3278=CARTESIAN_POINT('',(0.0506358722900688,-0.0050350169026867,-0.028369584846651));
#3279=CARTESIAN_POINT('',(0.0493934014697301,-0.00485308379502517,-0.0284166169394073));
#3280=CARTESIAN_POINT('',(0.0474740727449371,-0.00452294455802581,-0.0284853333925676));
#3281=CARTESIAN_POINT('',(0.0468250271667349,-0.00440335918407972,-0.0285079338216491));
#3282=CARTESIAN_POINT('',(0.0458374820582578,-0.00420906826235271,-0.0285415942754427));
#3283=CARTESIAN_POINT('',(0.045505970958495,-0.00414181920403377,-0.0285527744017801));
#3284=CARTESIAN_POINT('',(0.0450052016416029,-0.00403714246387967,-0.0285695117741702));
#3285=CARTESIAN_POINT('',(0.0448376947616121,-0.00400161636204296,-0.028575085429011));
#3286=CARTESIAN_POINT('',(0.0445855577396001,-0.00394736708082033,-0.0285834411116646));
#3287=CARTESIAN_POINT('',(0.0445013659488054,-0.00392912396590882,-0.0285862255392855));
#3288=CARTESIAN_POINT('',(0.0443748589592522,-0.00390151809555627,-0.0285904014064511));
#3289=CARTESIAN_POINT('',(0.0443326534121888,-0.00389227593912995,-0.0285917932331259));
#3290=CARTESIAN_POINT('',(0.0442481691957618,-0.00387371103277437,-0.0285945766993328));
#3291=CARTESIAN_POINT('',(0.044197198181902,-0.00386235628721075,-0.028596664129574));
#3292=CARTESIAN_POINT('',(0.0441635752853342,-0.00385502513913987,-0.0285973599202875));
#3293=CARTESIAN_POINT('',(0.0865321627069192,0.00620110063450294,-0.000460517889451155));
#3294=CARTESIAN_POINT('',(0.0865598884072493,0.00621139622702688,-0.000510965218389033));
#3295=CARTESIAN_POINT('',(0.0865930866051212,0.00622092218652498,-0.000575814796551843));
#3296=CARTESIAN_POINT('',(0.0866536568105472,0.00624025266688087,-0.000690720557388069));
#3297=CARTESIAN_POINT('',(0.0866838239663641,0.00624975447537024,-0.000748043086146802));
#3298=CARTESIAN_POINT('',(0.0867739711510874,0.00627777194368968,-0.000919619887075565));
#3299=CARTESIAN_POINT('',(0.0868335968966363,0.0062957996435949,-0.00103348337528508));
#3300=CARTESIAN_POINT('',(0.0870110534868761,0.00634794970363191,-0.00137351280874248));
#3301=CARTESIAN_POINT('',(0.0871274636728102,0.00638013897944982,-0.00159811774460055));
#3302=CARTESIAN_POINT('',(0.0874709839082396,0.00646912645184113,-0.00226570454223234));
#3303=CARTESIAN_POINT('',(0.0876923833698646,0.00651834352358697,-0.00270245871316792));
#3304=CARTESIAN_POINT('',(0.0883335262747028,0.00663691300729536,-0.00398792643436683));
#3305=CARTESIAN_POINT('',(0.0887302073871451,0.00667716958271383,-0.00481184861919253));
#3306=CARTESIAN_POINT('',(0.0898264947521741,0.00669197764522352,-0.00718521856467716));
#3307=CARTESIAN_POINT('',(0.0904321241655631,0.00656031315778252,-0.00863620383398047));
#3308=CARTESIAN_POINT('',(0.0918669066428749,0.00583260426874444,-0.0126014113392846));
#3309=CARTESIAN_POINT('',(0.0923087587927804,0.00490578918081723,-0.014718724826132));
#3310=CARTESIAN_POINT('',(0.0922379092823446,0.0027007590537949,-0.0180453907261302));
#3311=CARTESIAN_POINT('',(0.0917372211799379,0.00142744034760382,-0.0192649252586964));
#3312=CARTESIAN_POINT('',(0.0898471585818528,-0.00113758866596301,-0.0211483866131188));
#3313=CARTESIAN_POINT('',(0.0884450824327708,-0.00243097686876135,-0.0218112319854511));
#3314=CARTESIAN_POINT('',(0.0847784141044328,-0.00478507260690334,-0.0228473252740788));
#3315=CARTESIAN_POINT('',(0.0825265098680504,-0.00584945621424009,-0.0232278030332427));
#3316=CARTESIAN_POINT('',(0.0772275424296714,-0.00766434543150777,-0.0238561753500592));
#3317=CARTESIAN_POINT('',(0.0741761557379296,-0.00842322146398571,-0.0240963852605059));
#3318=CARTESIAN_POINT('',(0.0671451832897875,-0.00940676200175066,-0.0244486077310825));
#3319=CARTESIAN_POINT('',(0.0631615502245689,-0.00962596129112026,-0.0245586440316491));
#3320=CARTESIAN_POINT('',(0.0563913146077012,-0.00926298306135139,-0.0246747578643007));
#3321=CARTESIAN_POINT('',(0.054002485468656,-0.00902618760077102,-0.0247058153742176));
#3322=CARTESIAN_POINT('',(0.0502129334991028,-0.00846003148079382,-0.0247506606915051));
#3323=CARTESIAN_POINT('',(0.0489153872448541,-0.00823615221887116,-0.0247653365625252));
#3324=CARTESIAN_POINT('',(0.0469166822247072,-0.00784296411470409,-0.0247882858625966));
#3325=CARTESIAN_POINT('',(0.0462417174140665,-0.0077023402300357,-0.0247960922742267));
#3326=CARTESIAN_POINT('',(0.0452160797401383,-0.00747648771917723,-0.0248082107265951));
#3327=CARTESIAN_POINT('',(0.0448720021682635,-0.00739871746271367,-0.0248123183863358));
#3328=CARTESIAN_POINT('',(0.0443525768612106,-0.00727826134452,-0.0248186041810598));
#3329=CARTESIAN_POINT('',(0.0441788836042962,-0.00723747585142255,-0.0248207201655116));
#3330=CARTESIAN_POINT('',(0.043917515090647,-0.00717533849758382,-0.0248239279944262));
#3331=CARTESIAN_POINT('',(0.0438302541482727,-0.00715446619407322,-0.024825002912886));
#3332=CARTESIAN_POINT('',(0.0436991554053682,-0.00712291684480686,-0.0248266241014914));
#3333=CARTESIAN_POINT('',(0.0436554212695258,-0.00711236024606683,-0.0248271659661836));
#3334=CARTESIAN_POINT('',(0.0435678838594806,-0.00709116656475115,-0.024828252690589));
#3335=CARTESIAN_POINT('',(0.0435146269325004,-0.00707784034970971,-0.0248290707434304));
#3336=CARTESIAN_POINT('',(0.0434802427276501,-0.00706985206480753,-0.024829343936562));
#3337=CARTESIAN_POINT('',(0.0838671328158068,0.0104010691623155,-0.000968336798966178));
#3338=CARTESIAN_POINT('',(0.0838973651259981,0.0104128482162012,-0.00101966967817674));
#3339=CARTESIAN_POINT('',(0.0839380990760702,0.0104268194280515,-0.00108719241018655));
#3340=CARTESIAN_POINT('',(0.0840087595132451,0.010452062838031,-0.00120570678857699));
#3341=CARTESIAN_POINT('',(0.0840439877584725,0.010464515785165,-0.00126485033130934));
#3342=CARTESIAN_POINT('',(0.084149366280529,0.0105013700967933,-0.0014419409006389));
#3343=CARTESIAN_POINT('',(0.0842192103446347,0.0105252669324715,-0.00155954786833267));
#3344=CARTESIAN_POINT('',(0.0844275153056185,0.0105949532360129,-0.00191101557988539));
#3345=CARTESIAN_POINT('',(0.0845647489865419,0.0106387385177669,-0.00214352313323293));
#3346=CARTESIAN_POINT('',(0.0849715215853229,0.0107621882867219,-0.00283568936091472));
#3347=CARTESIAN_POINT('',(0.0852361323457093,0.0108339470052106,-0.00328999165739972));
#3348=CARTESIAN_POINT('',(0.086010085718682,0.0110184747184198,-0.0046319224068942));
#3349=CARTESIAN_POINT('',(0.0864995556422767,0.0111005009735313,-0.00549857731599279));
#3350=CARTESIAN_POINT('',(0.0878869500093666,0.0112304127936132,-0.00801818255140809));
#3351=CARTESIAN_POINT('',(0.0887040312500229,0.011162221771632,-0.00959091987357325));
#3352=CARTESIAN_POINT('',(0.0908148622664777,0.0105444063094643,-0.014013334521554));
#3353=CARTESIAN_POINT('',(0.0917712774980183,0.00957672394538554,-0.0165754205086029));
#3354=CARTESIAN_POINT('',(0.0926166837592177,0.0068270476260409,-0.0209409233323851));
#3355=CARTESIAN_POINT('',(0.0924918557600958,0.00504251962321739,-0.0227279821109099));
#3356=CARTESIAN_POINT('',(0.0910993241171938,0.00122234781498061,-0.0254488302603789));
#3357=CARTESIAN_POINT('',(0.0898434312778322,-0.000798015128288908,-0.026383721763094));
#3358=CARTESIAN_POINT('',(0.0863090753096655,-0.00458181329486464,-0.0276582886119788));
#3359=CARTESIAN_POINT('',(0.0840318197265091,-0.00634945038235055,-0.0280095021238609));
#3360=CARTESIAN_POINT('',(0.0784972494464977,-0.00935718871908199,-0.0284281250252879));
#3361=CARTESIAN_POINT('',(0.0752390886332714,-0.0106031550281448,-0.0284946501530492));
#3362=CARTESIAN_POINT('',(0.067717934847293,-0.0123241408604948,-0.0284967587905291));
#3363=CARTESIAN_POINT('',(0.0634535568405239,-0.012798707504659,-0.0284292336766874));
#3364=CARTESIAN_POINT('',(0.0562689658825613,-0.0127018480582486,-0.0283069061229606));
#3365=CARTESIAN_POINT('',(0.0537427432334651,-0.0125344570171039,-0.0282625704992504));
#3366=CARTESIAN_POINT('',(0.0497523302711442,-0.0120501090987779,-0.028201119965252));
#3367=CARTESIAN_POINT('',(0.0483886801701578,-0.0118497750322357,-0.0281814825386376));
#3368=CARTESIAN_POINT('',(0.0462924364668821,-0.0114870655915337,-0.0281546306960814));
#3369=CARTESIAN_POINT('',(0.0455852271688876,-0.011355794080091,-0.0281461143832279));
#3370=CARTESIAN_POINT('',(0.0445116588542821,-0.0111428466405954,-0.028134160459641));
#3371=CARTESIAN_POINT('',(0.0441516770227416,-0.0110691907831331,-0.0281303125909095));
#3372=CARTESIAN_POINT('',(0.0436085079115836,-0.0109546358438021,-0.0281247672143104));
#3373=CARTESIAN_POINT('',(0.0434269188139578,-0.0109157723376392,-0.0281229564940816));
#3374=CARTESIAN_POINT('',(0.0431537351054907,-0.0108564516451507,-0.0281202996881414));
#3375=CARTESIAN_POINT('',(0.0430625405256689,-0.0108365071754074,-0.0281194239652792));
#3376=CARTESIAN_POINT('',(0.0429255485190672,-0.0108063331564706,-0.028118125533466));
#3377=CARTESIAN_POINT('',(0.0428798511607245,-0.0107962322644416,-0.0281176952482758));
#3378=CARTESIAN_POINT('',(0.0427883897115245,-0.0107759445495741,-0.028116839784404));
#3379=CARTESIAN_POINT('',(0.0427321921630927,-0.0107632923689929,-0.0281162033069282));
#3380=CARTESIAN_POINT('',(0.0426968281534454,-0.0107555278588153,-0.0281159920081373));
#3381=CARTESIAN_POINT('',(0.0812021029246942,0.014601037690128,-0.0014761557084812));
#3382=CARTESIAN_POINT('',(0.0812348418447467,0.0146143002053755,-0.00152837413796445));
#3383=CARTESIAN_POINT('',(0.0812831115470191,0.0146327166695779,-0.00159857002382125));
#3384=CARTESIAN_POINT('',(0.081363862215943,0.0146638730091811,-0.0017206930197659));
#3385=CARTESIAN_POINT('',(0.0814041515505808,0.0146792770949598,-0.00178165757647188));
#3386=CARTESIAN_POINT('',(0.0815247614099706,0.014724968249897,-0.00196426191420224));
#3387=CARTESIAN_POINT('',(0.0816048237926329,0.0147547342213481,-0.00208561236138026));
#3388=CARTESIAN_POINT('',(0.0818439771243609,0.014841956768394,-0.00244851835102829));
#3389=CARTESIAN_POINT('',(0.0820020343002736,0.0148973380560839,-0.0026889285218653));
#3390=CARTESIAN_POINT('',(0.0824720592624059,0.0150552501216026,-0.0034056741795971));
#3391=CARTESIAN_POINT('',(0.082779881321554,0.0151495504868342,-0.00387752460163151));
#3392=CARTESIAN_POINT('',(0.0836866451626611,0.0154000364295442,-0.00527591837942155));
#3393=CARTESIAN_POINT('',(0.0842689038974083,0.0155238323643488,-0.00618530601279306));
#3394=CARTESIAN_POINT('',(0.0859474052665589,0.0157688479420029,-0.008851146538139));
#3395=CARTESIAN_POINT('',(0.0869759383344826,0.0157641303854815,-0.010545635913166));
#3396=CARTESIAN_POINT('',(0.0897628178900803,0.0152562083501841,-0.0154252577038235));
#3397=CARTESIAN_POINT('',(0.0912337962032561,0.0142476587099538,-0.0184321161910738));
#3398=CARTESIAN_POINT('',(0.0929954582360908,0.0109533361982869,-0.0238364559386399));
#3399=CARTESIAN_POINT('',(0.0932464903402535,0.00865759889883095,-0.0261910389631235));
#3400=CARTESIAN_POINT('',(0.0923514896525347,0.00358228429592424,-0.029749273907639));
#3401=CARTESIAN_POINT('',(0.0912417801228934,0.000834946612183535,-0.0309562115407368));
#3402=CARTESIAN_POINT('',(0.0878397365148979,-0.00437855398282593,-0.0324692519498789));
#3403=CARTESIAN_POINT('',(0.0855371295849677,-0.00684944455046098,-0.0327912012144789));
#3404=CARTESIAN_POINT('',(0.0797669564633239,-0.0110500320066562,-0.0330000747005167));
#3405=CARTESIAN_POINT('',(0.076302021528613,-0.0127830885923039,-0.0328929150455924));
#3406=CARTESIAN_POINT('',(0.0682906864047985,-0.015241519719239,-0.0325449098499758));
#3407=CARTESIAN_POINT('',(0.0637455634564788,-0.0159714537181977,-0.0322998233217256));
#3408=CARTESIAN_POINT('',(0.0561466171574214,-0.0161407130551459,-0.0319390543816204));
#3409=CARTESIAN_POINT('',(0.0534830009982742,-0.0160427264334369,-0.031819325624283));
#3410=CARTESIAN_POINT('',(0.0492917270431855,-0.0156401867167619,-0.0316515792389988));
#3411=CARTESIAN_POINT('',(0.0478619730954615,-0.0154633978456003,-0.0315976285147499));
#3412=CARTESIAN_POINT('',(0.045668190709057,-0.0151311670683633,-0.031520975529566));
#3413=CARTESIAN_POINT('',(0.0449287369237086,-0.0150092479301463,-0.031496136492229));
#3414=CARTESIAN_POINT('',(0.0438072379684257,-0.0148092055620135,-0.0314601101926869));
#3415=CARTESIAN_POINT('',(0.0434313518772197,-0.0147396641035525,-0.0314483067954831));
#3416=CARTESIAN_POINT('',(0.0428644389619566,-0.0146310103430842,-0.031430930247561));
#3417=CARTESIAN_POINT('',(0.0426749540236194,-0.0145940688238559,-0.0314251928226516));
#3418=CARTESIAN_POINT('',(0.0423899551203342,-0.0145375647927175,-0.0314166713818567));
#3419=CARTESIAN_POINT('',(0.042294826903065,-0.0145185481567416,-0.0314138450176725));
#3420=CARTESIAN_POINT('',(0.0421519416327663,-0.0144897494681343,-0.0314096269654407));
#3421=CARTESIAN_POINT('',(0.0421042810519231,-0.0144801042828163,-0.0314082245303679));
#3422=CARTESIAN_POINT('',(0.0420088955635684,-0.014460722534397,-0.031405426878219));
#3423=CARTESIAN_POINT('',(0.0419497573936849,-0.0144487443882762,-0.0314033358704259));
#3424=CARTESIAN_POINT('',(0.0419134135792407,-0.014441203652823,-0.0314026400797124));
#3425=CARTESIAN_POINT('',(0.0777498882551894,0.0120951281574599,-0.00408434114854092));
#3426=CARTESIAN_POINT('',(0.0777804748196673,0.0121096218739575,-0.00413489362495481));
#3427=CARTESIAN_POINT('',(0.0778222839296602,0.012131745378753,-0.00420007936647561));
#3428=CARTESIAN_POINT('',(0.0778944111976804,0.0121678805583199,-0.00431548922980232));
#3429=CARTESIAN_POINT('',(0.0779303853681153,0.0121857876447101,-0.00437308484515776));
#3430=CARTESIAN_POINT('',(0.0780380395341175,0.0122390289808276,-0.00454554496381371));
#3431=CARTESIAN_POINT('',(0.0781094511850361,0.0122738833100789,-0.00466008273823437));
#3432=CARTESIAN_POINT('',(0.0783226130993163,0.0123765392152582,-0.00500239897008895));
#3433=CARTESIAN_POINT('',(0.0784632903366325,0.0124424337528436,-0.00522888031415659));
#3434=CARTESIAN_POINT('',(0.0788810322493075,0.0126325884212584,-0.00590321529401508));
#3435=CARTESIAN_POINT('',(0.0791538073910947,0.0127493203766858,-0.0063459595579795));
#3436=CARTESIAN_POINT('',(0.0799549847528515,0.013070170296138,-0.0076544023174684));
#3437=CARTESIAN_POINT('',(0.0804662457603349,0.0132449564165774,-0.00850030735369377));
#3438=CARTESIAN_POINT('',(0.0819313461227911,0.0136576418870262,-0.0109641871789102));
#3439=CARTESIAN_POINT('',(0.0828167236854127,0.0137841226526728,-0.0125083925651321));
#3440=CARTESIAN_POINT('',(0.0851922119424855,0.0137543514374325,-0.0168886886895093));
#3441=CARTESIAN_POINT('',(0.0864068733589463,0.0131869411915847,-0.0194816198352376));
#3442=CARTESIAN_POINT('',(0.0879541059392528,0.0111109596495487,-0.0241291768824494));
#3443=CARTESIAN_POINT('',(0.0882746635464167,0.00959749200665746,-0.0261736206592816));
#3444=CARTESIAN_POINT('',(0.0878985108767437,0.00598230349546603,-0.0296324321883852));
#3445=CARTESIAN_POINT('',(0.0872145022547692,0.00388226050668446,-0.0310478813842218));
#3446=CARTESIAN_POINT('',(0.0847337365498326,-0.000471234795458037,-0.0332432760772068));
#3447=CARTESIAN_POINT('',(0.0829242915250645,-0.00272101104990033,-0.0340159917266271));
#3448=CARTESIAN_POINT('',(0.0780559857364824,-0.0067692540464394,-0.0350294876521365));
#3449=CARTESIAN_POINT('',(0.0750014484628568,-0.00855935037492676,-0.0352779525719268));
#3450=CARTESIAN_POINT('',(0.0677066880621519,-0.0112226508817403,-0.0354991437669699));
#3451=CARTESIAN_POINT('',(0.0634705122439131,-0.0121013202817964,-0.0354738462995064));
#3452=CARTESIAN_POINT('',(0.0562736381862246,-0.012508336661147,-0.035377325655548));
#3453=CARTESIAN_POINT('',(0.053733864709002,-0.0124926840255346,-0.0353348800311815));
#3454=CARTESIAN_POINT('',(0.0497146658341651,-0.0122151721386548,-0.035270503394147));
#3455=CARTESIAN_POINT('',(0.048339987320347,-0.0120803294217543,-0.0352489088916345));
#3456=CARTESIAN_POINT('',(0.046225581229282,-0.011811147511685,-0.0352180230595358));
#3457=CARTESIAN_POINT('',(0.0455120466763744,-0.0117102668841903,-0.0352079780396552));
#3458=CARTESIAN_POINT('',(0.0444286402865465,-0.0115417861051889,-0.0351934937415326));
#3459=CARTESIAN_POINT('',(0.0440653206674512,-0.011482765844872,-0.0351887628109286));
#3460=CARTESIAN_POINT('',(0.0435170637423487,-0.0113898914624442,-0.0351818378406708));
#3461=CARTESIAN_POINT('',(0.0433337651809359,-0.0113582093344766,-0.0351795580861517));
#3462=CARTESIAN_POINT('',(0.0430579977692869,-0.0113095933759538,-0.0351761844990948));
#3463=CARTESIAN_POINT('',(0.0429659387035978,-0.0112932059285772,-0.0351750676440719));
#3464=CARTESIAN_POINT('',(0.0428276451866502,-0.0112683507188836,-0.0351734042704005));
#3465=CARTESIAN_POINT('',(0.042781513194586,-0.0112600199758794,-0.0351728517973104));
#3466=CARTESIAN_POINT('',(0.0426891808998498,-0.0112432670024202,-0.0351717508869627));
#3467=CARTESIAN_POINT('',(0.0426323286430864,-0.0112332603257772,-0.0351709292565696));
#3468=CARTESIAN_POINT('',(0.0425967461369248,-0.0112263767271553,-0.0351706560634379));
#3469=CARTESIAN_POINT('',(0.0804149181463021,0.0078951596296474,-0.00357652223902591));
#3470=CARTESIAN_POINT('',(0.0804429981009187,0.00790816988478323,-0.0036261891651671));
#3471=CARTESIAN_POINT('',(0.0804772714587112,0.00792584813722669,-0.00368870175284097));
#3472=CARTESIAN_POINT('',(0.0805393084949828,0.00795607038716971,-0.00380050299861334));
#3473=CARTESIAN_POINT('',(0.0805702215760067,0.00797102633491546,-0.00385627759999523));
#3474=CARTESIAN_POINT('',(0.0806626444046765,0.00801543082772372,-0.00402322395025038));
#3475=CARTESIAN_POINT('',(0.0807238377370374,0.00804441602120244,-0.00413401824518702));
#3476=CARTESIAN_POINT('',(0.080906151280575,0.0081295356828769,-0.0044648961989456));
#3477=CARTESIAN_POINT('',(0.0810260050229019,0.00818383421452629,-0.00468347492552377));
#3478=CARTESIAN_POINT('',(0.0813804945722227,0.00833952658637812,-0.00533323047533361));
#3479=CARTESIAN_POINT('',(0.0816100584152483,0.00843371689506182,-0.00575842661374772));
#3480=CARTESIAN_POINT('',(0.0822784253088759,0.0086886085850145,-0.00701040634494104));
#3481=CARTESIAN_POINT('',(0.0826968975052001,0.00882162502575954,-0.0078135786568943));
#3482=CARTESIAN_POINT('',(0.0838708908656051,0.00911920673863732,-0.0101312231921777));
#3483=CARTESIAN_POINT('',(0.0845448166009476,0.00918221403882391,-0.0115536765255407));
#3484=CARTESIAN_POINT('',(0.0862442563188934,0.00904254939671136,-0.0154767655072373));
#3485=CARTESIAN_POINT('',(0.0869443546537006,0.00851600642701339,-0.0176249241527588));
#3486=CARTESIAN_POINT('',(0.0875753314623877,0.00698467107730572,-0.0212336442762025));
#3487=CARTESIAN_POINT('',(0.0875200289662663,0.00598241273104757,-0.0227105638070681));
#3488=CARTESIAN_POINT('',(0.0866463453413954,0.00362236701451871,-0.0253319885411251));
#3489=CARTESIAN_POINT('',(0.085816153409708,0.0022492987662162,-0.0264753916065748));
#3490=CARTESIAN_POINT('',(0.0832030753446,-0.00067449410750093,-0.0284323127393111));
#3491=CARTESIAN_POINT('',(0.0814189816665956,-0.0022210168817899,-0.0292342926360141));
#3492=CARTESIAN_POINT('',(0.0767862787196664,-0.0050764107588652,-0.0304575379769026));
#3493=CARTESIAN_POINT('',(0.0739385155675023,-0.00637941681075805,-0.0308796876793867));
#3494=CARTESIAN_POINT('',(0.0671339365046593,-0.00830527202300582,-0.03145099270752));
#3495=CARTESIAN_POINT('',(0.0631785056279501,-0.00892857406825774,-0.0316032566544721));
#3496=CARTESIAN_POINT('',(0.0563959869113685,-0.00906947166424981,-0.0317451773968861));
#3497=CARTESIAN_POINT('',(0.0539936069442065,-0.00898441460920168,-0.0317781249061511));
#3498=CARTESIAN_POINT('',(0.050175269062117,-0.00862509452067076,-0.031820044120399));
#3499=CARTESIAN_POINT('',(0.0488666943950386,-0.00846670660838973,-0.0318327629155209));
#3500=CARTESIAN_POINT('',(0.0468498269871096,-0.00816704603485543,-0.0318516782260517));
#3501=CARTESIAN_POINT('',(0.0461685369215547,-0.00805681303413503,-0.0318579559306521));
#3502=CARTESIAN_POINT('',(0.0451330611724022,-0.00787542718377083,-0.0318675440084876));
#3503=CARTESIAN_POINT('',(0.0447856458129731,-0.00781229252445287,-0.0318707686063544));
#3504=CARTESIAN_POINT('',(0.0442611326919758,-0.00771351696316192,-0.0318756748074205));
#3505=CARTESIAN_POINT('',(0.0440857299712741,-0.00767991284825977,-0.0318773217575814));
#3506=CARTESIAN_POINT('',(0.0438217777544435,-0.00762848022838707,-0.0318798128053797));
#3507=CARTESIAN_POINT('',(0.0437336523262016,-0.00761116494724303,-0.0318806465916787));
#3508=CARTESIAN_POINT('',(0.0436012520729512,-0.00758493440721996,-0.0318819028384259));
#3509=CARTESIAN_POINT('',(0.0435570833033875,-0.0075761479575047,-0.0318823225152182));
#3510=CARTESIAN_POINT('',(0.0434686750478058,-0.00755848901759728,-0.0318831637931478));
#3511=CARTESIAN_POINT('',(0.0434147634124942,-0.00754780830649399,-0.0318837966930718));
#3512=CARTESIAN_POINT('',(0.0433801607111296,-0.0075407009331476,-0.0318840079918627));
#3513=CARTESIAN_POINT('',(0.0821410254810544,0.00914811439598143,-0.00227242951899604));
#3514=CARTESIAN_POINT('',(0.080414918146302,0.00789515962964739,-0.00357652223902591));
#3515=CARTESIAN_POINT('',(0.039102531048767,-0.00914811439598143,0.072272429518996));
#3516=CARTESIAN_POINT('',(0.039102531048767,-0.00914811439598142,0.072272429518996));
#3517=CARTESIAN_POINT('',(0.0373764237140146,-0.0104010691623155,0.0709683367989661));
#3518=CARTESIAN_POINT('',(-0.00658005053090661,0.0100064298643245,0.0532849023958283));
#3519=CARTESIAN_POINT('',(-0.00656253125828619,0.0100136113525016,0.0533154723218379));
#3520=CARTESIAN_POINT('',(-0.00653492332496523,0.0100245129965278,0.0533639713851658));
#3521=CARTESIAN_POINT('',(-0.00648985240047135,0.0100424634391876,0.0534429540228109));
#3522=CARTESIAN_POINT('',(-0.00646733568852508,0.0100513944563127,0.0534824165539983));
#3523=CARTESIAN_POINT('',(-0.00639984171192824,0.0100780551258928,0.0536007177509321));
#3524=CARTESIAN_POINT('',(-0.00635492060653045,0.0100956523965422,0.0536794700200773));
#3525=CARTESIAN_POINT('',(-0.00622038119412645,0.0101479165272282,0.0539153809703212));
#3526=CARTESIAN_POINT('',(-0.0061309867909313,0.0101820557061582,0.0540721937946716));
#3527=CARTESIAN_POINT('',(-0.0058636933312157,0.0102823772783808,0.0545412466584219));
#3528=CARTESIAN_POINT('',(-0.00568668402461122,0.0103464637101481,0.0548521010959269));
#3529=CARTESIAN_POINT('',(-0.00515916818337086,0.0105304571210202,0.0557791042777881));
#3530=CARTESIAN_POINT('',(-0.00481217372978231,0.0106420982621314,0.0563896930200197));
#3531=CARTESIAN_POINT('',(-0.00378486328610227,0.0109449002514576,0.0581990729619435));
#3532=CARTESIAN_POINT('',(-0.00311822035400917,0.0111039402413896,0.0593754802711436));
#3533=CARTESIAN_POINT('',(-0.0011699774389571,0.011460087682403,0.0628139157495753));
#3534=CARTESIAN_POINT('',(5.99291778299418E-5,0.011536221385908,0.0649852075236731));
#3535=CARTESIAN_POINT('',(0.0035670944053888,0.0113406476356743,0.0711245348133315));
#3536=CARTESIAN_POINT('',(0.00566136121071544,0.0106440291580061,0.074719044308305));
#3537=CARTESIAN_POINT('',(0.00949749321002235,0.00844747531615442,0.0808277813618897));
#3538=CARTESIAN_POINT('',(0.0112392908868806,0.00694511938032014,0.0833399356874529));
#3539=CARTESIAN_POINT('',(0.014522356717443,0.00352486459331016,0.0871869435602113));
#3540=CARTESIAN_POINT('',(0.0160656139604563,0.00161085365048005,0.0885184179040167));
#3541=CARTESIAN_POINT('',(0.0190944525725985,-0.00216780147657523,0.0899990959101547));
#3542=CARTESIAN_POINT('',(0.020579742438707,-0.00403068140626893,0.0901549630589611));
#3543=CARTESIAN_POINT('',(0.0235871517769272,-0.00732633219390293,0.0893319784750083));
#3544=CARTESIAN_POINT('',(0.0251070618312209,-0.00875889847575458,0.0883484252166228));
#3545=CARTESIAN_POINT('',(0.0282550092053127,-0.0108497369357497,0.0852718332140722));
#3546=CARTESIAN_POINT('',(0.0298820630261306,-0.0115100750551759,0.0831849088269645));
#3547=CARTESIAN_POINT('',(0.032514851759921,-0.0117269152953567,0.0792343254410971));
#3548=CARTESIAN_POINT('',(0.0334250209875866,-0.0116704227671514,0.0777798251950084));
#3549=CARTESIAN_POINT('',(0.0348547481024741,-0.0113662129256586,0.0753861638967034));
#3550=CARTESIAN_POINT('',(0.0353420631251051,-0.0112282039519144,0.0745529355864329));
#3551=CARTESIAN_POINT('',(0.0360910140434652,-0.0109627627601549,0.0732492785511855));
#3552=CARTESIAN_POINT('',(0.0363436600511955,-0.0108645429062532,0.0728057567053584));
#3553=CARTESIAN_POINT('',(0.0367273499624778,-0.0107021514862834,0.072126917325948));
#3554=CARTESIAN_POINT('',(0.0368560333719716,-0.0106455106579329,0.0718983780923805));
#3555=CARTESIAN_POINT('',(0.0370502666702576,-0.0105567266202004,0.0715521672767154));
#3556=CARTESIAN_POINT('',(0.0371152124643005,-0.0105264948037368,0.0714361966774264));
#3557=CARTESIAN_POINT('',(0.0372129366763987,-0.0104801841737254,0.0712613886890622));
#3558=CARTESIAN_POINT('',(0.0372455623337582,-0.0104645868125746,0.0712029773447283));
#3559=CARTESIAN_POINT('',(0.037310916066357,-0.0104330699179924,0.0710858703602004));
#3560=CARTESIAN_POINT('',(0.0373475683759531,-0.0104144090431293,0.0710193467286293));
#3561=CARTESIAN_POINT('',(0.0373764237140147,-0.0104010691623155,0.0709683367989662));
#3562=CARTESIAN_POINT('',(-0.00554690120823426,0.0145860036925038,0.0515644065285513));
#3563=CARTESIAN_POINT('',(-0.00552933562472325,0.014593657195598,0.0515962606617876));
#3564=CARTESIAN_POINT('',(-0.00550158923867176,0.014605973649069,0.0516486153062557));
#3565=CARTESIAN_POINT('',(-0.00545633499987265,0.0146258071903263,0.0517327466191063));
#3566=CARTESIAN_POINT('',(-0.00543372711546052,0.0146356785115219,0.0517747864515847));
#3567=CARTESIAN_POINT('',(-0.00536596108984377,0.0146651563277324,0.0519008284561078));
#3568=CARTESIAN_POINT('',(-0.00532086057624124,0.0146846266754059,0.0519847531352779));
#3569=CARTESIAN_POINT('',(-0.00518578892811144,0.0147424947342628,0.0522362170312518));
#3570=CARTESIAN_POINT('',(-0.00509604768586117,0.0147803494621445,0.0524034461071605));
#3571=CARTESIAN_POINT('',(-0.00482773860198945,0.0148917545210251,0.0529038913877446));
#3572=CARTESIAN_POINT('',(-0.00465008539653439,0.0149631457417747,0.0532358656560883));
#3573=CARTESIAN_POINT('',(-0.00412074516235819,0.0151687849003437,0.0542268092619045));
#3574=CARTESIAN_POINT('',(-0.00377267740948435,0.0152944985733568,0.0548807995898667));
#3575=CARTESIAN_POINT('',(-0.0027426418728219,0.0156383094127434,0.0568227563095423));
#3576=CARTESIAN_POINT('',(-0.00207484025020022,0.0158230803957029,0.0580907120475637));
#3577=CARTESIAN_POINT('',(-0.000125684827320703,0.0162504011614837,0.0618136304830557));
#3578=CARTESIAN_POINT('',(0.00110143167745752,0.0163660277531535,0.0641877249474703));
#3579=CARTESIAN_POINT('',(0.00458444749021225,0.0162532955178563,0.0709768008321384));
#3580=CARTESIAN_POINT('',(0.00664078429506601,0.0155662839596827,0.0750611119804096));
#3581=CARTESIAN_POINT('',(0.0103308187659398,0.0131997797463594,0.0822511728470635));
#3582=CARTESIAN_POINT('',(0.0119598315324689,0.0115162830693461,0.0853588699948651));
#3583=CARTESIAN_POINT('',(0.014996186162653,0.00739543471105149,0.0903939647082052));
#3584=CARTESIAN_POINT('',(0.016406885171185,0.00495283809197761,0.092317005778633));
#3585=CARTESIAN_POINT('',(0.0193877254793341,-0.000261656648531037,0.0946889998293241));
#3586=CARTESIAN_POINT('',(0.0209785978169955,-0.00303943567207019,0.0951363207646956));
#3587=CARTESIAN_POINT('',(0.0245163532925415,-0.00821613976624189,0.0942615226044185));
#3588=CARTESIAN_POINT('',(0.0264473903785183,-0.010579910983223,0.0929051289127733));
#3589=CARTESIAN_POINT('',(0.0302874449682911,-0.0140015863230649,0.0887085709221442));
#3590=CARTESIAN_POINT('',(0.0321779246591025,-0.0150695453585213,0.0859269074801806));
#3591=CARTESIAN_POINT('',(0.0350377555181154,-0.0156549755816471,0.0810564507227212));
#3592=CARTESIAN_POINT('',(0.0359993336716222,-0.0156837943681179,0.0793108385225887));
#3593=CARTESIAN_POINT('',(0.0374800993863177,-0.015472470457765,0.0765112147935616));
#3594=CARTESIAN_POINT('',(0.0379800979153698,-0.0153594959374467,0.075547632383855));
#3595=CARTESIAN_POINT('',(0.0387428285485859,-0.0151246505050323,0.0740558924089999));
#3596=CARTESIAN_POINT('',(0.0389991922970378,-0.0150354650559886,0.0735509133825453));
#3597=CARTESIAN_POINT('',(0.0393872884247869,-0.0148850803802875,0.0727817139622687));
#3598=CARTESIAN_POINT('',(0.0395172454051889,-0.0148321840594093,0.0725233588412014));
#3599=CARTESIAN_POINT('',(0.0397131132172704,-0.0147486530890203,0.0721328753749308));
#3600=CARTESIAN_POINT('',(0.0397785578687475,-0.0147201116642578,0.0720022224145073));
#3601=CARTESIAN_POINT('',(0.0398769634489592,-0.0146762484080562,0.071805502977886));
#3602=CARTESIAN_POINT('',(0.0399098050755845,-0.0146614521349771,0.0717398064992922));
#3603=CARTESIAN_POINT('',(0.0399755687768451,-0.0146315084549008,0.0716081664900761));
#3604=CARTESIAN_POINT('',(0.0400125066764481,-0.0146139986387006,0.0715307803031088));
#3605=CARTESIAN_POINT('',(0.0400414536051271,-0.014601037690128,0.0714761557084812));
#3606=CARTESIAN_POINT('',(-0.00130982994119987,0.0128693727558176,0.0495394607748868));
#3607=CARTESIAN_POINT('',(-0.00129231927161404,0.0128775352833321,0.0495707684829759));
#3608=CARTESIAN_POINT('',(-0.00126473753439225,0.0128913812231845,0.04962148366216));
#3609=CARTESIAN_POINT('',(-0.00121970257757742,0.0129132605338979,0.049703428526404));
#3610=CARTESIAN_POINT('',(-0.00119720424024661,0.0129241571625877,0.0497443749504129));
#3611=CARTESIAN_POINT('',(-0.00112976657123634,0.012956718198596,0.049867136194215));
#3612=CARTESIAN_POINT('',(-0.0010848845825272,0.01297825375586,0.0499488729857664));
#3613=CARTESIAN_POINT('',(-0.000950467347314393,0.0130423468657049,0.0501937712169222));
#3614=CARTESIAN_POINT('',(-0.000861160831334167,0.0130843908567916,0.0503566205127727));
#3615=CARTESIAN_POINT('',(-0.000594151093062109,0.0132084832718507,0.0508439195898411));
#3616=CARTESIAN_POINT('',(-0.000417357673727546,0.0132884921458454,0.0511671205565623));
#3617=CARTESIAN_POINT('',(0.000109424027301672,0.0135204777725283,0.0521317264584139));
#3618=CARTESIAN_POINT('',(0.00045581386317009,0.0136644136754875,0.0527681343280263));
#3619=CARTESIAN_POINT('',(0.00148091082972969,0.0140649905504454,0.0546573581407818));
#3620=CARTESIAN_POINT('',(0.00214554726157647,0.0142904035323808,0.0558901731099031));
#3621=CARTESIAN_POINT('',(0.0040856776574386,0.0148490974229668,0.0595085628514804));
#3622=CARTESIAN_POINT('',(0.00530741984039872,0.0150649047038463,0.0618140628958266));
#3623=CARTESIAN_POINT('',(0.00877662823442825,0.0152992818194038,0.0684105594022504));
#3624=CARTESIAN_POINT('',(0.0108277218524485,0.0149076385272005,0.0723820454513454));
#3625=CARTESIAN_POINT('',(0.0145049495506085,0.0132874009529244,0.0794743739532122));
#3626=CARTESIAN_POINT('',(0.0161265337631527,0.01205964378668,0.082601310302153));
#3627=CARTESIAN_POINT('',(0.019102292953296,0.00891617278854466,0.0879265720507185));
#3628=CARTESIAN_POINT('',(0.0204558468935985,0.00698743819343443,0.0901272993629959));
#3629=CARTESIAN_POINT('',(0.0232512776782961,0.00262266266664107,0.0932460274514605));
#3630=CARTESIAN_POINT('',(0.024714468561793,0.000177212310943419,0.0941490692114056));
#3631=CARTESIAN_POINT('',(0.0279970570258808,-0.00458840773267719,0.0942117037694662));
#3632=CARTESIAN_POINT('',(0.0298050273842206,-0.0068738327350644,0.0933464250248167));
#3633=CARTESIAN_POINT('',(0.0335168753386,-0.0103948428239604,0.0900373543214915));
#3634=CARTESIAN_POINT('',(0.0354041821144536,-0.0116363509543367,0.0876398345073538));
#3635=CARTESIAN_POINT('',(0.0383207182893554,-0.0125455808013939,0.0831980014553623));
#3636=CARTESIAN_POINT('',(0.0393103656964208,-0.0126925683660778,0.0815725445014009));
#3637=CARTESIAN_POINT('',(0.0408401645034362,-0.0126621706057324,0.0789233916424633));
#3638=CARTESIAN_POINT('',(0.041357674720645,-0.0126101713370615,0.0780050513018691));
#3639=CARTESIAN_POINT('',(0.042147735755251,-0.0124667888849901,0.0765745841658364));
#3640=CARTESIAN_POINT('',(0.0424133881737828,-0.0124080941165782,0.076088931853156));
#3641=CARTESIAN_POINT('',(0.0428156117540666,-0.0123033501400158,0.0753471779437444));
#3642=CARTESIAN_POINT('',(0.0429503103815897,-0.0122656516624331,0.0750977139103336));
#3643=CARTESIAN_POINT('',(0.0431533310251552,-0.0122048828022937,0.0747201936946222));
#3644=CARTESIAN_POINT('',(0.0432211666860096,-0.0121839229813011,0.0745937995872769));
#3645=CARTESIAN_POINT('',(0.0433231678788625,-0.0121514221806856,0.0744033766729621));
#3646=CARTESIAN_POINT('',(0.0433572095598009,-0.0121404117350279,0.0743397637422052));
#3647=CARTESIAN_POINT('',(0.0434253762405555,-0.0121180361841944,0.0742122605069398));
#3648=CARTESIAN_POINT('',(0.0434641192056487,-0.012106198887927,0.0741379466446269));
#3649=CARTESIAN_POINT('',(0.0434936682746319,-0.0120951281574599,0.074084341148541));
#3650=CARTESIAN_POINT('',(-0.00234297926387221,0.00828979892763837,0.0512599566421638));
#3651=CARTESIAN_POINT('',(-0.00232551490517698,0.00829748944023566,0.0512899801430261));
#3652=CARTESIAN_POINT('',(-0.00229807162068555,0.00830992057064325,0.05133683974107));
#3653=CARTESIAN_POINT('',(-0.00225321997817625,0.00832991678275928,0.0514136359301087));
#3654=CARTESIAN_POINT('',(-0.00223081281331108,0.00833987310737842,0.0514520050528264));
#3655=CARTESIAN_POINT('',(-0.00216364719332096,0.00836961699675642,0.0515670254890392));
#3656=CARTESIAN_POINT('',(-0.00211894461281639,0.00838927947699625,0.0516435898705658));
#3657=CARTESIAN_POINT('',(-0.00198505961332937,0.00844776865867026,0.0518729351559916));
#3658=CARTESIAN_POINT('',(-0.0018960999364046,0.00848609710080512,0.0520253682002836));
#3659=CARTESIAN_POINT('',(-0.0016301058222877,0.0085991060292065,0.052481274860519));
#3660=CARTESIAN_POINT('',(-0.00145395630180436,0.00867181011421877,0.0527833559964021));
#3661=CARTESIAN_POINT('',(-0.000928998993710997,0.00888214999320476,0.0536840214742951));
#3662=CARTESIAN_POINT('',(-0.000583682457127862,0.00901201336426201,0.0542770277581792));
#3663=CARTESIAN_POINT('',(0.000438689416449329,0.00937158138915958,0.0560336747931828));
#3664=CARTESIAN_POINT('',(0.00110216715776298,0.00957126337806693,0.0571749413334853));
#3665=CARTESIAN_POINT('',(0.00304138504581129,0.0100587839438872,0.0605088481179955));
#3666=CARTESIAN_POINT('',(0.00426591734076711,0.0102350983365987,0.0626115454720455));
#3667=CARTESIAN_POINT('',(0.0077592751496129,0.0103866339372258,0.0685582933834112));
#3668=CARTESIAN_POINT('',(0.00984829876811078,0.00998538372552057,0.0720399777792407));
#3669=CARTESIAN_POINT('',(0.0136716239946782,0.00853509652272259,0.0780509824680385));
#3670=CARTESIAN_POINT('',(0.0154059931175644,0.0074884800976553,0.0805823759947409));
#3671=CARTESIAN_POINT('',(0.0186284635080859,0.00504560267080204,0.0847195509027246));
#3672=CARTESIAN_POINT('',(0.0201145756828783,0.00364545375193372,0.086328711488388));
#3673=CARTESIAN_POINT('',(0.022958004771552,0.000716517838600016,0.0885561235322827));
#3674=CARTESIAN_POINT('',(0.0243156131835046,-0.000814033423254404,0.0891677115056785));
#3675=CARTESIAN_POINT('',(0.0270678555102664,-0.00369860016033914,0.0892821596400487));
#3676=CARTESIAN_POINT('',(0.0284646988369271,-0.00505282022759697,0.0887897213286742));
#3677=CARTESIAN_POINT('',(0.0314844395756176,-0.00724299343664424,0.0866006166134116));
#3678=CARTESIAN_POINT('',(0.0331083204814816,-0.00807688065098867,0.0848978358541377));
#3679=CARTESIAN_POINT('',(0.035797814531161,-0.00861752051510481,0.0813758761737381));
#3680=CARTESIAN_POINT('',(0.0367360530123884,-0.00867919676511293,0.0800415311738206));
#3681=CARTESIAN_POINT('',(0.0382148132195911,-0.0085559130736252,0.0777983407456052));
#3682=CARTESIAN_POINT('',(0.0387196399303837,-0.00847887935153011,0.0770103545044503));
#3683=CARTESIAN_POINT('',(0.0394959212501285,-0.00830490114011228,0.0757679703080203));
#3684=CARTESIAN_POINT('',(0.0397578559279414,-0.00823717196684329,0.0753437751759727));
#3685=CARTESIAN_POINT('',(0.0401556732917569,-0.00812042124601139,0.0746923813074219));
#3686=CARTESIAN_POINT('',(0.040289098348372,-0.00807897826095661,0.0744727331615136));
#3687=CARTESIAN_POINT('',(0.0404904844781427,-0.00801295633347375,0.0741394855964063));
#3688=CARTESIAN_POINT('',(0.0405578212815624,-0.00799030612078001,0.0740277738501955));
#3689=CARTESIAN_POINT('',(0.0406591411063021,-0.00795535794635487,0.0738592623841385));
#3690=CARTESIAN_POINT('',(0.0406929668179744,-0.00794354641262533,0.073802934587641));
#3691=CARTESIAN_POINT('',(0.0407607235300676,-0.00791959764728596,0.0736899643770643));
#3692=CARTESIAN_POINT('',(0.0407991809051537,-0.00790660929235567,0.0736265130701473));
#3693=CARTESIAN_POINT('',(0.0408286383835193,-0.00789515962964739,0.0735765222390259));
#3694=CARTESIAN_POINT('',(-0.00337612858654455,0.0037102250994591,0.0529804525094407));
#3695=CARTESIAN_POINT('',(-0.00335871053873991,0.00371744359713926,0.0530091918030765));
#3696=CARTESIAN_POINT('',(-0.00333140570697886,0.00372845991810204,0.0530521958199798));
#3697=CARTESIAN_POINT('',(-0.00328673737877511,0.00374657303162062,0.0531238433338132));
#3698=CARTESIAN_POINT('',(-0.00326442138637556,0.00375558905216919,0.0531596351552398));
#3699=CARTESIAN_POINT('',(-0.00319752781540557,0.00378251579491679,0.0532669147838635));
#3700=CARTESIAN_POINT('',(-0.0031530046431056,0.00380030519813248,0.0533383067553651));
#3701=CARTESIAN_POINT('',(-0.00301965187934437,0.00385319045163566,0.0535520990950609));
#3702=CARTESIAN_POINT('',(-0.00293103904147504,0.00388780334481867,0.0536941158877944));
#3703=CARTESIAN_POINT('',(-0.00266606055151331,0.00398972878656233,0.0541186301311969));
#3704=CARTESIAN_POINT('',(-0.00249055492988118,0.00405512808259218,0.0543995914362418));
#3705=CARTESIAN_POINT('',(-0.00196742201472367,0.00424382221388127,0.0552363164901762));
#3706=CARTESIAN_POINT('',(-0.00162317877742581,0.00435961305303655,0.0557859211883322));
#3707=CARTESIAN_POINT('',(-0.000603531996831028,0.0046781722278738,0.0574099914455838));
#3708=CARTESIAN_POINT('',(5.87870539494855E-5,0.00485212322375304,0.0584597095570674));
#3709=CARTESIAN_POINT('',(0.00199709243418398,0.00526847046480769,0.0615091333845105));
#3710=CARTESIAN_POINT('',(0.00322441484113549,0.00540529196935117,0.0634090280482642));
#3711=CARTESIAN_POINT('',(0.00674192206479753,0.00547398605504781,0.068706027364572));
#3712=CARTESIAN_POINT('',(0.00886887568377302,0.00506312892384069,0.071697910107136));
#3713=CARTESIAN_POINT('',(0.0128382984387478,0.00378279209252073,0.0766275909828648));
#3714=CARTESIAN_POINT('',(0.0146854524719761,0.00291731640863062,0.0785634416873286));
#3715=CARTESIAN_POINT('',(0.0181546340628759,0.00117503255305942,0.0815125297547308));
#3716=CARTESIAN_POINT('',(0.019773304472158,0.000303469310433023,0.08253012361378));
#3717=CARTESIAN_POINT('',(0.022664731864808,-0.00118962698944103,0.0838662196131047));
#3718=CARTESIAN_POINT('',(0.0239167578052161,-0.00180527915745222,0.0841863537999514));
#3719=CARTESIAN_POINT('',(0.026138653994652,-0.00280879258800109,0.0843526155106311));
#3720=CARTESIAN_POINT('',(0.0271243702896337,-0.00323180772012954,0.0842330176325315));
#3721=CARTESIAN_POINT('',(0.0294520038126352,-0.00409114404932809,0.0831638789053317));
#3722=CARTESIAN_POINT('',(0.0308124588485097,-0.00451741034764059,0.0821558372009215));
#3723=CARTESIAN_POINT('',(0.0332749107729666,-0.00468946022881573,0.079553750892114));
#3724=CARTESIAN_POINT('',(0.0341617403283559,-0.00466582516414801,0.0785105178462403));
#3725=CARTESIAN_POINT('',(0.0355894619357459,-0.00444965554151802,0.0766732898487469));
#3726=CARTESIAN_POINT('',(0.0360816051401223,-0.00434758736599872,0.0760156577070314));
#3727=CARTESIAN_POINT('',(0.036844106745006,-0.00414301339523444,0.0749613564502042));
#3728=CARTESIAN_POINT('',(0.0371023236821,-0.0040662498171084,0.0745986184987894));
#3729=CARTESIAN_POINT('',(0.0374957348294473,-0.00393749235200701,0.0740375846710993));
#3730=CARTESIAN_POINT('',(0.0376278863151542,-0.00389230485948013,0.0738477524126935));
#3731=CARTESIAN_POINT('',(0.0378276379311302,-0.00382102986465382,0.0735587774981905));
#3732=CARTESIAN_POINT('',(0.0378944758771152,-0.00379668926025889,0.073461748113114));
#3733=CARTESIAN_POINT('',(0.0379951143337416,-0.00375929371202409,0.073315148095315));
#3734=CARTESIAN_POINT('',(0.0380287240761479,-0.00374668109022275,0.0732661054330768));
#3735=CARTESIAN_POINT('',(0.0380960708195795,-0.00372115911037754,0.0731676682471887));
#3736=CARTESIAN_POINT('',(0.0381342426046585,-0.00370701969678437,0.0731150794956678));
#3737=CARTESIAN_POINT('',(0.0381636084924069,-0.00369519110183486,0.0730687033295109));
#3738=CARTESIAN_POINT('',(-0.00761319985357896,0.00542685603614523,0.0550053982631052));
#3739=CARTESIAN_POINT('',(-0.00759572689184914,0.00543356550940519,0.0550346839818882));
#3740=CARTESIAN_POINT('',(-0.00756825741125871,0.00544305234398658,0.0550793274640758));
#3741=CARTESIAN_POINT('',(-0.00752336980107004,0.005459119688049,0.0551531614265154));
#3742=CARTESIAN_POINT('',(-0.00750094426158964,0.00546711040110343,0.0551900466564117));
#3743=CARTESIAN_POINT('',(-0.00743372233401271,0.00549095392405323,0.0553006070457564));
#3744=CARTESIAN_POINT('',(-0.00738898063681966,0.0055066781176785,0.0553741869048766));
#3745=CARTESIAN_POINT('',(-0.00725497346014144,0.00555333832019349,0.0555945449093905));
#3746=CARTESIAN_POINT('',(-0.00716592589600143,0.00558376195017181,0.0557409414821827));
#3747=CARTESIAN_POINT('',(-0.00689964806044194,0.00567300003573651,0.0561786019290991));
#3748=CARTESIAN_POINT('',(-0.00672328265268805,0.00572978167852147,0.0564683365357653));
#3749=CARTESIAN_POINT('',(-0.00619759120438354,0.00589212934169671,0.0573313992936717));
#3750=CARTESIAN_POINT('',(-0.00585167005008028,0.00598969795090593,0.0578985864501726));
#3751=CARTESIAN_POINT('',(-0.00482708469938265,0.00625149109017186,0.0595753896143445));
#3752=CARTESIAN_POINT('',(-0.00416160045781814,0.00638480008707627,0.0606602484947235));
#3753=CARTESIAN_POINT('',(-0.00221427005059351,0.00666977420332234,0.0638142010160948));
#3754=CARTESIAN_POINT('',(-0.000981573321797645,0.00670641501866242,0.0657826900998757));
#3755=CARTESIAN_POINT('',(0.00254974132056535,0.00642799975349224,0.0712722687945245));
#3756=CARTESIAN_POINT('',(0.00468193812636486,0.00572177435632941,0.0743769766362004));
#3757=CARTESIAN_POINT('',(0.00866416765410484,0.00369517088594936,0.079404389876716));
#3758=CARTESIAN_POINT('',(0.0105187502412923,0.00237395569129418,0.0813210013800406));
#3759=CARTESIAN_POINT('',(0.014048527272233,-0.000345705524431179,0.0839799224122174));
#3760=CARTESIAN_POINT('',(0.0157243427497277,-0.0017311307910175,0.0847198300294003));
#3761=CARTESIAN_POINT('',(0.0188011796658628,-0.00407394630461941,0.0853091919909851));
#3762=CARTESIAN_POINT('',(0.0201808870604186,-0.00502192714046767,0.0851736053532267));
#3763=CARTESIAN_POINT('',(0.0226579502613128,-0.00643652462156397,0.0844024343455981));
#3764=CARTESIAN_POINT('',(0.0237667332839235,-0.00693788596828615,0.0837917215204723));
#3765=CARTESIAN_POINT('',(0.0262225734423342,-0.00769788754843457,0.0818350955060002));
#3766=CARTESIAN_POINT('',(0.0275862013931586,-0.00795060475183045,0.0804429101737483));
#3767=CARTESIAN_POINT('',(0.0299919480017265,-0.0077988550090663,0.0774122001594729));
#3768=CARTESIAN_POINT('',(0.030850708303551,-0.00765705116618491,0.0762488118674279));
#3769=CARTESIAN_POINT('',(0.0322293968186306,-0.00725995539355228,0.0742611129998452));
#3770=CARTESIAN_POINT('',(0.0327040283348402,-0.00709691196638213,0.0735582387890105));
#3771=CARTESIAN_POINT('',(0.0334391995383444,-0.00680087501527747,0.072442664693371));
#3772=CARTESIAN_POINT('',(0.0336881278053532,-0.00669362075651788,0.0720606000281715));
#3773=CARTESIAN_POINT('',(0.0340674115001686,-0.00651922259227923,0.0714721206896272));
#3774=CARTESIAN_POINT('',(0.0341948213387543,-0.00645883725645639,0.0712733973435595));
#3775=CARTESIAN_POINT('',(0.0343874201232448,-0.00636480015138046,0.0709714591785));
#3776=CARTESIAN_POINT('',(0.0344518670598534,-0.00633287794321578,0.0708701709403455));
#3777=CARTESIAN_POINT('',(0.0345489099038381,-0.00628411993939455,0.0707172744002383));
#3778=CARTESIAN_POINT('',(0.0345813195919318,-0.00626772149017212,0.0706661481901644));
#3779=CARTESIAN_POINT('',(0.0346462633558688,-0.0062346313810839,0.0705635742303246));
#3780=CARTESIAN_POINT('',(0.034682630075458,-0.00621481944755803,0.0705079131541496));
#3781=CARTESIAN_POINT('',(0.0347113938229021,-0.00620110063450294,0.0704605178894511));
#3782=CARTESIAN_POINT('',(-0.00658005053090661,0.0100064298643245,0.0532849023958283));
#3783=CARTESIAN_POINT('',(-0.00656253125828619,0.0100136113525016,0.0533154723218379));
#3784=CARTESIAN_POINT('',(-0.00653492332496523,0.0100245129965278,0.0533639713851658));
#3785=CARTESIAN_POINT('',(-0.00648985240047135,0.0100424634391876,0.0534429540228109));
#3786=CARTESIAN_POINT('',(-0.00646733568852508,0.0100513944563127,0.0534824165539983));
#3787=CARTESIAN_POINT('',(-0.00639984171192824,0.0100780551258928,0.0536007177509321));
#3788=CARTESIAN_POINT('',(-0.00635492060653045,0.0100956523965422,0.0536794700200773));
#3789=CARTESIAN_POINT('',(-0.00622038119412645,0.0101479165272282,0.0539153809703212));
#3790=CARTESIAN_POINT('',(-0.0061309867909313,0.0101820557061582,0.0540721937946716));
#3791=CARTESIAN_POINT('',(-0.0058636933312157,0.0102823772783808,0.0545412466584219));
#3792=CARTESIAN_POINT('',(-0.00568668402461122,0.0103464637101481,0.0548521010959269));
#3793=CARTESIAN_POINT('',(-0.00515916818337086,0.0105304571210202,0.0557791042777881));
#3794=CARTESIAN_POINT('',(-0.00481217372978231,0.0106420982621314,0.0563896930200197));
#3795=CARTESIAN_POINT('',(-0.00378486328610227,0.0109449002514576,0.0581990729619435));
#3796=CARTESIAN_POINT('',(-0.00311822035400917,0.0111039402413896,0.0593754802711436));
#3797=CARTESIAN_POINT('',(-0.0011699774389571,0.011460087682403,0.0628139157495753));
#3798=CARTESIAN_POINT('',(5.99291778299418E-5,0.011536221385908,0.0649852075236731));
#3799=CARTESIAN_POINT('',(0.0035670944053888,0.0113406476356743,0.0711245348133315));
#3800=CARTESIAN_POINT('',(0.00566136121071544,0.0106440291580061,0.074719044308305));
#3801=CARTESIAN_POINT('',(0.00949749321002235,0.00844747531615442,0.0808277813618897));
#3802=CARTESIAN_POINT('',(0.0112392908868806,0.00694511938032014,0.0833399356874529));
#3803=CARTESIAN_POINT('',(0.014522356717443,0.00352486459331016,0.0871869435602113));
#3804=CARTESIAN_POINT('',(0.0160656139604563,0.00161085365048005,0.0885184179040167));
#3805=CARTESIAN_POINT('',(0.0190944525725985,-0.00216780147657523,0.0899990959101547));
#3806=CARTESIAN_POINT('',(0.020579742438707,-0.00403068140626893,0.0901549630589611));
#3807=CARTESIAN_POINT('',(0.0235871517769272,-0.00732633219390293,0.0893319784750083));
#3808=CARTESIAN_POINT('',(0.0251070618312209,-0.00875889847575458,0.0883484252166228));
#3809=CARTESIAN_POINT('',(0.0282550092053127,-0.0108497369357497,0.0852718332140722));
#3810=CARTESIAN_POINT('',(0.0298820630261306,-0.0115100750551759,0.0831849088269645));
#3811=CARTESIAN_POINT('',(0.032514851759921,-0.0117269152953567,0.0792343254410971));
#3812=CARTESIAN_POINT('',(0.0334250209875866,-0.0116704227671514,0.0777798251950084));
#3813=CARTESIAN_POINT('',(0.0348547481024741,-0.0113662129256586,0.0753861638967034));
#3814=CARTESIAN_POINT('',(0.0353420631251051,-0.0112282039519144,0.0745529355864329));
#3815=CARTESIAN_POINT('',(0.0360910140434652,-0.0109627627601549,0.0732492785511855));
#3816=CARTESIAN_POINT('',(0.0363436600511955,-0.0108645429062532,0.0728057567053584));
#3817=CARTESIAN_POINT('',(0.0367273499624778,-0.0107021514862834,0.072126917325948));
#3818=CARTESIAN_POINT('',(0.0368560333719716,-0.0106455106579329,0.0718983780923805));
#3819=CARTESIAN_POINT('',(0.0370502666702576,-0.0105567266202004,0.0715521672767154));
#3820=CARTESIAN_POINT('',(0.0371152124643005,-0.0105264948037368,0.0714361966774264));
#3821=CARTESIAN_POINT('',(0.0372129366763987,-0.0104801841737254,0.0712613886890622));
#3822=CARTESIAN_POINT('',(0.0372455623337582,-0.0104645868125746,0.0712029773447283));
#3823=CARTESIAN_POINT('',(0.037310916066357,-0.0104330699179924,0.0710858703602004));
#3824=CARTESIAN_POINT('',(0.0373475683759531,-0.0104144090431293,0.0710193467286293));
#3825=CARTESIAN_POINT('',(0.0373764237140147,-0.0104010691623155,0.0709683367989662));
#3826=CARTESIAN_POINT('',(-0.0044615148973894,0.00914811439598144,0.0522724295189961));
#3827=CARTESIAN_POINT('',(-0.00658005053090661,0.0100064298643245,0.0532849023958283));
#3828=CARTESIAN_POINT('',(-0.0475000093296769,-0.00914811439598143,-0.0222724295189961));
#3829=CARTESIAN_POINT('',(-0.0475000093296769,-0.00914811439598143,-0.0222724295189961));
#3830=CARTESIAN_POINT('',(-0.0496185449631941,-0.00828979892763836,-0.0212599566421638));
#3831=CARTESIAN_POINT('',(-0.0431312012166308,0.00871196326700662,-0.0675400858460445));
#3832=CARTESIAN_POINT('',(-0.0431886886888261,0.00872519470041284,-0.0675399063983471));
#3833=CARTESIAN_POINT('',(-0.0432612711820167,0.00874353515961109,-0.0675393407606557));
#3834=CARTESIAN_POINT('',(-0.0433908683928251,0.00877463673300905,-0.0675385135006792));
#3835=CARTESIAN_POINT('',(-0.0434555094784886,0.00879003097572943,-0.0675380724307015));
#3836=CARTESIAN_POINT('',(-0.0436489607638132,0.00883574613501507,-0.0675366664656603));
#3837=CARTESIAN_POINT('',(-0.0437772989912809,0.00886559948227504,-0.0675356188151428));
#3838=CARTESIAN_POINT('',(-0.0441604305033038,0.00895330576277258,-0.0675321413738265));
#3839=CARTESIAN_POINT('',(-0.0444133406086044,0.0090093049289462,-0.0675293770874237));
#3840=CARTESIAN_POINT('',(-0.0451645762594723,0.00917001968202564,-0.067519718713535));
#3841=CARTESIAN_POINT('',(-0.0456554069696408,0.00926745242374081,-0.0675114590119454));
#3842=CARTESIAN_POINT('',(-0.0470982297998485,0.00953168127184874,-0.0674810007163896));
#3843=CARTESIAN_POINT('',(-0.0480205486228789,0.0096704061358715,-0.0674531211636501));
#3844=CARTESIAN_POINT('',(-0.0506714126678441,0.00998285450149862,-0.0673450858808493));
#3845=CARTESIAN_POINT('',(-0.0522837328200155,0.0100528276518998,-0.0672405035745002));
#3846=CARTESIAN_POINT('',(-0.0566800587931243,0.0099172383712806,-0.066816738874775));
#3847=CARTESIAN_POINT('',(-0.0590186999511142,0.00936948993050475,-0.0663886180258912));
#3848=CARTESIAN_POINT('',(-0.0627219805279113,0.00770381283468028,-0.0651726710756444));
#3849=CARTESIAN_POINT('',(-0.0641000545120031,0.00658695297167153,-0.0643867952242622));
#3850=CARTESIAN_POINT('',(-0.0660988483347604,0.00396018310423297,-0.062305712914135));
#3851=CARTESIAN_POINT('',(-0.0667156275586672,0.00243894066948525,-0.0610049787145348));
#3852=CARTESIAN_POINT('',(-0.067118234573537,-0.000763120458941129,-0.0577481824487657));
#3853=CARTESIAN_POINT('',(-0.0668937878118635,-0.00244009691241526,-0.055794420282004));
#3854=CARTESIAN_POINT('',(-0.0655477330385326,-0.00550967991986255,-0.0511413082285679));
#3855=CARTESIAN_POINT('',(-0.0644285769358259,-0.00689635488965325,-0.0484421622649305));
#3856=CARTESIAN_POINT('',(-0.0613977479246921,-0.00894511316830317,-0.0422091051012372));
#3857=CARTESIAN_POINT('',(-0.0594893058444734,-0.00960850020406518,-0.0386753656334509));
#3858=CARTESIAN_POINT('',(-0.0561346792187299,-0.0097885377276132,-0.0326816447465089));
#3859=CARTESIAN_POINT('',(-0.0549344088343969,-0.00971304184579636,-0.0305682001469591));
#3860=CARTESIAN_POINT('',(-0.0530221773771345,-0.00936410161285049,-0.0272161658383701));
#3861=CARTESIAN_POINT('',(-0.0523661217357321,-0.00920851146546542,-0.0260685089899581));
#3862=CARTESIAN_POINT('',(-0.0513554177618981,-0.00891219415708899,-0.0243004796021485));
#3863=CARTESIAN_POINT('',(-0.0510140792980217,-0.00880293321235644,-0.0237033790888467));
#3864=CARTESIAN_POINT('',(-0.0504955810458592,-0.00862280815421826,-0.022795957501736));
#3865=CARTESIAN_POINT('',(-0.050321666514433,-0.00856006086840697,-0.0224915218350737));
#3866=CARTESIAN_POINT('',(-0.0500591925057953,-0.00846181898618753,-0.0220319087739813));
#3867=CARTESIAN_POINT('',(-0.0499714341330778,-0.00842838486690652,-0.0218782111600333));
#3868=CARTESIAN_POINT('',(-0.0498393985657452,-0.00837719563386013,-0.0216469227412197));
#3869=CARTESIAN_POINT('',(-0.0497953203751763,-0.00835995954718927,-0.0215697029353001));
#3870=CARTESIAN_POINT('',(-0.049729103904788,-0.00833384492681204,-0.0214536874634632));
#3871=CARTESIAN_POINT('',(-0.0497070152172296,-0.00832509663829865,-0.0214149846790265));
#3872=CARTESIAN_POINT('',(-0.0496628048334786,-0.00830751306834887,-0.02133751714525));
#3873=CARTESIAN_POINT('',(-0.0496358466882564,-0.00829688793349354,-0.0212901497647498));
#3874=CARTESIAN_POINT('',(-0.0496185449631941,-0.00828979892763836,-0.0212599566421638));
#3875=CARTESIAN_POINT('',(-0.0441540910386617,0.00389964501160117,-0.0684318758553388));
#3876=CARTESIAN_POINT('',(-0.044208802692252,0.00391191951321741,-0.0684297164530501));
#3877=CARTESIAN_POINT('',(-0.0442730325390456,0.0039273986985639,-0.0684232068503941));
#3878=CARTESIAN_POINT('',(-0.0443914253045619,0.0039547110959666,-0.0684144435431538));
#3879=CARTESIAN_POINT('',(-0.04445043877273,0.00396822050473991,-0.0684100304362797));
#3880=CARTESIAN_POINT('',(-0.0446269304074958,0.00400831113420423,-0.0683966965916209));
#3881=CARTESIAN_POINT('',(-0.0447438598039491,0.00403445475337203,-0.0683876813270001));
#3882=CARTESIAN_POINT('',(-0.0450924527176818,0.00411115755306035,-0.0683602562137161));
#3883=CARTESIAN_POINT('',(-0.0453219209482639,0.00415998859956403,-0.0683414669986399));
#3884=CARTESIAN_POINT('',(-0.0460015432478782,0.00429975069034462,-0.0682835738621758));
#3885=CARTESIAN_POINT('',(-0.0464429145767512,0.00438394936109987,-0.0682429436236968));
#3886=CARTESIAN_POINT('',(-0.0477318969412416,0.00461111394567012,-0.0681149121189483));
#3887=CARTESIAN_POINT('',(-0.0485443631506623,0.0047286240151696,-0.0680213544385284));
#3888=CARTESIAN_POINT('',(-0.0508415064273472,0.00499214339903731,-0.0677162944090011));
#3889=CARTESIAN_POINT('',(-0.0521852897526021,0.00504873159148663,-0.0674801025289407));
#3890=CARTESIAN_POINT('',(-0.0556703571156523,0.00497806981838931,-0.0666847509038475));
#3891=CARTESIAN_POINT('',(-0.0572366028072967,0.00462342684336453,-0.0660423251354185));
#3892=CARTESIAN_POINT('',(-0.0594008105216476,0.00389537700225657,-0.06463736732928));
#3893=CARTESIAN_POINT('',(-0.060060618951811,0.00353177544220881,-0.0638879676284418));
#3894=CARTESIAN_POINT('',(-0.0612082506639528,0.00259279108022222,-0.0619706430114997));
#3895=CARTESIAN_POINT('',(-0.0616740705751347,0.00197946900236099,-0.0607715414341665));
#3896=CARTESIAN_POINT('',(-0.0621904449981568,0.000418006799661801,-0.0576793906842247));
#3897=CARTESIAN_POINT('',(-0.0622251678175522,-0.000522849072406125,-0.0558032840072661));
#3898=CARTESIAN_POINT('',(-0.0615623693578594,-0.00242200344173245,-0.051375958615426));
#3899=CARTESIAN_POINT('',(-0.0608609918753301,-0.00337259909306377,-0.0488255118112857));
#3900=CARTESIAN_POINT('',(-0.0586423536884856,-0.00480273906645996,-0.042943961794281));
#3901=CARTESIAN_POINT('',(-0.0571303716379918,-0.00527921159912404,-0.0396100921530267));
#3902=CARTESIAN_POINT('',(-0.0543139866792591,-0.0052935134974149,-0.0339165908455699));
#3903=CARTESIAN_POINT('',(-0.053284406655979,-0.00518192784856995,-0.0319033456670889));
#3904=CARTESIAN_POINT('',(-0.0516140344115901,-0.00480026861523594,-0.0286985930574084));
#3905=CARTESIAN_POINT('',(-0.0510362543886475,-0.00463735423693932,-0.0275995393741807));
#3906=CARTESIAN_POINT('',(-0.050139444258021,-0.00433462733279404,-0.0259033864330586));
#3907=CARTESIAN_POINT('',(-0.0498354845538622,-0.00422399348170736,-0.0253300740974279));
#3908=CARTESIAN_POINT('',(-0.0493721811253831,-0.00404286241450509,-0.0244580487927576));
#3909=CARTESIAN_POINT('',(-0.0492165193525524,-0.00397995540233884,-0.024165364266842));
#3910=CARTESIAN_POINT('',(-0.0489812071998633,-0.00388172629615209,-0.0237233031203478));
#3911=CARTESIAN_POINT('',(-0.0489024665675002,-0.00384833849967201,-0.0235754436811547));
#3912=CARTESIAN_POINT('',(-0.0487839034348905,-0.00379728049444462,-0.0233528934319869));
#3913=CARTESIAN_POINT('',(-0.0487443070267138,-0.00378009844118345,-0.0232785831673638));
#3914=CARTESIAN_POINT('',(-0.0486847997048977,-0.00375408013983177,-0.0231669271863723));
#3915=CARTESIAN_POINT('',(-0.0486649451460346,-0.00374536650249228,-0.0231296767620441));
#3916=CARTESIAN_POINT('',(-0.048625198514562,-0.00372785729681775,-0.0230551123335544));
#3917=CARTESIAN_POINT('',(-0.0486015836792535,-0.00371729299018962,-0.0230099206651296));
#3918=CARTESIAN_POINT('',(-0.0485853956405217,-0.00371022509945909,-0.0229804525094408));
#3919=CARTESIAN_POINT('',(-0.0439686774699749,0.00477194726955081,-0.0733517041632499));
#3920=CARTESIAN_POINT('',(-0.0440250387087905,0.00478254821337615,-0.0733499036563561));
#3921=CARTESIAN_POINT('',(-0.0440942211133714,0.0047929959446206,-0.0733444659033218));
#3922=CARTESIAN_POINT('',(-0.0442192273754061,0.00481357085514843,-0.073337118686974));
#3923=CARTESIAN_POINT('',(-0.0442815513675322,0.00482370067336141,-0.0733334087167713));
#3924=CARTESIAN_POINT('',(-0.044467985819209,0.00485361978869065,-0.0733221693370387));
#3925=CARTESIAN_POINT('',(-0.0445915587546542,0.00487293874249638,-0.0733145304563182));
#3926=CARTESIAN_POINT('',(-0.044960126576934,0.00492903494640409,-0.0732911729411221));
#3927=CARTESIAN_POINT('',(-0.0452029704862443,0.00496395147396555,-0.0732750133983987));
#3928=CARTESIAN_POINT('',(-0.0459228909073824,0.0050614261993917,-0.0732247484802027));
#3929=CARTESIAN_POINT('',(-0.0463913561048248,0.00511670841389128,-0.0731888561878818));
#3930=CARTESIAN_POINT('',(-0.0477622453136322,0.00525483470540553,-0.0730738720251831));
#3931=CARTESIAN_POINT('',(-0.0486301577303083,0.00530993774272048,-0.0729874607806921));
#3932=CARTESIAN_POINT('',(-0.0510954479666728,0.0053760539282845,-0.0726980732724618));
#3933=CARTESIAN_POINT('',(-0.0525540056724261,0.00528751209814222,-0.0724647005956717));
#3934=CARTESIAN_POINT('',(-0.0563789746072282,0.00473054878200549,-0.0716439178065886));
#3935=CARTESIAN_POINT('',(-0.0581753862759115,0.00397717735475392,-0.0709371942497779));
#3936=CARTESIAN_POINT('',(-0.060577104019228,0.00229947003624264,-0.069255604114681));
#3937=CARTESIAN_POINT('',(-0.0612173873669263,0.00138280185311641,-0.0682899693770539));
#3938=CARTESIAN_POINT('',(-0.0618608678308575,-0.000482860298729274,-0.0659010729463081));
#3939=CARTESIAN_POINT('',(-0.0618499428012633,-0.00144712869864867,-0.0644576900779716));
#3940=CARTESIAN_POINT('',(-0.0612859368619407,-0.003312059684855,-0.0609395538277017));
#3941=CARTESIAN_POINT('',(-0.0607375733614633,-0.00421312251166977,-0.0588771431462865));
#3942=CARTESIAN_POINT('',(-0.0591051474424512,-0.00583624308000076,-0.0541299908383261));
#3943=CARTESIAN_POINT('',(-0.0580123249999581,-0.00656246115264412,-0.0514456132790151));
#3944=CARTESIAN_POINT('',(-0.0551890692120208,-0.00754192561337028,-0.0453370221812052));
#3945=CARTESIAN_POINT('',(-0.0534574528626088,-0.00778949276389594,-0.0419096987519255));
#3946=CARTESIAN_POINT('',(-0.0503837345170876,-0.00748775776469413,-0.036097970828316));
#3947=CARTESIAN_POINT('',(-0.0492805315579795,-0.00727471578326697,-0.0340490138353506));
#3948=CARTESIAN_POINT('',(-0.0475133321868411,-0.00674726900899155,-0.0307955188996397));
#3949=CARTESIAN_POINT('',(-0.046905559352025,-0.00653681294662522,-0.0296810236951864));
#3950=CARTESIAN_POINT('',(-0.045966728375131,-0.00616435064500956,-0.0279628390848497));
#3951=CARTESIAN_POINT('',(-0.0456492572253394,-0.00603073417122028,-0.0273823713579599));
#3952=CARTESIAN_POINT('',(-0.0451663793867665,-0.00581551993043491,-0.0264998864134743));
#3953=CARTESIAN_POINT('',(-0.0450043083129,-0.00574131697311157,-0.0262037609183708));
#3954=CARTESIAN_POINT('',(-0.04475954951917,-0.00562624113074059,-0.0257566055456098));
#3955=CARTESIAN_POINT('',(-0.0446776878940321,-0.00558725395175782,-0.0256070592357369));
#3956=CARTESIAN_POINT('',(-0.0445544843826837,-0.00552782110026264,-0.02538199534667));
#3957=CARTESIAN_POINT('',(-0.0445133480334815,-0.00550785146945418,-0.0253068499797766));
#3958=CARTESIAN_POINT('',(-0.0444515409891762,-0.00547765784989879,-0.0251939454943788));
#3959=CARTESIAN_POINT('',(-0.0444309215543349,-0.0054675534478419,-0.0251562795934154));
#3960=CARTESIAN_POINT('',(-0.044389648552587,-0.00544726472729071,-0.0250808855917385));
#3961=CARTESIAN_POINT('',(-0.0443648923176004,-0.00543461779868947,-0.0250350731227778));
#3962=CARTESIAN_POINT('',(-0.0443483243734873,-0.00542685603614523,-0.0250053982631052));
#3963=CARTESIAN_POINT('',(-0.0429457876479441,0.00958426552495626,-0.0724599141539555));
#3964=CARTESIAN_POINT('',(-0.0430049247053646,0.00959582340057157,-0.072460093601653));
#3965=CARTESIAN_POINT('',(-0.0430824597563427,0.00960913240566763,-0.0724605998135834));
#3966=CARTESIAN_POINT('',(-0.0432186704636691,0.00963349649219106,-0.0724611886444996));
#3967=CARTESIAN_POINT('',(-0.0432866220732907,0.00964551114435099,-0.0724614507111932));
#3968=CARTESIAN_POINT('',(-0.0434900161755264,0.00968105478950138,-0.072462139211078));
#3969=CARTESIAN_POINT('',(-0.043624997941986,0.00970408347139903,-0.0724624679444606));
#3970=CARTESIAN_POINT('',(-0.0440281043625561,0.00977118315611702,-0.0724630581012335));
#3971=CARTESIAN_POINT('',(-0.0442943901465848,0.00981326780334716,-0.0724629234871842));
#3972=CARTESIAN_POINT('',(-0.0450859239189764,0.00993169519107386,-0.0724608933315583));
#3973=CARTESIAN_POINT('',(-0.0456038484977135,0.0100002114765316,-0.0724573715761321));
#3974=CARTESIAN_POINT('',(-0.0471285781722408,0.0101754020315854,-0.072439960622621));
#3975=CARTESIAN_POINT('',(-0.0481063432025217,0.0102517198634232,-0.0724192275058108));
#3976=CARTESIAN_POINT('',(-0.0509253542071761,0.0103667650307442,-0.0723268647443163));
#3977=CARTESIAN_POINT('',(-0.0526524487398369,0.0102916081585537,-0.0722251016412314));
#3978=CARTESIAN_POINT('',(-0.0573886762847056,0.0096697173349001,-0.0717759057775161));
#3979=CARTESIAN_POINT('',(-0.0599574834197369,0.00872324044189017,-0.0712834871402506));
#3980=CARTESIAN_POINT('',(-0.0638982740254838,0.00610790586867032,-0.0697909078610454));
#3981=CARTESIAN_POINT('',(-0.0652568229271184,0.00443797938257176,-0.068788796972867));
#3982=CARTESIAN_POINT('',(-0.0667514655016651,0.000884531725288817,-0.0662361428489508));
#3983=CARTESIAN_POINT('',(-0.0668914997847915,-0.000987657031524417,-0.0646911273583483));
#3984=CARTESIAN_POINT('',(-0.0662137264373249,-0.00449318694345794,-0.0610083455922344));
#3985=CARTESIAN_POINT('',(-0.0654061933557695,-0.00613037035168406,-0.0588682794210192));
#3986=CARTESIAN_POINT('',(-0.0630905111231295,-0.00892391955812574,-0.0538953404514731));
#3987=CARTESIAN_POINT('',(-0.0615799100604474,-0.010086216949224,-0.0510622637326536));
#3988=CARTESIAN_POINT('',(-0.0579444634482338,-0.0116842997152231,-0.0446021654881678));
#3989=CARTESIAN_POINT('',(-0.0558163870690824,-0.0121187813688411,-0.0409749722323497));
#3990=CARTESIAN_POINT('',(-0.0522044270565626,-0.0119827819948904,-0.0348630247292551));
#3991=CARTESIAN_POINT('',(-0.0509305337363883,-0.0118058297804934,-0.0327138683152207));
#3992=CARTESIAN_POINT('',(-0.0489214751523901,-0.0113111020066061,-0.0293130916806013));
#3993=CARTESIAN_POINT('',(-0.0482354266991071,-0.0111079701751504,-0.028149993310965));
#3994=CARTESIAN_POINT('',(-0.0471827018790093,-0.010741917469305,-0.0263599322539389));
#3995=CARTESIAN_POINT('',(-0.046827851969499,-0.0106096739018689,-0.0257556763493775));
#3996=CARTESIAN_POINT('',(-0.0462897793072428,-0.0103954656701483,-0.0248377951224534));
#3997=CARTESIAN_POINT('',(-0.0461094554747812,-0.0103214224391799,-0.0245299184866022));
#3998=CARTESIAN_POINT('',(-0.0458375348251018,-0.010206333820776,-0.0240652111992434));
#3999=CARTESIAN_POINT('',(-0.0457466554596102,-0.0101673003189923,-0.0239098267146156));
#4000=CARTESIAN_POINT('',(-0.045609979513538,-0.0101077362396781,-0.0236760246559027));
#4001=CARTESIAN_POINT('',(-0.0455643613819437,-0.01008771257546,-0.0235979697477128));
#4002=CARTESIAN_POINT('',(-0.0454958451890666,-0.0100574226368791,-0.0234807057714698));
#4003=CARTESIAN_POINT('',(-0.0454729916255298,-0.0100472835836483,-0.0234415875103977));
#4004=CARTESIAN_POINT('',(-0.0454272548715036,-0.0100269204988218,-0.023363290403434));
#4005=CARTESIAN_POINT('',(-0.0453991553266034,-0.0100142127419934,-0.023315302222398));
#4006=CARTESIAN_POINT('',(-0.0453814736961597,-0.0100064298643245,-0.0232849023958283));
#4007=CARTESIAN_POINT('',(-0.0419228978259132,0.0143965837803617,-0.0715681241446612));
#4008=CARTESIAN_POINT('',(-0.0419848107019386,0.014409098587767,-0.0715702835469498));
#4009=CARTESIAN_POINT('',(-0.0420706983993139,0.0144252688667146,-0.0715767337238449));
#4010=CARTESIAN_POINT('',(-0.0422181135519321,0.0144534221292337,-0.0715852586020251));
#4011=CARTESIAN_POINT('',(-0.0422916927790492,0.0144673216153406,-0.0715894927056151));
#4012=CARTESIAN_POINT('',(-0.0425120465318437,0.0145084897903121,-0.0716021090851173));
#4013=CARTESIAN_POINT('',(-0.0426584371293177,0.0145352282003017,-0.071610405432603));
#4014=CARTESIAN_POINT('',(-0.043096082148178,0.0146133313658299,-0.0716349432613449));
#4015=CARTESIAN_POINT('',(-0.0433858098069254,0.0146625841327288,-0.0716508335759698));
#4016=CARTESIAN_POINT('',(-0.0442489569305706,0.014801964182756,-0.071697038182914));
#4017=CARTESIAN_POINT('',(-0.0448163408906022,0.0148837145391719,-0.0717258869643823));
#4018=CARTESIAN_POINT('',(-0.0464949110308495,0.0150959693577654,-0.0718060492200588));
#4019=CARTESIAN_POINT('',(-0.047582528674735,0.0151935019841259,-0.0718509942309294));
#4020=CARTESIAN_POINT('',(-0.0507552604476792,0.0153574761332039,-0.0719556562161709));
#4021=CARTESIAN_POINT('',(-0.0527508918072475,0.0152957042189652,-0.0719855026867909));
#4022=CARTESIAN_POINT('',(-0.0583983779621829,0.0146088858877947,-0.0719078937484437));
#4023=CARTESIAN_POINT('',(-0.0617395805635623,0.0134693035290264,-0.0716297800307232));
#4024=CARTESIAN_POINT('',(-0.0672194440317396,0.009916341701098,-0.0703262116074097));
#4025=CARTESIAN_POINT('',(-0.0692962584873105,0.00749315691202712,-0.0692876245686799));
#4026=CARTESIAN_POINT('',(-0.0716420631724728,0.00225192374930691,-0.0665712127515936));
#4027=CARTESIAN_POINT('',(-0.0719330567683198,-0.000528185364400161,-0.0649245646387249));
#4028=CARTESIAN_POINT('',(-0.0711415160127091,-0.00567431420206087,-0.061077137356767));
#4029=CARTESIAN_POINT('',(-0.0700748133500757,-0.00804761819169832,-0.0588594156957519));
#4030=CARTESIAN_POINT('',(-0.0670758748038078,-0.0120115960362507,-0.0536606900646201));
#4031=CARTESIAN_POINT('',(-0.0651474951209367,-0.0136099727458038,-0.0506789141862921));
#4032=CARTESIAN_POINT('',(-0.0606998576844468,-0.015826673817076,-0.0438673087951304));
#4033=CARTESIAN_POINT('',(-0.0581753212755558,-0.0164480699737863,-0.0400402457127739));
#4034=CARTESIAN_POINT('',(-0.0540251195960374,-0.0164778062250867,-0.033628078630194));
#4035=CARTESIAN_POINT('',(-0.052580535914797,-0.0163369437777198,-0.0313787227950908));
#4036=CARTESIAN_POINT('',(-0.050329618117939,-0.0158749350042206,-0.0278306644615629));
#4037=CARTESIAN_POINT('',(-0.0495652940461891,-0.0156791274036756,-0.0266189629267436));
#4038=CARTESIAN_POINT('',(-0.0483986753828875,-0.0153194842936003,-0.0247570254230282));
#4039=CARTESIAN_POINT('',(-0.0480064467136584,-0.0151886136325175,-0.0241289813407951));
#4040=CARTESIAN_POINT('',(-0.0474131792277189,-0.0149754114098617,-0.0231757038314325));
#4041=CARTESIAN_POINT('',(-0.0472146026366625,-0.0149015279052481,-0.0228560760548336));
#4042=CARTESIAN_POINT('',(-0.0469155201310335,-0.0147864265108113,-0.022373816852877));
#4043=CARTESIAN_POINT('',(-0.0468156230251884,-0.0147473466862269,-0.0222125941934944));
#4044=CARTESIAN_POINT('',(-0.0466654746443923,-0.0146876513790937,-0.0219700539651353));
#4045=CARTESIAN_POINT('',(-0.0466153747304059,-0.0146675736814657,-0.0218890895156491));
#4046=CARTESIAN_POINT('',(-0.0465401493889569,-0.0146371874238594,-0.0217674660485607));
#4047=CARTESIAN_POINT('',(-0.0465150616967247,-0.0146270137194546,-0.0217268954273801));
#4048=CARTESIAN_POINT('',(-0.0464648611904202,-0.0146065762703529,-0.0216456952151295));
#4049=CARTESIAN_POINT('',(-0.0464334183356064,-0.0145938076852973,-0.021595531322018));
#4050=CARTESIAN_POINT('',(-0.046414623018832,-0.0145860036925038,-0.0215644065285513));
#4051=CARTESIAN_POINT('',(-0.0421083113945999,0.0135242815224121,-0.0666482958367501));
#4052=CARTESIAN_POINT('',(-0.0421685746854002,0.0135384698876083,-0.0666500963436439));
#4053=CARTESIAN_POINT('',(-0.0422495098249878,0.0135596716206583,-0.0666554746709172));
#4054=CARTESIAN_POINT('',(-0.0423903114810881,0.0135945623700515,-0.0666625834582047));
#4055=CARTESIAN_POINT('',(-0.0424605801842471,0.0136118414467189,-0.0666661144251234));
#4056=CARTESIAN_POINT('',(-0.0426709911201305,0.0136631811358259,-0.0666766363396995));
#4057=CARTESIAN_POINT('',(-0.0428107381786126,0.013696744211178,-0.0666835563032856));
#4058=CARTESIAN_POINT('',(-0.0432284082889257,0.0137954539724848,-0.0667040265339369));
#4059=CARTESIAN_POINT('',(-0.043504760268945,0.0138586212583284,-0.0667172871762073));
#4060=CARTESIAN_POINT('',(-0.0443276092710664,0.0140402886737067,-0.0667558635648942));
#4061=CARTESIAN_POINT('',(-0.0448678993625303,0.0141509554863817,-0.0667799744001939));
#4062=CARTESIAN_POINT('',(-0.0464645626584553,0.0144522485980273,-0.0668470893138309));
#4063=CARTESIAN_POINT('',(-0.0474967340950954,0.0146121882565734,-0.0668848878887719));
#4064=CARTESIAN_POINT('',(-0.0505013189083408,0.0149735656039599,-0.0669738773526975));
#4065=CARTESIAN_POINT('',(-0.0523821758874288,0.0150569237123129,-0.0670009046200597));
#4066=CARTESIAN_POINT('',(-0.0576897604705962,0.0148564069241719,-0.0669487268457025));
#4067=CARTESIAN_POINT('',(-0.0608007970949317,0.014115553017645,-0.0667349109163638));
#4068=CARTESIAN_POINT('',(-0.0660431505341751,0.011512248667104,-0.0657079748220087));
#4069=CARTESIAN_POINT('',(-0.0681394900721951,0.00964213050113423,-0.0648856228200826));
#4070=CARTESIAN_POINT('',(-0.0709894460055681,0.0053275751282437,-0.0626407828167703));
#4071=CARTESIAN_POINT('',(-0.0717571845421996,0.00289841233660951,-0.0612384159949032));
#4072=CARTESIAN_POINT('',(-0.072046024148917,-0.00194424771754405,-0.0578169742133068));
#4073=CARTESIAN_POINT('',(-0.0715624078061748,-0.00435734475242439,-0.0557855565567418));
#4074=CARTESIAN_POINT('',(-0.0695330967192058,-0.00859735639799264,-0.0509066578417098));
#4075=CARTESIAN_POINT('',(-0.0679961619963216,-0.0104201106862427,-0.0480588127185754));
#4076=CARTESIAN_POINT('',(-0.0641531421608986,-0.0130874872701464,-0.0414742484081934));
#4077=CARTESIAN_POINT('',(-0.061848240050955,-0.0139377888090063,-0.0377406391138752));
#4078=CARTESIAN_POINT('',(-0.0579553717582008,-0.0142835619578115,-0.031446698647448));
#4079=CARTESIAN_POINT('',(-0.0565844110128147,-0.0142441558430228,-0.0292330546268292));
#4080=CARTESIAN_POINT('',(-0.0544303203426789,-0.013927934610465,-0.0257337386193317));
#4081=CARTESIAN_POINT('',(-0.0536959890828166,-0.0137796686939915,-0.0245374786057355));
#4082=CARTESIAN_POINT('',(-0.0525713912657752,-0.0134897609813839,-0.0226975727712384));
#4083=CARTESIAN_POINT('',(-0.0521926740421812,-0.0133818729430055,-0.0220766840802656));
#4084=CARTESIAN_POINT('',(-0.0516189809663353,-0.0132027538939314,-0.0211338662107146));
#4085=CARTESIAN_POINT('',(-0.0514268136763137,-0.0131401663344751,-0.0208176794033054));
#4086=CARTESIAN_POINT('',(-0.0511371778117273,-0.013041911676223,-0.0203405144276148));
#4087=CARTESIAN_POINT('',(-0.0510404016986553,-0.013008431234141,-0.0201809786389119));
#4088=CARTESIAN_POINT('',(-0.0508948936965999,-0.0129571107732756,-0.0199409520504524));
#4089=CARTESIAN_POINT('',(-0.0508463337236386,-0.0129398206531951,-0.0198608227032363));
#4090=CARTESIAN_POINT('',(-0.0507734081046783,-0.0129136097137923,-0.0197404477405542));
#4091=CARTESIAN_POINT('',(-0.0507490852884244,-0.012904826774105,-0.0197002925960087));
#4092=CARTESIAN_POINT('',(-0.0507004111523953,-0.01288716883988,-0.0196199219569455));
#4093=CARTESIAN_POINT('',(-0.0506701096972593,-0.0128764828767974,-0.0195703788643699));
#4094=CARTESIAN_POINT('',(-0.0506516942858664,-0.0128693727558176,-0.0195394607748869));
#4095=CARTESIAN_POINT('',(-0.0431312012166308,0.00871196326700662,-0.0675400858460445));
#4096=CARTESIAN_POINT('',(-0.0431886886888261,0.00872519470041284,-0.0675399063983471));
#4097=CARTESIAN_POINT('',(-0.0432612711820167,0.00874353515961109,-0.0675393407606557));
#4098=CARTESIAN_POINT('',(-0.0433908683928251,0.00877463673300905,-0.0675385135006792));
#4099=CARTESIAN_POINT('',(-0.0434555094784886,0.00879003097572943,-0.0675380724307015));
#4100=CARTESIAN_POINT('',(-0.0436489607638132,0.00883574613501507,-0.0675366664656603));
#4101=CARTESIAN_POINT('',(-0.0437772989912809,0.00886559948227504,-0.0675356188151428));
#4102=CARTESIAN_POINT('',(-0.0441604305033038,0.00895330576277258,-0.0675321413738265));
#4103=CARTESIAN_POINT('',(-0.0444133406086044,0.0090093049289462,-0.0675293770874237));
#4104=CARTESIAN_POINT('',(-0.0451645762594723,0.00917001968202564,-0.067519718713535));
#4105=CARTESIAN_POINT('',(-0.0456554069696408,0.00926745242374081,-0.0675114590119454));
#4106=CARTESIAN_POINT('',(-0.0470982297998485,0.00953168127184874,-0.0674810007163896));
#4107=CARTESIAN_POINT('',(-0.0480205486228789,0.0096704061358715,-0.0674531211636501));
#4108=CARTESIAN_POINT('',(-0.0506714126678441,0.00998285450149862,-0.0673450858808493));
#4109=CARTESIAN_POINT('',(-0.0522837328200155,0.0100528276518998,-0.0672405035745002));
#4110=CARTESIAN_POINT('',(-0.0566800587931243,0.0099172383712806,-0.066816738874775));
#4111=CARTESIAN_POINT('',(-0.0590186999511142,0.00936948993050475,-0.0663886180258912));
#4112=CARTESIAN_POINT('',(-0.0627219805279113,0.00770381283468028,-0.0651726710756444));
#4113=CARTESIAN_POINT('',(-0.0641000545120031,0.00658695297167153,-0.0643867952242622));
#4114=CARTESIAN_POINT('',(-0.0660988483347604,0.00396018310423297,-0.062305712914135));
#4115=CARTESIAN_POINT('',(-0.0667156275586672,0.00243894066948525,-0.0610049787145348));
#4116=CARTESIAN_POINT('',(-0.067118234573537,-0.000763120458941129,-0.0577481824487657));
#4117=CARTESIAN_POINT('',(-0.0668937878118635,-0.00244009691241526,-0.055794420282004));
#4118=CARTESIAN_POINT('',(-0.0655477330385326,-0.00550967991986255,-0.0511413082285679));
#4119=CARTESIAN_POINT('',(-0.0644285769358259,-0.00689635488965325,-0.0484421622649305));
#4120=CARTESIAN_POINT('',(-0.0613977479246921,-0.00894511316830317,-0.0422091051012372));
#4121=CARTESIAN_POINT('',(-0.0594893058444734,-0.00960850020406518,-0.0386753656334509));
#4122=CARTESIAN_POINT('',(-0.0561346792187299,-0.0097885377276132,-0.0326816447465089));
#4123=CARTESIAN_POINT('',(-0.0549344088343969,-0.00971304184579636,-0.0305682001469591));
#4124=CARTESIAN_POINT('',(-0.0530221773771345,-0.00936410161285049,-0.0272161658383701));
#4125=CARTESIAN_POINT('',(-0.0523661217357321,-0.00920851146546542,-0.0260685089899581));
#4126=CARTESIAN_POINT('',(-0.0513554177618981,-0.00891219415708899,-0.0243004796021485));
#4127=CARTESIAN_POINT('',(-0.0510140792980217,-0.00880293321235644,-0.0237033790888467));
#4128=CARTESIAN_POINT('',(-0.0504955810458592,-0.00862280815421826,-0.022795957501736));
#4129=CARTESIAN_POINT('',(-0.050321666514433,-0.00856006086840697,-0.0224915218350737));
#4130=CARTESIAN_POINT('',(-0.0500591925057953,-0.00846181898618753,-0.0220319087739813));
#4131=CARTESIAN_POINT('',(-0.0499714341330778,-0.00842838486690652,-0.0218782111600333));
#4132=CARTESIAN_POINT('',(-0.0498393985657452,-0.00837719563386013,-0.0216469227412197));
#4133=CARTESIAN_POINT('',(-0.0497953203751763,-0.00835995954718927,-0.0215697029353001));
#4134=CARTESIAN_POINT('',(-0.049729103904788,-0.00833384492681204,-0.0214536874634632));
#4135=CARTESIAN_POINT('',(-0.0497070152172296,-0.00832509663829865,-0.0214149846790265));
#4136=CARTESIAN_POINT('',(-0.0496628048334786,-0.00830751306834887,-0.02133751714525));
#4137=CARTESIAN_POINT('',(-0.0496358466882564,-0.00829688793349354,-0.0212901497647498));
#4138=CARTESIAN_POINT('',(-0.0496185449631941,-0.00828979892763836,-0.0212599566421638));
#4139=CARTESIAN_POINT('',(-0.0430384944322875,0.00914811439598144,-0.07));
#4140=CARTESIAN_POINT('',(-0.0431312012166308,0.00871196326700662,-0.0675400858460445));
#4141=CARTESIAN_POINT('',(0.0430384944322875,-0.00914811439598143,-0.07));
#4142=CARTESIAN_POINT('',(0.0430384944322875,-0.00914811439598143,-0.07));
#4143=CARTESIAN_POINT('',(0.0429457876479441,-0.00958426552495625,-0.0675400858460445));
#4144=CARTESIAN_POINT('',(0.049665072839138,0.00914811439598143,-0.021022429518996));
#4145=CARTESIAN_POINT('',(0.0496825822373843,0.00915522923928358,-0.0210527566863686));
#4146=CARTESIAN_POINT('',(0.0497101632991275,0.00916593124224391,-0.0211005254100967));
#4147=CARTESIAN_POINT('',(0.0497552056193878,0.00918361628373754,-0.0211785288235107));
#4148=CARTESIAN_POINT('',(0.0497777107243083,0.00919241489588635,-0.0212174997114254));
#4149=CARTESIAN_POINT('',(0.0498451777956533,0.00921867924353041,-0.0213343199827304));
#4150=CARTESIAN_POINT('',(0.049890091518688,0.00923601349020145,-0.0214120769736832));
#4151=CARTESIAN_POINT('',(0.0500246390911502,0.00928749217055344,-0.0216449788879464));
#4152=CARTESIAN_POINT('',(0.0501140793443082,0.00932111254458599,-0.0217997547527757));
#4153=CARTESIAN_POINT('',(0.0503816207209469,0.00941989259021937,-0.0222626101977669));
#4154=CARTESIAN_POINT('',(0.0505589424676981,0.00948297118617555,-0.0225692176305372));
#4155=CARTESIAN_POINT('',(0.0510877500021131,0.00966400393108474,-0.0234831839373469));
#4156=CARTESIAN_POINT('',(0.0514360781895299,0.00977375504675731,-0.0240846868560663));
#4157=CARTESIAN_POINT('',(0.052468107071465,0.0100711658758932,-0.0258660312894323));
#4158=CARTESIAN_POINT('',(0.0531388540576632,0.0102269830102434,-0.0270227091225031));
#4159=CARTESIAN_POINT('',(0.0550966115827666,0.0105748188507329,-0.0304021416668911));
#4160=CARTESIAN_POINT('',(0.0563291798712543,0.0106472085311467,-0.0325343071285155));
#4161=CARTESIAN_POINT('',(0.0597864530941943,0.0104481383441378,-0.0385844769712314));
#4162=CARTESIAN_POINT('',(0.0617714600892969,0.00975923000014975,-0.0421562661359655));
#4163=CARTESIAN_POINT('',(0.0649640609262493,0.00761624205251312,-0.0484582346881406));
#4164=CARTESIAN_POINT('',(0.0661689888850439,0.00616017377391874,-0.0511877376276054));
#4165=CARTESIAN_POINT('',(0.0676657992552924,0.00289396377715173,-0.0558906490207613));
#4166=CARTESIAN_POINT('',(0.0679542786940832,0.00108906540342102,-0.0578639662064829));
#4167=CARTESIAN_POINT('',(0.0676060062516832,-0.00241057162066658,-0.0611632087259491));
#4168=CARTESIAN_POINT('',(0.066977899956052,-0.00410231655366179,-0.0624895502357326));
#4169=CARTESIAN_POINT('',(0.0648457666043697,-0.00705476873545328,-0.0646143731610012));
#4170=CARTESIAN_POINT('',(0.0633422594685026,-0.00832141795792521,-0.0654135292867469));
#4171=CARTESIAN_POINT('',(0.0593613188841385,-0.0101818570034965,-0.0666051052921749));
#4172=CARTESIAN_POINT('',(0.0568798018085982,-0.0107761792769109,-0.0669976614383235));
#4173=CARTESIAN_POINT('',(0.0523127388309883,-0.0109386332338444,-0.0673570223257762));
#4174=CARTESIAN_POINT('',(0.0506496398086518,-0.0108709278629661,-0.0674384177122004));
#4175=CARTESIAN_POINT('',(0.0479313494035295,-0.0105561722585855,-0.0675113769489777));
#4176=CARTESIAN_POINT('',(0.0469879878188474,-0.010415709503494,-0.0675275027724524));
#4177=CARTESIAN_POINT('',(0.0455155606857421,-0.010147808394225,-0.0675404220938636));
#4178=CARTESIAN_POINT('',(0.04501518804701,-0.0100489729756201,-0.0675428501045856));
#4179=CARTESIAN_POINT('',(0.0442501024387456,-0.00988592629685632,-0.0675438007012725));
#4180=CARTESIAN_POINT('',(0.0439926528263798,-0.00982911178173439,-0.0675436689883224));
#4181=CARTESIAN_POINT('',(0.0436028244209454,-0.00974012993902467,-0.0675428142608187));
#4182=CARTESIAN_POINT('',(0.0434722726232979,-0.00970984264471654,-0.0675424198248633));
#4183=CARTESIAN_POINT('',(0.0432755286540007,-0.00966346396275965,-0.0675416658408768));
#4184=CARTESIAN_POINT('',(0.0432097946188953,-0.00964784644527482,-0.0675413874578444));
#4185=CARTESIAN_POINT('',(0.0430780206629217,-0.00961629420858327,-0.0675407769081269));
#4186=CARTESIAN_POINT('',(0.0430038152986938,-0.00959761177685868,-0.0675402652937419));
#4187=CARTESIAN_POINT('',(0.0429457876479441,-0.00958426552495625,-0.0675400858460445));
#4188=CARTESIAN_POINT('',(0.0491452936120935,0.0140388523996505,-0.0201221454890362));
#4189=CARTESIAN_POINT('',(0.0491639791858165,0.0140462305611047,-0.0201532240509588));
#4190=CARTESIAN_POINT('',(0.0491950914726153,0.0140577205148125,-0.0202032479597888));
#4191=CARTESIAN_POINT('',(0.0492448492974738,0.0140764507887254,-0.0202842609508942));
#4192=CARTESIAN_POINT('',(0.0492697148574136,0.0140857700006991,-0.0203247376259482));
#4193=CARTESIAN_POINT('',(0.0493442714142217,0.0141135900604836,-0.0204460782439681));
#4194=CARTESIAN_POINT('',(0.0493939222881187,0.0141319533321894,-0.0205268527798299));
#4195=CARTESIAN_POINT('',(0.0495427138922812,0.0141864944312741,-0.0207688191921302));
#4196=CARTESIAN_POINT('',(0.049641693605625,0.0142221235434378,-0.0209296538739898));
#4197=CARTESIAN_POINT('',(0.0499379844513177,0.0143268286942961,-0.0214107325799819));
#4198=CARTESIAN_POINT('',(0.0501346472995404,0.0143937225611315,-0.0217295512763142));
#4199=CARTESIAN_POINT('',(0.0507220085343781,0.0145857763702172,-0.0226803331373109));
#4200=CARTESIAN_POINT('',(0.0511100797943475,0.0147023087436686,-0.0233066222706615));
#4201=CARTESIAN_POINT('',(0.0522635053955058,0.0150181946421255,-0.0251630031788538));
#4202=CARTESIAN_POINT('',(0.0530180752244182,0.015183840491371,-0.0263706118072552));
#4203=CARTESIAN_POINT('',(0.0552362900796186,0.0155522099047105,-0.0299050639004103));
#4204=CARTESIAN_POINT('',(0.0566545302480594,0.0156264167600948,-0.032143588494648));
#4205=CARTESIAN_POINT('',(0.0607061235720021,0.0153830833522244,-0.0385163741050635));
#4206=CARTESIAN_POINT('',(0.0631394573854237,0.0145994975371463,-0.0423081186813438));
#4207=CARTESIAN_POINT('',(0.0673047934450576,0.0120354351685569,-0.0490189209659913));
#4208=CARTESIAN_POINT('',(0.0690383153627743,0.0102497880125729,-0.051934671554827));
#4209=CARTESIAN_POINT('',(0.0715152467744394,0.00598450258125039,-0.0569612624138401));
#4210=CARTESIAN_POINT('',(0.0722510677482598,0.00350428515054344,-0.0590726864182017));
#4211=CARTESIAN_POINT('',(0.0723885339810052,-0.00163808714148445,-0.0626756185204));
#4212=CARTESIAN_POINT('',(0.0717864085897759,-0.00430316853505382,-0.0641828682934861));
#4213=CARTESIAN_POINT('',(0.069034221967273,-0.00916128445995688,-0.0666265500922042));
#4214=CARTESIAN_POINT('',(0.0668650008288487,-0.0113273916542344,-0.0675357593383104));
#4215=CARTESIAN_POINT('',(0.0613595429102238,-0.0143991294111131,-0.0686474468781207));
#4216=CARTESIAN_POINT('',(0.0580739851977676,-0.0153142233824478,-0.0688619011452723));
#4217=CARTESIAN_POINT('',(0.0525343365630861,-0.0157081639957158,-0.0688822428838371));
#4218=CARTESIAN_POINT('',(0.0505795004909149,-0.0156788653608689,-0.068839412582769));
#4219=CARTESIAN_POINT('',(0.0474709751878252,-0.0153875815827896,-0.0687223814115865));
#4220=CARTESIAN_POINT('',(0.0464052887457382,-0.0152491584226094,-0.068674499384425));
#4221=CARTESIAN_POINT('',(0.0447600599633132,-0.0149778033064327,-0.0685914738431683));
#4222=CARTESIAN_POINT('',(0.0442038648575211,-0.0148767253793135,-0.0685619278310719));
#4223=CARTESIAN_POINT('',(0.0433575776737584,-0.0147089018214187,-0.0685150350365229));
#4224=CARTESIAN_POINT('',(0.0430734828189461,-0.0146502591896524,-0.0684989749461355));
#4225=CARTESIAN_POINT('',(0.0426443021508032,-0.0145582067811289,-0.0684742684612029));
#4226=CARTESIAN_POINT('',(0.0425007355303534,-0.0145268412156103,-0.0684659302302274));
#4227=CARTESIAN_POINT('',(0.0422846210450184,-0.0144787660179698,-0.068453272106503));
#4228=CARTESIAN_POINT('',(0.0422124554575339,-0.0144625698093951,-0.0684490276017198));
#4229=CARTESIAN_POINT('',(0.0420678686056143,-0.0144298343089898,-0.0684404888784304));
#4230=CARTESIAN_POINT('',(0.0419841036872425,-0.0144102386684457,-0.0684340352576274));
#4231=CARTESIAN_POINT('',(0.0419228978259132,-0.0143965837803617,-0.0684318758553388));
#4232=CARTESIAN_POINT('',(0.0448151665931714,0.0140388523996505,-0.0226221454890362));
#4233=CARTESIAN_POINT('',(0.0448338170017175,0.0140468728752748,-0.0226531631430857));
#4234=CARTESIAN_POINT('',(0.0448648245793421,0.0140602915974954,-0.0227030046882784));
#4235=CARTESIAN_POINT('',(0.0449144449014583,0.0140815984431974,-0.0227837754932987));
#4236=CARTESIAN_POINT('',(0.0449392425026517,0.0140922077726173,-0.0228241314380314));
#4237=CARTESIAN_POINT('',(0.0450135975800356,0.0141239036960727,-0.0229451109615201));
#4238=CARTESIAN_POINT('',(0.0450631173300229,0.0141448582253243,-0.0230256462295857));
#4239=CARTESIAN_POINT('',(0.0452115253026748,0.014207195276067,-0.0232668992908865));
#4240=CARTESIAN_POINT('',(0.0453102622479037,0.0142480512612286,-0.0234272643416625));
#4241=CARTESIAN_POINT('',(0.045605864998642,0.0143685268214457,-0.0239069525061258));
#4242=CARTESIAN_POINT('',(0.0458021227172491,0.014446054013145,-0.0242248686394258));
#4243=CARTESIAN_POINT('',(0.046388439797667,0.0146703756222771,-0.0251730207008493));
#4244=CARTESIAN_POINT('',(0.0467760430561833,0.0148089102765466,-0.0257976604145848));
#4245=CARTESIAN_POINT('',(0.0479288396874396,0.0151923445309577,-0.0276494429009773));
#4246=CARTESIAN_POINT('',(0.0486840196386046,0.0154050780903424,-0.0288544510812309));
#4247=CARTESIAN_POINT('',(0.0509080094848947,0.0159214438295314,-0.0323828490287889));
#4248=CARTESIAN_POINT('',(0.0523352767808649,0.0161033194203013,-0.0346196437133167));
#4249=CARTESIAN_POINT('',(0.0564389102971255,0.0162140882368625,-0.0409977580285298));
#4250=CARTESIAN_POINT('',(0.058938748579749,0.015710450420356,-0.0448068569988374));
#4251=CARTESIAN_POINT('',(0.0633851585888386,0.0137855229024251,-0.0516068775872743));
#4252=CARTESIAN_POINT('',(0.0653385817543761,0.0123630399426384,-0.0545958449796826));
#4253=CARTESIAN_POINT('',(0.06848362943146,0.00876704229113155,-0.0598426640753154));
#4254=CARTESIAN_POINT('',(0.0696744713709574,0.00658246174604199,-0.0621012820463095));
#4255=CARTESIAN_POINT('',(0.0707836488210955,0.0017317724619469,-0.066045307141311));
#4256=CARTESIAN_POINT('',(0.070680922514032,-0.000943250257218916,-0.0677456235850275));
#4257=CARTESIAN_POINT('',(0.0686995661977204,-0.0060766793433267,-0.0705733959674106));
#4258=CARTESIAN_POINT('',(0.0668007364452747,-0.00849627444173558,-0.0716722797015029));
#4259=CARTESIAN_POINT('',(0.0616130885127619,-0.012128145776514,-0.0731093414599161));
#4260=CARTESIAN_POINT('',(0.0583831166583391,-0.0133488205347959,-0.0734592229209453));
#4261=CARTESIAN_POINT('',(0.0528450404609931,-0.0141753333384859,-0.0736338034480018));
#4262=CARTESIAN_POINT('',(0.0508769877486702,-0.0142866291672017,-0.0736345277835225));
#4263=CARTESIAN_POINT('',(0.0477351682061472,-0.0141973630649022,-0.0735719761830978));
#4264=CARTESIAN_POINT('',(0.0466561210801384,-0.0141248227190624,-0.0735404551785169));
#4265=CARTESIAN_POINT('',(0.0449881940591801,-0.0139498504182516,-0.0734794602435256));
#4266=CARTESIAN_POINT('',(0.0444239889419411,-0.0138804943011717,-0.0734568396669757));
#4267=CARTESIAN_POINT('',(0.0435651035514605,-0.01375962196,-0.073419734208595));
#4268=CARTESIAN_POINT('',(0.0432767120320419,-0.0137165245450723,-0.0734068364445498));
#4269=CARTESIAN_POINT('',(0.0428409502421813,-0.013647629856754,-0.0733867266991696));
#4270=CARTESIAN_POINT('',(0.0426951672231006,-0.0136239568506939,-0.0733798962572368));
#4271=CARTESIAN_POINT('',(0.0424756952887943,-0.0135873802125307,-0.0733694635666454));
#4272=CARTESIAN_POINT('',(0.0424024050762371,-0.0135750101440454,-0.0733659548312127));
#4273=CARTESIAN_POINT('',(0.0422555582181297,-0.0135499134571019,-0.073358875636413));
#4274=CARTESIAN_POINT('',(0.0421700875872843,-0.0135360334502134,-0.0733535046701436));
#4275=CARTESIAN_POINT('',(0.0421083113946,-0.0135242815224121,-0.0733517041632499));
#4276=CARTESIAN_POINT('',(0.0453349458202158,0.00914811439598143,-0.0235224295189961));
#4277=CARTESIAN_POINT('',(0.0453524200532851,0.00915587155345367,-0.0235526957784955));
#4278=CARTESIAN_POINT('',(0.0453798964058544,0.00916850232492674,-0.0236002821385863));
#4279=CARTESIAN_POINT('',(0.0454248012233722,0.00918876393820958,-0.0236780433659153));
#4280=CARTESIAN_POINT('',(0.0454472383695465,0.00919885266780465,-0.0237168935235087));
#4281=CARTESIAN_POINT('',(0.045514503961467,0.00922899287911951,-0.0238333527002824));
#4282=CARTESIAN_POINT('',(0.0455592865605923,0.00924891838333626,-0.0239108704234392));
#4283=CARTESIAN_POINT('',(0.0456934505015434,0.00930819301534648,-0.0241430589867025));
#4284=CARTESIAN_POINT('',(0.0457826479865869,0.00934704026237687,-0.0242973652204487));
#4285=CARTESIAN_POINT('',(0.0460495012682713,0.00946159071736881,-0.0247588301239101));
#4286=CARTESIAN_POINT('',(0.0462264178854068,0.0095353026381892,-0.0250645349936487));
#4287=CARTESIAN_POINT('',(0.0467541812654019,0.00974860318314436,-0.0259758715008853));
#4288=CARTESIAN_POINT('',(0.0471020414513645,0.00988035657963565,-0.0265757249999896));
#4289=CARTESIAN_POINT('',(0.0481334413634011,0.0102453157647248,-0.0283524710115558));
#4290=CARTESIAN_POINT('',(0.0488047984718452,0.0104482206092159,-0.0295065483964834));
#4291=CARTESIAN_POINT('',(0.0507683309880519,0.0109440527755516,-0.0328799267952606));
#4292=CARTESIAN_POINT('',(0.0520099264040598,0.0111241111913522,-0.0350103623471842));
#4293=CARTESIAN_POINT('',(0.0555192398193179,0.0112791432287779,-0.0410658608946977));
#4294=CARTESIAN_POINT('',(0.0575707512836287,0.0108701828833611,-0.0446550044534591));
#4295=CARTESIAN_POINT('',(0.061044426070024,0.00936632978637964,-0.0510461913094237));
#4296=CARTESIAN_POINT('',(0.0624692552766405,0.00827342570398552,-0.0538489110524662));
#4297=CARTESIAN_POINT('',(0.0646341819123182,0.00567650348703162,-0.0587720506822315));
#4298=CARTESIAN_POINT('',(0.0653776823167766,0.00416724199891958,-0.0608925618345908));
#4299=CARTESIAN_POINT('',(0.0660011210917775,0.000959287982764767,-0.0645328973468601));
#4300=CARTESIAN_POINT('',(0.0658724138803156,-0.000742398275828724,-0.0660523055272739));
#4301=CARTESIAN_POINT('',(0.0645111108348096,-0.00397016361882126,-0.0685612190362075));
#4302=CARTESIAN_POINT('',(0.0632779950849285,-0.00549030074542644,-0.0695500496499395));
#4303=CARTESIAN_POINT('',(0.0596148644866766,-0.00791087336889743,-0.0710669998739702));
#4304=CARTESIAN_POINT('',(0.0571889332691698,-0.00881077642925901,-0.0715949832139858));
#4305=CARTESIAN_POINT('',(0.0526234427288952,-0.00940580257661445,-0.0721085828899464));
#4306=CARTESIAN_POINT('',(0.0509471270664038,-0.00947869166929893,-0.0722335329129541));
#4307=CARTESIAN_POINT('',(0.0481955424218531,-0.00936595374069807,-0.0723609717204889));
#4308=CARTESIAN_POINT('',(0.0472388201532494,-0.00929137379994618,-0.0723934585665444));
#4309=CARTESIAN_POINT('',(0.045743694781608,-0.00911985550604431,-0.0724284084942208));
#4310=CARTESIAN_POINT('',(0.0452353121314309,-0.00905274189747827,-0.0724377619404895));
#4311=CARTESIAN_POINT('',(0.0444576283164473,-0.00893664643543759,-0.0724484998733447));
#4312=CARTESIAN_POINT('',(0.0441958820394759,-0.00889537713715414,-0.0724515304867376));
#4313=CARTESIAN_POINT('',(0.0437994725123233,-0.00882955301464991,-0.0724552724987849));
#4314=CARTESIAN_POINT('',(0.0436667043160449,-0.00880695827980025,-0.0724563858518732));
#4315=CARTESIAN_POINT('',(0.0434666028977768,-0.0087720781573206,-0.072457857301019));
#4316=CARTESIAN_POINT('',(0.0433997442375985,-0.00876028677992519,-0.0724583146873373));
#4317=CARTESIAN_POINT('',(0.043265710275437,-0.00873637335669535,-0.0724591636661095));
#4318=CARTESIAN_POINT('',(0.0431897991987357,-0.00872340655862633,-0.0724597347062581));
#4319=CARTESIAN_POINT('',(0.0431312012166308,-0.00871196326700661,-0.0724599141539555));
#4320=CARTESIAN_POINT('',(0.0458547250472601,0.0042573763923124,-0.0244227135489558));
#4321=CARTESIAN_POINT('',(0.0458710231048528,0.00426487023163251,-0.0244522284139053));
#4322=CARTESIAN_POINT('',(0.0458949682323666,0.0042767130523581,-0.024497559588894));
#4323=CARTESIAN_POINT('',(0.045935157545286,0.00429592943322175,-0.0245723112385319));
#4324=CARTESIAN_POINT('',(0.0459552342364413,0.00430549756299193,-0.024609655608986));
#4325=CARTESIAN_POINT('',(0.0460154103428985,0.0043340820621663,-0.0247215944390446));
#4326=CARTESIAN_POINT('',(0.0460554557911617,0.00435297854134818,-0.0247960946172927));
#4327=CARTESIAN_POINT('',(0.046175375700412,0.004409190754626,-0.0250192186825184));
#4328=CARTESIAN_POINT('',(0.0462550337252701,0.00444602926352511,-0.025167466099235));
#4329=CARTESIAN_POINT('',(0.0464931375379005,0.00455465461329187,-0.0256107077416943));
#4330=CARTESIAN_POINT('',(0.0466507130535645,0.00462455126323338,-0.0259042013478717));
#4331=CARTESIAN_POINT('',(0.0471199227331368,0.00482683074401158,-0.0267787223009212));
#4332=CARTESIAN_POINT('',(0.0474280398465457,0.00495180288272466,-0.0273537895853943));
#4333=CARTESIAN_POINT('',(0.0483380430393625,0.00529828699849198,-0.0290554991221342));
#4334=CARTESIAN_POINT('',(0.0489255773050857,0.0054913631280894,-0.0301586457117357));
#4335=CARTESIAN_POINT('',(0.0506286524912089,0.00596666172157179,-0.0333770045617323));
#4336=CARTESIAN_POINT('',(0.0516845760272545,0.00614490296240313,-0.0354010809810516));
#4337=CARTESIAN_POINT('',(0.0545995693415103,0.00634419822069324,-0.0411339637608656));
#4338=CARTESIAN_POINT('',(0.0562027539875083,0.0060299153463661,-0.0445031519080809));
#4339=CARTESIAN_POINT('',(0.0587036935512093,0.00494713667033422,-0.050485505031573));
#4340=CARTESIAN_POINT('',(0.0595999287989049,0.00418381146533262,-0.0531019771252497));
#4341=CARTESIAN_POINT('',(0.0607847343931764,0.00258596468293168,-0.0577014372891475));
#4342=CARTESIAN_POINT('',(0.0610808932625958,0.00175202225179715,-0.0596838416228719));
#4343=CARTESIAN_POINT('',(0.0612185933624595,0.000186803503582636,-0.0630204875524092));
#4344=CARTESIAN_POINT('',(0.0610639052465991,-0.000541546294438527,-0.0643589874695203));
#4345=CARTESIAN_POINT('',(0.0603226554718989,-0.00186364789431582,-0.0665490421050045));
#4346=CARTESIAN_POINT('',(0.0597552537245823,-0.00248432704911729,-0.067427819598376));
#4347=CARTESIAN_POINT('',(0.0576166404605914,-0.00369360096128081,-0.0690246582880243));
#4348=CARTESIAN_POINT('',(0.0559947498800004,-0.00427273232372214,-0.0697307435070263));
#4349=CARTESIAN_POINT('',(0.0524018449967973,-0.00463627181474305,-0.0705833623318909));
#4350=CARTESIAN_POINT('',(0.0510172663841374,-0.00467075417139616,-0.0708325380423855));
#4351=CARTESIAN_POINT('',(0.0486559166375589,-0.00453454441649395,-0.0711499672578801));
#4352=CARTESIAN_POINT('',(0.0478215192263602,-0.00445792488082994,-0.0712464619545718));
#4353=CARTESIAN_POINT('',(0.0464991955040359,-0.00428986059383701,-0.071377356744916));
#4354=CARTESIAN_POINT('',(0.0460466353209207,-0.00422498949378489,-0.0714186842140032));
#4355=CARTESIAN_POINT('',(0.045350153081434,-0.00411367091087522,-0.0714772655380942));
#4356=CARTESIAN_POINT('',(0.04511505204691,-0.00407422972923596,-0.0714962245289254));
#4357=CARTESIAN_POINT('',(0.0447579947824653,-0.00401147617254585,-0.0715238182984002));
#4358=CARTESIAN_POINT('',(0.0446382414089891,-0.00398995970890657,-0.0715328754465094));
#4359=CARTESIAN_POINT('',(0.0444575105067593,-0.00395677610211043,-0.0715462510353925));
#4360=CARTESIAN_POINT('',(0.0443970833989598,-0.00394556341580496,-0.0715506745434619));
#4361=CARTESIAN_POINT('',(0.0442758623327442,-0.0039228332562888,-0.0715594516958059));
#4362=CARTESIAN_POINT('',(0.0442095108101868,-0.00391077966703931,-0.0715659647423725));
#4363=CARTESIAN_POINT('',(0.0441540910386617,-0.00389964501160116,-0.0715681241446612));
#4364=CARTESIAN_POINT('',(0.0501848520661824,0.0042573763923124,-0.0219227135489558));
#4365=CARTESIAN_POINT('',(0.0502011852889519,0.00426422791746241,-0.0219522893217783));
#4366=CARTESIAN_POINT('',(0.0502252351256397,0.00427414196967528,-0.0219978028604046));
#4367=CARTESIAN_POINT('',(0.0502655619413017,0.00429078177874972,-0.0220727966961272));
#4368=CARTESIAN_POINT('',(0.0502857065912031,0.00429905979107361,-0.0221102617969026));
#4369=CARTESIAN_POINT('',(0.0503460841770849,0.00432376842657725,-0.0222225617214928));
#4370=CARTESIAN_POINT('',(0.0503862607492572,0.00434007364821345,-0.0222973011675364));
#4371=CARTESIAN_POINT('',(0.0505065642900192,0.00438848990983279,-0.0225211385837627));
#4372=CARTESIAN_POINT('',(0.0505864650829914,0.00442010154573415,-0.0226698556315616));
#4373=CARTESIAN_POINT('',(0.0508252569905761,0.0045129564861426,-0.0231144878155517));
#4374=CARTESIAN_POINT('',(0.0509832376358557,0.00457221981121957,-0.0234088839847601));
#4375=CARTESIAN_POINT('',(0.0514534914698479,0.00474223149195228,-0.0242860347373827));
#4376=CARTESIAN_POINT('',(0.0517620765847122,0.00484520134984602,-0.024862751441471));
#4377=CARTESIAN_POINT('',(0.0526727087474241,0.00512413710966099,-0.0265690594000107));
#4378=CARTESIAN_POINT('',(0.0532596328909081,0.00527012552911576,-0.0276748064377508));
#4379=CARTESIAN_POINT('',(0.0549569330859147,0.0055974277967554,-0.0308992194333719));
#4380=CARTESIAN_POINT('',(0.0560038294944492,0.00566800030219858,-0.032925025762383));
#4381=CARTESIAN_POINT('',(0.0588667826163867,0.0055131933360511,-0.0386525798373993));
#4382=CARTESIAN_POINT('',(0.06040346279317,0.00491896246315317,-0.0420044135905872));
#4383=CARTESIAN_POINT('',(0.062623328407441,0.0031970489364693,-0.0478975484102899));
#4384=CARTESIAN_POINT('',(0.0632996624073135,0.00207055953526455,-0.0504408037003837));
#4385=CARTESIAN_POINT('',(0.0638163517361454,-0.000196575026946915,-0.0548200356276825));
#4386=CARTESIAN_POINT('',(0.0636574896399066,-0.0013261543437014,-0.0566552459947641));
#4387=CARTESIAN_POINT('',(0.0628234785223609,-0.00318305609984871,-0.0596507989314982));
#4388=CARTESIAN_POINT('',(0.0621693913223281,-0.00390146457226975,-0.060796232177979));
#4389=CARTESIAN_POINT('',(0.0606573112414663,-0.00494825301094966,-0.0626021962297981));
#4390=CARTESIAN_POINT('',(0.0598195181081563,-0.00531544426161607,-0.0632912992351834));
#4391=CARTESIAN_POINT('',(0.0573630948580533,-0.00596458459587985,-0.0645627637062289));
#4392=CARTESIAN_POINT('',(0.0556856184194287,-0.00623813517137404,-0.0651334217313747));
#4393=CARTESIAN_POINT('',(0.0520911410988903,-0.00616910247197304,-0.0658318017677154));
#4394=CARTESIAN_POINT('',(0.0507197791263886,-0.00606299036506336,-0.066037422841632));
#4395=CARTESIAN_POINT('',(0.0483917236192338,-0.00572476293438136,-0.0663003724863688));
#4396=CARTESIAN_POINT('',(0.0475706868919566,-0.00558226058437863,-0.0663805061604799));
#4397=CARTESIAN_POINT('',(0.0462710614081708,-0.00531781348201729,-0.0664893703445587));
#4398=CARTESIAN_POINT('',(0.0458265112364988,-0.00522122057192673,-0.0665237723780994));
#4399=CARTESIAN_POINT('',(0.0451426272037329,-0.00506295077229394,-0.0665725663660221));
#4400=CARTESIAN_POINT('',(0.0449118228338134,-0.00500796437381644,-0.0665883630305094));
#4401=CARTESIAN_POINT('',(0.0445613466910877,-0.00492205309692049,-0.0666113600604343));
#4402=CARTESIAN_POINT('',(0.0444438097162424,-0.00489284407382281,-0.0666189094194991));
#4403=CARTESIAN_POINT('',(0.0442664362629831,-0.00484816190754952,-0.0666300595752505));
#4404=CARTESIAN_POINT('',(0.0442071337802567,-0.00483312308115453,-0.066633747313969));
#4405=CARTESIAN_POINT('',(0.044088172720229,-0.00480275410817679,-0.0666410649378234));
#4406=CARTESIAN_POINT('',(0.044023526910145,-0.00478498488527166,-0.0666464953298563));
#4407=CARTESIAN_POINT('',(0.0439686774699749,-0.00477194726955081,-0.0666482958367501));
#4408=CARTESIAN_POINT('',(0.049665072839138,0.00914811439598143,-0.021022429518996));
#4409=CARTESIAN_POINT('',(0.0496825822373843,0.00915522923928358,-0.0210527566863686));
#4410=CARTESIAN_POINT('',(0.0497101632991275,0.00916593124224391,-0.0211005254100967));
#4411=CARTESIAN_POINT('',(0.0497552056193878,0.00918361628373754,-0.0211785288235107));
#4412=CARTESIAN_POINT('',(0.0497777107243083,0.00919241489588635,-0.0212174997114254));
#4413=CARTESIAN_POINT('',(0.0498451777956533,0.00921867924353041,-0.0213343199827304));
#4414=CARTESIAN_POINT('',(0.049890091518688,0.00923601349020145,-0.0214120769736832));
#4415=CARTESIAN_POINT('',(0.0500246390911502,0.00928749217055344,-0.0216449788879464));
#4416=CARTESIAN_POINT('',(0.0501140793443082,0.00932111254458599,-0.0217997547527757));
#4417=CARTESIAN_POINT('',(0.0503816207209469,0.00941989259021937,-0.0222626101977669));
#4418=CARTESIAN_POINT('',(0.0505589424676981,0.00948297118617555,-0.0225692176305372));
#4419=CARTESIAN_POINT('',(0.0510877500021131,0.00966400393108474,-0.0234831839373469));
#4420=CARTESIAN_POINT('',(0.0514360781895299,0.00977375504675731,-0.0240846868560663));
#4421=CARTESIAN_POINT('',(0.052468107071465,0.0100711658758932,-0.0258660312894323));
#4422=CARTESIAN_POINT('',(0.0531388540576632,0.0102269830102434,-0.0270227091225031));
#4423=CARTESIAN_POINT('',(0.0550966115827666,0.0105748188507329,-0.0304021416668911));
#4424=CARTESIAN_POINT('',(0.0563291798712543,0.0106472085311467,-0.0325343071285155));
#4425=CARTESIAN_POINT('',(0.0597864530941943,0.0104481383441378,-0.0385844769712314));
#4426=CARTESIAN_POINT('',(0.0617714600892969,0.00975923000014975,-0.0421562661359655));
#4427=CARTESIAN_POINT('',(0.0649640609262493,0.00761624205251312,-0.0484582346881406));
#4428=CARTESIAN_POINT('',(0.0661689888850439,0.00616017377391874,-0.0511877376276054));
#4429=CARTESIAN_POINT('',(0.0676657992552924,0.00289396377715173,-0.0558906490207613));
#4430=CARTESIAN_POINT('',(0.0679542786940832,0.00108906540342102,-0.0578639662064829));
#4431=CARTESIAN_POINT('',(0.0676060062516832,-0.00241057162066658,-0.0611632087259491));
#4432=CARTESIAN_POINT('',(0.066977899956052,-0.00410231655366179,-0.0624895502357326));
#4433=CARTESIAN_POINT('',(0.0648457666043697,-0.00705476873545328,-0.0646143731610012));
#4434=CARTESIAN_POINT('',(0.0633422594685026,-0.00832141795792521,-0.0654135292867469));
#4435=CARTESIAN_POINT('',(0.0593613188841385,-0.0101818570034965,-0.0666051052921749));
#4436=CARTESIAN_POINT('',(0.0568798018085982,-0.0107761792769109,-0.0669976614383235));
#4437=CARTESIAN_POINT('',(0.0523127388309883,-0.0109386332338444,-0.0673570223257762));
#4438=CARTESIAN_POINT('',(0.0506496398086518,-0.0108709278629661,-0.0674384177122004));
#4439=CARTESIAN_POINT('',(0.0479313494035295,-0.0105561722585855,-0.0675113769489777));
#4440=CARTESIAN_POINT('',(0.0469879878188474,-0.010415709503494,-0.0675275027724524));
#4441=CARTESIAN_POINT('',(0.0455155606857421,-0.010147808394225,-0.0675404220938636));
#4442=CARTESIAN_POINT('',(0.04501518804701,-0.0100489729756201,-0.0675428501045856));
#4443=CARTESIAN_POINT('',(0.0442501024387456,-0.00988592629685632,-0.0675438007012725));
#4444=CARTESIAN_POINT('',(0.0439926528263798,-0.00982911178173439,-0.0675436689883224));
#4445=CARTESIAN_POINT('',(0.0436028244209454,-0.00974012993902467,-0.0675428142608187));
#4446=CARTESIAN_POINT('',(0.0434722726232979,-0.00970984264471654,-0.0675424198248633));
#4447=CARTESIAN_POINT('',(0.0432755286540007,-0.00966346396275965,-0.0675416658408768));
#4448=CARTESIAN_POINT('',(0.0432097946188953,-0.00964784644527482,-0.0675413874578444));
#4449=CARTESIAN_POINT('',(0.0430780206629217,-0.00961629420858327,-0.0675407769081269));
#4450=CARTESIAN_POINT('',(0.0430038152986938,-0.00959761177685868,-0.0675402652937419));
#4451=CARTESIAN_POINT('',(0.0429457876479441,-0.00958426552495625,-0.0675400858460445));
#4452=CARTESIAN_POINT('',(0.0475000093296769,0.00914811439598143,-0.0222724295189961));
#4453=CARTESIAN_POINT('',(0.049665072839138,0.00914811439598143,-0.021022429518996));
#4454=CARTESIAN_POINT('',(0.00446151489738944,-0.00914811439598143,0.052272429518996));
#4455=MECHANICAL_DESIGN_GEOMETRIC_PRESENTATION_REPRESENTATION('',(#322,
#323),#4468);
#4456=MECHANICAL_DESIGN_GEOMETRIC_PRESENTATION_REPRESENTATION('',(#324,
#325),#4469);
#4457=MECHANICAL_DESIGN_GEOMETRIC_PRESENTATION_REPRESENTATION('',(#326,
#327),#4470);
#4458=MECHANICAL_DESIGN_GEOMETRIC_PRESENTATION_REPRESENTATION('',(#328,
#329),#4471);
#4459=MECHANICAL_DESIGN_GEOMETRIC_PRESENTATION_REPRESENTATION('',(#330,
#331),#4472);
#4460=MECHANICAL_DESIGN_GEOMETRIC_PRESENTATION_REPRESENTATION('',(#332,
#333),#4473);
#4461=MECHANICAL_DESIGN_GEOMETRIC_PRESENTATION_REPRESENTATION('',(#334,
#335),#4474);
#4462=MECHANICAL_DESIGN_GEOMETRIC_PRESENTATION_REPRESENTATION('',(#336,
#337),#4475);
#4463=MECHANICAL_DESIGN_GEOMETRIC_PRESENTATION_REPRESENTATION('',(#338,
#339),#4476);
#4464=MECHANICAL_DESIGN_GEOMETRIC_PRESENTATION_REPRESENTATION('',(#340,
#341),#4477);
#4465=MECHANICAL_DESIGN_GEOMETRIC_PRESENTATION_REPRESENTATION('',(#342,
#343),#4478);
#4466=MECHANICAL_DESIGN_GEOMETRIC_PRESENTATION_REPRESENTATION('',(#344,
#345),#4479);
#4467=MECHANICAL_DESIGN_GEOMETRIC_PRESENTATION_REPRESENTATION('',(#346),
#4480);
#4468=(
GEOMETRIC_REPRESENTATION_CONTEXT(3)
GLOBAL_UNCERTAINTY_ASSIGNED_CONTEXT((#4481))
GLOBAL_UNIT_ASSIGNED_CONTEXT((#4520,#4507,#4494))
REPRESENTATION_CONTEXT('Curve 9','TOP_LEVEL_ASSEMBLY_PART')
);
#4469=(
GEOMETRIC_REPRESENTATION_CONTEXT(3)
GLOBAL_UNCERTAINTY_ASSIGNED_CONTEXT((#4482))
GLOBAL_UNIT_ASSIGNED_CONTEXT((#4521,#4508,#4495))
REPRESENTATION_CONTEXT('Curve 7','TOP_LEVEL_ASSEMBLY_PART')
);
#4470=(
GEOMETRIC_REPRESENTATION_CONTEXT(3)
GLOBAL_UNCERTAINTY_ASSIGNED_CONTEXT((#4483))
GLOBAL_UNIT_ASSIGNED_CONTEXT((#4522,#4509,#4496))
REPRESENTATION_CONTEXT('Curve 8','TOP_LEVEL_ASSEMBLY_PART')
);
#4471=(
GEOMETRIC_REPRESENTATION_CONTEXT(3)
GLOBAL_UNCERTAINTY_ASSIGNED_CONTEXT((#4484))
GLOBAL_UNIT_ASSIGNED_CONTEXT((#4523,#4510,#4497))
REPRESENTATION_CONTEXT('Curve 10','TOP_LEVEL_ASSEMBLY_PART')
);
#4472=(
GEOMETRIC_REPRESENTATION_CONTEXT(3)
GLOBAL_UNCERTAINTY_ASSIGNED_CONTEXT((#4485))
GLOBAL_UNIT_ASSIGNED_CONTEXT((#4524,#4511,#4498))
REPRESENTATION_CONTEXT('Curve 3','TOP_LEVEL_ASSEMBLY_PART')
);
#4473=(
GEOMETRIC_REPRESENTATION_CONTEXT(3)
GLOBAL_UNCERTAINTY_ASSIGNED_CONTEXT((#4486))
GLOBAL_UNIT_ASSIGNED_CONTEXT((#4525,#4512,#4499))
REPRESENTATION_CONTEXT('Curve 1','TOP_LEVEL_ASSEMBLY_PART')
);
#4474=(
GEOMETRIC_REPRESENTATION_CONTEXT(3)
GLOBAL_UNCERTAINTY_ASSIGNED_CONTEXT((#4487))
GLOBAL_UNIT_ASSIGNED_CONTEXT((#4526,#4513,#4500))
REPRESENTATION_CONTEXT('Curve 2','TOP_LEVEL_ASSEMBLY_PART')
);
#4475=(
GEOMETRIC_REPRESENTATION_CONTEXT(3)
GLOBAL_UNCERTAINTY_ASSIGNED_CONTEXT((#4488))
GLOBAL_UNIT_ASSIGNED_CONTEXT((#4527,#4514,#4501))
REPRESENTATION_CONTEXT('Curve 11','TOP_LEVEL_ASSEMBLY_PART')
);
#4476=(
GEOMETRIC_REPRESENTATION_CONTEXT(3)
GLOBAL_UNCERTAINTY_ASSIGNED_CONTEXT((#4489))
GLOBAL_UNIT_ASSIGNED_CONTEXT((#4528,#4515,#4502))
REPRESENTATION_CONTEXT('Curve 4','TOP_LEVEL_ASSEMBLY_PART')
);
#4477=(
GEOMETRIC_REPRESENTATION_CONTEXT(3)
GLOBAL_UNCERTAINTY_ASSIGNED_CONTEXT((#4490))
GLOBAL_UNIT_ASSIGNED_CONTEXT((#4529,#4516,#4503))
REPRESENTATION_CONTEXT('Curve 12','TOP_LEVEL_ASSEMBLY_PART')
);
#4478=(
GEOMETRIC_REPRESENTATION_CONTEXT(3)
GLOBAL_UNCERTAINTY_ASSIGNED_CONTEXT((#4491))
GLOBAL_UNIT_ASSIGNED_CONTEXT((#4530,#4517,#4504))
REPRESENTATION_CONTEXT('Curve 5','TOP_LEVEL_ASSEMBLY_PART')
);
#4479=(
GEOMETRIC_REPRESENTATION_CONTEXT(3)
GLOBAL_UNCERTAINTY_ASSIGNED_CONTEXT((#4492))
GLOBAL_UNIT_ASSIGNED_CONTEXT((#4531,#4518,#4505))
REPRESENTATION_CONTEXT('Curve 6','TOP_LEVEL_ASSEMBLY_PART')
);
#4480=(
GEOMETRIC_REPRESENTATION_CONTEXT(3)
GLOBAL_UNCERTAINTY_ASSIGNED_CONTEXT((#4493))
GLOBAL_UNIT_ASSIGNED_CONTEXT((#4532,#4519,#4506))
REPRESENTATION_CONTEXT('Part 1','TOP_LEVEL_ASSEMBLY_PART')
);
#4481=UNCERTAINTY_MEASURE_WITH_UNIT(LENGTH_MEASURE(1.E-8),#4520,
'DISTANCE_ACCURACY_VALUE','Maximum Tolerance applied to model');
#4482=UNCERTAINTY_MEASURE_WITH_UNIT(LENGTH_MEASURE(1.E-8),#4521,
'DISTANCE_ACCURACY_VALUE','Maximum Tolerance applied to model');
#4483=UNCERTAINTY_MEASURE_WITH_UNIT(LENGTH_MEASURE(1.E-8),#4522,
'DISTANCE_ACCURACY_VALUE','Maximum Tolerance applied to model');
#4484=UNCERTAINTY_MEASURE_WITH_UNIT(LENGTH_MEASURE(1.E-8),#4523,
'DISTANCE_ACCURACY_VALUE','Maximum Tolerance applied to model');
#4485=UNCERTAINTY_MEASURE_WITH_UNIT(LENGTH_MEASURE(1.E-8),#4524,
'DISTANCE_ACCURACY_VALUE','Maximum Tolerance applied to model');
#4486=UNCERTAINTY_MEASURE_WITH_UNIT(LENGTH_MEASURE(1.E-8),#4525,
'DISTANCE_ACCURACY_VALUE','Maximum Tolerance applied to model');
#4487=UNCERTAINTY_MEASURE_WITH_UNIT(LENGTH_MEASURE(1.E-8),#4526,
'DISTANCE_ACCURACY_VALUE','Maximum Tolerance applied to model');
#4488=UNCERTAINTY_MEASURE_WITH_UNIT(LENGTH_MEASURE(1.E-8),#4527,
'DISTANCE_ACCURACY_VALUE','Maximum Tolerance applied to model');
#4489=UNCERTAINTY_MEASURE_WITH_UNIT(LENGTH_MEASURE(1.E-8),#4528,
'DISTANCE_ACCURACY_VALUE','Maximum Tolerance applied to model');
#4490=UNCERTAINTY_MEASURE_WITH_UNIT(LENGTH_MEASURE(1.E-8),#4529,
'DISTANCE_ACCURACY_VALUE','Maximum Tolerance applied to model');
#4491=UNCERTAINTY_MEASURE_WITH_UNIT(LENGTH_MEASURE(1.E-8),#4530,
'DISTANCE_ACCURACY_VALUE','Maximum Tolerance applied to model');
#4492=UNCERTAINTY_MEASURE_WITH_UNIT(LENGTH_MEASURE(1.E-8),#4531,
'DISTANCE_ACCURACY_VALUE','Maximum Tolerance applied to model');
#4493=UNCERTAINTY_MEASURE_WITH_UNIT(LENGTH_MEASURE(1.E-8),#4532,
'DISTANCE_ACCURACY_VALUE','Maximum Tolerance applied to model');
#4494=(
NAMED_UNIT(*)
SI_UNIT($,.STERADIAN.)
SOLID_ANGLE_UNIT()
);
#4495=(
NAMED_UNIT(*)
SI_UNIT($,.STERADIAN.)
SOLID_ANGLE_UNIT()
);
#4496=(
NAMED_UNIT(*)
SI_UNIT($,.STERADIAN.)
SOLID_ANGLE_UNIT()
);
#4497=(
NAMED_UNIT(*)
SI_UNIT($,.STERADIAN.)
SOLID_ANGLE_UNIT()
);
#4498=(
NAMED_UNIT(*)
SI_UNIT($,.STERADIAN.)
SOLID_ANGLE_UNIT()
);
#4499=(
NAMED_UNIT(*)
SI_UNIT($,.STERADIAN.)
SOLID_ANGLE_UNIT()
);
#4500=(
NAMED_UNIT(*)
SI_UNIT($,.STERADIAN.)
SOLID_ANGLE_UNIT()
);
#4501=(
NAMED_UNIT(*)
SI_UNIT($,.STERADIAN.)
SOLID_ANGLE_UNIT()
);
#4502=(
NAMED_UNIT(*)
SI_UNIT($,.STERADIAN.)
SOLID_ANGLE_UNIT()
);
#4503=(
NAMED_UNIT(*)
SI_UNIT($,.STERADIAN.)
SOLID_ANGLE_UNIT()
);
#4504=(
NAMED_UNIT(*)
SI_UNIT($,.STERADIAN.)
SOLID_ANGLE_UNIT()
);
#4505=(
NAMED_UNIT(*)
SI_UNIT($,.STERADIAN.)
SOLID_ANGLE_UNIT()
);
#4506=(
NAMED_UNIT(*)
SI_UNIT($,.STERADIAN.)
SOLID_ANGLE_UNIT()
);
#4507=(
NAMED_UNIT(*)
PLANE_ANGLE_UNIT()
SI_UNIT($,.RADIAN.)
);
#4508=(
NAMED_UNIT(*)
PLANE_ANGLE_UNIT()
SI_UNIT($,.RADIAN.)
);
#4509=(
NAMED_UNIT(*)
PLANE_ANGLE_UNIT()
SI_UNIT($,.RADIAN.)
);
#4510=(
NAMED_UNIT(*)
PLANE_ANGLE_UNIT()
SI_UNIT($,.RADIAN.)
);
#4511=(
NAMED_UNIT(*)
PLANE_ANGLE_UNIT()
SI_UNIT($,.RADIAN.)
);
#4512=(
NAMED_UNIT(*)
PLANE_ANGLE_UNIT()
SI_UNIT($,.RADIAN.)
);
#4513=(
NAMED_UNIT(*)
PLANE_ANGLE_UNIT()
SI_UNIT($,.RADIAN.)
);
#4514=(
NAMED_UNIT(*)
PLANE_ANGLE_UNIT()
SI_UNIT($,.RADIAN.)
);
#4515=(
NAMED_UNIT(*)
PLANE_ANGLE_UNIT()
SI_UNIT($,.RADIAN.)
);
#4516=(
NAMED_UNIT(*)
PLANE_ANGLE_UNIT()
SI_UNIT($,.RADIAN.)
);
#4517=(
NAMED_UNIT(*)
PLANE_ANGLE_UNIT()
SI_UNIT($,.RADIAN.)
);
#4518=(
NAMED_UNIT(*)
PLANE_ANGLE_UNIT()
SI_UNIT($,.RADIAN.)
);
#4519=(
NAMED_UNIT(*)
PLANE_ANGLE_UNIT()
SI_UNIT($,.RADIAN.)
);
#4520=(
LENGTH_UNIT()
NAMED_UNIT(*)
SI_UNIT($,.METRE.)
);
#4521=(
LENGTH_UNIT()
NAMED_UNIT(*)
SI_UNIT($,.METRE.)
);
#4522=(
LENGTH_UNIT()
NAMED_UNIT(*)
SI_UNIT($,.METRE.)
);
#4523=(
LENGTH_UNIT()
NAMED_UNIT(*)
SI_UNIT($,.METRE.)
);
#4524=(
LENGTH_UNIT()
NAMED_UNIT(*)
SI_UNIT($,.METRE.)
);
#4525=(
LENGTH_UNIT()
NAMED_UNIT(*)
SI_UNIT($,.METRE.)
);
#4526=(
LENGTH_UNIT()
NAMED_UNIT(*)
SI_UNIT($,.METRE.)
);
#4527=(
LENGTH_UNIT()
NAMED_UNIT(*)
SI_UNIT($,.METRE.)
);
#4528=(
LENGTH_UNIT()
NAMED_UNIT(*)
SI_UNIT($,.METRE.)
);
#4529=(
LENGTH_UNIT()
NAMED_UNIT(*)
SI_UNIT($,.METRE.)
);
#4530=(
LENGTH_UNIT()
NAMED_UNIT(*)
SI_UNIT($,.METRE.)
);
#4531=(
LENGTH_UNIT()
NAMED_UNIT(*)
SI_UNIT($,.METRE.)
);
#4532=(
LENGTH_UNIT()
NAMED_UNIT(*)
SI_UNIT($,.METRE.)
);
#4533=PRODUCT_DEFINITION_SHAPE('','',#4546);
#4534=PRODUCT_DEFINITION_SHAPE('','',#4547);
#4535=PRODUCT_DEFINITION_SHAPE('','',#4548);
#4536=PRODUCT_DEFINITION_SHAPE('','',#4549);
#4537=PRODUCT_DEFINITION_SHAPE('','',#4550);
#4538=PRODUCT_DEFINITION_SHAPE('','',#4551);
#4539=PRODUCT_DEFINITION_SHAPE('','',#4552);
#4540=PRODUCT_DEFINITION_SHAPE('','',#4553);
#4541=PRODUCT_DEFINITION_SHAPE('','',#4554);
#4542=PRODUCT_DEFINITION_SHAPE('','',#4555);
#4543=PRODUCT_DEFINITION_SHAPE('','',#4556);
#4544=PRODUCT_DEFINITION_SHAPE('','',#4557);
#4545=PRODUCT_DEFINITION_SHAPE('','',#4558);
#4546=PRODUCT_DEFINITION('','',#4572,#4559);
#4547=PRODUCT_DEFINITION('','',#4573,#4560);
#4548=PRODUCT_DEFINITION('','',#4574,#4561);
#4549=PRODUCT_DEFINITION('','',#4575,#4562);
#4550=PRODUCT_DEFINITION('','',#4576,#4563);
#4551=PRODUCT_DEFINITION('','',#4577,#4564);
#4552=PRODUCT_DEFINITION('','',#4578,#4565);
#4553=PRODUCT_DEFINITION('','',#4579,#4566);
#4554=PRODUCT_DEFINITION('','',#4580,#4567);
#4555=PRODUCT_DEFINITION('','',#4581,#4568);
#4556=PRODUCT_DEFINITION('','',#4582,#4569);
#4557=PRODUCT_DEFINITION('','',#4583,#4570);
#4558=PRODUCT_DEFINITION('','',#4584,#4571);
#4559=PRODUCT_DEFINITION_CONTEXT('',#4650,'design');
#4560=PRODUCT_DEFINITION_CONTEXT('',#4651,'design');
#4561=PRODUCT_DEFINITION_CONTEXT('',#4652,'design');
#4562=PRODUCT_DEFINITION_CONTEXT('',#4653,'design');
#4563=PRODUCT_DEFINITION_CONTEXT('',#4654,'design');
#4564=PRODUCT_DEFINITION_CONTEXT('',#4655,'design');
#4565=PRODUCT_DEFINITION_CONTEXT('',#4656,'design');
#4566=PRODUCT_DEFINITION_CONTEXT('',#4657,'design');
#4567=PRODUCT_DEFINITION_CONTEXT('',#4658,'design');
#4568=PRODUCT_DEFINITION_CONTEXT('',#4659,'design');
#4569=PRODUCT_DEFINITION_CONTEXT('',#4660,'design');
#4570=PRODUCT_DEFINITION_CONTEXT('',#4661,'design');
#4571=PRODUCT_DEFINITION_CONTEXT('',#4662,'design');
#4572=PRODUCT_DEFINITION_FORMATION_WITH_SPECIFIED_SOURCE('','',#4598,
 .NOT_KNOWN.);
#4573=PRODUCT_DEFINITION_FORMATION_WITH_SPECIFIED_SOURCE('','',#4599,
 .NOT_KNOWN.);
#4574=PRODUCT_DEFINITION_FORMATION_WITH_SPECIFIED_SOURCE('','',#4600,
 .NOT_KNOWN.);
#4575=PRODUCT_DEFINITION_FORMATION_WITH_SPECIFIED_SOURCE('','',#4601,
 .NOT_KNOWN.);
#4576=PRODUCT_DEFINITION_FORMATION_WITH_SPECIFIED_SOURCE('','',#4602,
 .NOT_KNOWN.);
#4577=PRODUCT_DEFINITION_FORMATION_WITH_SPECIFIED_SOURCE('','',#4603,
 .NOT_KNOWN.);
#4578=PRODUCT_DEFINITION_FORMATION_WITH_SPECIFIED_SOURCE('','',#4604,
 .NOT_KNOWN.);
#4579=PRODUCT_DEFINITION_FORMATION_WITH_SPECIFIED_SOURCE('','',#4605,
 .NOT_KNOWN.);
#4580=PRODUCT_DEFINITION_FORMATION_WITH_SPECIFIED_SOURCE('','',#4606,
 .NOT_KNOWN.);
#4581=PRODUCT_DEFINITION_FORMATION_WITH_SPECIFIED_SOURCE('','',#4607,
 .NOT_KNOWN.);
#4582=PRODUCT_DEFINITION_FORMATION_WITH_SPECIFIED_SOURCE('','',#4608,
 .NOT_KNOWN.);
#4583=PRODUCT_DEFINITION_FORMATION_WITH_SPECIFIED_SOURCE('','',#4609,
 .NOT_KNOWN.);
#4584=PRODUCT_DEFINITION_FORMATION_WITH_SPECIFIED_SOURCE('','',#4610,
 .NOT_KNOWN.);
#4585=PRODUCT_RELATED_PRODUCT_CATEGORY('','',(#4598));
#4586=PRODUCT_RELATED_PRODUCT_CATEGORY('','',(#4599));
#4587=PRODUCT_RELATED_PRODUCT_CATEGORY('','',(#4600));
#4588=PRODUCT_RELATED_PRODUCT_CATEGORY('','',(#4601));
#4589=PRODUCT_RELATED_PRODUCT_CATEGORY('','',(#4602));
#4590=PRODUCT_RELATED_PRODUCT_CATEGORY('','',(#4603));
#4591=PRODUCT_RELATED_PRODUCT_CATEGORY('','',(#4604));
#4592=PRODUCT_RELATED_PRODUCT_CATEGORY('','',(#4605));
#4593=PRODUCT_RELATED_PRODUCT_CATEGORY('','',(#4606));
#4594=PRODUCT_RELATED_PRODUCT_CATEGORY('','',(#4607));
#4595=PRODUCT_RELATED_PRODUCT_CATEGORY('','',(#4608));
#4596=PRODUCT_RELATED_PRODUCT_CATEGORY('','',(#4609));
#4597=PRODUCT_RELATED_PRODUCT_CATEGORY('','',(#4610));
#4598=PRODUCT('Curve 9','Curve 9','Curve 9',(#4624));
#4599=PRODUCT('Curve 7','Curve 7','Curve 7',(#4625));
#4600=PRODUCT('Curve 8','Curve 8','Curve 8',(#4626));
#4601=PRODUCT('Curve 10','Curve 10','Curve 10',(#4627));
#4602=PRODUCT('Curve 3','Curve 3','Curve 3',(#4628));
#4603=PRODUCT('Curve 1','Curve 1','Curve 1',(#4629));
#4604=PRODUCT('Curve 2','Curve 2','Curve 2',(#4630));
#4605=PRODUCT('Curve 11','Curve 11','Curve 11',(#4631));
#4606=PRODUCT('Curve 4','Curve 4','Curve 4',(#4632));
#4607=PRODUCT('Curve 12','Curve 12','Curve 12',(#4633));
#4608=PRODUCT('Curve 5','Curve 5','Curve 5',(#4634));
#4609=PRODUCT('Curve 6','Curve 6','Curve 6',(#4635));
#4610=PRODUCT('Part 1','Part 1','Part 1',(#4636));
#4611=PRODUCT_CATEGORY('','');
#4612=PRODUCT_CATEGORY('','');
#4613=PRODUCT_CATEGORY('','');
#4614=PRODUCT_CATEGORY('','');
#4615=PRODUCT_CATEGORY('','');
#4616=PRODUCT_CATEGORY('','');
#4617=PRODUCT_CATEGORY('','');
#4618=PRODUCT_CATEGORY('','');
#4619=PRODUCT_CATEGORY('','');
#4620=PRODUCT_CATEGORY('','');
#4621=PRODUCT_CATEGORY('','');
#4622=PRODUCT_CATEGORY('','');
#4623=PRODUCT_CATEGORY('','');
#4624=PRODUCT_CONTEXT('',#4650,'mechanical');
#4625=PRODUCT_CONTEXT('',#4651,'mechanical');
#4626=PRODUCT_CONTEXT('',#4652,'mechanical');
#4627=PRODUCT_CONTEXT('',#4653,'mechanical');
#4628=PRODUCT_CONTEXT('',#4654,'mechanical');
#4629=PRODUCT_CONTEXT('',#4655,'mechanical');
#4630=PRODUCT_CONTEXT('',#4656,'mechanical');
#4631=PRODUCT_CONTEXT('',#4657,'mechanical');
#4632=PRODUCT_CONTEXT('',#4658,'mechanical');
#4633=PRODUCT_CONTEXT('',#4659,'mechanical');
#4634=PRODUCT_CONTEXT('',#4660,'mechanical');
#4635=PRODUCT_CONTEXT('',#4661,'mechanical');
#4636=PRODUCT_CONTEXT('',#4662,'mechanical');
#4637=APPLICATION_PROTOCOL_DEFINITION('international standard',
'ap242_managed_model_based_3d_engineering',2020,#4650);
#4638=APPLICATION_PROTOCOL_DEFINITION('international standard',
'ap242_managed_model_based_3d_engineering',2020,#4651);
#4639=APPLICATION_PROTOCOL_DEFINITION('international standard',
'ap242_managed_model_based_3d_engineering',2020,#4652);
#4640=APPLICATION_PROTOCOL_DEFINITION('international standard',
'ap242_managed_model_based_3d_engineering',2020,#4653);
#4641=APPLICATION_PROTOCOL_DEFINITION('international standard',
'ap242_managed_model_based_3d_engineering',2020,#4654);
#4642=APPLICATION_PROTOCOL_DEFINITION('international standard',
'ap242_managed_model_based_3d_engineering',2020,#4655);
#4643=APPLICATION_PROTOCOL_DEFINITION('international standard',
'ap242_managed_model_based_3d_engineering',2020,#4656);
#4644=APPLICATION_PROTOCOL_DEFINITION('international standard',
'ap242_managed_model_based_3d_engineering',2020,#4657);
#4645=APPLICATION_PROTOCOL_DEFINITION('international standard',
'ap242_managed_model_based_3d_engineering',2020,#4658);
#4646=APPLICATION_PROTOCOL_DEFINITION('international standard',
'ap242_managed_model_based_3d_engineering',2020,#4659);
#4647=APPLICATION_PROTOCOL_DEFINITION('international standard',
'ap242_managed_model_based_3d_engineering',2020,#4660);
#4648=APPLICATION_PROTOCOL_DEFINITION('international standard',
'ap242_managed_model_based_3d_engineering',2020,#4661);
#4649=APPLICATION_PROTOCOL_DEFINITION('international standard',
'ap242_managed_model_based_3d_engineering',2020,#4662);
#4650=APPLICATION_CONTEXT('managed model based 3d engineering');
#4651=APPLICATION_CONTEXT('managed model based 3d engineering');
#4652=APPLICATION_CONTEXT('managed model based 3d engineering');
#4653=APPLICATION_CONTEXT('managed model based 3d engineering');
#4654=APPLICATION_CONTEXT('managed model based 3d engineering');
#4655=APPLICATION_CONTEXT('managed model based 3d engineering');
#4656=APPLICATION_CONTEXT('managed model based 3d engineering');
#4657=APPLICATION_CONTEXT('managed model based 3d engineering');
#4658=APPLICATION_CONTEXT('managed model based 3d engineering');
#4659=APPLICATION_CONTEXT('managed model based 3d engineering');
#4660=APPLICATION_CONTEXT('managed model based 3d engineering');
#4661=APPLICATION_CONTEXT('managed model based 3d engineering');
#4662=APPLICATION_CONTEXT('managed model based 3d engineering');
ENDSEC;
END-ISO-10303-21;
